ISO-10303-21;
HEADER;

/* File generated by Shapr3D Version 26.50.10685.0 */

FILE_DESCRIPTION(('HOOPS Exchange Step'),'2;1');

FILE_NAME('C:\\Users\\10604\\AppData\\Local\\Packages\\Shapr3D.Shapr3D_dvv5p1vgwv6mp\\TempState\\export\\temp_export',
'2026-04-28T20:06:35+08:00',
('10604'),
('Shapr3D Limited'),
'HOOPS Exchange 2025.9',
'Shapr3D',
'Authorized');

FILE_SCHEMA( ('AP242_MANAGED_MODEL_BASED_3D_ENGINEERING_MIM_LF {1 0 10303 442 1 1 4}') );

ENDSEC;

DATA;
#3=(NAMED_UNIT(*)PLANE_ANGLE_UNIT()SI_UNIT($,.RADIAN.));
#4=PLANE_ANGLE_MEASURE_WITH_UNIT(PLANE_ANGLE_MEASURE(0.0174532925),#3);
#5=(CONVERSION_BASED_UNIT('DEGREE',#4)NAMED_UNIT(#6)PLANE_ANGLE_UNIT());
#6=DIMENSIONAL_EXPONENTS(0.,0.,0.,0.,0.,0.,0.);
#7=(NAMED_UNIT(*)SI_UNIT($,.STERADIAN.)SOLID_ANGLE_UNIT());
#8=(LENGTH_UNIT()NAMED_UNIT(*)SI_UNIT(.MILLI.,.METRE.));
#9=UNCERTAINTY_MEASURE_WITH_UNIT(LENGTH_MEASURE(1.000000E-05),#8,'DISTANCE_ACCURACY_VALUE','Maximum Tolerance applied to model');
#10=(GEOMETRIC_REPRESENTATION_CONTEXT(3)GLOBAL_UNCERTAINTY_ASSIGNED_CONTEXT((#9))GLOBAL_UNIT_ASSIGNED_CONTEXT((#8,#5,#7))REPRESENTATION_CONTEXT('','PICO4\X2\773C90E88FFD8E2A6A215757591658F3\X0\R-B'));
#12=CARTESIAN_POINT('',(0.,0.,0.));
#13=DIRECTION('',(0.,0.,1.));
#14=DIRECTION('',(1.,0.,0.));
#15=AXIS2_PLACEMENT_3D('',#12,#13,#14);
#27=CARTESIAN_POINT('',(102.591733156,-45.444961025,17.858597161));
#28=CARTESIAN_POINT('',(102.591724558,-45.444964377,17.858597161));
#29=CARTESIAN_POINT('',(102.591715961,-45.444967729,17.858597161));
#30=CARTESIAN_POINT('',(102.591707362,-45.444971082,17.858597161));
#31=CARTESIAN_POINT('',(102.591676302,-45.444983193,17.858597161));
#32=CARTESIAN_POINT('',(102.59164525,-45.444995299,17.858597161));
#33=CARTESIAN_POINT('',(102.591614194,-45.445007408,17.858597161));
#34=CARTESIAN_POINT('',(102.591583139,-45.445019516,17.858597161));
#35=CARTESIAN_POINT('',(102.591552081,-45.445031624,17.858597161));
#36=CARTESIAN_POINT('',(102.591521025,-45.445043733,17.858597161));
#37=CARTESIAN_POINT('',(101.328812451,-45.93735337,17.858597165));
#38=CARTESIAN_POINT('',(100.036576816,-46.355847945,17.85859717));
#39=CARTESIAN_POINT('',(98.282835104,-46.788971786,17.858597177));
#40=CARTESIAN_POINT('',(97.841749619,-46.886544904,17.858597178));
#41=CARTESIAN_POINT('',(96.955397098,-47.061363627,17.858597181));
#42=CARTESIAN_POINT('',(96.510189495,-47.138860612,17.858597183));
#43=CARTESIAN_POINT('',(95.840486757,-47.242502009,17.858597185));
#44=CARTESIAN_POINT('',(95.616922095,-47.274768051,17.858597186));
#45=CARTESIAN_POINT('',(95.169436322,-47.336442483,17.858597188));
#46=CARTESIAN_POINT('',(94.945537621,-47.366116953,17.858597189));
#47=CARTESIAN_POINT('',(94.609834562,-47.411948938,17.85859719));
#48=CARTESIAN_POINT('',(94.497958659,-47.42745462,17.85859719));
#49=CARTESIAN_POINT('',(94.05066983,-47.491308174,17.858597192));
#50=CARTESIAN_POINT('',(93.715621502,-47.542750415,17.858597193));
#51=CARTESIAN_POINT('',(93.155750766,-47.614692849,17.858597195));
#52=CARTESIAN_POINT('',(92.931336101,-47.639110142,17.858597196));
#53=CARTESIAN_POINT('',(92.481661142,-47.679676017,17.858597197));
#54=CARTESIAN_POINT('',(92.256432292,-47.696099619,17.858597198));
#55=CARTESIAN_POINT('',(92.030962654,-47.709825313,17.858597199));
#56=CARTESIAN_POINT('',(102.591789312,-45.44513849,17.858986527));
#57=CARTESIAN_POINT('',(102.591780714,-45.445141842,17.858986527));
#58=CARTESIAN_POINT('',(102.591772116,-45.445145194,17.858986527));
#59=CARTESIAN_POINT('',(102.591763518,-45.445148547,17.858986527));
#60=CARTESIAN_POINT('',(102.591732457,-45.445160658,17.858986527));
#61=CARTESIAN_POINT('',(102.591701405,-45.445172764,17.858986527));
#62=CARTESIAN_POINT('',(102.591670349,-45.445184873,17.858986527));
#63=CARTESIAN_POINT('',(102.591639294,-45.445196981,17.858986527));
#64=CARTESIAN_POINT('',(102.591608237,-45.44520909,17.858986527));
#65=CARTESIAN_POINT('',(102.591577181,-45.445221198,17.858986527));
#66=CARTESIAN_POINT('',(101.328870375,-45.937536426,17.85898653));
#67=CARTESIAN_POINT('',(100.036636509,-46.356036591,17.858986533));
#68=CARTESIAN_POINT('',(98.282897156,-46.789167885,17.858986537));
#69=CARTESIAN_POINT('',(97.841812261,-46.886742866,17.858986538));
#70=CARTESIAN_POINT('',(96.955460918,-47.061565316,17.858986541));
#71=CARTESIAN_POINT('',(96.510253905,-47.139064164,17.858986542));
#72=CARTESIAN_POINT('',(95.840552052,-47.242708357,17.858986543));
#73=CARTESIAN_POINT('',(95.616987684,-47.27497533,17.858986544));
#74=CARTESIAN_POINT('',(95.169502501,-47.336651626,17.858986545));
#75=CARTESIAN_POINT('',(94.945604095,-47.366327027,17.858986545));
#76=CARTESIAN_POINT('',(94.609901478,-47.41216041,17.858986546));
#77=CARTESIAN_POINT('',(94.498025722,-47.427666557,17.858986546));
#78=CARTESIAN_POINT('',(94.050737483,-47.491521975,17.858986547));
#79=CARTESIAN_POINT('',(93.715689597,-47.542965613,17.858986548));
#80=CARTESIAN_POINT('',(93.155819598,-47.614910377,17.85898655));
#81=CARTESIAN_POINT('',(92.931405228,-47.639328601,17.85898655));
#82=CARTESIAN_POINT('',(92.481730859,-47.679896341,17.858986551));
#83=CARTESIAN_POINT('',(92.256502303,-47.696320874,17.858986552));
#84=CARTESIAN_POINT('',(92.031032961,-47.7100475,17.858986552));
#85=CARTESIAN_POINT('',(102.591845467,-45.445315954,17.859375893));
#86=CARTESIAN_POINT('',(102.591836869,-45.445319307,17.859375893));
#87=CARTESIAN_POINT('',(102.591828271,-45.445322659,17.859375893));
#88=CARTESIAN_POINT('',(102.591819673,-45.445326011,17.859375893));
#89=CARTESIAN_POINT('',(102.591788612,-45.445338123,17.859375893));
#90=CARTESIAN_POINT('',(102.591757561,-45.445350229,17.859375893));
#91=CARTESIAN_POINT('',(102.591726505,-45.445362338,17.859375893));
#92=CARTESIAN_POINT('',(102.59169545,-45.445374446,17.859375893));
#93=CARTESIAN_POINT('',(102.591664392,-45.445386555,17.859375893));
#94=CARTESIAN_POINT('',(102.591633336,-45.445398664,17.859375893));
#95=CARTESIAN_POINT('',(101.328928299,-45.937719481,17.859375894));
#96=CARTESIAN_POINT('',(100.036696202,-46.356225236,17.859375896));
#97=CARTESIAN_POINT('',(98.282959207,-46.789363984,17.859375898));
#98=CARTESIAN_POINT('',(97.841874902,-46.886940829,17.859375899));
#99=CARTESIAN_POINT('',(96.955524739,-47.061767005,17.8593759));
#100=CARTESIAN_POINT('',(96.510318315,-47.139267716,17.8593759));
#101=CARTESIAN_POINT('',(95.840617346,-47.242914704,17.859375901));
#102=CARTESIAN_POINT('',(95.617053274,-47.27518261,17.859375901));
#103=CARTESIAN_POINT('',(95.16956868,-47.336860768,17.859375902));
#104=CARTESIAN_POINT('',(94.945670569,-47.366537102,17.859375902));
#105=CARTESIAN_POINT('',(94.609968394,-47.412371882,17.859375903));
#106=CARTESIAN_POINT('',(94.498092786,-47.427878495,17.859375903));
#107=CARTESIAN_POINT('',(94.050805136,-47.491735777,17.859375903));
#108=CARTESIAN_POINT('',(93.715757693,-47.543180812,17.859375904));
#109=CARTESIAN_POINT('',(93.15588843,-47.615127905,17.859375904));
#110=CARTESIAN_POINT('',(92.931474356,-47.639547061,17.859375905));
#111=CARTESIAN_POINT('',(92.481800576,-47.680116664,17.859375905));
#112=CARTESIAN_POINT('',(92.256572315,-47.696542129,17.859375905));
#113=CARTESIAN_POINT('',(92.031103267,-47.710269686,17.859375906));
#114=CARTESIAN_POINT('',(102.591901622,-45.445493419,17.859765259));
#115=CARTESIAN_POINT('',(102.591893024,-45.445496771,17.859765259));
#116=CARTESIAN_POINT('',(102.591884426,-45.445500123,17.859765259));
#117=CARTESIAN_POINT('',(102.591875828,-45.445503476,17.859765259));
#118=CARTESIAN_POINT('',(102.591844767,-45.445515588,17.859765259));
#119=CARTESIAN_POINT('',(102.591813716,-45.445527694,17.859765259));
#120=CARTESIAN_POINT('',(102.59178266,-45.445539803,17.859765259));
#121=CARTESIAN_POINT('',(102.591751605,-45.445551912,17.859765259));
#122=CARTESIAN_POINT('',(102.591720548,-45.445564021,17.859765259));
#123=CARTESIAN_POINT('',(102.591689491,-45.445576129,17.859765259));
#124=CARTESIAN_POINT('',(101.328986223,-45.937902537,17.859765259));
#125=CARTESIAN_POINT('',(100.036755896,-46.356413882,17.859765259));
#126=CARTESIAN_POINT('',(98.283021259,-46.789560083,17.859765259));
#127=CARTESIAN_POINT('',(97.841937543,-46.887138791,17.859765259));
#128=CARTESIAN_POINT('',(96.955588559,-47.061968694,17.859765259));
#129=CARTESIAN_POINT('',(96.510382725,-47.139471269,17.859765259));
#130=CARTESIAN_POINT('',(95.840682641,-47.243121052,17.859765259));
#131=CARTESIAN_POINT('',(95.617118863,-47.275389889,17.859765259));
#132=CARTESIAN_POINT('',(95.169634859,-47.337069911,17.859765259));
#133=CARTESIAN_POINT('',(94.945737043,-47.366747176,17.859765259));
#134=CARTESIAN_POINT('',(94.61003531,-47.412583354,17.859765259));
#135=CARTESIAN_POINT('',(94.498159849,-47.428090433,17.859765259));
#136=CARTESIAN_POINT('',(94.050872789,-47.491949578,17.859765259));
#137=CARTESIAN_POINT('',(93.715825788,-47.543396011,17.859765259));
#138=CARTESIAN_POINT('',(93.155957263,-47.615345433,17.859765259));
#139=CARTESIAN_POINT('',(92.931543483,-47.639765521,17.859765259));
#140=CARTESIAN_POINT('',(92.481870293,-47.680336987,17.859765259));
#141=CARTESIAN_POINT('',(92.256642327,-47.696763384,17.859765259));
#142=CARTESIAN_POINT('',(92.031173574,-47.710491873,17.859765259));
#143=CARTESIAN_POINT('',(102.591903684,-45.445499937,17.859779561));
#144=CARTESIAN_POINT('',(102.591895086,-45.44550329,17.859779561));
#145=CARTESIAN_POINT('',(102.591886489,-45.445506642,17.859779561));
#146=CARTESIAN_POINT('',(102.591877891,-45.445509994,17.859779561));
#147=CARTESIAN_POINT('',(102.59184683,-45.445522106,17.859779561));
#148=CARTESIAN_POINT('',(102.591815779,-45.445534212,17.859779561));
#149=CARTESIAN_POINT('',(102.591784723,-45.445546321,17.859779561));
#150=CARTESIAN_POINT('',(102.591753668,-45.44555843,17.859779561));
#151=CARTESIAN_POINT('',(102.59172261,-45.445570539,17.859779561));
#152=CARTESIAN_POINT('',(102.591691554,-45.445582648,17.859779561));
#153=CARTESIAN_POINT('',(101.328988351,-45.93790926,17.85977956));
#154=CARTESIAN_POINT('',(100.036758088,-46.356420811,17.85977956));
#155=CARTESIAN_POINT('',(98.283023538,-46.789567286,17.85977956));
#156=CARTESIAN_POINT('',(97.841939844,-46.887146062,17.85977956));
#157=CARTESIAN_POINT('',(96.955590903,-47.061976102,17.85977956));
#158=CARTESIAN_POINT('',(96.510385091,-47.139478746,17.85977956));
#159=CARTESIAN_POINT('',(95.840685039,-47.243128631,17.85977956));
#160=CARTESIAN_POINT('',(95.617121272,-47.275397502,17.85977956));
#161=CARTESIAN_POINT('',(95.16963729,-47.337077593,17.85977956));
#162=CARTESIAN_POINT('',(94.945739485,-47.366754892,17.85977956));
#163=CARTESIAN_POINT('',(94.610037768,-47.412591121,17.85977956));
#164=CARTESIAN_POINT('',(94.498162312,-47.428098218,17.85977956));
#165=CARTESIAN_POINT('',(94.050875274,-47.491957431,17.85977956));
#166=CARTESIAN_POINT('',(93.715828289,-47.543403915,17.85977956));
#167=CARTESIAN_POINT('',(93.155959791,-47.615353423,17.85977956));
#168=CARTESIAN_POINT('',(92.931546022,-47.639773545,17.85977956));
#169=CARTESIAN_POINT('',(92.481872854,-47.68034508,17.85977956));
#170=CARTESIAN_POINT('',(92.256644899,-47.696771511,17.85977956));
#171=CARTESIAN_POINT('',(92.031176156,-47.710500034,17.85977956));
#172=CARTESIAN_POINT('',(102.591905747,-45.445506455,17.859793861));
#173=CARTESIAN_POINT('',(102.591897149,-45.445509807,17.859793861));
#174=CARTESIAN_POINT('',(102.591888551,-45.44551316,17.859793861));
#175=CARTESIAN_POINT('',(102.591879953,-45.445516512,17.859793861));
#176=CARTESIAN_POINT('',(102.591848892,-45.445528624,17.859793861));
#177=CARTESIAN_POINT('',(102.591817841,-45.44554073,17.859793861));
#178=CARTESIAN_POINT('',(102.591786785,-45.445552839,17.859793861));
#179=CARTESIAN_POINT('',(102.59175573,-45.445564948,17.859793861));
#180=CARTESIAN_POINT('',(102.591724673,-45.445577057,17.859793861));
#181=CARTESIAN_POINT('',(102.591693616,-45.445589166,17.859793861));
#182=CARTESIAN_POINT('',(101.328990478,-45.937915984,17.859793861));
#183=CARTESIAN_POINT('',(100.03676028,-46.35642774,17.859793861));
#184=CARTESIAN_POINT('',(98.283025817,-46.789574488,17.859793861));
#185=CARTESIAN_POINT('',(97.841942145,-46.887153333,17.859793861));
#186=CARTESIAN_POINT('',(96.955593247,-47.06198351,17.859793861));
#187=CARTESIAN_POINT('',(96.510387456,-47.139486222,17.859793861));
#188=CARTESIAN_POINT('',(95.840687437,-47.24313621,17.859793861));
#189=CARTESIAN_POINT('',(95.617123681,-47.275405116,17.859793861));
#190=CARTESIAN_POINT('',(95.16963972,-47.337085274,17.859793861));
#191=CARTESIAN_POINT('',(94.945741926,-47.366762608,17.859793861));
#192=CARTESIAN_POINT('',(94.610040226,-47.412598888,17.859793861));
#193=CARTESIAN_POINT('',(94.498164775,-47.428106002,17.859793861));
#194=CARTESIAN_POINT('',(94.050877759,-47.491965284,17.859793861));
#195=CARTESIAN_POINT('',(93.71583079,-47.543411819,17.859793861));
#196=CARTESIAN_POINT('',(93.155962319,-47.615361412,17.859793861));
#197=CARTESIAN_POINT('',(92.931548561,-47.639781569,17.859793861));
#198=CARTESIAN_POINT('',(92.481875414,-47.680353172,17.859793861));
#199=CARTESIAN_POINT('',(92.25664747,-47.696779637,17.85979386));
#200=CARTESIAN_POINT('',(92.031178739,-47.710508195,17.85979386));
#201=CARTESIAN_POINT('',(102.591907809,-45.445512973,17.859808163));
#202=CARTESIAN_POINT('',(102.591899211,-45.445516326,17.859808163));
#203=CARTESIAN_POINT('',(102.591890614,-45.445519678,17.859808163));
#204=CARTESIAN_POINT('',(102.591882016,-45.44552303,17.859808163));
#205=CARTESIAN_POINT('',(102.591850955,-45.445535142,17.859808163));
#206=CARTESIAN_POINT('',(102.591819904,-45.445547248,17.859808163));
#207=CARTESIAN_POINT('',(102.591788848,-45.445559357,17.859808163));
#208=CARTESIAN_POINT('',(102.591757793,-45.445571466,17.859808163));
#209=CARTESIAN_POINT('',(102.591726735,-45.445583575,17.859808163));
#210=CARTESIAN_POINT('',(102.591695679,-45.445595684,17.859808163));
#211=CARTESIAN_POINT('',(101.328992606,-45.937922707,17.859808162));
#212=CARTESIAN_POINT('',(100.036762473,-46.356434668,17.859808162));
#213=CARTESIAN_POINT('',(98.283028096,-46.789581691,17.859808162));
#214=CARTESIAN_POINT('',(97.841944446,-46.887160604,17.859808162));
#215=CARTESIAN_POINT('',(96.955595591,-47.061990918,17.859808162));
#216=CARTESIAN_POINT('',(96.510389822,-47.139493698,17.859808162));
#217=CARTESIAN_POINT('',(95.840689836,-47.243143789,17.859808162));
#218=CARTESIAN_POINT('',(95.61712609,-47.275412729,17.859808162));
#219=CARTESIAN_POINT('',(95.169642151,-47.337092956,17.859808162));
#220=CARTESIAN_POINT('',(94.945744367,-47.366770324,17.859808162));
#221=CARTESIAN_POINT('',(94.610042684,-47.412606655,17.859808162));
#222=CARTESIAN_POINT('',(94.498167239,-47.428113786,17.859808162));
#223=CARTESIAN_POINT('',(94.050880244,-47.491973137,17.859808162));
#224=CARTESIAN_POINT('',(93.715833291,-47.543419724,17.859808162));
#225=CARTESIAN_POINT('',(93.155964848,-47.615369402,17.859808162));
#226=CARTESIAN_POINT('',(92.9315511,-47.639789593,17.859808162));
#227=CARTESIAN_POINT('',(92.481877975,-47.680361264,17.859808162));
#228=CARTESIAN_POINT('',(92.256650042,-47.696787763,17.859808161));
#229=CARTESIAN_POINT('',(92.031181321,-47.710516355,17.859808161));
#230=CARTESIAN_POINT('',(102.591909872,-45.445519491,17.859822464));
#231=CARTESIAN_POINT('',(102.591901274,-45.445522844,17.859822464));
#232=CARTESIAN_POINT('',(102.591892676,-45.445526196,17.859822464));
#233=CARTESIAN_POINT('',(102.591884078,-45.445529549,17.859822464));
#234=CARTESIAN_POINT('',(102.591853018,-45.44554166,17.859822464));
#235=CARTESIAN_POINT('',(102.591821966,-45.445553767,17.859822464));
#236=CARTESIAN_POINT('',(102.59179091,-45.445565876,17.859822464));
#237=CARTESIAN_POINT('',(102.591759855,-45.445577984,17.859822464));
#238=CARTESIAN_POINT('',(102.591728798,-45.445590093,17.859822464));
#239=CARTESIAN_POINT('',(102.591697741,-45.445602202,17.859822464));
#240=CARTESIAN_POINT('',(101.328994733,-45.937929431,17.859822464));
#241=CARTESIAN_POINT('',(100.036764665,-46.356441597,17.859822463));
#242=CARTESIAN_POINT('',(98.283030375,-46.789588893,17.859822463));
#243=CARTESIAN_POINT('',(97.841946746,-46.887167875,17.859822463));
#244=CARTESIAN_POINT('',(96.955597935,-47.061998326,17.859822463));
#245=CARTESIAN_POINT('',(96.510392188,-47.139501174,17.859822463));
#246=CARTESIAN_POINT('',(95.840692234,-47.243151368,17.859822463));
#247=CARTESIAN_POINT('',(95.617128499,-47.275420342,17.859822463));
#248=CARTESIAN_POINT('',(95.169644582,-47.337100638,17.859822462));
#249=CARTESIAN_POINT('',(94.945746809,-47.36677804,17.859822462));
#250=CARTESIAN_POINT('',(94.610045141,-47.412614423,17.859822462));
#251=CARTESIAN_POINT('',(94.498169702,-47.42812157,17.859822462));
#252=CARTESIAN_POINT('',(94.050882728,-47.491980989,17.859822462));
#253=CARTESIAN_POINT('',(93.715835792,-47.543427628,17.859822462));
#254=CARTESIAN_POINT('',(93.155967376,-47.615377392,17.859822462));
#255=CARTESIAN_POINT('',(92.931553639,-47.639797617,17.859822462));
#256=CARTESIAN_POINT('',(92.481880536,-47.680369356,17.859822462));
#257=CARTESIAN_POINT('',(92.256652613,-47.69679589,17.859822462));
#258=CARTESIAN_POINT('',(92.031183903,-47.710524516,17.859822462));
#259=CARTESIAN_POINT('',(102.591911934,-45.44552601,17.859836765));
#260=CARTESIAN_POINT('',(102.591903336,-45.445529362,17.859836765));
#261=CARTESIAN_POINT('',(102.591894739,-45.445532714,17.859836765));
#262=CARTESIAN_POINT('',(102.591886141,-45.445536067,17.859836765));
#263=CARTESIAN_POINT('',(102.591855081,-45.445548178,17.859836765));
#264=CARTESIAN_POINT('',(102.591824028,-45.445560285,17.859836765));
#265=CARTESIAN_POINT('',(102.591792973,-45.445572394,17.859836765));
#266=CARTESIAN_POINT('',(102.591761918,-45.445584503,17.859836765));
#267=CARTESIAN_POINT('',(102.59173086,-45.445596612,17.859836765));
#268=CARTESIAN_POINT('',(102.591699804,-45.445608721,17.859836765));
#269=CARTESIAN_POINT('',(101.328996861,-45.937936154,17.859836765));
#270=CARTESIAN_POINT('',(100.036766857,-46.356448526,17.859836764));
#271=CARTESIAN_POINT('',(98.283032655,-46.789596096,17.859836764));
#272=CARTESIAN_POINT('',(97.841949047,-46.887175146,17.859836764));
#273=CARTESIAN_POINT('',(96.95560028,-47.062005734,17.859836764));
#274=CARTESIAN_POINT('',(96.510394554,-47.13950865,17.859836764));
#275=CARTESIAN_POINT('',(95.840694632,-47.243158947,17.859836763));
#276=CARTESIAN_POINT('',(95.617130908,-47.275427955,17.859836763));
#277=CARTESIAN_POINT('',(95.169647013,-47.337108319,17.859836763));
#278=CARTESIAN_POINT('',(94.945749251,-47.366785755,17.859836763));
#279=CARTESIAN_POINT('',(94.610047599,-47.41262219,17.859836763));
#280=CARTESIAN_POINT('',(94.498172165,-47.428129355,17.859836763));
#281=CARTESIAN_POINT('',(94.050885213,-47.491988842,17.859836763));
#282=CARTESIAN_POINT('',(93.715838294,-47.543435532,17.859836763));
#283=CARTESIAN_POINT('',(93.155969904,-47.615385382,17.859836763));
#284=CARTESIAN_POINT('',(92.931556178,-47.639805641,17.859836763));
#285=CARTESIAN_POINT('',(92.481883097,-47.680377449,17.859836763));
#286=CARTESIAN_POINT('',(92.256655185,-47.696804017,17.859836763));
#287=CARTESIAN_POINT('',(92.031186486,-47.710532677,17.859836763));
#288=CARTESIAN_POINT('',(102.591913997,-45.445532528,17.859851066));
#289=CARTESIAN_POINT('',(102.591905399,-45.44553588,17.859851066));
#290=CARTESIAN_POINT('',(102.591896801,-45.445539232,17.859851066));
#291=CARTESIAN_POINT('',(102.591888203,-45.445542585,17.859851066));
#292=CARTESIAN_POINT('',(102.591857143,-45.445554697,17.859851066));
#293=CARTESIAN_POINT('',(102.591826091,-45.445566803,17.859851066));
#294=CARTESIAN_POINT('',(102.591795035,-45.445578912,17.859851066));
#295=CARTESIAN_POINT('',(102.59176398,-45.445591021,17.859851066));
#296=CARTESIAN_POINT('',(102.591732923,-45.44560313,17.859851066));
#297=CARTESIAN_POINT('',(102.591701866,-45.445615239,17.859851066));
#298=CARTESIAN_POINT('',(101.328998988,-45.937942878,17.859851066));
#299=CARTESIAN_POINT('',(100.03676905,-46.356455455,17.859851065));
#300=CARTESIAN_POINT('',(98.283034934,-46.789603298,17.859851065));
#301=CARTESIAN_POINT('',(97.841951348,-46.887182417,17.859851065));
#302=CARTESIAN_POINT('',(96.955602624,-47.062013141,17.859851065));
#303=CARTESIAN_POINT('',(96.510396919,-47.139516127,17.859851065));
#304=CARTESIAN_POINT('',(95.84069703,-47.243166526,17.859851064));
#305=CARTESIAN_POINT('',(95.617133317,-47.275435568,17.859851064));
#306=CARTESIAN_POINT('',(95.169649443,-47.337116001,17.859851064));
#307=CARTESIAN_POINT('',(94.945751692,-47.366793471,17.859851064));
#308=CARTESIAN_POINT('',(94.610050057,-47.412629957,17.859851064));
#309=CARTESIAN_POINT('',(94.498174628,-47.428137139,17.859851064));
#310=CARTESIAN_POINT('',(94.050887698,-47.491996695,17.859851064));
#311=CARTESIAN_POINT('',(93.715840795,-47.543443436,17.859851064));
#312=CARTESIAN_POINT('',(93.155972432,-47.615393371,17.859851064));
#313=CARTESIAN_POINT('',(92.931558717,-47.639813664,17.859851064));
#314=CARTESIAN_POINT('',(92.481885657,-47.680385541,17.859851064));
#315=CARTESIAN_POINT('',(92.256657756,-47.696812143,17.859851063));
#316=CARTESIAN_POINT('',(92.031189068,-47.710540838,17.859851063));
#317=CARTESIAN_POINT('',(102.591918122,-45.445545563,17.859879667));
#318=CARTESIAN_POINT('',(102.591909524,-45.445548916,17.859879667));
#319=CARTESIAN_POINT('',(102.591900926,-45.445552268,17.859879667));
#320=CARTESIAN_POINT('',(102.591892328,-45.445555621,17.859879667));
#321=CARTESIAN_POINT('',(102.591861268,-45.445567734,17.859879667));
#322=CARTESIAN_POINT('',(102.591830216,-45.445579839,17.859879667));
#323=CARTESIAN_POINT('',(102.59179916,-45.445591948,17.859879667));
#324=CARTESIAN_POINT('',(102.591768105,-45.445604056,17.859879667));
#325=CARTESIAN_POINT('',(102.591737048,-45.445616165,17.859879667));
#326=CARTESIAN_POINT('',(102.591705991,-45.445628274,17.859879667));
#327=CARTESIAN_POINT('',(101.329003243,-45.937956324,17.859879667));
#328=CARTESIAN_POINT('',(100.036773434,-46.356469313,17.859879666));
#329=CARTESIAN_POINT('',(98.283039493,-46.789617703,17.859879666));
#330=CARTESIAN_POINT('',(97.84195595,-46.887196959,17.859879666));
#331=CARTESIAN_POINT('',(96.955607313,-47.062027956,17.859879666));
#332=CARTESIAN_POINT('',(96.51040165,-47.13953108,17.859879666));
#333=CARTESIAN_POINT('',(95.840701826,-47.243181684,17.859879664));
#334=CARTESIAN_POINT('',(95.617138135,-47.275450794,17.859879664));
#335=CARTESIAN_POINT('',(95.169654304,-47.337131364,17.859879665));
#336=CARTESIAN_POINT('',(94.945756575,-47.366808902,17.859879665));
#337=CARTESIAN_POINT('',(94.610054973,-47.412645491,17.859879665));
#338=CARTESIAN_POINT('',(94.498179554,-47.428152708,17.859879665));
#339=CARTESIAN_POINT('',(94.050892668,-47.492012401,17.859879665));
#340=CARTESIAN_POINT('',(93.715845798,-47.543459244,17.859879665));
#341=CARTESIAN_POINT('',(93.155977488,-47.61540935,17.859879665));
#342=CARTESIAN_POINT('',(92.931563795,-47.639829711,17.859879665));
#343=CARTESIAN_POINT('',(92.481890778,-47.680401726,17.859879665));
#344=CARTESIAN_POINT('',(92.256662899,-47.696828396,17.859879663));
#345=CARTESIAN_POINT('',(92.031194233,-47.71055716,17.859879663));
#346=CARTESIAN_POINT('',(102.591922247,-45.4455586,17.859908271));
#347=CARTESIAN_POINT('',(102.591913649,-45.445561953,17.859908271));
#348=CARTESIAN_POINT('',(102.591905051,-45.445565305,17.859908271));
#349=CARTESIAN_POINT('',(102.591896453,-45.445568658,17.859908271));
#350=CARTESIAN_POINT('',(102.591865393,-45.44558077,17.859908271));
#351=CARTESIAN_POINT('',(102.591834341,-45.445592876,17.859908271));
#352=CARTESIAN_POINT('',(102.591803285,-45.445604985,17.859908271));
#353=CARTESIAN_POINT('',(102.59177223,-45.445617093,17.859908271));
#354=CARTESIAN_POINT('',(102.591741173,-45.445629203,17.859908271));
#355=CARTESIAN_POINT('',(102.591710117,-45.445641311,17.859908271));
#356=CARTESIAN_POINT('',(101.329007498,-45.937969772,17.859908271));
#357=CARTESIAN_POINT('',(100.036777819,-46.35648317,17.859908269));
#358=CARTESIAN_POINT('',(98.28304405,-46.789632108,17.859908269));
#359=CARTESIAN_POINT('',(97.841960551,-46.887211501,17.859908269));
#360=CARTESIAN_POINT('',(96.955612,-47.062042773,17.859908269));
#361=CARTESIAN_POINT('',(96.510406382,-47.139546032,17.859908269));
#362=CARTESIAN_POINT('',(95.840706623,-47.243196842,17.859908268));
#363=CARTESIAN_POINT('',(95.617142953,-47.275466021,17.859908268));
#364=CARTESIAN_POINT('',(95.169659166,-47.337146728,17.859908267));
#365=CARTESIAN_POINT('',(94.945761458,-47.366824335,17.859908267));
#366=CARTESIAN_POINT('',(94.610059888,-47.412661026,17.859908267));
#367=CARTESIAN_POINT('',(94.498184481,-47.428168276,17.859908267));
#368=CARTESIAN_POINT('',(94.050897637,-47.492028106,17.859908267));
#369=CARTESIAN_POINT('',(93.715850799,-47.543475052,17.859908267));
#370=CARTESIAN_POINT('',(93.155982545,-47.61542533,17.859908267));
#371=CARTESIAN_POINT('',(92.931568873,-47.63984576,17.859908267));
#372=CARTESIAN_POINT('',(92.4818959,-47.68041791,17.859908267));
#373=CARTESIAN_POINT('',(92.256668042,-47.696844649,17.859908266));
#374=CARTESIAN_POINT('',(92.031199397,-47.710573481,17.859908266));
#375=CARTESIAN_POINT('',(102.591926372,-45.445571637,17.859936873));
#376=CARTESIAN_POINT('',(102.591917774,-45.445574989,17.859936873));
#377=CARTESIAN_POINT('',(102.591909177,-45.445578341,17.859936873));
#378=CARTESIAN_POINT('',(102.591900578,-45.445581694,17.859936873));
#379=CARTESIAN_POINT('',(102.591869518,-45.445593806,17.859936873));
#380=CARTESIAN_POINT('',(102.591838466,-45.445605912,17.859936873));
#381=CARTESIAN_POINT('',(102.59180741,-45.445618021,17.859936873));
#382=CARTESIAN_POINT('',(102.591776355,-45.44563013,17.859936873));
#383=CARTESIAN_POINT('',(102.591745298,-45.445642239,17.859936873));
#384=CARTESIAN_POINT('',(102.591714242,-45.445654348,17.859936873));
#385=CARTESIAN_POINT('',(101.329011753,-45.937983219,17.859936873));
#386=CARTESIAN_POINT('',(100.036782204,-46.356497028,17.859936871));
#387=CARTESIAN_POINT('',(98.283048609,-46.789646513,17.859936871));
#388=CARTESIAN_POINT('',(97.841965153,-46.887226043,17.859936871));
#389=CARTESIAN_POINT('',(96.955616688,-47.062057588,17.859936871));
#390=CARTESIAN_POINT('',(96.510411113,-47.139560985,17.859936871));
#391=CARTESIAN_POINT('',(95.840711419,-47.243212,17.859936869));
#392=CARTESIAN_POINT('',(95.617147771,-47.275481247,17.859936869));
#393=CARTESIAN_POINT('',(95.169664027,-47.337162091,17.859936869));
#394=CARTESIAN_POINT('',(94.945766341,-47.366839766,17.859936869));
#395=CARTESIAN_POINT('',(94.610064804,-47.41267656,17.859936869));
#396=CARTESIAN_POINT('',(94.498189407,-47.428183845,17.859936869));
#397=CARTESIAN_POINT('',(94.050902607,-47.492043812,17.859936869));
#398=CARTESIAN_POINT('',(93.715855802,-47.543490861,17.859936869));
#399=CARTESIAN_POINT('',(93.155987601,-47.615441309,17.859936869));
#400=CARTESIAN_POINT('',(92.931573951,-47.639861807,17.859936869));
#401=CARTESIAN_POINT('',(92.481901021,-47.680434095,17.859936869));
#402=CARTESIAN_POINT('',(92.256673185,-47.696860902,17.859936867));
#403=CARTESIAN_POINT('',(92.031204562,-47.710589803,17.859936867));
#404=CARTESIAN_POINT('',(102.962099825,-46.615414526,20.426629768));
#405=CARTESIAN_POINT('',(102.962091306,-46.61541813,20.426629768));
#406=CARTESIAN_POINT('',(102.962082787,-46.615421733,20.426629768));
#407=CARTESIAN_POINT('',(102.962074269,-46.615425336,20.426629768));
#408=CARTESIAN_POINT('',(102.962043496,-46.615438352,20.426629768));
#409=CARTESIAN_POINT('',(102.96201273,-46.615451366,20.426629767));
#410=CARTESIAN_POINT('',(102.96198196,-46.615464382,20.426629767));
#411=CARTESIAN_POINT('',(102.961951192,-46.615477397,20.426629767));
#412=CARTESIAN_POINT('',(102.961920422,-46.615490412,20.426629766));
#413=CARTESIAN_POINT('',(102.961889652,-46.615503427,20.426629766));
#414=CARTESIAN_POINT('',(101.710845177,-47.14467358,20.426619337));
#415=CARTESIAN_POINT('',(100.430274715,-47.600031361,20.426608908));
#416=CARTESIAN_POINT('',(98.692087879,-48.08231129,20.426595003));
#417=CARTESIAN_POINT('',(98.254891352,-48.192174274,20.426591526));
#418=CARTESIAN_POINT('',(97.376316898,-48.391573466,20.426584573));
#419=CARTESIAN_POINT('',(96.934998404,-48.481361046,20.426581097));
#420=CARTESIAN_POINT('',(96.271129398,-48.603438797,20.426575882));
#421=CARTESIAN_POINT('',(96.049509323,-48.641850373,20.426574143));
#422=CARTESIAN_POINT('',(95.605912743,-48.715815976,20.426570667));
#423=CARTESIAN_POINT('',(95.383958643,-48.751636075,20.426568928));
#424=CARTESIAN_POINT('',(95.05117248,-48.806686454,20.426566321));
#425=CARTESIAN_POINT('',(94.940268874,-48.825264926,20.426565452));
#426=CARTESIAN_POINT('',(94.49686923,-48.901409574,20.426561975));
#427=CARTESIAN_POINT('',(94.164737774,-48.962070005,20.426559368));
#428=CARTESIAN_POINT('',(93.609728545,-49.04937659,20.426555022));
#429=CARTESIAN_POINT('',(93.387258501,-49.079939704,20.426553284));
#430=CARTESIAN_POINT('',(92.941472813,-49.13279752,20.426549808));
#431=CARTESIAN_POINT('',(92.718188612,-49.155367232,20.42654807));
#432=CARTESIAN_POINT('',(92.494663633,-49.175239134,20.426546331));
#433=CARTESIAN_POINT('',(103.332274232,-47.785260905,22.993322662));
#434=CARTESIAN_POINT('',(103.332265474,-47.785263596,22.993322661));
#435=CARTESIAN_POINT('',(103.332256716,-47.785266287,22.993322661));
#436=CARTESIAN_POINT('',(103.332247959,-47.785268978,22.993322661));
#437=CARTESIAN_POINT('',(103.332216322,-47.785278698,22.993322661));
#438=CARTESIAN_POINT('',(103.332184691,-47.785288417,22.99332266));
#439=CARTESIAN_POINT('',(103.332153057,-47.785298136,22.99332266));
#440=CARTESIAN_POINT('',(103.332121424,-47.785307855,22.99332266));
#441=CARTESIAN_POINT('',(103.332089789,-47.785317575,22.993322659));
#442=CARTESIAN_POINT('',(103.332058155,-47.785327295,22.993322659));
#443=CARTESIAN_POINT('',(102.045869271,-48.18050964,22.993301801));
#444=CARTESIAN_POINT('',(100.754264827,-48.562153561,22.993280945));
#445=CARTESIAN_POINT('',(99.026466424,-49.048114905,22.993253134));
#446=CARTESIAN_POINT('',(98.594017807,-49.167645064,22.993246181));
#447=CARTESIAN_POINT('',(97.728353635,-49.402977114,22.993232276));
#448=CARTESIAN_POINT('',(97.295148981,-49.518825108,22.993225323));
#449=CARTESIAN_POINT('',(96.64499511,-49.690285386,22.993214894));
#450=CARTESIAN_POINT('',(96.428216551,-49.747020438,22.993211417));
#451=CARTESIAN_POINT('',(95.994594057,-49.859966417,22.993204465));
#452=CARTESIAN_POINT('',(95.777754232,-49.916226148,22.993200988));
#453=CARTESIAN_POINT('',(95.452521088,-50.000857897,22.993195774));
#454=CARTESIAN_POINT('',(95.344114646,-50.029110362,22.993194035));
#455=CARTESIAN_POINT('',(94.910528274,-50.142456015,22.993187082));
#456=CARTESIAN_POINT('',(94.585415215,-50.228116741,22.993181868));
#457=CARTESIAN_POINT('',(94.043292912,-50.368354543,22.993173177));
#458=CARTESIAN_POINT('',(93.826358455,-50.423650055,22.993169701));
#459=CARTESIAN_POINT('',(93.392334442,-50.532724514,22.993162749));
#460=CARTESIAN_POINT('',(93.175250655,-50.586553902,22.993159271));
#461=CARTESIAN_POINT('',(92.958122705,-50.639888467,22.993155795));
#462=CARTESIAN_POINT('',(103.702447868,-48.955104467,25.560015557));
#463=CARTESIAN_POINT('',(103.702439128,-48.955107185,25.560015556));
#464=CARTESIAN_POINT('',(103.702430388,-48.955109902,25.560015556));
#465=CARTESIAN_POINT('',(103.702421648,-48.95511262,25.560015556));
#466=CARTESIAN_POINT('',(103.702390075,-48.955122436,25.560015556));
#467=CARTESIAN_POINT('',(103.702358511,-48.955132252,25.560015554));
#468=CARTESIAN_POINT('',(103.702326941,-48.955142068,25.560015553));
#469=CARTESIAN_POINT('',(103.702295373,-48.955151884,25.560015553));
#470=CARTESIAN_POINT('',(103.702263803,-48.9551617,25.560015552));
#471=CARTESIAN_POINT('',(103.702232234,-48.955171517,25.560015551));
#472=CARTESIAN_POINT('',(102.418684221,-49.354282524,25.559984265));
#473=CARTESIAN_POINT('',(101.134366726,-49.7514699,25.559952981));
#474=CARTESIAN_POINT('',(99.421121259,-50.277805295,25.559911265));
#475=CARTESIAN_POINT('',(98.992725451,-50.409114846,25.559900837));
#476=CARTESIAN_POINT('',(98.135824865,-50.671204209,25.559879978));
#477=CARTESIAN_POINT('',(97.707321634,-50.801990572,25.559869549));
#478=CARTESIAN_POINT('',(97.0645175,-50.997841653,25.559853906));
#479=CARTESIAN_POINT('',(96.850240845,-51.063065901,25.559848691));
#480=CARTESIAN_POINT('',(96.421678245,-51.193439926,25.559838262));
#481=CARTESIAN_POINT('',(96.207392885,-51.258596637,25.559833048));
#482=CARTESIAN_POINT('',(95.885968622,-51.356366111,25.559825226));
#483=CARTESIAN_POINT('',(95.778827856,-51.388961886,25.559822618));
#484=CARTESIAN_POINT('',(95.350270389,-51.5193927,25.55981219));
#485=CARTESIAN_POINT('',(95.028863189,-51.617308377,25.559804368));
#486=CARTESIAN_POINT('',(94.493146556,-51.780141684,25.559791331));
#487=CARTESIAN_POINT('',(94.27884775,-51.845161392,25.559786117));
#488=CARTESIAN_POINT('',(93.8502281,-51.974985325,25.559775688));
#489=CARTESIAN_POINT('',(93.635908075,-52.039796716,25.559770473));
#490=CARTESIAN_POINT('',(93.421581776,-52.104537799,25.559765259));
#491=B_SPLINE_SURFACE_WITH_KNOTS('',3,3,((#27,#28,#29,#30,#31,#32,#33,#34,#35,#36,#37,#38,#39,#40,#41,#42,#43,#44,#45,#46,#47,#48,#49,#50,#51,#52,
#53,#54,#55),(#56,#57,#58,#59,#60,#61,#62,#63,#64,#65,#66,#67,#68,#69,#70,#71,#72,#73,#74,#75,#76,#77,#78,#79,#80,#81,
#82,#83,#84),(#85,#86,#87,#88,#89,#90,#91,#92,#93,#94,#95,#96,#97,#98,#99,#100,#101,#102,#103,#104,#105,#106,#107,#108,#109,#110,
#111,#112,#113),(#114,#115,#116,#117,#118,#119,#120,#121,#122,#123,#124,#125,#126,#127,#128,#129,#130,#131,#132,#133,#134,#135,#136,#137,#138,#139,
#140,#141,#142),(#143,#144,#145,#146,#147,#148,#149,#150,#151,#152,#153,#154,#155,#156,#157,#158,#159,#160,#161,#162,#163,#164,#165,#166,#167,#168,
#169,#170,#171),(#172,#173,#174,#175,#176,#177,#178,#179,#180,#181,#182,#183,#184,#185,#186,#187,#188,#189,#190,#191,#192,#193,#194,#195,#196,#197,
#198,#199,#200),(#201,#202,#203,#204,#205,#206,#207,#208,#209,#210,#211,#212,#213,#214,#215,#216,#217,#218,#219,#220,#221,#222,#223,#224,#225,#226,
#227,#228,#229),(#230,#231,#232,#233,#234,#235,#236,#237,#238,#239,#240,#241,#242,#243,#244,#245,#246,#247,#248,#249,#250,#251,#252,#253,#254,#255,
#256,#257,#258),(#259,#260,#261,#262,#263,#264,#265,#266,#267,#268,#269,#270,#271,#272,#273,#274,#275,#276,#277,#278,#279,#280,#281,#282,#283,#284,
#285,#286,#287),(#288,#289,#290,#291,#292,#293,#294,#295,#296,#297,#298,#299,#300,#301,#302,#303,#304,#305,#306,#307,#308,#309,#310,#311,#312,#313,
#314,#315,#316),(#317,#318,#319,#320,#321,#322,#323,#324,#325,#326,#327,#328,#329,#330,#331,#332,#333,#334,#335,#336,#337,#338,#339,#340,#341,#342,
#343,#344,#345),(#346,#347,#348,#349,#350,#351,#352,#353,#354,#355,#356,#357,#358,#359,#360,#361,#362,#363,#364,#365,#366,#367,#368,#369,#370,#371,
#372,#373,#374),(#375,#376,#377,#378,#379,#380,#381,#382,#383,#384,#385,#386,#387,#388,#389,#390,#391,#392,#393,#394,#395,#396,#397,#398,#399,#400,
#401,#402,#403),(#404,#405,#406,#407,#408,#409,#410,#411,#412,#413,#414,#415,#416,#417,#418,#419,#420,#421,#422,#423,#424,#425,#426,#427,#428,#429,
#430,#431,#432),(#433,#434,#435,#436,#437,#438,#439,#440,#441,#442,#443,#444,#445,#446,#447,#448,#449,#450,#451,#452,#453,#454,#455,#456,#457,#458,
#459,#460,#461),(#462,#463,#464,#465,#466,#467,#468,#469,#470,#471,#472,#473,#474,#475,#476,#477,#478,#479,#480,#481,#482,#483,#484,#485,#486,#487,
#488,#489,#490)),.UNSPECIFIED.,.F.,.F.,.U.,(4,3,3,3,3,4),(4,3,3,3,2,2,2,2,2,2,2,2,4),(-0.00013708,0.,0.000005035,0.00001007,0.00002014,0.903651729),(-0.000002553,0.,0.000009223,0.000018446,0.375,0.5,0.625,0.6875,0.75,0.78125,0.875,0.9375,1.),.UNSPECIFIED.);
#492=CARTESIAN_POINT('',(93.205453273,-47.608095668,17.859765259));
#493=VERTEX_POINT('',#492);
#494=CARTESIAN_POINT('',(92.031173585,-47.710491903,17.859765312));
#495=VERTEX_POINT('',#494);
#496=CARTESIAN_POINT('',(93.205453278,-47.608095712,17.859765338));
#497=CARTESIAN_POINT('',(92.815292559,-47.654270533,17.859765329));
#498=CARTESIAN_POINT('',(92.423675781,-47.686592977,17.859765321));
#499=CARTESIAN_POINT('',(92.031173585,-47.710491903,17.859765312));
#500=B_SPLINE_CURVE_WITH_KNOTS('',3,(#496,#497,#498,#499),.UNSPECIFIED.,.F.,.F.,(4,4),(0.006536967,0.007716299),.UNSPECIFIED.);
#501=EDGE_CURVE('',#493,#495,#500,.T.);
#502=ORIENTED_EDGE('',*,*,#501,.F.);
#503=CARTESIAN_POINT('',(93.696671808,-47.54374079,17.859765259));
#504=VERTEX_POINT('',#503);
#505=CARTESIAN_POINT('',(93.696671808,-47.54374079,17.859765259));
#506=CARTESIAN_POINT('',(93.533123434,-47.566752747,17.859765259));
#507=CARTESIAN_POINT('',(93.369443136,-47.58868776,17.859765259));
#508=CARTESIAN_POINT('',(93.205453273,-47.608095668,17.859765259));
#509=B_SPLINE_CURVE_WITH_KNOTS('',3,(#505,#506,#507,#508),.UNSPECIFIED.,.F.,.F.,(4,4),(0.009171955,0.009667564),.UNSPECIFIED.);
#510=EDGE_CURVE('',#504,#493,#509,.T.);
#511=ORIENTED_EDGE('',*,*,#510,.F.);
#512=CARTESIAN_POINT('',(94.404134903,-47.441518263,17.859765259));
#513=VERTEX_POINT('',#512);
#514=CARTESIAN_POINT('',(93.696671808,-47.54374079,17.859765259));
#515=CARTESIAN_POINT('',(93.932568295,-47.51021842,17.859192601));
#516=CARTESIAN_POINT('',(94.168171755,-47.47461477,17.858906921));
#517=CARTESIAN_POINT('',(94.404132483,-47.441518602,17.85976525));
#518=B_SPLINE_CURVE_WITH_KNOTS('',3,(#514,#515,#516,#517),.UNSPECIFIED.,.F.,.F.,(4,4),(0.001740174,0.00245498),.UNSPECIFIED.);
#519=EDGE_CURVE('',#504,#513,#518,.T.);
#520=ORIENTED_EDGE('',*,*,#519,.T.);
#521=CARTESIAN_POINT('',(95.676656911,-47.266340418,17.859765259));
#522=VERTEX_POINT('',#521);
#523=CARTESIAN_POINT('',(95.676656911,-47.266340418,17.859765259));
#524=CARTESIAN_POINT('',(95.252807701,-47.327384436,17.859765259));
#525=CARTESIAN_POINT('',(94.828070293,-47.381177727,17.859765259));
#526=CARTESIAN_POINT('',(94.404134908,-47.441518262,17.859765259));
#527=B_SPLINE_CURVE_WITH_KNOTS('',3,(#523,#524,#525,#526),.UNSPECIFIED.,.F.,.F.,(4,4),(0.00717208,0.008457007),.UNSPECIFIED.);
#528=EDGE_CURVE('',#522,#513,#527,.T.);
#529=ORIENTED_EDGE('',*,*,#528,.F.);
#530=CARTESIAN_POINT('',(98.886705777,-46.639936968,17.859765259));
#531=VERTEX_POINT('',#530);
#532=CARTESIAN_POINT('',(95.676656911,-47.266340418,17.859765259));
#533=CARTESIAN_POINT('',(96.216441209,-47.187944931,17.858588687));
#534=CARTESIAN_POINT('',(96.754836478,-47.099306983,17.859703134));
#535=CARTESIAN_POINT('',(97.290196781,-46.995519369,17.859319143));
#536=CARTESIAN_POINT('',(97.825557084,-46.891731755,17.858935152));
#537=CARTESIAN_POINT('',(98.358223427,-46.773240577,17.858719628));
#538=CARTESIAN_POINT('',(98.886705777,-46.639936968,17.859765259));
#539=B_SPLINE_CURVE_WITH_KNOTS('',3,(#532,#533,#534,#535,#536,#537,#538),.UNSPECIFIED.,.F.,.F.,(4,3,4),(0.,0.001636334,0.003272669),.UNSPECIFIED.);
#540=EDGE_CURVE('',#522,#531,#539,.T.);
#541=ORIENTED_EDGE('',*,*,#540,.T.);
#542=CARTESIAN_POINT('',(102.53169416,-45.468904002,17.859765259));
#543=VERTEX_POINT('',#542);
#544=CARTESIAN_POINT('',(102.53169416,-45.468904002,17.859765259));
#545=CARTESIAN_POINT('',(101.340407381,-45.930834006,17.859765259));
#546=CARTESIAN_POINT('',(100.125341797,-46.326189481,17.859765259));
#547=CARTESIAN_POINT('',(98.886705779,-46.639936968,17.859765259));
#548=B_SPLINE_CURVE_WITH_KNOTS('',3,(#544,#545,#546,#547),.UNSPECIFIED.,.F.,.F.,(4,4),(0.000064602,0.003897566),.UNSPECIFIED.);
#549=EDGE_CURVE('',#543,#531,#548,.T.);
#550=ORIENTED_EDGE('',*,*,#549,.F.);
#551=CARTESIAN_POINT('',(102.661020154,-45.66184224,18.334950775));
#552=VERTEX_POINT('',#551);
#553=CARTESIAN_POINT('',(102.53169416,-45.468904002,17.859765259));
#554=CARTESIAN_POINT('',(102.552595225,-45.501329526,17.938852953));
#555=CARTESIAN_POINT('',(102.573714294,-45.533470214,18.017631675));
#556=CARTESIAN_POINT('',(102.595141596,-45.565682109,18.096846335));
#557=CARTESIAN_POINT('',(102.605855247,-45.581788056,18.136453666));
#558=CARTESIAN_POINT('',(102.61667772,-45.597865668,18.176104391));
#559=CARTESIAN_POINT('',(102.627469773,-45.613977111,18.2158106));
#560=CARTESIAN_POINT('',(102.638261827,-45.630088554,18.255516809));
#561=CARTESIAN_POINT('',(102.648221042,-45.646578371,18.295332547));
#562=CARTESIAN_POINT('',(102.66044275,-45.662107163,18.33502488));
#563=B_SPLINE_CURVE_WITH_KNOTS('',3,(#553,#554,#555,#556,#557,#558,#559,#560,#561,#562),.UNSPECIFIED.,.F.,.F.,(4,3,3,4),(-0.000029177,0.000239041,0.000373151,0.00050726),.UNSPECIFIED.);
#564=EDGE_CURVE('',#543,#552,#563,.T.);
#565=ORIENTED_EDGE('',*,*,#564,.T.);
#566=CARTESIAN_POINT('',(102.660294513,-45.662710211,18.336086649));
#567=VERTEX_POINT('',#566);
#568=CARTESIAN_POINT('',(102.660446044,-45.662111348,18.335035577));
#569=CARTESIAN_POINT('',(102.660396001,-45.662309048,18.335382724));
#570=CARTESIAN_POINT('',(102.660345982,-45.662506737,18.335729871));
#571=CARTESIAN_POINT('',(102.66029595,-45.662704431,18.336077017));
#572=B_SPLINE_CURVE_WITH_KNOTS('',3,(#568,#569,#570,#571),.UNSPECIFIED.,.F.,.F.,(4,4),(0.,0.981640438),.UNSPECIFIED.);
#573=EDGE_CURVE('',#552,#567,#572,.T.);
#574=ORIENTED_EDGE('',*,*,#573,.T.);
#575=CARTESIAN_POINT('',(102.450696493,-49.343516623,25.559765259));
#576=VERTEX_POINT('',#575);
#577=CARTESIAN_POINT('',(102.660293143,-45.662715523,18.336096495));
#578=CARTESIAN_POINT('',(102.639430947,-45.745214075,18.48097455));
#579=CARTESIAN_POINT('',(102.625254278,-45.826618188,18.628832247));
#580=CARTESIAN_POINT('',(102.612665403,-45.907799932,18.777655434));
#581=CARTESIAN_POINT('',(102.600076529,-45.988981676,18.926478621));
#582=CARTESIAN_POINT('',(102.588979823,-46.070004976,19.076322433));
#583=CARTESIAN_POINT('',(102.578813308,-46.150936281,19.227047564));
#584=CARTESIAN_POINT('',(102.55848028,-46.312798891,19.528497826));
#585=CARTESIAN_POINT('',(102.541244393,-46.474413203,19.833282313));
#586=CARTESIAN_POINT('',(102.525652481,-46.6350032,20.139507931));
#587=CARTESIAN_POINT('',(102.494468657,-46.956183195,20.751959167));
#588=CARTESIAN_POINT('',(102.469206478,-47.272893116,21.369643314));
#589=CARTESIAN_POINT('',(102.450851381,-47.581426718,21.983098946));
#590=CARTESIAN_POINT('',(102.432496284,-47.889960319,22.596554578));
#591=CARTESIAN_POINT('',(102.42111698,-48.190257669,23.20525344));
#592=CARTESIAN_POINT('',(102.420027441,-48.483230186,23.802960651));
#593=CARTESIAN_POINT('',(102.418937902,-48.776202703,24.400667862));
#594=CARTESIAN_POINT('',(102.428092311,-49.061809205,24.986827352));
#595=CARTESIAN_POINT('',(102.450696493,-49.343516623,25.559765259));
#596=B_SPLINE_CURVE_WITH_KNOTS('',3,(#577,#578,#579,#580,#581,#582,#583,#584,#585,#586,#587,#588,#589,#590,#591,#592,#593,#594,#595),.UNSPECIFIED.,.F.,.F.,(4,3,3,3,3,3,4),(-0.000045655,0.000458983,0.000963621,0.001972896,0.003991447,0.006009998,0.008028549),.UNSPECIFIED.);
#597=EDGE_CURVE('',#567,#576,#596,.T.);
#598=ORIENTED_EDGE('',*,*,#597,.T.);
#599=CARTESIAN_POINT('',(93.421581778,-52.104537798,25.559765259));
#600=VERTEX_POINT('',#599);
#601=CARTESIAN_POINT('',(102.450696493,-49.343516623,25.559765259));
#602=CARTESIAN_POINT('',(100.947545964,-49.809225748,25.559765259));
#603=CARTESIAN_POINT('',(99.443452053,-50.271890348,25.559765259));
#604=CARTESIAN_POINT('',(97.938378084,-50.731344786,25.559765259));
#605=CARTESIAN_POINT('',(97.1858411,-50.961072006,25.559765259));
#606=CARTESIAN_POINT('',(96.433007512,-51.189825919,25.559765259));
#607=CARTESIAN_POINT('',(95.68027856,-51.418923197,25.559765259));
#608=CARTESIAN_POINT('',(94.927549608,-51.648020475,25.559765259));
#609=CARTESIAN_POINT('',(94.174786249,-51.877007491,25.559765259));
#610=CARTESIAN_POINT('',(93.421581779,-52.104537798,25.559765259));
#611=B_SPLINE_CURVE_WITH_KNOTS('',3,(#601,#602,#603,#604,#605,#606,#607,#608,#609,#610),.UNSPECIFIED.,.F.,.F.,(4,3,3,4),(0.044332945,0.049053872,0.051414336,0.0537748),.UNSPECIFIED.);
#612=EDGE_CURVE('',#576,#600,#611,.T.);
#613=ORIENTED_EDGE('',*,*,#612,.T.);
#614=CARTESIAN_POINT('',(92.031173585,-47.710491903,17.859765312));
#615=DIRECTION('',(0.15493913,-0.489647322,0.858043918));
#616=VECTOR('',#615,8.973899568);
#617=LINE('',#614,#616);
#618=EDGE_CURVE('',#495,#600,#617,.T.);
#619=ORIENTED_EDGE('',*,*,#618,.F.);
#620=EDGE_LOOP('',(#502,#511,#520,#529,#541,#550,#565,#574,#598,#613,#619));
#621=FACE_BOUND('',#620,.T.);
#622=ADVANCED_FACE('',(#621),#491,.T.);
#623=CARTESIAN_POINT('',(116.14243962,-18.551369543,31.859765259));
#624=DIRECTION('',(0.,1.,0.));
#625=DIRECTION('',(0.,0.,1.));
#626=AXIS2_PLACEMENT_3D('',#623,#624,#625);
#627=PLANE('',#626);
#628=CARTESIAN_POINT('',(118.260683016,-18.551369543,24.254765259));
#629=VERTEX_POINT('',#628);
#630=CARTESIAN_POINT('',(119.268369391,-18.551369543,24.254765259));
#631=VERTEX_POINT('',#630);
#632=CARTESIAN_POINT('',(118.260683016,-18.551369543,24.254765259));
#633=DIRECTION('',(1.,0.,-0.));
#634=VECTOR('',#633,1.007686376);
#635=LINE('',#632,#634);
#636=EDGE_CURVE('',#629,#631,#635,.T.);
#637=ORIENTED_EDGE('',*,*,#636,.T.);
#638=CARTESIAN_POINT('',(119.252515452,-18.551369543,17.859765259));
#639=VERTEX_POINT('',#638);
#640=CARTESIAN_POINT('',(119.268369385,-18.551369543,24.254765259));
#641=CARTESIAN_POINT('',(119.263161622,-18.551369543,22.123098381));
#642=CARTESIAN_POINT('',(119.257878135,-18.551369543,19.991431711));
#643=CARTESIAN_POINT('',(119.252515452,-18.551369543,17.859765259));
#644=B_SPLINE_CURVE_WITH_KNOTS('',3,(#640,#641,#642,#643),.UNSPECIFIED.,.F.,.F.,(4,4),(0.063215231,0.069610251),.UNSPECIFIED.);
#645=EDGE_CURVE('',#631,#639,#644,.T.);
#646=ORIENTED_EDGE('',*,*,#645,.T.);
#647=CARTESIAN_POINT('',(118.231026089,-18.551369543,17.859765259));
#648=VERTEX_POINT('',#647);
#649=CARTESIAN_POINT('',(118.231026089,-18.551369543,17.859765259));
#650=DIRECTION('',(1.,0.,-0.));
#651=VECTOR('',#650,1.021489363);
#652=LINE('',#649,#651);
#653=EDGE_CURVE('',#648,#639,#652,.T.);
#654=ORIENTED_EDGE('',*,*,#653,.F.);
#655=CARTESIAN_POINT('',(118.260683016,-18.551369543,24.254765259));
#656=CARTESIAN_POINT('',(118.250944082,-18.551369543,22.123097915));
#657=CARTESIAN_POINT('',(118.241059974,-18.551369543,19.991431236));
#658=CARTESIAN_POINT('',(118.231026089,-18.551369543,17.859765259));
#659=B_SPLINE_CURVE_WITH_KNOTS('',3,(#655,#656,#657,#658),.UNSPECIFIED.,.F.,.F.,(4,4),(0.003605037,0.010000106),.UNSPECIFIED.);
#660=EDGE_CURVE('',#629,#648,#659,.T.);
#661=ORIENTED_EDGE('',*,*,#660,.F.);
#662=EDGE_LOOP('',(#637,#646,#654,#661));
#663=FACE_BOUND('',#662,.T.);
#664=ADVANCED_FACE('',(#663),#627,.T.);
#665=CARTESIAN_POINT('',(90.039251917,-47.047049278,18.333410665));
#666=CARTESIAN_POINT('',(90.216037912,-47.633128727,19.337725861));
#667=CARTESIAN_POINT('',(90.391403406,-48.214719032,20.344792013));
#668=CARTESIAN_POINT('',(90.668099254,-49.13243382,21.937072392));
#669=CARTESIAN_POINT('',(90.84575492,-49.721686798,22.960586031));
#670=CARTESIAN_POINT('',(91.023824006,-50.312246288,23.983310105));
#671=CARTESIAN_POINT('',(91.125797425,-50.650403022,24.567302236));
#672=CARTESIAN_POINT('',(91.151287664,-50.734932361,24.713306479));
#673=CARTESIAN_POINT('',(91.176864957,-50.819740359,24.859316985));
#674=CARTESIAN_POINT('',(91.176887783,-50.819816045,24.85944729));
#675=CARTESIAN_POINT('',(91.17691061,-50.819891731,24.859577596));
#676=CARTESIAN_POINT('',(90.275142451,-47.037609659,18.333243299));
#677=CARTESIAN_POINT('',(90.452587141,-47.623531926,19.33727284));
#678=CARTESIAN_POINT('',(90.628421127,-48.204363953,20.344421689));
#679=CARTESIAN_POINT('',(90.905799232,-49.120696827,21.936941972));
#680=CARTESIAN_POINT('',(91.083872845,-49.708997043,22.960648876));
#681=CARTESIAN_POINT('',(91.262415234,-50.298778712,23.983460491));
#682=CARTESIAN_POINT('',(91.364688524,-50.636583926,24.567446191));
#683=CARTESIAN_POINT('',(91.390253314,-50.721024067,24.713449657));
#684=CARTESIAN_POINT('',(91.415913832,-50.80576999,24.859442763));
#685=CARTESIAN_POINT('',(91.415936732,-50.805845621,24.859573052));
#686=CARTESIAN_POINT('',(91.415959633,-50.805921251,24.859703342));
#687=CARTESIAN_POINT('',(90.857457576,-47.00750047,18.332852985));
#688=CARTESIAN_POINT('',(91.036319294,-47.590010576,19.336216347));
#689=CARTESIAN_POINT('',(91.213126729,-48.166028626,20.343558054));
#690=CARTESIAN_POINT('',(91.491907678,-49.074325778,21.936637819));
#691=CARTESIAN_POINT('',(91.670835015,-49.657311184,22.960795436));
#692=CARTESIAN_POINT('',(91.850360227,-50.242186025,23.983811208));
#693=CARTESIAN_POINT('',(91.953263721,-50.577404105,24.56778191));
#694=CARTESIAN_POINT('',(91.97898509,-50.661194388,24.713783565));
#695=CARTESIAN_POINT('',(92.004822399,-50.745353312,24.859736089));
#696=CARTESIAN_POINT('',(92.004845458,-50.745428419,24.859866343));
#697=CARTESIAN_POINT('',(92.004868516,-50.745503526,24.859996596));
#698=CARTESIAN_POINT('',(91.438287474,-46.960457598,18.332640875));
#699=CARTESIAN_POINT('',(91.617110004,-47.531819855,19.335642214));
#700=CARTESIAN_POINT('',(91.793637196,-48.09592826,20.343088726));
#701=CARTESIAN_POINT('',(92.071901646,-48.985171927,21.936472532));
#702=CARTESIAN_POINT('',(92.250471118,-49.55583127,22.960875082));
#703=CARTESIAN_POINT('',(92.42970862,-50.128601759,23.9840018));
#704=CARTESIAN_POINT('',(92.532484983,-50.457020864,24.56796435));
#705=CARTESIAN_POINT('',(92.558174041,-50.539109733,24.713965021));
#706=CARTESIAN_POINT('',(92.583989919,-50.621600197,24.859895493));
#707=CARTESIAN_POINT('',(92.584012958,-50.621673815,24.860025727));
#708=CARTESIAN_POINT('',(92.584035998,-50.621747433,24.86015596));
#709=CARTESIAN_POINT('',(91.783068742,-46.926417075,18.332640875));
#710=CARTESIAN_POINT('',(91.960874275,-47.488328083,19.335642214));
#711=CARTESIAN_POINT('',(92.136384471,-48.042985241,20.343088726));
#712=CARTESIAN_POINT('',(92.413041762,-48.917293118,21.936472532));
#713=CARTESIAN_POINT('',(92.590578452,-49.478354513,22.960875082));
#714=CARTESIAN_POINT('',(92.768783171,-50.041527054,23.9840018));
#715=CARTESIAN_POINT('',(92.870969373,-50.364461618,24.56796435));
#716=CARTESIAN_POINT('',(92.896510891,-50.445179352,24.713965021));
#717=CARTESIAN_POINT('',(92.922179097,-50.526297456,24.859895493));
#718=CARTESIAN_POINT('',(92.922202004,-50.526369849,24.860025727));
#719=CARTESIAN_POINT('',(92.922224912,-50.526442242,24.86015596));
#720=B_SPLINE_SURFACE_WITH_KNOTS('',3,3,((#665,#666,#667,#668,#669,#670,#671,#672,#673,#674,#675),(#676,#677,#678,#679,#680,#681,#682,#683,#684,#685,#686),(#687,#688,#689,#690,#691,#692,#693,#694,#695,#696,#697),(#698,#699,#700,#701,#702,#703,#704,#705,#706,#707,#708),(#709,#710,#711,#712,#713,#714,#715,#716,#717,#718,#719)),.UNSPECIFIED.,.F.,.F.,.U.,(4,1,4),(4,2,1,2,2,4),(0.579923019,0.75,1.),(0.062086471,0.448686425,0.673029638,0.841287048,0.897372851,0.897422948),.UNSPECIFIED.);
#721=CARTESIAN_POINT('',(90.900882115,-47.855829944,19.785946997));
#722=VERTEX_POINT('',#721);
#723=CARTESIAN_POINT('',(90.318248229,-47.932194674,19.857979286));
#724=VERTEX_POINT('',#723);
#725=CARTESIAN_POINT('',(90.900882115,-47.855829944,19.785946997));
#726=CARTESIAN_POINT('',(90.706775857,-47.883519589,19.808445075));
#727=CARTESIAN_POINT('',(90.512565831,-47.909001509,19.832437555));
#728=CARTESIAN_POINT('',(90.318248229,-47.932194674,19.857979286));
#729=B_SPLINE_CURVE_WITH_KNOTS('',3,(#725,#726,#727,#728),.UNSPECIFIED.,.F.,.F.,(4,4),(0.000009156,0.000601172),.UNSPECIFIED.);
#730=EDGE_CURVE('',#722,#724,#729,.T.);
#731=ORIENTED_EDGE('',*,*,#730,.F.);
#732=CARTESIAN_POINT('',(91.021307258,-48.250384646,20.473700343));
#733=VERTEX_POINT('',#732);
#734=CARTESIAN_POINT('',(90.900882115,-47.855829944,19.785946997));
#735=CARTESIAN_POINT('',(90.941092279,-47.987513074,20.015091529));
#736=CARTESIAN_POINT('',(90.981226304,-48.119012786,20.244354616));
#737=CARTESIAN_POINT('',(91.021307258,-48.250384646,20.473700343));
#738=B_SPLINE_CURVE_WITH_KNOTS('',3,(#734,#735,#736,#737),.UNSPECIFIED.,.F.,.F.,(4,4),(0.,0.000801985),.UNSPECIFIED.);
#739=EDGE_CURVE('',#722,#733,#738,.T.);
#740=ORIENTED_EDGE('',*,*,#739,.T.);
#741=CARTESIAN_POINT('',(90.443567541,-48.328235772,20.543708317));
#742=VERTEX_POINT('',#741);
#743=CARTESIAN_POINT('',(91.021307258,-48.250384646,20.473700343));
#744=CARTESIAN_POINT('',(90.828861977,-48.278919014,20.495284458));
#745=CARTESIAN_POINT('',(90.636283408,-48.304895048,20.518603054));
#746=CARTESIAN_POINT('',(90.443567541,-48.328235772,20.543708317));
#747=B_SPLINE_CURVE_WITH_KNOTS('',3,(#743,#744,#745,#746),.UNSPECIFIED.,.F.,.F.,(4,4),(0.00001344,0.00060059),.UNSPECIFIED.);
#748=EDGE_CURVE('',#733,#742,#747,.T.);
#749=ORIENTED_EDGE('',*,*,#748,.T.);
#750=CARTESIAN_POINT('',(90.568707951,-48.723711494,21.229852199));
#751=VERTEX_POINT('',#750);
#752=CARTESIAN_POINT('',(90.443567541,-48.328235772,20.543708317));
#753=CARTESIAN_POINT('',(90.48530767,-48.460145263,20.772369224));
#754=CARTESIAN_POINT('',(90.527016741,-48.5919566,21.001092716));
#755=CARTESIAN_POINT('',(90.568707951,-48.723711494,21.229852199));
#756=B_SPLINE_CURVE_WITH_KNOTS('',3,(#752,#753,#754,#755),.UNSPECIFIED.,.F.,.F.,(4,4),(0.00315394,0.00395572),.UNSPECIFIED.);
#757=EDGE_CURVE('',#742,#751,#756,.T.);
#758=ORIENTED_EDGE('',*,*,#757,.T.);
#759=CARTESIAN_POINT('',(91.141424136,-48.644205609,21.162008135));
#760=VERTEX_POINT('',#759);
#761=CARTESIAN_POINT('',(91.141424136,-48.644205609,21.162008135));
#762=CARTESIAN_POINT('',(90.950686917,-48.673620206,21.182644668));
#763=CARTESIAN_POINT('',(90.759783044,-48.700148519,21.20524146));
#764=CARTESIAN_POINT('',(90.568707951,-48.723711494,21.229852199));
#765=B_SPLINE_CURVE_WITH_KNOTS('',3,(#761,#762,#763,#764),.UNSPECIFIED.,.F.,.F.,(4,4),(0.000017786,0.000599961),.UNSPECIFIED.);
#766=EDGE_CURVE('',#760,#751,#765,.T.);
#767=ORIENTED_EDGE('',*,*,#766,.F.);
#768=CARTESIAN_POINT('',(91.261368182,-49.037615195,21.850626783));
#769=VERTEX_POINT('',#768);
#770=CARTESIAN_POINT('',(91.141424136,-48.644205609,21.162008135));
#771=CARTESIAN_POINT('',(91.181427293,-48.775394693,21.391513861));
#772=CARTESIAN_POINT('',(91.221400565,-48.906511759,21.621065936));
#773=CARTESIAN_POINT('',(91.261368182,-49.037615195,21.850626783));
#774=B_SPLINE_CURVE_WITH_KNOTS('',3,(#770,#771,#772,#773),.UNSPECIFIED.,.F.,.F.,(4,4),(0.,0.000802093),.UNSPECIFIED.);
#775=EDGE_CURVE('',#760,#769,#774,.T.);
#776=ORIENTED_EDGE('',*,*,#775,.T.);
#777=CARTESIAN_POINT('',(90.693746843,-49.118866395,21.916231486));
#778=VERTEX_POINT('',#777);
#779=CARTESIAN_POINT('',(90.693746843,-49.118866395,21.916231486));
#780=CARTESIAN_POINT('',(90.883161198,-49.095034573,21.892150563));
#781=CARTESIAN_POINT('',(91.0723665,-49.067922426,21.870301662));
#782=CARTESIAN_POINT('',(91.261368182,-49.037615195,21.850626783));
#783=B_SPLINE_CURVE_WITH_KNOTS('',3,(#779,#780,#781,#782),.UNSPECIFIED.,.F.,.F.,(4,4),(0.000039606,0.000616753),.UNSPECIFIED.);
#784=EDGE_CURVE('',#778,#769,#783,.T.);
#785=ORIENTED_EDGE('',*,*,#784,.F.);
#786=CARTESIAN_POINT('',(90.818763346,-49.513950537,22.602662694));
#787=VERTEX_POINT('',#786);
#788=CARTESIAN_POINT('',(90.693746843,-49.118866395,21.916231486));
#789=CARTESIAN_POINT('',(90.735418447,-49.250559328,22.145043018));
#790=CARTESIAN_POINT('',(90.777086145,-49.382239917,22.373862378));
#791=CARTESIAN_POINT('',(90.818763346,-49.513950537,22.602662694));
#792=B_SPLINE_CURVE_WITH_KNOTS('',3,(#788,#789,#790,#791),.UNSPECIFIED.,.F.,.F.,(4,4),(0.004757526,0.005559339),.UNSPECIFIED.);
#793=EDGE_CURVE('',#778,#787,#792,.T.);
#794=ORIENTED_EDGE('',*,*,#793,.T.);
#795=CARTESIAN_POINT('',(91.381276694,-49.430940203,22.539309341));
#796=VERTEX_POINT('',#795);
#797=CARTESIAN_POINT('',(90.818763346,-49.513950537,22.602662694));
#798=CARTESIAN_POINT('',(91.006515852,-49.489831086,22.579124348));
#799=CARTESIAN_POINT('',(91.194018128,-49.462129876,22.558027765));
#800=CARTESIAN_POINT('',(91.381276694,-49.430940203,22.539309341));
#801=B_SPLINE_CURVE_WITH_KNOTS('',3,(#797,#798,#799,#800),.UNSPECIFIED.,.F.,.F.,(4,4),(0.00004537,0.000617494),.UNSPECIFIED.);
#802=EDGE_CURVE('',#787,#796,#801,.T.);
#803=ORIENTED_EDGE('',*,*,#802,.T.);
#804=CARTESIAN_POINT('',(91.50128141,-49.824494189,23.227818874));
#805=VERTEX_POINT('',#804);
#806=CARTESIAN_POINT('',(91.381276694,-49.430940203,22.539309341));
#807=CARTESIAN_POINT('',(91.42125415,-49.562066755,22.768849938));
#808=CARTESIAN_POINT('',(91.461248221,-49.693233346,22.998364752));
#809=CARTESIAN_POINT('',(91.501281407,-49.82449419,23.227818873));
#810=B_SPLINE_CURVE_WITH_KNOTS('',3,(#806,#807,#808,#809),.UNSPECIFIED.,.F.,.F.,(4,4),(0.,0.000802079),.UNSPECIFIED.);
#811=EDGE_CURVE('',#796,#805,#810,.T.);
#812=ORIENTED_EDGE('',*,*,#811,.T.);
#813=CARTESIAN_POINT('',(90.943834712,-49.909208064,23.288966678));
#814=VERTEX_POINT('',#813);
#815=CARTESIAN_POINT('',(91.50128141,-49.824494189,23.227818873));
#816=CARTESIAN_POINT('',(91.315754714,-49.856535862,23.245603518));
#817=CARTESIAN_POINT('',(91.129941713,-49.884807591,23.265963054));
#818=CARTESIAN_POINT('',(90.943834712,-49.909208064,23.288966678));
#819=B_SPLINE_CURVE_WITH_KNOTS('',3,(#815,#816,#817,#818),.UNSPECIFIED.,.F.,.F.,(4,4),(0.00003087,0.000598023),.UNSPECIFIED.);
#820=EDGE_CURVE('',#805,#814,#819,.T.);
#821=ORIENTED_EDGE('',*,*,#820,.T.);
#822=CARTESIAN_POINT('',(91.194304203,-50.700755756,24.659765265));
#823=VERTEX_POINT('',#822);
#824=CARTESIAN_POINT('',(90.943834712,-49.909208064,23.288966678));
#825=CARTESIAN_POINT('',(91.027201245,-50.172667642,23.746146631));
#826=CARTESIAN_POINT('',(91.110664039,-50.436431432,24.203133674));
#827=CARTESIAN_POINT('',(91.194304203,-50.700755756,24.659765265));
#828=B_SPLINE_CURVE_WITH_KNOTS('',3,(#824,#825,#826,#827),.UNSPECIFIED.,.F.,.F.,(4,4),(0.006361136,0.007963743),.UNSPECIFIED.);
#829=EDGE_CURVE('',#814,#823,#828,.T.);
#830=ORIENTED_EDGE('',*,*,#829,.T.);
#831=CARTESIAN_POINT('',(91.566531593,-50.787768935,24.859765259));
#832=VERTEX_POINT('',#831);
#833=CARTESIAN_POINT('',(91.566531593,-50.787768935,24.859765259));
#834=CARTESIAN_POINT('',(91.490997651,-50.795835511,24.859765258));
#835=CARTESIAN_POINT('',(91.416812648,-50.789282616,24.837436228));
#836=CARTESIAN_POINT('',(91.352555152,-50.773061042,24.801329087));
#837=CARTESIAN_POINT('',(91.288297656,-50.756839469,24.765221946));
#838=CARTESIAN_POINT('',(91.234593317,-50.731441419,24.716124895));
#839=CARTESIAN_POINT('',(91.194304203,-50.700755756,24.659765265));
#840=B_SPLINE_CURVE_WITH_KNOTS('',3,(#833,#834,#835,#836,#837,#838,#839),.UNSPECIFIED.,.F.,.F.,(4,3,4),(0.000002434,0.000226879,0.000451325),.UNSPECIFIED.);
#841=EDGE_CURVE('',#832,#823,#840,.T.);
#842=ORIENTED_EDGE('',*,*,#841,.F.);
#843=CARTESIAN_POINT('',(92.92215619,-50.526225063,24.859765259));
#844=VERTEX_POINT('',#843);
#845=CARTESIAN_POINT('',(92.92215619,-50.526225063,24.859765259));
#846=CARTESIAN_POINT('',(92.47719062,-50.651616056,24.859765259));
#847=CARTESIAN_POINT('',(92.025311526,-50.73877396,24.859765259));
#848=CARTESIAN_POINT('',(91.566531593,-50.787768935,24.859765259));
#849=B_SPLINE_CURVE_WITH_KNOTS('',3,(#845,#846,#847,#848),.UNSPECIFIED.,.F.,.F.,(4,4),(0.000015016,0.001395546),.UNSPECIFIED.);
#850=EDGE_CURVE('',#844,#832,#849,.T.);
#851=ORIENTED_EDGE('',*,*,#850,.F.);
#852=CARTESIAN_POINT('',(91.78306991,-46.926428102,18.332634491));
#853=VERTEX_POINT('',#852);
#854=CARTESIAN_POINT('',(91.78307551,-46.926438463,18.332627693));
#855=CARTESIAN_POINT('',(92.167264449,-48.14057388,20.499660212));
#856=CARTESIAN_POINT('',(92.540735163,-49.320836959,22.687366513));
#857=CARTESIAN_POINT('',(92.92215619,-50.526225063,24.859765259));
#858=B_SPLINE_CURVE_WITH_KNOTS('',3,(#854,#855,#856,#857),.UNSPECIFIED.,.F.,.F.,(4,4),(0.000560489,0.008101041),.UNSPECIFIED.);
#859=EDGE_CURVE('',#853,#844,#858,.T.);
#860=ORIENTED_EDGE('',*,*,#859,.F.);
#861=CARTESIAN_POINT('',(91.044969295,-47.064748596,18.459765259));
#862=VERTEX_POINT('',#861);
#863=CARTESIAN_POINT('',(91.783072627,-46.926429353,18.332662791));
#864=CARTESIAN_POINT('',(91.534313852,-46.968993774,18.363826249));
#865=CARTESIAN_POINT('',(91.287408192,-47.013393479,18.403213319));
#866=CARTESIAN_POINT('',(91.044969295,-47.064748596,18.459765259));
#867=B_SPLINE_CURVE_WITH_KNOTS('',3,(#863,#864,#865,#866),.UNSPECIFIED.,.F.,.F.,(4,4),(0.,0.00076159),.UNSPECIFIED.);
#868=EDGE_CURVE('',#853,#862,#867,.T.);
#869=ORIENTED_EDGE('',*,*,#868,.T.);
#870=CARTESIAN_POINT('',(90.061483728,-47.12075314,18.459765259));
#871=VERTEX_POINT('',#870);
#872=CARTESIAN_POINT('',(91.044969295,-47.064748596,18.459765259));
#873=CARTESIAN_POINT('',(90.71754305,-47.089135803,18.459765259));
#874=CARTESIAN_POINT('',(90.389711184,-47.107756444,18.459765259));
#875=CARTESIAN_POINT('',(90.061483728,-47.12075314,18.459765259));
#876=B_SPLINE_CURVE_WITH_KNOTS('',3,(#872,#873,#874,#875),.UNSPECIFIED.,.F.,.F.,(4,4),(0.000763457,0.001748448),.UNSPECIFIED.);
#877=EDGE_CURVE('',#862,#871,#876,.T.);
#878=ORIENTED_EDGE('',*,*,#877,.T.);
#879=CARTESIAN_POINT('',(90.061483728,-47.12075314,18.459765259));
#880=CARTESIAN_POINT('',(90.147328048,-47.39204316,18.92532043));
#881=CARTESIAN_POINT('',(90.232880089,-47.662409504,19.39146457));
#882=CARTESIAN_POINT('',(90.318248229,-47.932194674,19.857979286));
#883=B_SPLINE_CURVE_WITH_KNOTS('',3,(#879,#880,#881,#882),.UNSPECIFIED.,.F.,.F.,(4,4),(0.00071533,0.002352207),.UNSPECIFIED.);
#884=EDGE_CURVE('',#871,#724,#883,.T.);
#885=ORIENTED_EDGE('',*,*,#884,.T.);
#886=EDGE_LOOP('',(#731,#740,#749,#758,#767,#776,#785,#794,#803,#812,#821,#830,#842,#851,#860,#869,#878,#885));
#887=FACE_BOUND('',#886,.T.);
#888=ADVANCED_FACE('',(#887),#720,.F.);
#889=CARTESIAN_POINT('',(112.720453747,-38.337045989,31.054909203));
#890=CARTESIAN_POINT('',(112.32014099,-37.935083262,26.856519027));
#891=CARTESIAN_POINT('',(111.919828796,-37.533120086,22.658130213));
#892=CARTESIAN_POINT('',(111.519514946,-37.13115823,18.459737397));
#893=CARTESIAN_POINT('',(112.80118603,-38.179584383,31.054909203));
#894=CARTESIAN_POINT('',(112.407066925,-37.783841075,26.856519027));
#895=CARTESIAN_POINT('',(112.012947417,-37.388097165,22.658130213));
#896=CARTESIAN_POINT('',(111.618829098,-36.992355026,18.459737397));
#897=CARTESIAN_POINT('',(112.893765163,-38.004505694,31.054909203));
#898=CARTESIAN_POINT('',(112.505840189,-37.614982003,26.856519027));
#899=CARTESIAN_POINT('',(112.11791488,-37.225457951,22.658130213));
#900=CARTESIAN_POINT('',(111.729990557,-36.835934961,18.459737397));
#901=CARTESIAN_POINT('',(113.030863962,-37.751523802,31.054909203));
#902=CARTESIAN_POINT('',(112.651218306,-37.370313928,26.856519027));
#903=CARTESIAN_POINT('',(112.271572561,-36.989103928,22.658130213));
#904=CARTESIAN_POINT('',(111.891927079,-36.6078943,18.459737397));
#905=CARTESIAN_POINT('',(113.066564863,-37.68616277,31.054909203));
#906=CARTESIAN_POINT('',(112.689004934,-37.307047364,26.856519027));
#907=CARTESIAN_POINT('',(112.311444988,-36.92793188,22.658130213));
#908=CARTESIAN_POINT('',(111.933885096,-36.548816623,18.459737397));
#909=CARTESIAN_POINT('',(113.176476137,-37.48590587,31.054909203));
#910=CARTESIAN_POINT('',(112.805173316,-37.113073818,26.856519027));
#911=CARTESIAN_POINT('',(112.433870674,-36.740241793,22.658130213));
#912=CARTESIAN_POINT('',(112.062567508,-36.36740969,18.459737397));
#913=CARTESIAN_POINT('',(113.253442016,-37.346872042,31.054909203));
#914=CARTESIAN_POINT('',(112.886310539,-36.978228848,26.856519027));
#915=CARTESIAN_POINT('',(112.519179359,-36.609585696,22.658130213));
#916=CARTESIAN_POINT('',(112.152047308,-36.240942422,18.459737397));
#917=CARTESIAN_POINT('',(113.371176564,-37.133226583,31.054909203));
#918=CARTESIAN_POINT('',(113.010303221,-36.770867131,26.856519027));
#919=CARTESIAN_POINT('',(112.649430236,-36.408507651,22.658130213));
#920=CARTESIAN_POINT('',(112.288556198,-36.046148255,18.459737397));
#921=CARTESIAN_POINT('',(113.410795636,-37.061169527,31.054909203));
#922=CARTESIAN_POINT('',(113.052008545,-36.700904741,26.856519027));
#923=CARTESIAN_POINT('',(112.693221811,-36.340639887,22.658130213));
#924=CARTESIAN_POINT('',(112.334434026,-35.980375233,18.459737397));
#925=CARTESIAN_POINT('',(113.56977565,-36.770542757,31.054909203));
#926=CARTESIAN_POINT('',(113.219334513,-36.418657026,26.856519027));
#927=CARTESIAN_POINT('',(112.868893638,-36.066771011,22.658130213));
#928=CARTESIAN_POINT('',(112.518451994,-35.714885831,18.459737397));
#929=CARTESIAN_POINT('',(113.690307477,-36.547000747,31.054909203));
#930=CARTESIAN_POINT('',(113.346127414,-36.201399976,26.856519027));
#931=CARTESIAN_POINT('',(113.001947351,-35.855798651,22.658130213));
#932=CARTESIAN_POINT('',(112.657767289,-35.510198956,18.459737397));
#933=CARTESIAN_POINT('',(113.886837427,-36.171055588,31.054909203));
#934=CARTESIAN_POINT('',(113.553081671,-35.835925316,26.856519027));
#935=CARTESIAN_POINT('',(113.219325805,-35.500794521,22.658130213));
#936=CARTESIAN_POINT('',(112.88557026,-35.165665266,18.459737397));
#937=CARTESIAN_POINT('',(114.00291525,-35.944246356,31.054909203));
#938=CARTESIAN_POINT('',(113.675408084,-35.615395915,26.856519027));
#939=CARTESIAN_POINT('',(113.347900898,-35.28654519,22.658130213));
#940=CARTESIAN_POINT('',(113.020393769,-34.957695299,18.459737397));
#941=CARTESIAN_POINT('',(114.153570384,-35.639235512,31.054909203));
#942=CARTESIAN_POINT('',(113.834420171,-35.318768905,26.856519027));
#943=CARTESIAN_POINT('',(113.51527003,-34.99830226,22.658130213));
#944=CARTESIAN_POINT('',(113.196119678,-34.677835727,18.459737397));
#945=CARTESIAN_POINT('',(114.22750487,-35.485856389,31.054909203));
#946=CARTESIAN_POINT('',(113.912543638,-35.169586103,26.856519027));
#947=CARTESIAN_POINT('',(113.597582479,-34.853315814,22.658130213));
#948=CARTESIAN_POINT('',(113.282621108,-34.537045533,18.459737397));
#949=CARTESIAN_POINT('',(114.337456261,-35.255198917,31.054909203));
#950=CARTESIAN_POINT('',(114.028775175,-34.945221697,26.856519027));
#951=CARTESIAN_POINT('',(113.720094172,-34.635244497,22.658130213));
#952=CARTESIAN_POINT('',(113.411412925,-34.325267237,18.459737397));
#953=CARTESIAN_POINT('',(114.409473451,-35.100632407,31.054909203));
#954=CARTESIAN_POINT('',(114.104971312,-34.794847248,26.856519027));
#955=CARTESIAN_POINT('',(113.80046929,-34.48906208,22.658130213));
#956=CARTESIAN_POINT('',(113.495966924,-34.183276938,18.459737397));
#957=CARTESIAN_POINT('',(114.551432062,-34.790242865,31.054909203));
#958=CARTESIAN_POINT('',(114.25525203,-34.492826734,26.856519027));
#959=CARTESIAN_POINT('',(113.959072281,-34.195410557,22.658130213));
#960=CARTESIAN_POINT('',(113.662891701,-33.897994515,18.459737397));
#961=CARTESIAN_POINT('',(114.621392431,-34.634429786,31.054909203));
#962=CARTESIAN_POINT('',(114.329363112,-34.34119381,26.856519027));
#963=CARTESIAN_POINT('',(114.037334173,-34.047957778,22.658130213));
#964=CARTESIAN_POINT('',(113.745304115,-33.754721911,18.459737397));
#965=CARTESIAN_POINT('',(114.759931259,-34.321985188,31.054909203));
#966=CARTESIAN_POINT('',(114.476231171,-34.037121316,26.856519027));
#967=CARTESIAN_POINT('',(114.192531429,-33.752257461,22.658130213));
#968=CARTESIAN_POINT('',(113.908830669,-33.467393554,18.459737397));
#969=CARTESIAN_POINT('',(114.82849755,-34.165346308,31.054909203));
#970=CARTESIAN_POINT('',(114.548973487,-33.884673327,26.856519027));
#971=CARTESIAN_POINT('',(114.269449655,-33.60400044,22.658130213));
#972=CARTESIAN_POINT('',(113.989925145,-33.323327277,18.459737397));
#973=CARTESIAN_POINT('',(114.964523723,-33.85143812,31.054909203));
#974=CARTESIAN_POINT('',(114.693350037,-33.579146186,26.856519027));
#975=CARTESIAN_POINT('',(114.422176332,-33.306854408,22.658130213));
#976=CARTESIAN_POINT('',(114.151002681,-33.034562171,18.459737397));
#977=CARTESIAN_POINT('',(115.032065408,-33.694211137,31.054909203));
#978=CARTESIAN_POINT('',(114.765064067,-33.426108506,26.856519027));
#979=CARTESIAN_POINT('',(114.498062582,-33.158006,22.658130213));
#980=CARTESIAN_POINT('',(114.23106152,-32.889903124,18.459737397));
#981=CARTESIAN_POINT('',(115.165372759,-33.378827889,31.054909203));
#982=CARTESIAN_POINT('',(114.90671371,-33.119102814,26.856519027));
#983=CARTESIAN_POINT('',(114.648054356,-32.859377744,22.658130213));
#984=CARTESIAN_POINT('',(114.389395897,-32.599652661,18.459737397));
#985=CARTESIAN_POINT('',(115.263974866,-33.141575598,31.054909203));
#986=CARTESIAN_POINT('',(115.011572435,-32.888133626,26.856519027));
#987=CARTESIAN_POINT('',(114.759169652,-32.634691532,22.658130213));
#988=CARTESIAN_POINT('',(114.506767906,-32.381249794,18.459737397));
#989=CARTESIAN_POINT('',(115.359508319,-32.902750732,31.054909203));
#990=CARTESIAN_POINT('',(115.113364311,-32.6555926,26.856519027));
#991=CARTESIAN_POINT('',(114.867220065,-32.408434233,22.658130213));
#992=CARTESIAN_POINT('',(114.621076518,-32.161276558,18.459737397));
#993=CARTESIAN_POINT('',(115.422415322,-32.743130375,31.054909203));
#994=CARTESIAN_POINT('',(115.180443523,-32.500161436,26.856519027));
#995=CARTESIAN_POINT('',(114.938471599,-32.257192191,22.658130213));
#996=CARTESIAN_POINT('',(114.696500041,-32.014223847,18.459737397));
#997=CARTESIAN_POINT('',(115.453467208,-32.663112222,31.054909203));
#998=CARTESIAN_POINT('',(115.213581504,-32.422237873,26.856519027));
#999=CARTESIAN_POINT('',(114.973695754,-32.181363185,22.658130213));
#1000=CARTESIAN_POINT('',(114.73381014,-31.940489496,18.459737397));
#1001=CARTESIAN_POINT('',(115.545377276,-32.422421405,31.054909203));
#1002=CARTESIAN_POINT('',(115.31174968,-32.187830752,26.856519027));
#1003=CARTESIAN_POINT('',(115.078122314,-31.953239677,22.658130213));
#1004=CARTESIAN_POINT('',(114.844494273,-31.718649842,18.459737397));
#1005=CARTESIAN_POINT('',(115.605035596,-32.261139997,31.054909203));
#1006=CARTESIAN_POINT('',(115.375579905,-32.030738407,26.856519027));
#1007=CARTESIAN_POINT('',(115.146124674,-31.800336367,22.658130213));
#1008=CARTESIAN_POINT('',(114.916668092,-31.569935648,18.459737397));
#1009=CARTESIAN_POINT('',(115.721663824,-31.937327485,31.054909203));
#1010=CARTESIAN_POINT('',(115.500551976,-31.715304124,26.856519027));
#1011=CARTESIAN_POINT('',(115.279440855,-31.493280421,22.658130213));
#1012=CARTESIAN_POINT('',(115.058327599,-31.271257723,18.459737397));
#1013=CARTESIAN_POINT('',(115.778614902,-31.774802767,31.054909203));
#1014=CARTESIAN_POINT('',(115.561675003,-31.55696858,26.856519027));
#1015=CARTESIAN_POINT('',(115.344735861,-31.33913419,22.658130213));
#1016=CARTESIAN_POINT('',(115.127794497,-31.121300395,18.459737397));
#1017=CARTESIAN_POINT('',(115.863029737,-31.53016953,31.054909203));
#1018=CARTESIAN_POINT('',(115.652347722,-31.318619117,26.856519027));
#1019=CARTESIAN_POINT('',(115.441666379,-31.107068741,22.658130213));
#1020=CARTESIAN_POINT('',(115.230983061,-30.895518257,18.459737397));
#1021=CARTESIAN_POINT('',(115.891000528,-31.448499287,31.054909203));
#1022=CARTESIAN_POINT('',(115.682404466,-31.239043468,26.856519027));
#1023=CARTESIAN_POINT('',(115.473809027,-31.029587769,22.658130213));
#1024=CARTESIAN_POINT('',(115.26521176,-30.820131716,18.459737397));
#1025=CARTESIAN_POINT('',(115.974660308,-31.202970299,31.054909203));
#1026=CARTESIAN_POINT('',(115.772322074,-30.999798249,26.856519027));
#1027=CARTESIAN_POINT('',(115.569984264,-30.796626561,22.658130213));
#1028=CARTESIAN_POINT('',(115.367645207,-30.593453809,18.459737397));
#1029=CARTESIAN_POINT('',(116.030089617,-31.038472802,31.054909203));
#1030=CARTESIAN_POINT('',(115.831923234,-30.83948992,26.856519027));
#1031=CARTESIAN_POINT('',(115.633757094,-30.640507548,22.658130213));
#1032=CARTESIAN_POINT('',(115.435590242,-30.44152368,18.459737397));
#1033=CARTESIAN_POINT('',(116.113611561,-30.788149258,31.054909203));
#1034=CARTESIAN_POINT('',(115.921703024,-30.595450089,26.856519027));
#1035=CARTESIAN_POINT('',(115.729794629,-30.402751537,22.658130213));
#1036=CARTESIAN_POINT('',(115.537885817,-30.210051173,18.459737397));
#1037=CARTESIAN_POINT('',(116.141516376,-30.704138101,31.054909203));
#1038=CARTESIAN_POINT('',(115.951693801,-30.513533495,26.856519027));
#1039=CARTESIAN_POINT('',(115.761871369,-30.322929521,22.658130213));
#1040=CARTESIAN_POINT('',(115.572048519,-30.132323691,18.459737397));
#1041=CARTESIAN_POINT('',(116.225624342,-30.449301683,31.054909203));
#1042=CARTESIAN_POINT('',(116.042059679,-30.264980751,26.856519027));
#1043=CARTESIAN_POINT('',(115.858495222,-30.080660447,22.658130213));
#1044=CARTESIAN_POINT('',(115.67493016,-29.896338296,18.459737397));
#1045=CARTESIAN_POINT('',(116.282223891,-30.275629832,31.054909203));
#1046=CARTESIAN_POINT('',(116.102831199,-30.095497994,26.856519027));
#1047=CARTESIAN_POINT('',(115.923438832,-29.91536672,22.658130213));
#1048=CARTESIAN_POINT('',(115.744045513,-29.735233789,18.459737397));
#1049=CARTESIAN_POINT('',(116.426325899,-29.82429984,31.054909203));
#1050=CARTESIAN_POINT('',(116.257363069,-29.654640732,26.856519027));
#1051=CARTESIAN_POINT('',(116.088400692,-29.484981998,22.658130213));
#1052=CARTESIAN_POINT('',(115.919436983,-29.315322165,18.459737397));
#1053=CARTESIAN_POINT('',(116.515047317,-29.538312543,31.054909203));
#1054=CARTESIAN_POINT('',(116.352342356,-29.374937065,26.856519027));
#1055=CARTESIAN_POINT('',(116.189637812,-29.211561817,22.658130213));
#1056=CARTESIAN_POINT('',(116.026932045,-29.048185892,18.459737397));
#1057=CARTESIAN_POINT('',(116.636747479,-29.128605957,31.054909203));
#1058=CARTESIAN_POINT('',(116.482386367,-28.973608656,26.856519027));
#1059=CARTESIAN_POINT('',(116.328025624,-28.818611511,22.658130213));
#1060=CARTESIAN_POINT('',(116.173663798,-28.66361391,18.459737397));
#1061=CARTESIAN_POINT('',(116.667465046,-29.023785114,31.054909203));
#1062=CARTESIAN_POINT('',(116.515189899,-28.870882358,26.856519027));
#1063=CARTESIAN_POINT('',(116.362915109,-28.717979749,22.658130213));
#1064=CARTESIAN_POINT('',(116.210639269,-28.565076709,18.459737397));
#1065=CARTESIAN_POINT('',(116.82227423,-28.487533977,31.054909203));
#1066=CARTESIAN_POINT('',(116.680428908,-28.345103956,26.856519027));
#1067=CARTESIAN_POINT('',(116.538583889,-28.202674079,22.658130213));
#1068=CARTESIAN_POINT('',(116.39673798,-28.060243779,18.459737397));
#1069=CARTESIAN_POINT('',(116.950012745,-28.019783731,31.054909203));
#1070=CARTESIAN_POINT('',(116.816511278,-27.885731952,26.856519027));
#1071=CARTESIAN_POINT('',(116.683010068,-27.751680429,22.658130213));
#1072=CARTESIAN_POINT('',(116.549508102,-27.617628152,18.459737397));
#1073=CARTESIAN_POINT('',(117.141989862,-27.259041811,31.054909203));
#1074=CARTESIAN_POINT('',(117.021003963,-27.137557656,26.856519027));
#1075=CARTESIAN_POINT('',(116.900018158,-27.01607375,22.658130213));
#1076=CARTESIAN_POINT('',(116.77903208,-26.894589113,18.459737397));
#1077=CARTESIAN_POINT('',(117.20600911,-26.99560957,31.054909203));
#1078=CARTESIAN_POINT('',(117.089195048,-26.878314645,26.856519027));
#1079=CARTESIAN_POINT('',(116.972381017,-26.761019944,22.658130213));
#1080=CARTESIAN_POINT('',(116.855566899,-26.643724584,18.459737397));
#1081=CARTESIAN_POINT('',(117.332851281,-26.448887784,31.054909203));
#1082=CARTESIAN_POINT('',(117.224380983,-26.339971171,26.856519027));
#1083=CARTESIAN_POINT('',(117.115910629,-26.23105471,22.658130213));
#1084=CARTESIAN_POINT('',(117.007440441,-26.122137804,18.459737397));
#1085=CARTESIAN_POINT('',(117.395673342,-26.165620638,31.054909203));
#1086=CARTESIAN_POINT('',(117.291374973,-26.060893102,26.856519027));
#1087=CARTESIAN_POINT('',(117.187076526,-25.956165668,22.658130213));
#1088=CARTESIAN_POINT('',(117.082778312,-25.851437935,18.459737397));
#1089=CARTESIAN_POINT('',(117.549675103,-25.432318841,31.054909203));
#1090=CARTESIAN_POINT('',(117.455806808,-25.338063611,26.856519027));
#1091=CARTESIAN_POINT('',(117.361938493,-25.243808351,22.658130213));
#1092=CARTESIAN_POINT('',(117.268070238,-25.149553175,18.459737397));
#1093=CARTESIAN_POINT('',(117.639342279,-24.969349168,31.054909203));
#1094=CARTESIAN_POINT('',(117.551732195,-24.88137707,26.856519027));
#1095=CARTESIAN_POINT('',(117.464122214,-24.793404862,22.658130213));
#1096=CARTESIAN_POINT('',(117.376511929,-24.705432979,18.459737397));
#1097=CARTESIAN_POINT('',(117.752744878,-24.313157865,31.054909203));
#1098=CARTESIAN_POINT('',(117.673478319,-24.23356465,26.856519027));
#1099=CARTESIAN_POINT('',(117.594211944,-24.15397129,22.658130213));
#1100=CARTESIAN_POINT('',(117.51494503,-24.074378354,18.459737397));
#1101=CARTESIAN_POINT('',(117.80842191,-23.978610419,31.054909203));
#1102=CARTESIAN_POINT('',(117.733326949,-23.903206945,26.856519027));
#1103=CARTESIAN_POINT('',(117.658232195,-23.827803324,22.658130213));
#1104=CARTESIAN_POINT('',(117.583136833,-23.752400135,18.459737397));
#1105=CARTESIAN_POINT('',(117.861751955,-23.62978192,31.054909203));
#1106=CARTESIAN_POINT('',(117.790828732,-23.558567916,26.856519027));
#1107=CARTESIAN_POINT('',(117.719905715,-23.487353775,22.658130213));
#1108=CARTESIAN_POINT('',(117.648982091,-23.416140036,18.459737397));
#1109=CARTESIAN_POINT('',(117.913758396,-23.273103466,31.054909203));
#1110=CARTESIAN_POINT('',(117.847007241,-23.206078311,26.856519027));
#1111=CARTESIAN_POINT('',(117.780256285,-23.139053026,22.658130213));
#1112=CARTESIAN_POINT('',(117.713504744,-23.072028126,18.459737397));
#1113=CARTESIAN_POINT('',(117.939105678,-23.090814925,31.054909203));
#1114=CARTESIAN_POINT('',(117.874440752,-23.025883831,26.856519027));
#1115=CARTESIAN_POINT('',(117.809776017,-22.960952608,22.658130213));
#1116=CARTESIAN_POINT('',(117.745110718,-22.896021767,18.459737397));
#1117=CARTESIAN_POINT('',(118.012896324,-22.531296862,31.054909203));
#1118=CARTESIAN_POINT('',(117.954490748,-22.472646709,26.856519027));
#1119=CARTESIAN_POINT('',(117.89608534,-22.413996413,22.658130213));
#1120=CARTESIAN_POINT('',(117.837679438,-22.355346541,18.459737397));
#1121=CARTESIAN_POINT('',(118.059021211,-22.141705024,31.054909203));
#1122=CARTESIAN_POINT('',(118.004789077,-22.087241152,26.856519027));
#1123=CARTESIAN_POINT('',(117.950557092,-22.032777112,22.658130213));
#1124=CARTESIAN_POINT('',(117.89632467,-21.978313567,18.459737397));
#1125=CARTESIAN_POINT('',(118.110906809,-21.63557726,31.054909203));
#1126=CARTESIAN_POINT('',(118.061887355,-21.586353919,26.856519027));
#1127=CARTESIAN_POINT('',(118.012868042,-21.537130416,22.658130213));
#1128=CARTESIAN_POINT('',(117.963848313,-21.487907386,18.459737397));
#1129=CARTESIAN_POINT('',(118.120997074,-21.533388582,31.054909203));
#1130=CARTESIAN_POINT('',(118.073019922,-21.485213779,26.856519027));
#1131=CARTESIAN_POINT('',(118.025042913,-21.43703882,22.658130213));
#1132=CARTESIAN_POINT('',(117.977065488,-21.388864322,18.459737397));
#1133=CARTESIAN_POINT('',(118.160089746,-21.1209511,31.054909203));
#1134=CARTESIAN_POINT('',(118.116281021,-21.076971921,26.856519027));
#1135=CARTESIAN_POINT('',(118.072472437,-21.032992608,22.658130213));
#1136=CARTESIAN_POINT('',(118.028663435,-20.989013689,18.459737397));
#1137=CARTESIAN_POINT('',(118.186531486,-20.803425874,31.054909203));
#1138=CARTESIAN_POINT('',(118.145847684,-20.762596012,26.856519027));
#1139=CARTESIAN_POINT('',(118.105164027,-20.721766046,22.658130213));
#1140=CARTESIAN_POINT('',(118.06447994,-20.680936382,18.459737397));
#1141=CARTESIAN_POINT('',(118.223895469,-20.264509993,31.054909203));
#1142=CARTESIAN_POINT('',(118.188427784,-20.228914222,26.856519027));
#1143=CARTESIAN_POINT('',(118.152960162,-20.19331834,22.658130213));
#1144=CARTESIAN_POINT('',(118.117492353,-20.157722782,18.459737397));
#1145=CARTESIAN_POINT('',(118.237032887,-20.046361906,31.054909203));
#1146=CARTESIAN_POINT('',(118.203654626,-20.012854216,26.856519027));
#1147=CARTESIAN_POINT('',(118.170276365,-19.979346393,22.658130213));
#1148=CARTESIAN_POINT('',(118.136898105,-19.945838959,18.459737397));
#1149=CARTESIAN_POINT('',(118.257347241,-19.642721806,31.054909203));
#1150=CARTESIAN_POINT('',(118.227803565,-19.613040397,26.856519027));
#1151=CARTESIAN_POINT('',(118.198259744,-19.583358773,22.658130213));
#1152=CARTESIAN_POINT('',(118.168716349,-19.553677782,18.459737397));
#1153=CARTESIAN_POINT('',(118.265162306,-19.457805972,31.054909203));
#1154=CARTESIAN_POINT('',(118.237362971,-19.429864292,26.856519027));
#1155=CARTESIAN_POINT('',(118.209563419,-19.401922343,22.658130213));
#1156=CARTESIAN_POINT('',(118.181764503,-19.373981186,18.459737397));
#1157=CARTESIAN_POINT('',(118.27144062,-19.271937804,31.054909203));
#1158=CARTESIAN_POINT('',(118.245383302,-19.245740175,26.856519027));
#1159=CARTESIAN_POINT('',(118.219325713,-19.219542208,22.658130213));
#1160=CARTESIAN_POINT('',(118.193268917,-19.193345236,18.459737397));
#1161=B_SPLINE_SURFACE_WITH_KNOTS('',3,3,((#889,#890,#891,#892),(#893,#894,#895,#896),(#897,#898,#899,#900),(#901,#902,#903,#904),(#905,#906,#907,#908),(#909,#910,#911,#912),(#913,#914,#915,#916),(#917,#918,#919,#920),(#921,#922,#923,#924),(#925,#926,#927,#928),(#929,#930,#931,#932),(#933,#934,#935,#936),(#937,#938,#939,#940),(#941,#942,#943,#944),(#945,#946,#947,#948),(#949,#950,#951,#952),(#953,#954,#955,#956),(#957,#958,#959,#960),(#961,#962,#963,#964),(#965,#966,#967,#968),(#969,#970,#971,#972),(#973,#974,#975,#976),(#977,#978,#979,#980),(#981,#982,#983,#984),(#985,#986,#987,#988),(#989,#990,#991,#992),
(#993,#994,#995,#996),(#997,#998,#999,#1000),(#1001,#1002,#1003,#1004),(#1005,#1006,#1007,#1008),(#1009,#1010,#1011,#1012),(#1013,#1014,#1015,#1016),(#1017,#1018,#1019,#1020),(#1021,#1022,#1023,#1024),(#1025,#1026,#1027,#1028),(#1029,#1030,#1031,#1032),(#1033,#1034,#1035,#1036),(#1037,#1038,#1039,#1040),(#1041,#1042,#1043,#1044),(#1045,#1046,#1047,#1048),(#1049,#1050,#1051,#1052),(#1053,#1054,#1055,#1056),(#1057,#1058,#1059,#1060),(#1061,#1062,#1063,#1064),(#1065,#1066,#1067,#1068),(#1069,#1070,#1071,#1072),(#1073,#1074,#1075,#1076),(#1077,#1078,#1079,#1080),(#1081,#1082,#1083,#1084),(#1085,#1086,#1087,#1088),(#1089,#1090,#1091,#1092),
(#1093,#1094,#1095,#1096),(#1097,#1098,#1099,#1100),(#1101,#1102,#1103,#1104),(#1105,#1106,#1107,#1108),(#1109,#1110,#1111,#1112),(#1113,#1114,#1115,#1116),(#1117,#1118,#1119,#1120),(#1121,#1122,#1123,#1124),(#1125,#1126,#1127,#1128),(#1129,#1130,#1131,#1132),(#1133,#1134,#1135,#1136),(#1137,#1138,#1139,#1140),(#1141,#1142,#1143,#1144),(#1145,#1146,#1147,#1148),(#1149,#1150,#1151,#1152),(#1153,#1154,#1155,#1156),(#1157,#1158,#1159,#1160)),.UNSPECIFIED.,.F.,.F.,.U.,(4,2,2,2,2,2,1,1,2,2,2,2,2,1,2,2,2,2,2,2,2,2,2,2,2,2,
2,2,1,2,2,2,2,2,2,4),(4,4),(0.220448997,0.256634264,0.268820587,0.293193234,0.305379558,0.341938528,0.366311176,0.378497499,0.390683823,0.41505647,0.439429117,0.463801764,0.488174411,0.512547058,0.524733382,0.536919705,0.561292352,0.585664999,0.597851323,0.62222397,0.634410294,0.658782941,0.695341911,0.707528235,0.756273529,0.780646176,
0.805018823,0.841577794,0.853764117,0.865950441,0.878136765,0.902509412,0.908602573,0.926882059,0.939068382,0.949234968),(0.120323745,0.96000188),.UNSPECIFIED.);
#1162=CARTESIAN_POINT('',(114.808851702,-31.900743774,19.109359634));
#1163=VERTEX_POINT('',#1162);
#1164=CARTESIAN_POINT('',(115.150753285,-31.177430104,19.10869151));
#1165=VERTEX_POINT('',#1164);
#1166=CARTESIAN_POINT('',(114.808851702,-31.900743774,19.109359631));
#1167=CARTESIAN_POINT('',(114.926651244,-31.661450428,19.109454814));
#1168=CARTESIAN_POINT('',(115.040082308,-31.42009249,19.109187635));
#1169=CARTESIAN_POINT('',(115.150753285,-31.177430104,19.10869151));
#1170=B_SPLINE_CURVE_WITH_KNOTS('',3,(#1166,#1167,#1168,#1169),.UNSPECIFIED.,.F.,.F.,(4,4),(0.,0.00080005),.UNSPECIFIED.);
#1171=EDGE_CURVE('',#1163,#1165,#1170,.T.);
#1172=ORIENTED_EDGE('',*,*,#1171,.F.);
#1173=CARTESIAN_POINT('',(114.764861011,-31.879347436,18.466193803));
#1174=VERTEX_POINT('',#1173);
#1175=CARTESIAN_POINT('',(114.808851702,-31.900743774,19.109359634));
#1176=CARTESIAN_POINT('',(114.794216266,-31.893625342,18.894968645));
#1177=CARTESIAN_POINT('',(114.779552772,-31.886493263,18.680580029));
#1178=CARTESIAN_POINT('',(114.764861011,-31.879347436,18.466193803));
#1179=B_SPLINE_CURVE_WITH_KNOTS('',3,(#1175,#1176,#1177,#1178),.UNSPECIFIED.,.F.,.F.,(4,4),(0.000044462,0.000689485),.UNSPECIFIED.);
#1180=EDGE_CURVE('',#1163,#1174,#1179,.T.);
#1181=ORIENTED_EDGE('',*,*,#1180,.T.);
#1182=CARTESIAN_POINT('',(115.110947383,-31.158069178,18.466193803));
#1183=VERTEX_POINT('',#1182);
#1184=CARTESIAN_POINT('',(114.764861011,-31.879347436,18.466193803));
#1185=CARTESIAN_POINT('',(114.884070498,-31.640767406,18.466193803));
#1186=CARTESIAN_POINT('',(114.99890773,-31.400089464,18.466193803));
#1187=CARTESIAN_POINT('',(115.110947383,-31.158069178,18.466193803));
#1188=B_SPLINE_CURVE_WITH_KNOTS('',3,(#1184,#1185,#1186,#1187),.UNSPECIFIED.,.F.,.F.,(4,4),(0.,0.000800011),.UNSPECIFIED.);
#1189=EDGE_CURVE('',#1174,#1183,#1188,.T.);
#1190=ORIENTED_EDGE('',*,*,#1189,.T.);
#1191=CARTESIAN_POINT('',(115.110947383,-31.158069178,18.466193803));
#1192=CARTESIAN_POINT('',(115.124240737,-31.164534843,18.680357812));
#1193=CARTESIAN_POINT('',(115.137509316,-31.170988459,18.894523718));
#1194=CARTESIAN_POINT('',(115.150753285,-31.177430104,19.10869151));
#1195=B_SPLINE_CURVE_WITH_KNOTS('',3,(#1191,#1192,#1193,#1194),.UNSPECIFIED.,.F.,.F.,(4,4),(0.,0.000644021),.UNSPECIFIED.);
#1196=EDGE_CURVE('',#1183,#1165,#1195,.T.);
#1197=ORIENTED_EDGE('',*,*,#1196,.T.);
#1198=EDGE_LOOP('',(#1172,#1181,#1190,#1197));
#1199=FACE_BOUND('',#1198,.T.);
#1200=CARTESIAN_POINT('',(112.770680276,-38.237268337,31.045935329));
#1201=VERTEX_POINT('',#1200);
#1202=CARTESIAN_POINT('',(114.971449874,-33.83365227,31.049361152));
#1203=VERTEX_POINT('',#1202);
#1204=CARTESIAN_POINT('',(112.770680251,-38.237268324,31.045935326));
#1205=CARTESIAN_POINT('',(112.960114824,-37.872921195,31.04622581));
#1206=CARTESIAN_POINT('',(113.160231556,-37.514313076,31.046474939));
#1207=CARTESIAN_POINT('',(113.358293827,-37.154600639,31.04677147));
#1208=CARTESIAN_POINT('',(113.556356098,-36.794888202,31.047068));
#1209=CARTESIAN_POINT('',(113.751674468,-36.433609961,31.047347529));
#1210=CARTESIAN_POINT('',(113.938338553,-36.067837613,31.047654554));
#1211=CARTESIAN_POINT('',(114.311666723,-35.336292918,31.048268604));
#1212=CARTESIAN_POINT('',(114.647116677,-34.587503188,31.048822563));
#1213=CARTESIAN_POINT('',(114.971449874,-33.83365227,31.049361152));
#1214=B_SPLINE_CURVE_WITH_KNOTS('',3,(#1204,#1205,#1206,#1207,#1208,#1209,#1210,#1211,#1212,#1213),.UNSPECIFIED.,.F.,.F.,(4,3,3,4),(0.000020096,0.001251938,0.002483779,0.004947463),.UNSPECIFIED.);
#1215=EDGE_CURVE('',#1201,#1203,#1214,.T.);
#1216=ORIENTED_EDGE('',*,*,#1215,.T.);
#1217=CARTESIAN_POINT('',(114.931650672,-33.814947285,30.531951637));
#1218=VERTEX_POINT('',#1217);
#1219=CARTESIAN_POINT('',(114.971449874,-33.83365227,31.049361152));
#1220=CARTESIAN_POINT('',(114.958204113,-33.827424549,30.876889464));
#1221=CARTESIAN_POINT('',(114.944937758,-33.821189571,30.704419621));
#1222=CARTESIAN_POINT('',(114.931650672,-33.814947285,30.531951637));
#1223=B_SPLINE_CURVE_WITH_KNOTS('',3,(#1219,#1220,#1221,#1222),.UNSPECIFIED.,.F.,.F.,(4,4),(0.000081489,0.000600764),.UNSPECIFIED.);
#1224=EDGE_CURVE('',#1203,#1218,#1223,.T.);
#1225=ORIENTED_EDGE('',*,*,#1224,.T.);
#1226=CARTESIAN_POINT('',(115.245322874,-33.077301445,30.534993857));
#1227=VERTEX_POINT('',#1226);
#1228=CARTESIAN_POINT('',(115.245322874,-33.077301445,30.534993857));
#1229=CARTESIAN_POINT('',(115.143489177,-33.32434069,30.533758118));
#1230=CARTESIAN_POINT('',(115.038337502,-33.56997013,30.532792409));
#1231=CARTESIAN_POINT('',(114.931650672,-33.814947285,30.531951637));
#1232=B_SPLINE_CURVE_WITH_KNOTS('',3,(#1228,#1229,#1230,#1231),.UNSPECIFIED.,.F.,.F.,(4,4),(0.,0.000801574),.UNSPECIFIED.);
#1233=EDGE_CURVE('',#1227,#1218,#1232,.T.);
#1234=ORIENTED_EDGE('',*,*,#1233,.F.);
#1235=CARTESIAN_POINT('',(115.281673119,-33.094765681,31.049906595));
#1236=VERTEX_POINT('',#1235);
#1237=CARTESIAN_POINT('',(115.281673119,-33.094765681,31.049906595));
#1238=CARTESIAN_POINT('',(115.269575264,-33.088950929,30.878267456));
#1239=CARTESIAN_POINT('',(115.257458559,-33.083129532,30.706629873));
#1240=CARTESIAN_POINT('',(115.245322874,-33.077301445,30.534993857));
#1241=B_SPLINE_CURVE_WITH_KNOTS('',3,(#1237,#1238,#1239,#1240),.UNSPECIFIED.,.F.,.F.,(4,4),(0.000080898,0.000597387),.UNSPECIFIED.);
#1242=EDGE_CURVE('',#1236,#1227,#1241,.T.);
#1243=ORIENTED_EDGE('',*,*,#1242,.F.);
#1244=CARTESIAN_POINT('',(115.571834657,-32.348792522,31.050468674));
#1245=VERTEX_POINT('',#1244);
#1246=CARTESIAN_POINT('',(115.281673119,-33.094765681,31.049906595));
#1247=CARTESIAN_POINT('',(115.382250012,-32.847482271,31.050093352));
#1248=CARTESIAN_POINT('',(115.479090956,-32.598867468,31.050278041));
#1249=CARTESIAN_POINT('',(115.571834657,-32.348792522,31.050468674));
#1250=B_SPLINE_CURVE_WITH_KNOTS('',3,(#1246,#1247,#1248,#1249),.UNSPECIFIED.,.F.,.F.,(4,4),(0.005749234,0.006550467),.UNSPECIFIED.);
#1251=EDGE_CURVE('',#1236,#1245,#1250,.T.);
#1252=ORIENTED_EDGE('',*,*,#1251,.T.);
#1253=CARTESIAN_POINT('',(115.539074532,-32.332632886,30.53961));
#1254=VERTEX_POINT('',#1253);
#1255=CARTESIAN_POINT('',(115.571834657,-32.348792522,31.050468674));
#1256=CARTESIAN_POINT('',(115.560931049,-32.343411771,30.880181212));
#1257=CARTESIAN_POINT('',(115.550011049,-32.33802524,30.709894985));
#1258=CARTESIAN_POINT('',(115.539074532,-32.332632886,30.53961));
#1259=B_SPLINE_CURVE_WITH_KNOTS('',3,(#1255,#1256,#1257,#1258),.UNSPECIFIED.,.F.,.F.,(4,4),(0.000080293,0.000592456),.UNSPECIFIED.);
#1260=EDGE_CURVE('',#1245,#1254,#1259,.T.);
#1261=ORIENTED_EDGE('',*,*,#1260,.T.);
#1262=CARTESIAN_POINT('',(115.811030458,-31.580280534,30.545948223));
#1263=VERTEX_POINT('',#1262);
#1264=CARTESIAN_POINT('',(115.811030458,-31.580280534,30.545948226));
#1265=CARTESIAN_POINT('',(115.72298519,-31.832005168,30.543628821));
#1266=CARTESIAN_POINT('',(115.632991139,-32.083026668,30.541463918));
#1267=CARTESIAN_POINT('',(115.539074532,-32.332632886,30.53961));
#1268=B_SPLINE_CURVE_WITH_KNOTS('',3,(#1264,#1265,#1266,#1267),.UNSPECIFIED.,.F.,.F.,(4,4),(0.,0.000800021),.UNSPECIFIED.);
#1269=EDGE_CURVE('',#1263,#1254,#1268,.T.);
#1270=ORIENTED_EDGE('',*,*,#1269,.F.);
#1271=CARTESIAN_POINT('',(115.840332021,-31.595166243,31.050993202));
#1272=VERTEX_POINT('',#1271);
#1273=CARTESIAN_POINT('',(115.811030458,-31.580280534,30.545948223));
#1274=CARTESIAN_POINT('',(115.82081127,-31.585247242,30.714295618));
#1275=CARTESIAN_POINT('',(115.830578424,-31.590209133,30.882643946));
#1276=CARTESIAN_POINT('',(115.840332021,-31.595166243,31.050993202));
#1277=B_SPLINE_CURVE_WITH_KNOTS('',3,(#1273,#1274,#1275,#1276),.UNSPECIFIED.,.F.,.F.,(4,4),(0.00004435,0.000550463),.UNSPECIFIED.);
#1278=EDGE_CURVE('',#1263,#1272,#1277,.T.);
#1279=ORIENTED_EDGE('',*,*,#1278,.T.);
#1280=CARTESIAN_POINT('',(116.096976519,-30.837352602,31.051474935));
#1281=VERTEX_POINT('',#1280);
#1282=CARTESIAN_POINT('',(115.840332021,-31.595166243,31.050993202));
#1283=CARTESIAN_POINT('',(115.92726085,-31.343053731,31.051158542));
#1284=CARTESIAN_POINT('',(116.012639355,-31.090388715,31.051310309));
#1285=CARTESIAN_POINT('',(116.096976519,-30.837352602,31.051474935));
#1286=B_SPLINE_CURVE_WITH_KNOTS('',3,(#1282,#1283,#1284,#1285),.UNSPECIFIED.,.F.,.F.,(4,4),(0.007351637,0.008152773),.UNSPECIFIED.);
#1287=EDGE_CURVE('',#1272,#1281,#1286,.T.);
#1288=ORIENTED_EDGE('',*,*,#1287,.T.);
#1289=CARTESIAN_POINT('',(116.070907888,-30.823670072,30.553240775));
#1290=VERTEX_POINT('',#1289);
#1291=CARTESIAN_POINT('',(116.070907888,-30.823670072,30.553240775));
#1292=CARTESIAN_POINT('',(116.079608619,-30.828234861,30.719318135));
#1293=CARTESIAN_POINT('',(116.088298135,-30.832795695,30.88539619));
#1294=CARTESIAN_POINT('',(116.096976519,-30.837352602,31.051474935));
#1295=B_SPLINE_CURVE_WITH_KNOTS('',3,(#1291,#1292,#1293,#1294),.UNSPECIFIED.,.F.,.F.,(4,4),(0.000044857,0.00054396),.UNSPECIFIED.);
#1296=EDGE_CURVE('',#1290,#1281,#1295,.T.);
#1297=ORIENTED_EDGE('',*,*,#1296,.F.);
#1298=CARTESIAN_POINT('',(116.322565654,-30.064161877,30.56118276));
#1299=VERTEX_POINT('',#1298);
#1300=CARTESIAN_POINT('',(116.322565654,-30.064161877,30.56118276));
#1301=CARTESIAN_POINT('',(116.240532976,-30.317943818,30.558390345));
#1302=CARTESIAN_POINT('',(116.156301308,-30.570998938,30.555770084));
#1303=CARTESIAN_POINT('',(116.070907888,-30.823670072,30.553240775));
#1304=B_SPLINE_CURVE_WITH_KNOTS('',3,(#1300,#1301,#1302,#1303),.UNSPECIFIED.,.F.,.F.,(4,4),(0.,0.000800155),.UNSPECIFIED.);
#1305=EDGE_CURVE('',#1299,#1290,#1304,.T.);
#1306=ORIENTED_EDGE('',*,*,#1305,.F.);
#1307=CARTESIAN_POINT('',(116.345573353,-30.076696087,31.051948887));
#1308=VERTEX_POINT('',#1307);
#1309=CARTESIAN_POINT('',(116.345573353,-30.076696087,31.051948887));
#1310=CARTESIAN_POINT('',(116.337912856,-30.072521098,30.88835969));
#1311=CARTESIAN_POINT('',(116.330243646,-30.068343037,30.72477098));
#1312=CARTESIAN_POINT('',(116.322565654,-30.064161877,30.56118276));
#1313=B_SPLINE_CURVE_WITH_KNOTS('',3,(#1309,#1310,#1311,#1312),.UNSPECIFIED.,.F.,.F.,(4,4),(0.000078721,0.000570186),.UNSPECIFIED.);
#1314=EDGE_CURVE('',#1308,#1299,#1313,.T.);
#1315=ORIENTED_EDGE('',*,*,#1314,.F.);
#1316=CARTESIAN_POINT('',(118.020984785,-22.450292775,31.054877016));
#1317=VERTEX_POINT('',#1316);
#1318=CARTESIAN_POINT('',(116.345573353,-30.076696087,31.051948887));
#1319=CARTESIAN_POINT('',(116.741652513,-28.834696465,31.052682214));
#1320=CARTESIAN_POINT('',(117.082830179,-27.575977121,31.053229431));
#1321=CARTESIAN_POINT('',(117.364292654,-26.303423458,31.05369611));
#1322=CARTESIAN_POINT('',(117.505023891,-25.667146626,31.05392945));
#1323=CARTESIAN_POINT('',(117.630752047,-25.027394933,31.054144533));
#1324=CARTESIAN_POINT('',(117.740218612,-24.384913087,31.054342477));
#1325=CARTESIAN_POINT('',(117.849685176,-23.742431241,31.054540421));
#1326=CARTESIAN_POINT('',(117.943018485,-23.097519323,31.054688079));
#1327=CARTESIAN_POINT('',(118.020984785,-22.450292775,31.054877016));
#1328=B_SPLINE_CURVE_WITH_KNOTS('',3,(#1318,#1319,#1320,#1321,#1322,#1323,#1324,#1325,#1326,#1327),.UNSPECIFIED.,.F.,.F.,(4,3,3,4),(0.008953897,0.01286887,0.014826356,0.016783842),.UNSPECIFIED.);
#1329=EDGE_CURVE('',#1308,#1317,#1328,.T.);
#1330=ORIENTED_EDGE('',*,*,#1329,.T.);
#1331=CARTESIAN_POINT('',(118.25159627,-19.252654157,27.861822863));
#1332=VERTEX_POINT('',#1331);
#1333=CARTESIAN_POINT('',(118.020984785,-22.450292775,31.054877016));
#1334=CARTESIAN_POINT('',(118.046262005,-22.240457797,31.05494139));
#1335=CARTESIAN_POINT('',(118.069180648,-22.033839319,31.034638789));
#1336=CARTESIAN_POINT('',(118.090018042,-21.830360905,30.994589874));
#1337=CARTESIAN_POINT('',(118.100436739,-21.728621698,30.974565417));
#1338=CARTESIAN_POINT('',(118.110334053,-21.6276728,30.9495726));
#1339=CARTESIAN_POINT('',(118.119734444,-21.527538806,30.919481929));
#1340=CARTESIAN_POINT('',(118.129134834,-21.427404813,30.889391257));
#1341=CARTESIAN_POINT('',(118.138063211,-21.327753034,30.854013015));
#1342=CARTESIAN_POINT('',(118.146334562,-21.231064187,30.814224115));
#1343=CARTESIAN_POINT('',(118.162877263,-21.037686495,30.734646316));
#1344=CARTESIAN_POINT('',(118.176999289,-20.854104143,30.637108485));
#1345=CARTESIAN_POINT('',(118.189107658,-20.680279941,30.521733578));
#1346=CARTESIAN_POINT('',(118.201216027,-20.506455739,30.406358672));
#1347=CARTESIAN_POINT('',(118.21132749,-20.341546625,30.271773));
#1348=CARTESIAN_POINT('',(118.21943014,-20.193675095,30.124603197));
#1349=CARTESIAN_POINT('',(118.22753279,-20.045803564,29.977433394));
#1350=CARTESIAN_POINT('',(118.233779055,-19.913067131,29.816759603));
#1351=CARTESIAN_POINT('',(118.238643822,-19.795821528,29.642288027));
#1352=CARTESIAN_POINT('',(118.241076205,-19.737198727,29.555052239));
#1353=CARTESIAN_POINT('',(118.243157524,-19.682507145,29.464249034));
#1354=CARTESIAN_POINT('',(118.244900835,-19.632945569,29.371967738));
#1355=CARTESIAN_POINT('',(118.246644146,-19.583383993,29.279686441));
#1356=CARTESIAN_POINT('',(118.248064599,-19.538601565,29.185443729));
#1357=CARTESIAN_POINT('',(118.249214179,-19.498523331,29.089270928));
#1358=CARTESIAN_POINT('',(118.251513341,-19.418366863,28.896925324));
#1359=CARTESIAN_POINT('',(118.252748686,-19.356674824,28.695828131));
#1360=CARTESIAN_POINT('',(118.25310801,-19.315161928,28.489047008));
#1361=CARTESIAN_POINT('',(118.253467334,-19.273649033,28.282265884));
#1362=CARTESIAN_POINT('',(118.252961185,-19.252695755,28.073204201));
#1363=CARTESIAN_POINT('',(118.25159627,-19.252654157,27.861822863));
#1364=B_SPLINE_CURVE_WITH_KNOTS('',3,(#1333,#1334,#1335,#1336,#1337,#1338,#1339,#1340,#1341,#1342,#1343,#1344,#1345,#1346,#1347,#1348,#1349,#1350,#1351,#1352,#1353,#1354,#1355,#1356,#1357,#1358,
#1359,#1360,#1361,#1362,#1363),.UNSPECIFIED.,.F.,.F.,(4,3,3,3,3,3,3,3,3,3,4),(0.,0.00062507,0.000937604,0.001250139,0.001875209,0.002500278,0.003125348,0.003437882,0.003750417,0.004375487,0.005000556),.UNSPECIFIED.);
#1365=EDGE_CURVE('',#1317,#1332,#1364,.T.);
#1366=ORIENTED_EDGE('',*,*,#1365,.T.);
#1367=CARTESIAN_POINT('',(118.189400378,-19.253367992,18.461685042));
#1368=VERTEX_POINT('',#1367);
#1369=CARTESIAN_POINT('',(118.25159627,-19.252654157,27.861822863));
#1370=CARTESIAN_POINT('',(118.231363171,-19.252048999,24.72844025));
#1371=CARTESIAN_POINT('',(118.210607444,-19.253124131,21.595061147));
#1372=CARTESIAN_POINT('',(118.189400378,-19.253367987,18.461685042));
#1373=B_SPLINE_CURVE_WITH_KNOTS('',3,(#1369,#1370,#1371,#1372),.UNSPECIFIED.,.F.,.F.,(4,4),(0.,0.009400344),.UNSPECIFIED.);
#1374=EDGE_CURVE('',#1332,#1368,#1373,.T.);
#1375=ORIENTED_EDGE('',*,*,#1374,.T.);
#1376=CARTESIAN_POINT('',(118.100267965,-20.327481904,18.459765259));
#1377=VERTEX_POINT('',#1376);
#1378=CARTESIAN_POINT('',(118.100267965,-20.327481904,18.459765259));
#1379=CARTESIAN_POINT('',(118.136052567,-19.969977846,18.46037155));
#1380=CARTESIAN_POINT('',(118.165859913,-19.611886003,18.461011274));
#1381=CARTESIAN_POINT('',(118.189400378,-19.253367992,18.461685042));
#1382=B_SPLINE_CURVE_WITH_KNOTS('',3,(#1378,#1379,#1380,#1381),.UNSPECIFIED.,.F.,.F.,(4,4),(0.,0.001077844),.UNSPECIFIED.);
#1383=EDGE_CURVE('',#1377,#1368,#1382,.T.);
#1384=ORIENTED_EDGE('',*,*,#1383,.F.);
#1385=CARTESIAN_POINT('',(115.760581518,-29.694822592,18.459765259));
#1386=VERTEX_POINT('',#1385);
#1387=CARTESIAN_POINT('',(115.760581518,-29.694822592,18.459765259));
#1388=CARTESIAN_POINT('',(115.918560561,-29.321389573,18.459765259));
#1389=CARTESIAN_POINT('',(116.069222297,-28.943726453,18.459765259));
#1390=CARTESIAN_POINT('',(116.210995635,-28.563539467,18.459765259));
#1391=CARTESIAN_POINT('',(116.352768972,-28.18335248,18.459765259));
#1392=CARTESIAN_POINT('',(116.485958304,-27.801176196,18.459765259));
#1393=CARTESIAN_POINT('',(116.611698172,-27.417273537,18.459765259));
#1394=CARTESIAN_POINT('',(116.863177909,-26.649468219,18.459765259));
#1395=CARTESIAN_POINT('',(117.085252009,-25.874848298,18.459765259));
#1396=CARTESIAN_POINT('',(117.279033204,-25.093671644,18.459765259));
#1397=CARTESIAN_POINT('',(117.472814399,-24.31249499,18.459765259));
#1398=CARTESIAN_POINT('',(117.63716601,-23.524498183,18.459765259));
#1399=CARTESIAN_POINT('',(117.773530014,-22.730015395,18.459765259));
#1400=CARTESIAN_POINT('',(117.909894019,-21.935532606,18.459765259));
#1401=CARTESIAN_POINT('',(118.01946966,-21.134841754,18.459765259));
#1402=CARTESIAN_POINT('',(118.100267965,-20.327481904,18.459765259));
#1403=B_SPLINE_CURVE_WITH_KNOTS('',3,(#1387,#1388,#1389,#1390,#1391,#1392,#1393,#1394,#1395,#1396,#1397,#1398,#1399,#1400,#1401,#1402),.UNSPECIFIED.,.F.,.F.,(4,3,3,3,3,4),(0.008586472,0.009802609,0.011018746,0.01345102,0.015883295,0.018315569),.UNSPECIFIED.);
#1404=EDGE_CURVE('',#1386,#1377,#1403,.T.);
#1405=ORIENTED_EDGE('',*,*,#1404,.F.);
#1406=CARTESIAN_POINT('',(115.792870973,-29.710527644,19.103878663));
#1407=VERTEX_POINT('',#1406);
#1408=CARTESIAN_POINT('',(115.760581518,-29.694822592,18.459765258));
#1409=CARTESIAN_POINT('',(115.771363342,-29.700066691,18.674468569));
#1410=CARTESIAN_POINT('',(115.782126448,-29.705301686,18.88917304));
#1411=CARTESIAN_POINT('',(115.792870973,-29.710527644,19.103878663));
#1412=B_SPLINE_CURVE_WITH_KNOTS('',3,(#1408,#1409,#1410,#1411),.UNSPECIFIED.,.F.,.F.,(4,4),(0.,0.000645113),.UNSPECIFIED.);
#1413=EDGE_CURVE('',#1386,#1407,#1412,.T.);
#1414=ORIENTED_EDGE('',*,*,#1413,.T.);
#1415=CARTESIAN_POINT('',(115.477118594,-30.44655985,19.106727653));
#1416=VERTEX_POINT('',#1415);
#1417=CARTESIAN_POINT('',(115.477118595,-30.44655985,19.10672765));
#1418=CARTESIAN_POINT('',(115.584341458,-30.202061163,19.105938727));
#1419=CARTESIAN_POINT('',(115.690162891,-29.956961714,19.105035576));
#1420=CARTESIAN_POINT('',(115.792870973,-29.710527644,19.103878663));
#1421=B_SPLINE_CURVE_WITH_KNOTS('',3,(#1417,#1418,#1419,#1420),.UNSPECIFIED.,.F.,.F.,(4,4),(0.,0.000800906),.UNSPECIFIED.);
#1422=EDGE_CURVE('',#1416,#1407,#1421,.T.);
#1423=ORIENTED_EDGE('',*,*,#1422,.F.);
#1424=CARTESIAN_POINT('',(115.440922212,-30.428954534,18.459765259));
#1425=VERTEX_POINT('',#1424);
#1426=CARTESIAN_POINT('',(115.440922212,-30.428954534,18.459765258));
#1427=CARTESIAN_POINT('',(115.453009671,-30.434833672,18.675417868));
#1428=CARTESIAN_POINT('',(115.465075083,-30.440702087,18.891072003));
#1429=CARTESIAN_POINT('',(115.477118595,-30.44655985,19.106727653));
#1430=B_SPLINE_CURVE_WITH_KNOTS('',3,(#1426,#1427,#1428,#1429),.UNSPECIFIED.,.F.,.F.,(4,4),(0.,0.000648213),.UNSPECIFIED.);
#1431=EDGE_CURVE('',#1425,#1416,#1430,.T.);
#1432=ORIENTED_EDGE('',*,*,#1431,.F.);
#1433=CARTESIAN_POINT('',(114.394761309,-32.588946012,18.459765259));
#1434=VERTEX_POINT('',#1433);
#1435=CARTESIAN_POINT('',(114.394761309,-32.588946012,18.459765259));
#1436=CARTESIAN_POINT('',(114.584789283,-32.236533211,18.459765259));
#1437=CARTESIAN_POINT('',(114.767327736,-31.880494262,18.459765259));
#1438=CARTESIAN_POINT('',(114.940212352,-31.519781283,18.459765259));
#1439=CARTESIAN_POINT('',(115.113096968,-31.159068305,18.459765259));
#1440=CARTESIAN_POINT('',(115.278183709,-30.794579884,18.459765259));
#1441=CARTESIAN_POINT('',(115.440922212,-30.428954534,18.459765259));
#1442=B_SPLINE_CURVE_WITH_KNOTS('',3,(#1435,#1436,#1437,#1438,#1439,#1440,#1441),.UNSPECIFIED.,.F.,.F.,(4,3,4),(0.005383049,0.00658431,0.007785572),.UNSPECIFIED.);
#1443=EDGE_CURVE('',#1434,#1425,#1442,.T.);
#1444=ORIENTED_EDGE('',*,*,#1443,.F.);
#1445=CARTESIAN_POINT('',(114.443386039,-32.612596269,19.108062489));
#1446=VERTEX_POINT('',#1445);
#1447=CARTESIAN_POINT('',(114.443386039,-32.612596269,19.108062489));
#1448=CARTESIAN_POINT('',(114.427208499,-32.604727783,18.891960565));
#1449=CARTESIAN_POINT('',(114.411000306,-32.596844389,18.675861483));
#1450=CARTESIAN_POINT('',(114.394761309,-32.588946012,18.459765258));
#1451=B_SPLINE_CURVE_WITH_KNOTS('',3,(#1447,#1448,#1449,#1450),.UNSPECIFIED.,.F.,.F.,(4,4),(0.000045789,0.000696337),.UNSPECIFIED.);
#1452=EDGE_CURVE('',#1446,#1434,#1451,.T.);
#1453=ORIENTED_EDGE('',*,*,#1452,.F.);
#1454=CARTESIAN_POINT('',(114.060601624,-33.316025212,19.105320951));
#1455=VERTEX_POINT('',#1454);
#1456=CARTESIAN_POINT('',(114.060601624,-33.316025212,19.105320948));
#1457=CARTESIAN_POINT('',(114.18989923,-33.082476075,19.106380057));
#1458=CARTESIAN_POINT('',(114.318002407,-32.84827657,19.107337271));
#1459=CARTESIAN_POINT('',(114.443386039,-32.612596269,19.108062489));
#1460=B_SPLINE_CURVE_WITH_KNOTS('',3,(#1456,#1457,#1458,#1459),.UNSPECIFIED.,.F.,.F.,(4,4),(0.,0.000800839),.UNSPECIFIED.);
#1461=EDGE_CURVE('',#1455,#1446,#1460,.T.);
#1462=ORIENTED_EDGE('',*,*,#1461,.F.);
#1463=CARTESIAN_POINT('',(114.008097622,-33.290488141,18.459765259));
#1464=VERTEX_POINT('',#1463);
#1465=CARTESIAN_POINT('',(114.008097624,-33.290488139,18.459765258));
#1466=CARTESIAN_POINT('',(114.025631365,-33.299016258,18.674947231));
#1467=CARTESIAN_POINT('',(114.043132631,-33.307528585,18.890132468));
#1468=CARTESIAN_POINT('',(114.060601624,-33.316025212,19.105320951));
#1469=B_SPLINE_CURVE_WITH_KNOTS('',3,(#1465,#1466,#1467,#1468),.UNSPECIFIED.,.F.,.F.,(4,4),(0.,0.000648191),.UNSPECIFIED.);
#1470=EDGE_CURVE('',#1464,#1455,#1469,.T.);
#1471=ORIENTED_EDGE('',*,*,#1470,.F.);
#1472=CARTESIAN_POINT('',(111.519517192,-37.131161465,18.459765259));
#1473=VERTEX_POINT('',#1472);
#1474=CARTESIAN_POINT('',(111.519517195,-37.131161467,18.459765259));
#1475=CARTESIAN_POINT('',(111.741595768,-36.820780333,18.459765259));
#1476=CARTESIAN_POINT('',(111.962703876,-36.509754658,18.459765259));
#1477=CARTESIAN_POINT('',(112.182243458,-36.197687238,18.459765259));
#1478=CARTESIAN_POINT('',(112.40178304,-35.885619817,18.459765259));
#1479=CARTESIAN_POINT('',(112.618192149,-35.571473274,18.459765259));
#1480=CARTESIAN_POINT('',(112.827851529,-35.252843856,18.459765259));
#1481=CARTESIAN_POINT('',(113.037510908,-34.934214438,18.459765259));
#1482=CARTESIAN_POINT('',(113.240163101,-34.610931155,18.459765259));
#1483=CARTESIAN_POINT('',(113.436047849,-34.283153232,18.459765259));
#1484=CARTESIAN_POINT('',(113.631932597,-33.955375308,18.459765259));
#1485=CARTESIAN_POINT('',(113.821468052,-33.623454935,18.459765259));
#1486=CARTESIAN_POINT('',(114.008097622,-33.290488141,18.459765259));
#1487=B_SPLINE_CURVE_WITH_KNOTS('',3,(#1474,#1475,#1476,#1477,#1478,#1479,#1480,#1481,#1482,#1483,#1484,#1485,#1486),.UNSPECIFIED.,.F.,.F.,(4,3,3,3,4),(0.000005277,0.001149528,0.00229378,0.003438032,0.004582283),.UNSPECIFIED.);
#1488=EDGE_CURVE('',#1473,#1464,#1487,.T.);
#1489=ORIENTED_EDGE('',*,*,#1488,.F.);
#1490=CARTESIAN_POINT('',(112.770680276,-38.237268337,31.045935329));
#1491=CARTESIAN_POINT('',(112.563219965,-38.056214827,28.94784673));
#1492=CARTESIAN_POINT('',(112.356111164,-37.871815895,26.850013414));
#1493=CARTESIAN_POINT('',(112.147807109,-37.6871241,24.752325572));
#1494=CARTESIAN_POINT('',(111.939503054,-37.502432305,22.65463773));
#1495=CARTESIAN_POINT('',(111.730201916,-37.317005356,20.557113565));
#1496=CARTESIAN_POINT('',(111.519517192,-37.131161465,18.459765259));
#1497=B_SPLINE_CURVE_WITH_KNOTS('',3,(#1490,#1491,#1492,#1493,#1494,#1495,#1496),.UNSPECIFIED.,.F.,.F.,(4,3,4),(0.001829293,0.008177534,0.014525775),.UNSPECIFIED.);
#1498=EDGE_CURVE('',#1201,#1473,#1497,.T.);
#1499=ORIENTED_EDGE('',*,*,#1498,.F.);
#1500=EDGE_LOOP('',(#1216,#1225,#1234,#1243,#1252,#1261,#1270,#1279,#1288,#1297,#1306,#1315,#1330,#1366,#1375,#1384,#1405,#1414,#1423,#1432,#1444,#1453,#1462,#1471,#1489,#1499));
#1501=FACE_BOUND('',#1500,.T.);
#1502=ADVANCED_FACE('',(#1199,#1501),#1161,.T.);
#1503=CARTESIAN_POINT('',(118.04150047,-22.452869677,31.75981447));
#1504=CARTESIAN_POINT('',(118.036352599,-22.496530541,31.759811386));
#1505=CARTESIAN_POINT('',(118.031136442,-22.540174914,31.75981447));
#1506=CARTESIAN_POINT('',(118.020566607,-22.62743059,31.75981447));
#1507=CARTESIAN_POINT('',(118.015213037,-22.671041907,31.75981447));
#1508=CARTESIAN_POINT('',(117.998945925,-22.801826298,31.75981447));
#1509=CARTESIAN_POINT('',(117.987825977,-22.888949809,31.75981447));
#1510=CARTESIAN_POINT('',(117.953636929,-23.150122094,31.75981447));
#1511=CARTESIAN_POINT('',(117.929738624,-23.323972618,31.75981447));
#1512=CARTESIAN_POINT('',(117.854698191,-23.844731171,31.75981447));
#1513=CARTESIAN_POINT('',(117.800210637,-24.190845868,31.75981447));
#1514=CARTESIAN_POINT('',(117.623135768,-25.226019559,31.75981447));
#1515=CARTESIAN_POINT('',(117.486779295,-25.911865921,31.75981447));
#1516=CARTESIAN_POINT('',(117.180489518,-27.275888559,31.75981447));
#1517=CARTESIAN_POINT('',(117.010614823,-27.95407994,31.75981447));
#1518=CARTESIAN_POINT('',(116.731573219,-28.966010991,31.75981447));
#1519=CARTESIAN_POINT('',(116.634396141,-29.302562327,31.75981447));
#1520=CARTESIAN_POINT('',(116.482773025,-29.805372285,31.75981447));
#1521=CARTESIAN_POINT('',(116.431229568,-29.972632067,31.75981447));
#1522=CARTESIAN_POINT('',(116.352672456,-30.223093323,31.75981447));
#1523=CARTESIAN_POINT('',(116.326279732,-30.306509111,31.75981447));
#1524=CARTESIAN_POINT('',(116.273123762,-30.473212885,31.75981447));
#1525=CARTESIAN_POINT('',(116.246359861,-30.556502288,31.75981447));
#1526=CARTESIAN_POINT('',(116.192507672,-30.722962428,31.75981447));
#1527=CARTESIAN_POINT('',(116.16546463,-30.80614911,31.75981447));
#1528=CARTESIAN_POINT('',(116.111123427,-30.972439049,31.75981447));
#1529=CARTESIAN_POINT('',(116.083825749,-31.055540829,31.75981447));
#1530=CARTESIAN_POINT('',(116.028957906,-31.221652498,31.75981447));
#1531=CARTESIAN_POINT('',(116.001387741,-31.304662388,31.75981447));
#1532=CARTESIAN_POINT('',(115.945956592,-31.470584765,31.75981447));
#1533=CARTESIAN_POINT('',(115.918096477,-31.553495437,31.75981447));
#1534=CARTESIAN_POINT('',(115.86206362,-31.71922113,31.75981447));
#1535=CARTESIAN_POINT('',(115.833830601,-31.802022087,31.75981447));
#1536=CARTESIAN_POINT('',(115.776812872,-31.967443389,31.75981447));
#1537=CARTESIAN_POINT('',(115.748027528,-32.050065604,31.75981447));
#1538=CARTESIAN_POINT('',(115.660658539,-32.297598507,31.75981447));
#1539=CARTESIAN_POINT('',(115.60106243,-32.462174588,31.75981447));
#1540=CARTESIAN_POINT('',(115.416751049,-32.954025423,31.75981447));
#1541=CARTESIAN_POINT('',(115.286559957,-33.278451007,31.75981447));
#1542=CARTESIAN_POINT('',(115.085385291,-33.762275345,31.75981447));
#1543=CARTESIAN_POINT('',(115.017411095,-33.92310976,31.75981447));
#1544=CARTESIAN_POINT('',(114.880451219,-34.244308041,31.75981447));
#1545=CARTESIAN_POINT('',(114.811366006,-34.404634837,31.75981447));
#1546=CARTESIAN_POINT('',(114.671642746,-34.724577386,31.75981447));
#1547=CARTESIAN_POINT('',(114.600985422,-34.88418915,31.75981447));
#1548=CARTESIAN_POINT('',(114.457404751,-35.202377676,31.75981447));
#1549=CARTESIAN_POINT('',(114.384482102,-35.360953414,31.75981447));
#1550=CARTESIAN_POINT('',(114.161296611,-35.834665176,31.75981447));
#1551=CARTESIAN_POINT('',(114.006286867,-36.147594223,31.75981447));
#1552=CARTESIAN_POINT('',(113.765262687,-36.613055425,31.75981447));
#1553=CARTESIAN_POINT('',(113.683567889,-36.767574227,31.75981447));
#1554=CARTESIAN_POINT('',(113.518610511,-37.075890626,31.75981447));
#1555=CARTESIAN_POINT('',(113.43534746,-37.229688629,31.75981447));
#1556=CARTESIAN_POINT('',(113.268399931,-37.537098986,31.75981447));
#1557=CARTESIAN_POINT('',(113.184813222,-37.690743717,31.75981447));
#1558=CARTESIAN_POINT('',(113.019988913,-37.999140329,31.75981447));
#1559=CARTESIAN_POINT('',(112.938757326,-38.153903618,31.75981447));
#1560=CARTESIAN_POINT('',(112.85945385,-38.309587587,31.75981447));
#1561=CARTESIAN_POINT('',(112.859453849,-38.30958759,31.75981447));
#1562=CARTESIAN_POINT('',(112.859453847,-38.309587592,31.75981447));
#1563=CARTESIAN_POINT('',(112.859453846,-38.309587595,31.75981447));
#1564=CARTESIAN_POINT('',(118.108669713,-22.464431557,31.063571105));
#1565=CARTESIAN_POINT('',(118.103508826,-22.508163584,31.063546511));
#1566=CARTESIAN_POINT('',(118.09828102,-22.551879405,31.063571105));
#1567=CARTESIAN_POINT('',(118.087686126,-22.639277938,31.063571105));
#1568=CARTESIAN_POINT('',(118.082319895,-22.682960767,31.063571105));
#1569=CARTESIAN_POINT('',(118.0660144,-22.813959933,31.063571105));
#1570=CARTESIAN_POINT('',(118.054868333,-22.901226952,31.063571105));
#1571=CARTESIAN_POINT('',(118.020599317,-23.162830697,31.063571105));
#1572=CARTESIAN_POINT('',(117.996645551,-23.336970114,31.063571105));
#1573=CARTESIAN_POINT('',(117.921432153,-23.858598847,31.063571105));
#1574=CARTESIAN_POINT('',(117.866821087,-24.205295774,31.063571105));
#1575=CARTESIAN_POINT('',(117.689344847,-25.242243379,31.063571105));
#1576=CARTESIAN_POINT('',(117.552696494,-25.92923129,31.063571105));
#1577=CARTESIAN_POINT('',(117.245801994,-27.295405565,31.063571105));
#1578=CARTESIAN_POINT('',(117.075608506,-27.974631828,31.063571105));
#1579=CARTESIAN_POINT('',(116.796052192,-28.988104883,31.063571105));
#1580=CARTESIAN_POINT('',(116.6986985,-29.325165103,31.063571105));
#1581=CARTESIAN_POINT('',(116.546799355,-29.828740789,31.063571105));
#1582=CARTESIAN_POINT('',(116.495167955,-29.996239664,31.063571105));
#1583=CARTESIAN_POINT('',(116.416491647,-30.247020465,31.063571105));
#1584=CARTESIAN_POINT('',(116.390061005,-30.330537093,31.063571105));
#1585=CARTESIAN_POINT('',(116.33683299,-30.497431246,31.063571105));
#1586=CARTESIAN_POINT('',(116.31003047,-30.580821906,31.063571105));
#1587=CARTESIAN_POINT('',(116.256122946,-30.747426427,31.063571105));
#1588=CARTESIAN_POINT('',(116.229060265,-30.830664092,31.063571105));
#1589=CARTESIAN_POINT('',(116.174668786,-30.99708406,31.063571105));
#1590=CARTESIAN_POINT('',(116.147344973,-31.080253136,31.063571105));
#1591=CARTESIAN_POINT('',(116.092422823,-31.246503942,31.063571105));
#1592=CARTESIAN_POINT('',(116.064824486,-31.329585671,31.063571105));
#1593=CARTESIAN_POINT('',(116.009334911,-31.495656251,31.063571105));
#1594=CARTESIAN_POINT('',(115.981450508,-31.578628308,31.063571105));
#1595=CARTESIAN_POINT('',(115.925343077,-31.744541175,31.063571105));
#1596=CARTESIAN_POINT('',(115.89705434,-31.827481186,31.063571105));
#1597=CARTESIAN_POINT('',(115.839923441,-31.993181748,31.063571105));
#1598=CARTESIAN_POINT('',(115.811074697,-32.075959095,31.063571105));
#1599=CARTESIAN_POINT('',(115.723494038,-32.324003441,31.063571105));
#1600=CARTESIAN_POINT('',(115.663732111,-32.488973086,31.063571105));
#1601=CARTESIAN_POINT('',(115.478803962,-32.982236703,31.063571105));
#1602=CARTESIAN_POINT('',(115.348252427,-33.307428973,31.063571105));
#1603=CARTESIAN_POINT('',(115.146723024,-33.791993045,31.063571105));
#1604=CARTESIAN_POINT('',(115.078669103,-33.952990624,31.063571105));
#1605=CARTESIAN_POINT('',(114.941569176,-34.274474329,31.063571105));
#1606=CARTESIAN_POINT('',(114.87239152,-34.434988114,31.063571105));
#1607=CARTESIAN_POINT('',(114.732466805,-34.755332363,31.063571105));
#1608=CARTESIAN_POINT('',(114.661683827,-34.915192262,31.063571105));
#1609=CARTESIAN_POINT('',(114.517805506,-35.233956753,31.063571105));
#1610=CARTESIAN_POINT('',(114.444715613,-35.392851634,31.063571105));
#1611=CARTESIAN_POINT('',(114.220914202,-35.867708763,31.063571105));
#1612=CARTESIAN_POINT('',(114.065464653,-36.181417366,31.063571105));
#1613=CARTESIAN_POINT('',(113.823837118,-36.647906224,31.063571105));
#1614=CARTESIAN_POINT('',(113.741988903,-36.802680061,31.063571105));
#1615=CARTESIAN_POINT('',(113.576799499,-37.111379725,31.063571105));
#1616=CARTESIAN_POINT('',(113.493455262,-37.265309827,31.063571105));
#1617=CARTESIAN_POINT('',(113.326458892,-37.572799735,31.063571105));
#1618=CARTESIAN_POINT('',(113.242958072,-37.726305986,31.063571105));
#1619=CARTESIAN_POINT('',(113.07848365,-38.034124101,31.063571105));
#1620=CARTESIAN_POINT('',(112.997482381,-38.188500804,31.063571105));
#1621=CARTESIAN_POINT('',(112.918456866,-38.343705448,31.063571105));
#1622=CARTESIAN_POINT('',(112.918456864,-38.343705451,31.063571105));
#1623=CARTESIAN_POINT('',(112.918456863,-38.343705453,31.063571105));
#1624=CARTESIAN_POINT('',(112.918456862,-38.343705456,31.063571105));
#1625=B_SPLINE_SURFACE_WITH_KNOTS('',1,3,((#1503,#1504,#1505,#1506,#1507,#1508,#1509,#1510,#1511,#1512,#1513,#1514,#1515,#1516,#1517,#1518,#1519,#1520,#1521,#1522,#1523,#1524,#1525,#1526,#1527,#1528,
#1529,#1530,#1531,#1532,#1533,#1534,#1535,#1536,#1537,#1538,#1539,#1540,#1541,#1542,#1543,#1544,#1545,#1546,#1547,#1548,#1549,#1550,#1551,#1552,#1553,
#1554,#1555,#1556,#1557,#1558,#1559,#1560,#1561,#1562,#1563),(#1564,#1565,#1566,#1567,#1568,#1569,#1570,#1571,#1572,#1573,#1574,#1575,#1576,#1577,#1578,#1579,#1580,#1581,#1582,#1583,#1584,#1585,#1586,#1587,#1588,#1589,
#1590,#1591,#1592,#1593,#1594,#1595,#1596,#1597,#1598,#1599,#1600,#1601,#1602,#1603,#1604,#1605,#1606,#1607,#1608,#1609,#1610,#1611,#1612,#1613,#1614,
#1615,#1616,#1617,#1618,#1619,#1620,#1621,#1622,#1623,#1624)),.UNSPECIFIED.,.F.,.F.,.U.,(2,2),(4,2,2,2,2,2,2,2,2,2,2,2,2,2,2,2,2,2,2,2,2,2,2,2,2,2,
2,2,3,4),(0.125535693,1.),(0.492640624,0.496603855,0.500567085,0.508493545,0.524346466,0.556052308,0.619463991,0.682875674,0.714581516,0.730434437,0.738360897,0.746287358,0.754213818,0.762140278,0.770066739,0.777993199,0.78591966,0.79384612,0.809699041,0.841404883,0.857257803,0.873110724,0.888963645,0.904816566,0.936522408,0.952375328,
0.968228249,0.98408117,0.99993409096,0.999934091223),.UNSPECIFIED.);
#1626=CARTESIAN_POINT('',(115.394437635,-33.136491934,31.260679872));
#1627=VERTEX_POINT('',#1626);
#1628=CARTESIAN_POINT('',(115.090202188,-33.877437595,31.253887491));
#1629=VERTEX_POINT('',#1628);
#1630=CARTESIAN_POINT('',(115.394437635,-33.136491934,31.260679872));
#1631=CARTESIAN_POINT('',(115.295839053,-33.384628948,31.258415913));
#1632=CARTESIAN_POINT('',(115.193850204,-33.631373903,31.256151752));
#1633=CARTESIAN_POINT('',(115.090202188,-33.877437595,31.253887491));
#1634=B_SPLINE_CURVE_WITH_KNOTS('',3,(#1630,#1631,#1632,#1633),.UNSPECIFIED.,.F.,.F.,(4,4),(0.,0.000801003),.UNSPECIFIED.);
#1635=EDGE_CURVE('',#1627,#1629,#1634,.T.);
#1636=ORIENTED_EDGE('',*,*,#1635,.T.);
#1637=CARTESIAN_POINT('',(115.108403639,-33.88215825,31.063571105));
#1638=VERTEX_POINT('',#1637);
#1639=CARTESIAN_POINT('',(115.090202188,-33.877437595,31.253887491));
#1640=CARTESIAN_POINT('',(115.096269357,-33.87901115,31.190448697));
#1641=CARTESIAN_POINT('',(115.102336509,-33.880584699,31.127009902));
#1642=CARTESIAN_POINT('',(115.108403643,-33.882158241,31.063571105));
#1643=B_SPLINE_CURVE_WITH_KNOTS('',3,(#1639,#1640,#1641,#1642),.UNSPECIFIED.,.F.,.F.,(4,4),(0.000502393,0.000693636),.UNSPECIFIED.);
#1644=EDGE_CURVE('',#1629,#1638,#1643,.T.);
#1645=ORIENTED_EDGE('',*,*,#1644,.T.);
#1646=CARTESIAN_POINT('',(112.918456866,-38.343705448,31.063571105));
#1647=VERTEX_POINT('',#1646);
#1648=CARTESIAN_POINT('',(115.108403639,-33.88215825,31.063571105));
#1649=CARTESIAN_POINT('',(115.075784413,-33.959428265,31.063571105));
#1650=CARTESIAN_POINT('',(115.043008871,-34.036609805,31.063571105));
#1651=CARTESIAN_POINT('',(114.941569176,-34.274474329,31.063571105));
#1652=CARTESIAN_POINT('',(114.87239152,-34.434988114,31.063571105));
#1653=CARTESIAN_POINT('',(114.732466805,-34.755332363,31.063571105));
#1654=CARTESIAN_POINT('',(114.661683827,-34.915192262,31.063571105));
#1655=CARTESIAN_POINT('',(114.517805506,-35.233956753,31.063571105));
#1656=CARTESIAN_POINT('',(114.444715613,-35.392851634,31.063571105));
#1657=CARTESIAN_POINT('',(114.220914202,-35.867708763,31.063571105));
#1658=CARTESIAN_POINT('',(114.065464653,-36.181417366,31.063571105));
#1659=CARTESIAN_POINT('',(113.823837118,-36.647906224,31.063571105));
#1660=CARTESIAN_POINT('',(113.741988903,-36.802680061,31.063571105));
#1661=CARTESIAN_POINT('',(113.576799499,-37.111379725,31.063571105));
#1662=CARTESIAN_POINT('',(113.493455262,-37.265309827,31.063571105));
#1663=CARTESIAN_POINT('',(113.326458892,-37.572799735,31.063571105));
#1664=CARTESIAN_POINT('',(113.242958072,-37.726305986,31.063571105));
#1665=CARTESIAN_POINT('',(113.07848365,-38.034124101,31.063571105));
#1666=CARTESIAN_POINT('',(112.997482381,-38.188500804,31.063571105));
#1667=CARTESIAN_POINT('',(112.918456866,-38.343705448,31.063571105));
#1668=B_SPLINE_CURVE_WITH_KNOTS('',3,(#1648,#1649,#1650,#1651,#1652,#1653,#1654,#1655,#1656,#1657,#1658,#1659,#1660,#1661,#1662,#1663,#1664,#1665,#1666,#1667),.UNSPECIFIED.,.F.,.F.,(4,2,2,2,2,2,2,2,2,4),(0.849651697,0.857257803,0.873110724,0.888963645,0.904816566,0.936522408,0.952375328,0.968228249,0.98408117,0.999934091),.UNSPECIFIED.);
#1669=EDGE_CURVE('',#1638,#1647,#1668,.T.);
#1670=ORIENTED_EDGE('',*,*,#1669,.T.);
#1671=CARTESIAN_POINT('',(112.859458016,-38.309590006,31.759765259));
#1672=VERTEX_POINT('',#1671);
#1673=CARTESIAN_POINT('',(112.859458019,-38.309590008,31.759765259));
#1674=DIRECTION('',(0.084341658,-0.048769659,-0.995242686));
#1675=VECTOR('',#1674,0.699522);
#1676=LINE('',#1673,#1675);
#1677=EDGE_CURVE('',#1672,#1647,#1676,.T.);
#1678=ORIENTED_EDGE('',*,*,#1677,.F.);
#1679=CARTESIAN_POINT('',(118.041505218,-22.452870494,31.759765259));
#1680=VERTEX_POINT('',#1679);
#1681=CARTESIAN_POINT('',(112.859458016,-38.309590006,31.759765259));
#1682=CARTESIAN_POINT('',(113.018842466,-37.996695719,31.759765259));
#1683=CARTESIAN_POINT('',(113.186379058,-37.688154834,31.759765259));
#1684=CARTESIAN_POINT('',(113.353928224,-37.379620664,31.759765259));
#1685=CARTESIAN_POINT('',(113.521477391,-37.071086494,31.759765259));
#1686=CARTESIAN_POINT('',(113.688286649,-36.76193819,31.759765259));
#1687=CARTESIAN_POINT('',(113.849502013,-36.450381881,31.759765259));
#1688=CARTESIAN_POINT('',(114.010717377,-36.138825572,31.759765259));
#1689=CARTESIAN_POINT('',(114.166056099,-35.824903667,31.759765259));
#1690=CARTESIAN_POINT('',(114.315010902,-35.508411965,31.759765259));
#1691=CARTESIAN_POINT('',(114.463965705,-35.191920264,31.759765259));
#1692=CARTESIAN_POINT('',(114.606914748,-34.873010991,31.759765259));
#1693=CARTESIAN_POINT('',(114.746658778,-34.552811566,31.759765259));
#1694=CARTESIAN_POINT('',(114.886402808,-34.23261214,31.759765259));
#1695=CARTESIAN_POINT('',(115.023519636,-33.911355156,31.759765259));
#1696=CARTESIAN_POINT('',(115.157504013,-33.588837227,31.759765259));
#1697=CARTESIAN_POINT('',(115.291488389,-33.266319299,31.759765259));
#1698=CARTESIAN_POINT('',(115.421387566,-32.942156905,31.759765259));
#1699=CARTESIAN_POINT('',(115.543802846,-32.614981929,31.759765259));
#1700=CARTESIAN_POINT('',(115.666218127,-32.287806952,31.759765259));
#1701=CARTESIAN_POINT('',(115.781475002,-31.957750415,31.759765259));
#1702=CARTESIAN_POINT('',(115.893459198,-31.626376488,31.759765259));
#1703=CARTESIAN_POINT('',(116.005443394,-31.29500256,31.759765259));
#1704=CARTESIAN_POINT('',(116.115025098,-30.962661529,31.759765259));
#1705=CARTESIAN_POINT('',(116.222727522,-30.629564007,31.759765259));
#1706=CARTESIAN_POINT('',(116.438132369,-29.963368965,31.759765259));
#1707=CARTESIAN_POINT('',(116.641781627,-29.292298036,31.759765259));
#1708=CARTESIAN_POINT('',(116.827506678,-28.618125889,31.759765259));
#1709=CARTESIAN_POINT('',(117.01323173,-27.943953742,31.759765259));
#1710=CARTESIAN_POINT('',(117.182790794,-27.266329306,31.759765259));
#1711=CARTESIAN_POINT('',(117.335602886,-26.58512851,31.759765259));
#1712=CARTESIAN_POINT('',(117.488414978,-25.903927714,31.759765259));
#1713=CARTESIAN_POINT('',(117.624416977,-25.21913708,31.759765259));
#1714=CARTESIAN_POINT('',(117.742124842,-24.530439685,31.759765259));
#1715=CARTESIAN_POINT('',(117.859832707,-23.84174229,31.759765259));
#1716=CARTESIAN_POINT('',(117.959402426,-23.149171446,31.759765259));
#1717=CARTESIAN_POINT('',(118.041505218,-22.452870494,31.759765259));
#1718=B_SPLINE_CURVE_WITH_KNOTS('',3,(#1681,#1682,#1683,#1684,#1685,#1686,#1687,#1688,#1689,#1690,#1691,#1692,#1693,#1694,#1695,#1696,#1697,#1698,#1699,#1700,#1701,#1702,#1703,#1704,#1705,#1706,
#1707,#1708,#1709,#1710,#1711,#1712,#1713,#1714,#1715,#1716,#1717),.UNSPECIFIED.,.F.,.F.,(4,3,3,3,3,3,3,3,3,3,3,3,4),(0.,0.001053252,0.002106504,0.003159757,0.004213009,0.005266261,0.006319513,0.007372765,0.008426017,0.010532522,0.012639026,0.014745531,0.016852035),.UNSPECIFIED.);
#1719=EDGE_CURVE('',#1672,#1680,#1718,.T.);
#1720=ORIENTED_EDGE('',*,*,#1719,.T.);
#1721=CARTESIAN_POINT('',(118.108669713,-22.464431557,31.063571105));
#1722=VERTEX_POINT('',#1721);
#1723=CARTESIAN_POINT('',(118.041505218,-22.452870494,31.759765259));
#1724=DIRECTION('',(0.096014844,-0.016527089,-0.995242686));
#1725=VECTOR('',#1724,0.699522);
#1726=LINE('',#1723,#1725);
#1727=EDGE_CURVE('',#1680,#1722,#1726,.T.);
#1728=ORIENTED_EDGE('',*,*,#1727,.T.);
#1729=CARTESIAN_POINT('',(116.457469041,-30.116327154,31.063571105));
#1730=VERTEX_POINT('',#1729);
#1731=CARTESIAN_POINT('',(118.108669713,-22.464431557,31.063571105));
#1732=CARTESIAN_POINT('',(118.103508826,-22.508163584,31.063546511));
#1733=CARTESIAN_POINT('',(118.09828102,-22.551879405,31.063571105));
#1734=CARTESIAN_POINT('',(118.087686126,-22.639277938,31.063571105));
#1735=CARTESIAN_POINT('',(118.082319895,-22.682960767,31.063571105));
#1736=CARTESIAN_POINT('',(118.0660144,-22.813959933,31.063571105));
#1737=CARTESIAN_POINT('',(118.054868333,-22.901226952,31.063571105));
#1738=CARTESIAN_POINT('',(118.020599317,-23.162830697,31.063571105));
#1739=CARTESIAN_POINT('',(117.996645551,-23.336970114,31.063571105));
#1740=CARTESIAN_POINT('',(117.921432153,-23.858598847,31.063571105));
#1741=CARTESIAN_POINT('',(117.866821087,-24.205295774,31.063571105));
#1742=CARTESIAN_POINT('',(117.689344847,-25.242243379,31.063571105));
#1743=CARTESIAN_POINT('',(117.552696494,-25.92923129,31.063571105));
#1744=CARTESIAN_POINT('',(117.245801994,-27.295405565,31.063571105));
#1745=CARTESIAN_POINT('',(117.075608506,-27.974631828,31.063571105));
#1746=CARTESIAN_POINT('',(116.796052192,-28.988104883,31.063571105));
#1747=CARTESIAN_POINT('',(116.6986985,-29.325165103,31.063571105));
#1748=CARTESIAN_POINT('',(116.551553273,-29.812980612,31.063571105));
#1749=CARTESIAN_POINT('',(116.504854459,-29.964783682,31.063571105));
#1750=CARTESIAN_POINT('',(116.457469041,-30.116327154,31.063571105));
#1751=B_SPLINE_CURVE_WITH_KNOTS('',3,(#1731,#1732,#1733,#1734,#1735,#1736,#1737,#1738,#1739,#1740,#1741,#1742,#1743,#1744,#1745,#1746,#1747,#1748,#1749,#1750),.UNSPECIFIED.,.F.,.F.,(4,2,2,2,2,2,2,2,2,4),(0.492640624,0.496603855,0.500567085,0.508493545,0.524346466,0.556052308,0.619463991,0.682875674,0.714581516,0.728946012),.UNSPECIFIED.);
#1752=EDGE_CURVE('',#1722,#1730,#1751,.T.);
#1753=ORIENTED_EDGE('',*,*,#1752,.T.);
#1754=CARTESIAN_POINT('',(116.436224174,-30.110835595,31.287760341));
#1755=VERTEX_POINT('',#1754);
#1756=CARTESIAN_POINT('',(116.436224174,-30.110835595,31.287760341));
#1757=CARTESIAN_POINT('',(116.443305796,-30.112666115,31.213030595));
#1758=CARTESIAN_POINT('',(116.450387418,-30.114496634,31.13830085));
#1759=CARTESIAN_POINT('',(116.457469041,-30.116327154,31.063571105));
#1760=B_SPLINE_CURVE_WITH_KNOTS('',3,(#1756,#1757,#1758,#1759),.UNSPECIFIED.,.F.,.F.,(4,4),(0.00047426,0.000699521),.UNSPECIFIED.);
#1761=EDGE_CURVE('',#1755,#1730,#1760,.T.);
#1762=ORIENTED_EDGE('',*,*,#1761,.F.);
#1763=CARTESIAN_POINT('',(116.19277195,-30.873252965,31.280998864));
#1764=VERTEX_POINT('',#1763);
#1765=CARTESIAN_POINT('',(116.19277195,-30.873252965,31.280998864));
#1766=CARTESIAN_POINT('',(116.275336255,-30.619565226,31.283253784));
#1767=CARTESIAN_POINT('',(116.356809985,-30.36552924,31.285507859));
#1768=CARTESIAN_POINT('',(116.436224174,-30.110835595,31.287760341));
#1769=B_SPLINE_CURVE_WITH_KNOTS('',3,(#1765,#1766,#1767,#1768),.UNSPECIFIED.,.F.,.F.,(4,4),(0.,0.000800372),.UNSPECIFIED.);
#1770=EDGE_CURVE('',#1764,#1755,#1769,.T.);
#1771=ORIENTED_EDGE('',*,*,#1770,.F.);
#1772=CARTESIAN_POINT('',(116.213390042,-30.878583838,31.063571105));
#1773=VERTEX_POINT('',#1772);
#1774=CARTESIAN_POINT('',(116.213390042,-30.878583838,31.063571105));
#1775=CARTESIAN_POINT('',(116.206517346,-30.876806882,31.136047025));
#1776=CARTESIAN_POINT('',(116.199644649,-30.875029922,31.208522945));
#1777=CARTESIAN_POINT('',(116.19277195,-30.873252965,31.280998864));
#1778=B_SPLINE_CURVE_WITH_KNOTS('',3,(#1774,#1775,#1776,#1777),.UNSPECIFIED.,.F.,.F.,(4,4),(0.,0.000218468),.UNSPECIFIED.);
#1779=EDGE_CURVE('',#1773,#1764,#1778,.T.);
#1780=ORIENTED_EDGE('',*,*,#1779,.F.);
#1781=CARTESIAN_POINT('',(115.961357403,-31.638030924,31.063571105));
#1782=VERTEX_POINT('',#1781);
#1783=CARTESIAN_POINT('',(116.213390041,-30.878583842,31.063571105));
#1784=CARTESIAN_POINT('',(116.209550816,-30.890347876,31.063571105));
#1785=CARTESIAN_POINT('',(116.205709,-30.902111253,31.063571105));
#1786=CARTESIAN_POINT('',(116.174668786,-30.99708406,31.063571105));
#1787=CARTESIAN_POINT('',(116.147344973,-31.080253136,31.063571105));
#1788=CARTESIAN_POINT('',(116.092422823,-31.246503942,31.063571105));
#1789=CARTESIAN_POINT('',(116.064824486,-31.329585671,31.063571105));
#1790=CARTESIAN_POINT('',(116.011960718,-31.48779767,31.063571105));
#1791=CARTESIAN_POINT('',(115.986727299,-31.562922549,31.063571105));
#1792=CARTESIAN_POINT('',(115.961357402,-31.638030928,31.063571105));
#1793=B_SPLINE_CURVE_WITH_KNOTS('',3,(#1783,#1784,#1785,#1786,#1787,#1788,#1789,#1790,#1791,#1792),.UNSPECIFIED.,.F.,.F.,(4,2,2,2,4),(0.753093309,0.754213818,0.762140278,0.770066739,0.777243028),.UNSPECIFIED.);
#1794=EDGE_CURVE('',#1773,#1782,#1793,.T.);
#1795=ORIENTED_EDGE('',*,*,#1794,.T.);
#1796=CARTESIAN_POINT('',(115.950855669,-31.63531499,31.174241598));
#1797=VERTEX_POINT('',#1796);
#1798=CARTESIAN_POINT('',(115.961357403,-31.638030924,31.063571105));
#1799=CARTESIAN_POINT('',(115.957856825,-31.637125614,31.100461269));
#1800=CARTESIAN_POINT('',(115.954356248,-31.6362203,31.137351434));
#1801=CARTESIAN_POINT('',(115.950855669,-31.63531499,31.174241598));
#1802=B_SPLINE_CURVE_WITH_KNOTS('',3,(#1798,#1799,#1800,#1801),.UNSPECIFIED.,.F.,.F.,(4,4),(0.,0.000111201),.UNSPECIFIED.);
#1803=EDGE_CURVE('',#1782,#1797,#1802,.T.);
#1804=ORIENTED_EDGE('',*,*,#1803,.T.);
#1805=CARTESIAN_POINT('',(115.688020269,-32.390885241,31.167470267));
#1806=VERTEX_POINT('',#1805);
#1807=CARTESIAN_POINT('',(115.950855669,-31.63531499,31.174241598));
#1808=CARTESIAN_POINT('',(115.86572278,-31.888034075,31.171985852));
#1809=CARTESIAN_POINT('',(115.778715809,-32.140101227,31.169729075));
#1810=CARTESIAN_POINT('',(115.688020269,-32.390885241,31.167470267));
#1811=B_SPLINE_CURVE_WITH_KNOTS('',3,(#1807,#1808,#1809,#1810),.UNSPECIFIED.,.F.,.F.,(4,4),(0.,0.000800009),.UNSPECIFIED.);
#1812=EDGE_CURVE('',#1797,#1806,#1811,.T.);
#1813=ORIENTED_EDGE('',*,*,#1812,.T.);
#1814=CARTESIAN_POINT('',(115.697897227,-32.39344128,31.063571105));
#1815=VERTEX_POINT('',#1814);
#1816=CARTESIAN_POINT('',(115.688020269,-32.390885241,31.167470267));
#1817=CARTESIAN_POINT('',(115.691312593,-32.391737254,31.132837213));
#1818=CARTESIAN_POINT('',(115.694604912,-32.392589266,31.098204159));
#1819=CARTESIAN_POINT('',(115.697897228,-32.393441276,31.063571105));
#1820=B_SPLINE_CURVE_WITH_KNOTS('',3,(#1816,#1817,#1818,#1819),.UNSPECIFIED.,.F.,.F.,(4,4),(0.,0.000104399),.UNSPECIFIED.);
#1821=EDGE_CURVE('',#1806,#1815,#1820,.T.);
#1822=ORIENTED_EDGE('',*,*,#1821,.T.);
#1823=CARTESIAN_POINT('',(115.413237932,-33.141363125,31.063571105));
#1824=VERTEX_POINT('',#1823);
#1825=CARTESIAN_POINT('',(115.697897225,-32.393441285,31.063571105));
#1826=CARTESIAN_POINT('',(115.66643278,-32.480229034,31.063571105));
#1827=CARTESIAN_POINT('',(115.634521399,-32.56688757,31.063571105));
#1828=CARTESIAN_POINT('',(115.540793129,-32.8168914,31.063571105));
#1829=CARTESIAN_POINT('',(115.4777007,-32.979486202,31.063571105));
#1830=CARTESIAN_POINT('',(115.413237932,-33.141363125,31.063571105));
#1831=B_SPLINE_CURVE_WITH_KNOTS('',3,(#1825,#1826,#1827,#1828,#1829,#1830),.UNSPECIFIED.,.F.,.F.,(4,2,4),(0.801358364,0.809699041,0.825462864),.UNSPECIFIED.);
#1832=EDGE_CURVE('',#1815,#1824,#1831,.T.);
#1833=ORIENTED_EDGE('',*,*,#1832,.T.);
#1834=CARTESIAN_POINT('',(115.394437635,-33.136491934,31.260679872));
#1835=CARTESIAN_POINT('',(115.400704426,-33.138115673,31.194976952));
#1836=CARTESIAN_POINT('',(115.406971191,-33.139739404,31.12927403));
#1837=CARTESIAN_POINT('',(115.413237932,-33.141363126,31.063571105));
#1838=B_SPLINE_CURVE_WITH_KNOTS('',3,(#1834,#1835,#1836,#1837),.UNSPECIFIED.,.F.,.F.,(4,4),(0.,0.000198063),.UNSPECIFIED.);
#1839=EDGE_CURVE('',#1627,#1824,#1838,.T.);
#1840=ORIENTED_EDGE('',*,*,#1839,.F.);
#1841=EDGE_LOOP('',(#1636,#1645,#1670,#1678,#1720,#1728,#1753,#1762,#1771,#1780,#1795,#1804,#1813,#1822,#1833,#1840));
#1842=FACE_BOUND('',#1841,.T.);
#1843=ADVANCED_FACE('',(#1842),#1625,.T.);
#1844=CARTESIAN_POINT('',(115.108403639,-33.88215825,31.063571105));
#1845=CARTESIAN_POINT('',(115.075784413,-33.959428265,31.063571105));
#1846=CARTESIAN_POINT('',(115.043008871,-34.036609805,31.063571105));
#1847=CARTESIAN_POINT('',(114.941569176,-34.274474329,31.063571105));
#1848=CARTESIAN_POINT('',(114.87239152,-34.434988114,31.063571105));
#1849=CARTESIAN_POINT('',(114.732466805,-34.755332363,31.063571105));
#1850=CARTESIAN_POINT('',(114.661683827,-34.915192262,31.063571105));
#1851=CARTESIAN_POINT('',(114.517805506,-35.233956753,31.063571105));
#1852=CARTESIAN_POINT('',(114.444715613,-35.392851634,31.063571105));
#1853=CARTESIAN_POINT('',(114.220914202,-35.867708763,31.063571105));
#1854=CARTESIAN_POINT('',(114.065464653,-36.181417366,31.063571105));
#1855=CARTESIAN_POINT('',(113.823837118,-36.647906224,31.063571105));
#1856=CARTESIAN_POINT('',(113.741988903,-36.802680061,31.063571105));
#1857=CARTESIAN_POINT('',(113.576799499,-37.111379725,31.063571105));
#1858=CARTESIAN_POINT('',(113.493455262,-37.265309827,31.063571105));
#1859=CARTESIAN_POINT('',(113.326458892,-37.572799735,31.063571105));
#1860=CARTESIAN_POINT('',(113.242958072,-37.726305986,31.063571105));
#1861=CARTESIAN_POINT('',(113.07848365,-38.034124101,31.063571105));
#1862=CARTESIAN_POINT('',(112.997482381,-38.188500804,31.063571105));
#1863=CARTESIAN_POINT('',(112.918456866,-38.343705448,31.063571105));
#1864=CARTESIAN_POINT('',(114.942226861,-33.803545012,31.045576191));
#1865=CARTESIAN_POINT('',(114.909716454,-33.880585024,31.045576191));
#1866=CARTESIAN_POINT('',(114.877035459,-33.95756817,31.045576191));
#1867=CARTESIAN_POINT('',(114.775869209,-34.19486016,31.045576191));
#1868=CARTESIAN_POINT('',(114.706935535,-34.354866984,31.045576191));
#1869=CARTESIAN_POINT('',(114.56754268,-34.674122072,31.045576191));
#1870=CARTESIAN_POINT('',(114.497091507,-34.833309152,31.045576191));
#1871=CARTESIAN_POINT('',(114.353999512,-35.150511731,31.045576191));
#1872=CARTESIAN_POINT('',(114.281351569,-35.308541092,31.045576191));
#1873=CARTESIAN_POINT('',(114.059178607,-35.780291511,31.045576191));
#1874=CARTESIAN_POINT('',(113.904892967,-36.091885049,31.045576191));
#1875=CARTESIAN_POINT('',(113.664863356,-36.555585033,31.045576191));
#1876=CARTESIAN_POINT('',(113.58342163,-36.709666643,31.045576191));
#1877=CARTESIAN_POINT('',(113.418847064,-37.017325993,31.045576191));
#1878=CARTESIAN_POINT('',(113.335718015,-37.170897499,31.045576191));
#1879=CARTESIAN_POINT('',(113.1688511,-37.478171458,31.045576191));
#1880=CARTESIAN_POINT('',(113.085122589,-37.632053649,31.045576191));
#1881=CARTESIAN_POINT('',(112.919721029,-37.941441997,31.045576191));
#1882=CARTESIAN_POINT('',(112.838109241,-38.096867748,31.045576191));
#1883=CARTESIAN_POINT('',(112.758348126,-38.25337327,31.045576191));
#1884=B_SPLINE_SURFACE_WITH_KNOTS('',1,3,((#1844,#1845,#1846,#1847,#1848,#1849,#1850,#1851,#1852,#1853,#1854,#1855,#1856,#1857,#1858,#1859,#1860,#1861,#1862,#1863),(#1864,#1865,#1866,#1867,#1868,#1869,#1870,#1871,#1872,#1873,#1874,#1875,#1876,#1877,#1878,#1879,#1880,#1881,#1882,#1883)),.UNSPECIFIED.,.F.,.F.,.U.,(2,2),(4,2,2,2,2,2,2,2,2,4),(0.,0.230890017),(0.849651697,0.857257803,0.873110724,0.888963645,0.904816566,0.936522408,0.952375328,0.968228249,0.98408117,0.999934091),.UNSPECIFIED.);
#1885=ORIENTED_EDGE('',*,*,#1669,.F.);
#1886=CARTESIAN_POINT('',(115.108403641,-33.882158246,31.063571105));
#1887=CARTESIAN_POINT('',(115.062752386,-33.865989589,31.058834443));
#1888=CARTESIAN_POINT('',(115.017101131,-33.849820928,31.054097792));
#1889=CARTESIAN_POINT('',(114.971449874,-33.83365227,31.049361152));
#1890=B_SPLINE_CURVE_WITH_KNOTS('',3,(#1886,#1887,#1888,#1889),.UNSPECIFIED.,.F.,.F.,(4,4),(0.,0.000145983),.UNSPECIFIED.);
#1891=EDGE_CURVE('',#1638,#1203,#1890,.T.);
#1892=ORIENTED_EDGE('',*,*,#1891,.T.);
#1893=ORIENTED_EDGE('',*,*,#1215,.F.);
#1894=CARTESIAN_POINT('',(112.770054687,-38.233359571,31.045706519));
#1895=VERTEX_POINT('',#1894);
#1896=CARTESIAN_POINT('',(112.770055275,-38.233363245,31.045706734));
#1897=CARTESIAN_POINT('',(112.770263634,-38.234664938,31.045782942));
#1898=CARTESIAN_POINT('',(112.770471967,-38.235966636,31.04585914));
#1899=CARTESIAN_POINT('',(112.770680276,-38.237268337,31.045935329));
#1900=B_SPLINE_CURVE_WITH_KNOTS('',3,(#1896,#1897,#1898,#1899),.UNSPECIFIED.,.F.,.F.,(4,4),(0.,0.000003961),.UNSPECIFIED.);
#1901=EDGE_CURVE('',#1895,#1201,#1900,.T.);
#1902=ORIENTED_EDGE('',*,*,#1901,.F.);
#1903=CARTESIAN_POINT('',(112.758348121,-38.253373277,31.045576191));
#1904=VERTEX_POINT('',#1903);
#1905=CARTESIAN_POINT('',(112.758348126,-38.25337327,31.045576191));
#1906=CARTESIAN_POINT('',(112.762253463,-38.246703884,31.045620393));
#1907=CARTESIAN_POINT('',(112.766154968,-38.240032252,31.045663756));
#1908=CARTESIAN_POINT('',(112.770054687,-38.233359571,31.045706519));
#1909=B_SPLINE_CURVE_WITH_KNOTS('',3,(#1905,#1906,#1907,#1908),.UNSPECIFIED.,.F.,.F.,(4,4),(0.,0.000023186),.UNSPECIFIED.);
#1910=EDGE_CURVE('',#1904,#1895,#1909,.T.);
#1911=ORIENTED_EDGE('',*,*,#1910,.F.);
#1912=CARTESIAN_POINT('',(112.918456864,-38.343705457,31.063571105));
#1913=DIRECTION('',(-0.866801984,0.489043331,-0.097421458));
#1914=VECTOR('',#1913,0.184712017);
#1915=LINE('',#1912,#1914);
#1916=EDGE_CURVE('',#1647,#1904,#1915,.T.);
#1917=ORIENTED_EDGE('',*,*,#1916,.F.);
#1918=EDGE_LOOP('',(#1885,#1892,#1893,#1902,#1911,#1917));
#1919=FACE_BOUND('',#1918,.T.);
#1920=ADVANCED_FACE('',(#1919),#1884,.T.);
#1921=CARTESIAN_POINT('',(118.108669713,-22.464431557,31.063571105));
#1922=CARTESIAN_POINT('',(118.103508826,-22.508163584,31.063546511));
#1923=CARTESIAN_POINT('',(118.09828102,-22.551879405,31.063571105));
#1924=CARTESIAN_POINT('',(118.087686126,-22.639277938,31.063571105));
#1925=CARTESIAN_POINT('',(118.082319895,-22.682960767,31.063571105));
#1926=CARTESIAN_POINT('',(118.0660144,-22.813959933,31.063571105));
#1927=CARTESIAN_POINT('',(118.054868333,-22.901226952,31.063571105));
#1928=CARTESIAN_POINT('',(118.020599317,-23.162830697,31.063571105));
#1929=CARTESIAN_POINT('',(117.996645551,-23.336970114,31.063571105));
#1930=CARTESIAN_POINT('',(117.921432153,-23.858598847,31.063571105));
#1931=CARTESIAN_POINT('',(117.866821087,-24.205295774,31.063571105));
#1932=CARTESIAN_POINT('',(117.689344847,-25.242243379,31.063571105));
#1933=CARTESIAN_POINT('',(117.552696494,-25.92923129,31.063571105));
#1934=CARTESIAN_POINT('',(117.245801994,-27.295405565,31.063571105));
#1935=CARTESIAN_POINT('',(117.075608506,-27.974631828,31.063571105));
#1936=CARTESIAN_POINT('',(116.796052192,-28.988104883,31.063571105));
#1937=CARTESIAN_POINT('',(116.6986985,-29.325165103,31.063571105));
#1938=CARTESIAN_POINT('',(116.55149478,-29.81317453,31.063571105));
#1939=CARTESIAN_POINT('',(116.504735381,-29.965170763,31.063571105));
#1940=CARTESIAN_POINT('',(116.457287796,-30.116906782,31.063571105));
#1941=CARTESIAN_POINT('',(117.991452897,-22.445530897,31.051948887));
#1942=CARTESIAN_POINT('',(117.986313206,-22.489138587,31.051954686));
#1943=CARTESIAN_POINT('',(117.981104536,-22.532729873,31.051948887));
#1944=CARTESIAN_POINT('',(117.970550658,-22.619879097,31.051948887));
#1945=CARTESIAN_POINT('',(117.965205163,-22.663437125,31.051948887));
#1946=CARTESIAN_POINT('',(117.948962565,-22.794061461,31.051948887));
#1947=CARTESIAN_POINT('',(117.937859348,-22.88107802,31.051948887));
#1948=CARTESIAN_POINT('',(117.903721671,-23.14192872,31.051948887));
#1949=CARTESIAN_POINT('',(117.879859183,-23.315563886,31.051948887));
#1950=CARTESIAN_POINT('',(117.804931022,-23.835673642,31.051948887));
#1951=CARTESIAN_POINT('',(117.750524363,-24.18135409,31.051948887));
#1952=CARTESIAN_POINT('',(117.573714552,-25.215204274,31.051948887));
#1953=CARTESIAN_POINT('',(117.43755357,-25.900198311,31.051948887));
#1954=CARTESIAN_POINT('',(117.131672752,-27.262613448,31.051948887));
#1955=CARTESIAN_POINT('',(116.962015485,-27.940031147,31.051948887));
#1956=CARTESIAN_POINT('',(116.683327307,-28.950808658,31.051948887));
#1957=CARTESIAN_POINT('',(116.586271874,-29.286979183,31.051948887));
#1958=CARTESIAN_POINT('',(116.43952042,-29.773691067,31.051948887));
#1959=CARTESIAN_POINT('',(116.392896574,-29.925305597,31.051948887));
#1960=CARTESIAN_POINT('',(116.345573353,-30.076696087,31.051948887));
#1961=B_SPLINE_SURFACE_WITH_KNOTS('',1,3,((#1921,#1922,#1923,#1924,#1925,#1926,#1927,#1928,#1929,#1930,#1931,#1932,#1933,#1934,#1935,#1936,#1937,#1938,#1939,#1940),(#1941,#1942,#1943,#1944,#1945,#1946,#1947,#1948,#1949,#1950,#1951,#1952,#1953,#1954,#1955,#1956,#1957,#1958,#1959,#1960)),.UNSPECIFIED.,.F.,.F.,.U.,(2,2),(4,2,2,2,2,2,2,2,2,4),(0.,0.14912292),(0.492640624,0.496603855,0.500567085,0.508493545,0.524346466,0.556052308,0.619463991,0.682875674,0.714581516,0.728964326),.UNSPECIFIED.);
#1962=CARTESIAN_POINT('',(116.457469041,-30.116327154,31.063571105));
#1963=CARTESIAN_POINT('',(116.420170478,-30.103116798,31.059697034));
#1964=CARTESIAN_POINT('',(116.382871915,-30.089906442,31.055822961));
#1965=CARTESIAN_POINT('',(116.345573353,-30.076696087,31.051948887));
#1966=B_SPLINE_CURVE_WITH_KNOTS('',3,(#1962,#1963,#1964,#1965),.UNSPECIFIED.,.F.,.F.,(4,4),(0.,0.000119274),.UNSPECIFIED.);
#1967=EDGE_CURVE('',#1730,#1308,#1966,.T.);
#1968=ORIENTED_EDGE('',*,*,#1967,.F.);
#1969=ORIENTED_EDGE('',*,*,#1752,.F.);
#1970=CARTESIAN_POINT('',(118.108669713,-22.464431557,31.063571105));
#1971=DIRECTION('',(-0.982551983,0.158431882,-0.097421458));
#1972=VECTOR('',#1971,0.089242024);
#1973=LINE('',#1970,#1972);
#1974=EDGE_CURVE('',#1722,#1317,#1973,.T.);
#1975=ORIENTED_EDGE('',*,*,#1974,.T.);
#1976=ORIENTED_EDGE('',*,*,#1329,.F.);
#1977=EDGE_LOOP('',(#1968,#1969,#1975,#1976));
#1978=FACE_BOUND('',#1977,.T.);
#1979=ADVANCED_FACE('',(#1978),#1961,.T.);
#1980=CARTESIAN_POINT('',(116.213390044,-30.878583833,31.063571105));
#1981=CARTESIAN_POINT('',(116.209550818,-30.89034787,31.063571105));
#1982=CARTESIAN_POINT('',(116.205709001,-30.90211125,31.063571105));
#1983=CARTESIAN_POINT('',(116.174668786,-30.99708406,31.063571105));
#1984=CARTESIAN_POINT('',(116.147344973,-31.080253136,31.063571105));
#1985=CARTESIAN_POINT('',(116.092422823,-31.246503942,31.063571105));
#1986=CARTESIAN_POINT('',(116.064824486,-31.329585671,31.063571105));
#1987=CARTESIAN_POINT('',(116.011583356,-31.488927048,31.063571105));
#1988=CARTESIAN_POINT('',(115.985969111,-31.565179736,31.063571105));
#1989=CARTESIAN_POINT('',(115.960213915,-31.641415971,31.063571105));
#1990=CARTESIAN_POINT('',(116.093039864,-30.833566722,31.050993202));
#1991=CARTESIAN_POINT('',(116.08920682,-30.845314235,31.050993202));
#1992=CARTESIAN_POINT('',(116.085371318,-30.857060749,31.050993202));
#1993=CARTESIAN_POINT('',(116.05438371,-30.951893098,31.050993202));
#1994=CARTESIAN_POINT('',(116.027107822,-31.034934788,31.050993202));
#1995=CARTESIAN_POINT('',(115.972285271,-31.200922216,31.050993202));
#1996=CARTESIAN_POINT('',(115.944738608,-31.283867953,31.050993202));
#1997=CARTESIAN_POINT('',(115.891600319,-31.442940147,31.050993202));
#1998=CARTESIAN_POINT('',(115.866027694,-31.519084254,31.050993202));
#1999=CARTESIAN_POINT('',(115.840332021,-31.595166243,31.050993202));
#2000=B_SPLINE_SURFACE_WITH_KNOTS('',1,3,((#1980,#1981,#1982,#1983,#1984,#1985,#1986,#1987,#1988,#1989),(#1990,#1991,#1992,#1993,#1994,#1995,#1996,#1997,#1998,#1999)),.UNSPECIFIED.,.F.,.F.,.U.,(2,2),(4,2,2,2,4),(0.,0.161385161),(0.753093309,0.754213818,0.762140278,0.770066739,0.777350837),.UNSPECIFIED.);
#2001=CARTESIAN_POINT('',(116.096976519,-30.837352602,31.051474935));
#2002=CARTESIAN_POINT('',(116.135781027,-30.851096346,31.055506995));
#2003=CARTESIAN_POINT('',(116.174585535,-30.86484009,31.059539051));
#2004=CARTESIAN_POINT('',(116.213390044,-30.878583834,31.063571105));
#2005=B_SPLINE_CURVE_WITH_KNOTS('',3,(#2001,#2002,#2003,#2004),.UNSPECIFIED.,.F.,.F.,(4,4),(0.000067192,0.000191283),.UNSPECIFIED.);
#2006=EDGE_CURVE('',#1281,#1773,#2005,.T.);
#2007=ORIENTED_EDGE('',*,*,#2006,.F.);
#2008=ORIENTED_EDGE('',*,*,#1287,.F.);
#2009=CARTESIAN_POINT('',(115.840332021,-31.595166243,31.050993202));
#2010=CARTESIAN_POINT('',(115.880673815,-31.609454469,31.055185844));
#2011=CARTESIAN_POINT('',(115.921015609,-31.623742695,31.059378478));
#2012=CARTESIAN_POINT('',(115.961357404,-31.638030921,31.063571105));
#2013=B_SPLINE_CURVE_WITH_KNOTS('',3,(#2009,#2010,#2011,#2012),.UNSPECIFIED.,.F.,.F.,(4,4),(0.000062238,0.000191244),.UNSPECIFIED.);
#2014=EDGE_CURVE('',#1272,#1782,#2013,.T.);
#2015=ORIENTED_EDGE('',*,*,#2014,.T.);
#2016=ORIENTED_EDGE('',*,*,#1794,.F.);
#2017=EDGE_LOOP('',(#2007,#2008,#2015,#2016));
#2018=FACE_BOUND('',#2017,.T.);
#2019=ADVANCED_FACE('',(#2018),#2000,.T.);
#2020=CARTESIAN_POINT('',(115.697897227,-32.39344128,31.063571105));
#2021=CARTESIAN_POINT('',(115.666432781,-32.480229031,31.063571105));
#2022=CARTESIAN_POINT('',(115.6345214,-32.566887568,31.063571105));
#2023=CARTESIAN_POINT('',(115.539462153,-32.820441546,31.063571105));
#2024=CARTESIAN_POINT('',(115.474959898,-32.986546884,31.063571105));
#2025=CARTESIAN_POINT('',(115.4090368,-33.151907009,31.063571105));
#2026=CARTESIAN_POINT('',(115.568791604,-32.340352447,31.049906595));
#2027=CARTESIAN_POINT('',(115.537503562,-32.426711179,31.049906595));
#2028=CARTESIAN_POINT('',(115.505786251,-32.512904033,31.049906595));
#2029=CARTESIAN_POINT('',(115.411360553,-32.76496383,31.049906595));
#2030=CARTESIAN_POINT('',(115.347249862,-32.930177625,31.049906595));
#2031=CARTESIAN_POINT('',(115.281673119,-33.094765681,31.049906595));
#2032=B_SPLINE_SURFACE_WITH_KNOTS('',1,3,((#2020,#2021,#2022,#2023,#2024,#2025),(#2026,#2027,#2028,#2029,#2030,#2031)),.UNSPECIFIED.,.F.,.F.,.U.,(2,2),(4,2,4),(0.,0.175327251),(0.801358364,0.809699041,0.825805156),.UNSPECIFIED.);
#2033=CARTESIAN_POINT('',(115.413237932,-33.141363126,31.063571105));
#2034=CARTESIAN_POINT('',(115.369382994,-33.125830644,31.059016272));
#2035=CARTESIAN_POINT('',(115.325528056,-33.110298162,31.054461436));
#2036=CARTESIAN_POINT('',(115.281673119,-33.094765681,31.049906595));
#2037=B_SPLINE_CURVE_WITH_KNOTS('',3,(#2033,#2034,#2035,#2036),.UNSPECIFIED.,.F.,.F.,(4,4),(0.,0.00014024),.UNSPECIFIED.);
#2038=EDGE_CURVE('',#1824,#1236,#2037,.T.);
#2039=ORIENTED_EDGE('',*,*,#2038,.F.);
#2040=ORIENTED_EDGE('',*,*,#1832,.F.);
#2041=CARTESIAN_POINT('',(115.697897227,-32.39344128,31.063571105));
#2042=CARTESIAN_POINT('',(115.655876368,-32.378558362,31.059203646));
#2043=CARTESIAN_POINT('',(115.613855513,-32.36367544,31.054836169));
#2044=CARTESIAN_POINT('',(115.571834657,-32.348792522,31.050468674));
#2045=B_SPLINE_CURVE_WITH_KNOTS('',3,(#2041,#2042,#2043,#2044),.UNSPECIFIED.,.F.,.F.,(4,4),(0.,0.000134376),.UNSPECIFIED.);
#2046=EDGE_CURVE('',#1815,#1245,#2045,.T.);
#2047=ORIENTED_EDGE('',*,*,#2046,.T.);
#2048=ORIENTED_EDGE('',*,*,#1251,.F.);
#2049=EDGE_LOOP('',(#2039,#2040,#2047,#2048));
#2050=FACE_BOUND('',#2049,.T.);
#2051=ADVANCED_FACE('',(#2050),#2032,.T.);
#2052=CARTESIAN_POINT('',(53.700044187,67.790705472,-0.00000146));
#2053=DIRECTION('',(-0.953407128,-0.301686672,0.000000006));
#2054=DIRECTION('',(0.301686672,-0.953407128,0.));
#2055=AXIS2_PLACEMENT_3D('',#2052,#2053,#2054);
#2056=PLANE('',#2055);
#2057=CARTESIAN_POINT('',(90.35353057,-48.043695906,19.776164127));
#2058=VERTEX_POINT('',#2057);
#2059=CARTESIAN_POINT('',(90.318248229,-47.932194674,19.857979286));
#2060=DIRECTION('',(0.247201027,-0.781218552,-0.573227029));
#2061=VECTOR('',#2060,0.142727322);
#2062=LINE('',#2059,#2061);
#2063=EDGE_CURVE('',#724,#2058,#2062,.T.);
#2064=ORIENTED_EDGE('',*,*,#2063,.F.);
#2065=ORIENTED_EDGE('',*,*,#884,.F.);
#2066=CARTESIAN_POINT('',(90.096102309,-47.230156718,18.459765259));
#2067=VERTEX_POINT('',#2066);
#2068=CARTESIAN_POINT('',(90.061483728,-47.12075314,18.459765259));
#2069=DIRECTION('',(0.301686672,-0.953407128,-0.));
#2070=VECTOR('',#2069,0.114750115);
#2071=LINE('',#2068,#2070);
#2072=EDGE_CURVE('',#871,#2067,#2071,.T.);
#2073=ORIENTED_EDGE('',*,*,#2072,.T.);
#2074=CARTESIAN_POINT('',(90.098355313,-47.237276788,18.484945327));
#2075=VERTEX_POINT('',#2074);
#2076=CARTESIAN_POINT('',(90.096102309,-47.230156718,18.459765259));
#2077=CARTESIAN_POINT('',(90.096854281,-47.232533144,18.468157667));
#2078=CARTESIAN_POINT('',(90.097605284,-47.234906503,18.476551023));
#2079=CARTESIAN_POINT('',(90.098355313,-47.237276788,18.484945327));
#2080=B_SPLINE_CURVE_WITH_KNOTS('',3,(#2076,#2077,#2078,#2079),.UNSPECIFIED.,.F.,.F.,(4,4),(0.000773053,0.000799317),.UNSPECIFIED.);
#2081=EDGE_CURVE('',#2067,#2075,#2080,.T.);
#2082=ORIENTED_EDGE('',*,*,#2081,.T.);
#2083=CARTESIAN_POINT('',(90.098355313,-47.237276788,18.484945327));
#2084=DIRECTION('',(0.165312773,-0.522430672,0.836503365));
#2085=VECTOR('',#2084,1.543590682);
#2086=LINE('',#2083,#2085);
#2087=EDGE_CURVE('',#2075,#2058,#2086,.T.);
#2088=ORIENTED_EDGE('',*,*,#2087,.T.);
#2089=EDGE_LOOP('',(#2064,#2065,#2073,#2082,#2088));
#2090=FACE_BOUND('',#2089,.T.);
#2091=ADVANCED_FACE('',(#2090),#2056,.T.);
#2092=CARTESIAN_POINT('',(53.700044187,67.790705472,-0.00000146));
#2093=DIRECTION('',(-0.953407128,-0.301686672,0.000000006));
#2094=DIRECTION('',(0.301686672,-0.953407128,0.));
#2095=AXIS2_PLACEMENT_3D('',#2092,#2093,#2094);
#2096=PLANE('',#2095);
#2097=ORIENTED_EDGE('',*,*,#829,.F.);
#2098=CARTESIAN_POINT('',(91.015089609,-50.134391787,23.123735839));
#2099=VERTEX_POINT('',#2098);
#2100=CARTESIAN_POINT('',(90.943834712,-49.909208064,23.288966678));
#2101=DIRECTION('',(0.247201027,-0.781218552,-0.573227029));
#2102=VECTOR('',#2101,0.288246769);
#2103=LINE('',#2100,#2102);
#2104=EDGE_CURVE('',#814,#2099,#2103,.T.);
#2105=ORIENTED_EDGE('',*,*,#2104,.T.);
#2106=CARTESIAN_POINT('',(91.318645213,-51.093705186,24.659765265));
#2107=VERTEX_POINT('',#2106);
#2108=CARTESIAN_POINT('',(91.015089609,-50.134391787,23.123735839));
#2109=DIRECTION('',(0.165312773,-0.522430672,0.836503365));
#2110=VECTOR('',#2109,1.836250146);
#2111=LINE('',#2108,#2110);
#2112=EDGE_CURVE('',#2099,#2107,#2111,.T.);
#2113=ORIENTED_EDGE('',*,*,#2112,.T.);
#2114=CARTESIAN_POINT('',(91.318645213,-51.093705186,24.659765265));
#2115=DIRECTION('',(-0.301686672,0.953407128,-0.));
#2116=VECTOR('',#2115,0.412152813);
#2117=LINE('',#2114,#2116);
#2118=EDGE_CURVE('',#2107,#823,#2117,.T.);
#2119=ORIENTED_EDGE('',*,*,#2118,.T.);
#2120=EDGE_LOOP('',(#2097,#2105,#2113,#2119));
#2121=FACE_BOUND('',#2120,.T.);
#2122=ADVANCED_FACE('',(#2121),#2096,.T.);
#2123=CARTESIAN_POINT('',(53.700044187,67.790705472,-0.00000146));
#2124=DIRECTION('',(-0.953407128,-0.301686672,0.000000006));
#2125=DIRECTION('',(0.301686672,-0.953407128,0.));
#2126=AXIS2_PLACEMENT_3D('',#2123,#2124,#2125);
#2127=PLANE('',#2126);
#2128=CARTESIAN_POINT('',(90.750465993,-49.298113435,21.784707154));
#2129=VERTEX_POINT('',#2128);
#2130=CARTESIAN_POINT('',(90.882777801,-49.716252611,22.454221497));
#2131=VERTEX_POINT('',#2130);
#2132=CARTESIAN_POINT('',(90.750465993,-49.298113435,21.784707154));
#2133=DIRECTION('',(0.165312773,-0.522430672,0.836503365));
#2134=VECTOR('',#2133,0.800372563);
#2135=LINE('',#2132,#2134);
#2136=EDGE_CURVE('',#2129,#2131,#2135,.T.);
#2137=ORIENTED_EDGE('',*,*,#2136,.T.);
#2138=CARTESIAN_POINT('',(90.882777801,-49.716252611,22.454221497));
#2139=DIRECTION('',(-0.247201027,0.781218552,0.573227029));
#2140=VECTOR('',#2139,0.258957079);
#2141=LINE('',#2138,#2140);
#2142=EDGE_CURVE('',#2131,#787,#2141,.T.);
#2143=ORIENTED_EDGE('',*,*,#2142,.T.);
#2144=ORIENTED_EDGE('',*,*,#793,.F.);
#2145=CARTESIAN_POINT('',(90.750465993,-49.298113435,21.784707154));
#2146=DIRECTION('',(-0.247201027,0.781218552,0.573227029));
#2147=VECTOR('',#2146,0.229445447);
#2148=LINE('',#2145,#2147);
#2149=EDGE_CURVE('',#2129,#778,#2148,.T.);
#2150=ORIENTED_EDGE('',*,*,#2149,.F.);
#2151=EDGE_LOOP('',(#2137,#2143,#2144,#2150));
#2152=FACE_BOUND('',#2151,.T.);
#2153=ADVANCED_FACE('',(#2152),#2127,.T.);
#2154=CARTESIAN_POINT('',(53.700044187,67.790705472,-0.00000146));
#2155=DIRECTION('',(-0.953407128,-0.301686672,0.000000006));
#2156=DIRECTION('',(0.301686672,-0.953407128,0.));
#2157=AXIS2_PLACEMENT_3D('',#2154,#2155,#2156);
#2158=PLANE('',#2157);
#2159=ORIENTED_EDGE('',*,*,#757,.F.);
#2160=CARTESIAN_POINT('',(90.485842378,-48.461835083,20.44567847));
#2161=VERTEX_POINT('',#2160);
#2162=CARTESIAN_POINT('',(90.443567541,-48.328235772,20.543708317));
#2163=DIRECTION('',(0.247201027,-0.781218552,-0.573227029));
#2164=VECTOR('',#2163,0.171014001);
#2165=LINE('',#2162,#2164);
#2166=EDGE_CURVE('',#742,#2161,#2165,.T.);
#2167=ORIENTED_EDGE('',*,*,#2166,.T.);
#2168=CARTESIAN_POINT('',(90.618154186,-48.879974259,21.115192812));
#2169=VERTEX_POINT('',#2168);
#2170=CARTESIAN_POINT('',(90.485842378,-48.461835083,20.44567847));
#2171=DIRECTION('',(0.165312773,-0.522430672,0.836503365));
#2172=VECTOR('',#2171,0.800372563);
#2173=LINE('',#2170,#2172);
#2174=EDGE_CURVE('',#2161,#2169,#2173,.T.);
#2175=ORIENTED_EDGE('',*,*,#2174,.T.);
#2176=CARTESIAN_POINT('',(90.568707951,-48.723711494,21.229852199));
#2177=DIRECTION('',(0.247201027,-0.781218552,-0.573227029));
#2178=VECTOR('',#2177,0.200024391);
#2179=LINE('',#2176,#2178);
#2180=EDGE_CURVE('',#751,#2169,#2179,.T.);
#2181=ORIENTED_EDGE('',*,*,#2180,.F.);
#2182=EDGE_LOOP('',(#2159,#2167,#2175,#2181));
#2183=FACE_BOUND('',#2182,.T.);
#2184=ADVANCED_FACE('',(#2183),#2158,.T.);
#2185=CARTESIAN_POINT('',(91.318645213,-51.093705186,24.659765265));
#2186=CARTESIAN_POINT('',(90.026876844,-47.011386532,18.123255309));
#2187=CARTESIAN_POINT('',(91.083864706,-51.125167947,24.659765265));
#2188=CARTESIAN_POINT('',(89.803920481,-47.080216618,18.123255309));
#2189=CARTESIAN_POINT('',(90.849084199,-51.156630709,24.659765265));
#2190=CARTESIAN_POINT('',(89.580964118,-47.149046703,18.123255309));
#2191=CARTESIAN_POINT('',(90.614303691,-51.188093471,24.659765265));
#2192=CARTESIAN_POINT('',(89.358007755,-47.217876788,18.123255309));
#2193=B_SPLINE_SURFACE_WITH_KNOTS('',3,1,((#2185,#2186),(#2187,#2188),(#2189,#2190),(#2191,#2192)),.UNSPECIFIED.,.F.,.F.,.U.,(4,4),(2,2),(0.,0.874999894),(0.,0.959839934),.UNSPECIFIED.);
#2194=CARTESIAN_POINT('',(90.160795811,-48.097544183,19.780925541));
#2195=VERTEX_POINT('',#2194);
#2196=CARTESIAN_POINT('',(90.35353057,-48.043695906,19.776164127));
#2197=CARTESIAN_POINT('',(90.289287065,-48.061650741,19.777747359));
#2198=CARTESIAN_POINT('',(90.225042149,-48.07960018,19.779334487));
#2199=CARTESIAN_POINT('',(90.160795811,-48.097544183,19.780925541));
#2200=B_SPLINE_CURVE_WITH_KNOTS('',3,(#2196,#2197,#2198,#2199),.UNSPECIFIED.,.F.,.F.,(4,4),(0.,0.000200172),.UNSPECIFIED.);
#2201=EDGE_CURVE('',#2058,#2195,#2200,.T.);
#2202=ORIENTED_EDGE('',*,*,#2201,.F.);
#2203=ORIENTED_EDGE('',*,*,#2087,.F.);
#2204=CARTESIAN_POINT('',(89.358007842,-47.217876762,18.123255309));
#2205=VERTEX_POINT('',#2204);
#2206=CARTESIAN_POINT('',(90.098355313,-47.237276788,18.484945327));
#2207=CARTESIAN_POINT('',(89.966769461,-47.2481237,18.443338566));
#2208=CARTESIAN_POINT('',(89.836794677,-47.253963018,18.394482312));
#2209=CARTESIAN_POINT('',(89.711940909,-47.251744562,18.33513847));
#2210=CARTESIAN_POINT('',(89.587087142,-47.249526107,18.275794627));
#2211=CARTESIAN_POINT('',(89.467395197,-47.239018974,18.205615778));
#2212=CARTESIAN_POINT('',(89.358007842,-47.217876762,18.123255309));
#2213=B_SPLINE_CURVE_WITH_KNOTS('',3,(#2206,#2207,#2208,#2209,#2210,#2211,#2212),.UNSPECIFIED.,.F.,.F.,(4,3,4),(0.002750286,0.003165102,0.003579918),.UNSPECIFIED.);
#2214=EDGE_CURVE('',#2075,#2205,#2213,.T.);
#2215=ORIENTED_EDGE('',*,*,#2214,.T.);
#2216=CARTESIAN_POINT('',(90.614303689,-51.188093472,24.659765239));
#2217=VERTEX_POINT('',#2216);
#2218=CARTESIAN_POINT('',(89.358007842,-47.217876762,18.123255309));
#2219=CARTESIAN_POINT('',(89.776773124,-48.54128233,20.30209195));
#2220=CARTESIAN_POINT('',(90.195538404,-49.864687895,22.480928593));
#2221=CARTESIAN_POINT('',(90.614303684,-51.188093456,24.659765239));
#2222=B_SPLINE_CURVE_WITH_KNOTS('',3,(#2218,#2219,#2220,#2221),.UNSPECIFIED.,.F.,.F.,(4,4),(0.000324275,0.008074556),.UNSPECIFIED.);
#2223=EDGE_CURVE('',#2205,#2217,#2222,.T.);
#2224=ORIENTED_EDGE('',*,*,#2223,.T.);
#2225=CARTESIAN_POINT('',(90.614303689,-51.188093472,24.659765265));
#2226=DIRECTION('',(0.991139917,0.132821926,0.));
#2227=VECTOR('',#2226,0.710637834);
#2228=LINE('',#2225,#2227);
#2229=EDGE_CURVE('',#2217,#2107,#2228,.T.);
#2230=ORIENTED_EDGE('',*,*,#2229,.T.);
#2231=ORIENTED_EDGE('',*,*,#2112,.F.);
#2232=CARTESIAN_POINT('',(90.818786701,-50.176963796,23.136771328));
#2233=VERTEX_POINT('',#2232);
#2234=CARTESIAN_POINT('',(91.015089609,-50.134391787,23.123735839));
#2235=CARTESIAN_POINT('',(90.949657868,-50.148597504,23.128070425));
#2236=CARTESIAN_POINT('',(90.884223571,-50.162788211,23.132415562));
#2237=CARTESIAN_POINT('',(90.818786701,-50.176963796,23.136771328));
#2238=B_SPLINE_CURVE_WITH_KNOTS('',3,(#2234,#2235,#2236,#2237),.UNSPECIFIED.,.F.,.F.,(4,4),(0.,0.000201289),.UNSPECIFIED.);
#2239=EDGE_CURVE('',#2099,#2233,#2238,.T.);
#2240=ORIENTED_EDGE('',*,*,#2239,.T.);
#2241=CARTESIAN_POINT('',(90.687188523,-49.761079873,22.465602171));
#2242=VERTEX_POINT('',#2241);
#2243=CARTESIAN_POINT('',(90.818786701,-50.176963796,23.136771328));
#2244=CARTESIAN_POINT('',(90.774920642,-50.038335822,22.913048276));
#2245=CARTESIAN_POINT('',(90.731054582,-49.899707847,22.689325223));
#2246=CARTESIAN_POINT('',(90.687188523,-49.761079873,22.465602171));
#2247=B_SPLINE_CURVE_WITH_KNOTS('',3,(#2243,#2244,#2245,#2246),.UNSPECIFIED.,.F.,.F.,(4,4),(0.,0.000800466),.UNSPECIFIED.);
#2248=EDGE_CURVE('',#2233,#2242,#2247,.T.);
#2249=ORIENTED_EDGE('',*,*,#2248,.T.);
#2250=CARTESIAN_POINT('',(90.687188523,-49.761079873,22.465602171));
#2251=CARTESIAN_POINT('',(90.75238742,-49.746150591,22.461799328));
#2252=CARTESIAN_POINT('',(90.81758384,-49.731208139,22.458005792));
#2253=CARTESIAN_POINT('',(90.882777801,-49.716252611,22.454221497));
#2254=B_SPLINE_CURVE_WITH_KNOTS('',3,(#2250,#2251,#2252,#2253),.UNSPECIFIED.,.F.,.F.,(4,4),(0.,0.000200983),.UNSPECIFIED.);
#2255=EDGE_CURVE('',#2242,#2131,#2254,.T.);
#2256=ORIENTED_EDGE('',*,*,#2255,.T.);
#2257=ORIENTED_EDGE('',*,*,#2136,.F.);
#2258=CARTESIAN_POINT('',(90.653030758,-49.321662873,21.789564081));
#2259=VERTEX_POINT('',#2258);
#2260=CARTESIAN_POINT('',(90.653030758,-49.321662873,21.789564081));
#2261=CARTESIAN_POINT('',(90.685509746,-49.313815853,21.787943122));
#2262=CARTESIAN_POINT('',(90.717988158,-49.30596604,21.786324146));
#2263=CARTESIAN_POINT('',(90.750465993,-49.298113435,21.784707154));
#2264=B_SPLINE_CURVE_WITH_KNOTS('',3,(#2260,#2261,#2262,#2263),.UNSPECIFIED.,.F.,.F.,(4,4),(0.,0.000100358),.UNSPECIFIED.);
#2265=EDGE_CURVE('',#2259,#2129,#2264,.T.);
#2266=ORIENTED_EDGE('',*,*,#2265,.F.);
#2267=CARTESIAN_POINT('',(90.521075324,-48.904649932,21.119223353));
#2268=VERTEX_POINT('',#2267);
#2269=CARTESIAN_POINT('',(90.521075324,-48.904649932,21.119223353));
#2270=CARTESIAN_POINT('',(90.565060469,-49.043654246,21.342670262));
#2271=CARTESIAN_POINT('',(90.609045613,-49.182658559,21.566117172));
#2272=CARTESIAN_POINT('',(90.653030758,-49.321662873,21.789564081));
#2273=B_SPLINE_CURVE_WITH_KNOTS('',3,(#2269,#2270,#2271,#2272),.UNSPECIFIED.,.F.,.F.,(4,4),(0.,0.000800418),.UNSPECIFIED.);
#2274=EDGE_CURVE('',#2268,#2259,#2273,.T.);
#2275=ORIENTED_EDGE('',*,*,#2274,.F.);
#2276=CARTESIAN_POINT('',(90.618154186,-48.879974259,21.115192812));
#2277=CARTESIAN_POINT('',(90.585795083,-48.88820179,21.116534678));
#2278=CARTESIAN_POINT('',(90.553435463,-48.896427015,21.117878191));
#2279=CARTESIAN_POINT('',(90.521075324,-48.904649932,21.119223353));
#2280=B_SPLINE_CURVE_WITH_KNOTS('',3,(#2276,#2277,#2278,#2279),.UNSPECIFIED.,.F.,.F.,(4,4),(0.,0.000100247),.UNSPECIFIED.);
#2281=EDGE_CURVE('',#2169,#2268,#2280,.T.);
#2282=ORIENTED_EDGE('',*,*,#2281,.F.);
#2283=ORIENTED_EDGE('',*,*,#2174,.F.);
#2284=CARTESIAN_POINT('',(90.292393989,-48.513428105,20.452094698));
#2285=VERTEX_POINT('',#2284);
#2286=CARTESIAN_POINT('',(90.485842378,-48.461835083,20.44567847));
#2287=CARTESIAN_POINT('',(90.421361359,-48.479040076,20.447811956));
#2288=CARTESIAN_POINT('',(90.356878567,-48.496237768,20.449950686));
#2289=CARTESIAN_POINT('',(90.292393989,-48.513428105,20.452094698));
#2290=B_SPLINE_CURVE_WITH_KNOTS('',3,(#2286,#2287,#2288,#2289),.UNSPECIFIED.,.F.,.F.,(4,4),(0.,0.000200313),.UNSPECIFIED.);
#2291=EDGE_CURVE('',#2161,#2285,#2290,.T.);
#2292=ORIENTED_EDGE('',*,*,#2291,.T.);
#2293=CARTESIAN_POINT('',(90.160795811,-48.097544183,19.780925541));
#2294=CARTESIAN_POINT('',(90.20466187,-48.236172157,20.004648593));
#2295=CARTESIAN_POINT('',(90.24852793,-48.374800131,20.228371646));
#2296=CARTESIAN_POINT('',(90.292393989,-48.513428105,20.452094698));
#2297=B_SPLINE_CURVE_WITH_KNOTS('',3,(#2293,#2294,#2295,#2296),.UNSPECIFIED.,.F.,.F.,(4,4),(0.,0.000800466),.UNSPECIFIED.);
#2298=EDGE_CURVE('',#2195,#2285,#2297,.T.);
#2299=ORIENTED_EDGE('',*,*,#2298,.F.);
#2300=EDGE_LOOP('',(#2202,#2203,#2215,#2224,#2230,#2231,#2240,#2249,#2256,#2257,#2266,#2275,#2282,#2283,#2292,#2299));
#2301=FACE_BOUND('',#2300,.T.);
#2302=ADVANCED_FACE('',(#2301),#2193,.F.);
#2303=CARTESIAN_POINT('',(118.334189233,-20.290360419,17.846179371));
#2304=CARTESIAN_POINT('',(118.334019058,-20.290916102,17.89836108));
#2305=CARTESIAN_POINT('',(118.333756096,-20.29203775,18.002724251));
#2306=CARTESIAN_POINT('',(118.333603949,-20.293752618,18.159268215));
#2307=CARTESIAN_POINT('',(118.333702903,-20.295501197,18.315811303));
#2308=CARTESIAN_POINT('',(118.333932324,-20.296688712,18.420172758));
#2309=CARTESIAN_POINT('',(118.334086285,-20.297287675,18.472353339));
#2310=CARTESIAN_POINT('',(118.33411234,-20.297389039,18.48118405));
#2311=CARTESIAN_POINT('',(118.334138395,-20.297490404,18.490014762));
#2312=CARTESIAN_POINT('',(118.334164451,-20.297591768,18.498845473));
#2313=CARTESIAN_POINT('',(118.264492174,-21.154035527,17.8461518));
#2314=CARTESIAN_POINT('',(118.26430232,-21.154557098,17.898284744));
#2315=CARTESIAN_POINT('',(118.263972963,-21.155606176,18.002550484));
#2316=CARTESIAN_POINT('',(118.263625821,-21.157196815,18.15894865));
#2317=CARTESIAN_POINT('',(118.263422128,-21.158803777,18.315346367));
#2318=CARTESIAN_POINT('',(118.263383625,-21.159886245,18.419611192));
#2319=CARTESIAN_POINT('',(118.263389397,-21.160430383,18.471743519));
#2320=CARTESIAN_POINT('',(118.263390374,-21.16052247,18.480566064));
#2321=CARTESIAN_POINT('',(118.263391351,-21.160614557,18.489388609));
#2322=CARTESIAN_POINT('',(118.263392327,-21.160706643,18.498211154));
#2323=CARTESIAN_POINT('',(118.024143524,-22.884649967,17.84684569));
#2324=CARTESIAN_POINT('',(118.024080317,-22.884939823,17.898798151));
#2325=CARTESIAN_POINT('',(118.0239595,-22.885520398,18.002703041));
#2326=CARTESIAN_POINT('',(118.023797096,-22.886394174,18.15856028));
#2327=CARTESIAN_POINT('',(118.023655188,-22.887271164,18.314417416));
#2328=CARTESIAN_POINT('',(118.02357346,-22.887857864,18.418322109));
#2329=CARTESIAN_POINT('',(118.023535464,-22.888151679,18.470274443));
#2330=CARTESIAN_POINT('',(118.023529034,-22.888201402,18.479066527));
#2331=CARTESIAN_POINT('',(118.023522604,-22.888251126,18.487858612));
#2332=CARTESIAN_POINT('',(118.023516174,-22.888300849,18.496650696));
#2333=CARTESIAN_POINT('',(117.453297618,-25.47773071,17.848678199));
#2334=CARTESIAN_POINT('',(117.453286983,-25.477679627,17.900323564));
#2335=CARTESIAN_POINT('',(117.453271639,-25.47757843,18.003614259));
#2336=CARTESIAN_POINT('',(117.453265498,-25.477429539,18.158550205));
#2337=CARTESIAN_POINT('',(117.453275503,-25.477283539,18.313486077));
#2338=CARTESIAN_POINT('',(117.453293261,-25.477188125,18.416776616));
#2339=CARTESIAN_POINT('',(117.453305072,-25.477140898,18.468421875));
#2340=CARTESIAN_POINT('',(117.453307071,-25.477132906,18.477161993));
#2341=CARTESIAN_POINT('',(117.45330907,-25.477124913,18.48590211));
#2342=CARTESIAN_POINT('',(117.453311068,-25.477116921,18.494642227));
#2343=CARTESIAN_POINT('',(116.878958789,-27.405146796,17.849021634));
#2344=CARTESIAN_POINT('',(116.878975074,-27.405130123,17.900642326));
#2345=CARTESIAN_POINT('',(116.879005732,-27.405095682,18.003883709));
#2346=CARTESIAN_POINT('',(116.879046037,-27.405040451,18.158745772));
#2347=CARTESIAN_POINT('',(116.879080692,-27.404981446,18.313607821));
#2348=CARTESIAN_POINT('',(116.879100054,-27.404939743,18.416849178));
#2349=CARTESIAN_POINT('',(116.879108781,-27.404918348,18.468469854));
#2350=CARTESIAN_POINT('',(116.879110258,-27.404914727,18.477205811));
#2351=CARTESIAN_POINT('',(116.879111734,-27.404911107,18.485941768));
#2352=CARTESIAN_POINT('',(116.879113211,-27.404907486,18.494677725));
#2353=CARTESIAN_POINT('',(116.426721874,-28.669317929,17.849251504));
#2354=CARTESIAN_POINT('',(116.426689009,-28.669385903,17.900859167));
#2355=CARTESIAN_POINT('',(116.426625969,-28.669523275,18.004074488));
#2356=CARTESIAN_POINT('',(116.426539959,-28.669734106,18.158897457));
#2357=CARTESIAN_POINT('',(116.426462896,-28.669950107,18.313720414));
#2358=CARTESIAN_POINT('',(116.426417216,-28.670097315,18.416935709));
#2359=CARTESIAN_POINT('',(116.426395727,-28.670171638,18.468543353));
#2360=CARTESIAN_POINT('',(116.426392091,-28.670184216,18.477277104));
#2361=CARTESIAN_POINT('',(116.426388454,-28.670196794,18.486010856));
#2362=CARTESIAN_POINT('',(116.426384817,-28.670209372,18.494744607));
#2363=CARTESIAN_POINT('',(116.184301163,-29.295485822,17.849341022));
#2364=CARTESIAN_POINT('',(116.184254366,-29.295614673,17.900946695));
#2365=CARTESIAN_POINT('',(116.184159216,-29.295871891,18.00415803));
#2366=CARTESIAN_POINT('',(116.184011001,-29.296255065,18.158975002));
#2367=CARTESIAN_POINT('',(116.183856493,-29.296634636,18.313791949));
#2368=CARTESIAN_POINT('',(116.183749789,-29.29688587,18.417003238));
#2369=CARTESIAN_POINT('',(116.183695641,-29.297011233,18.46860888));
#2370=CARTESIAN_POINT('',(116.183686478,-29.297032448,18.477342292));
#2371=CARTESIAN_POINT('',(116.183677314,-29.297053664,18.486075704));
#2372=CARTESIAN_POINT('',(116.183668151,-29.297074879,18.494809117));
#2373=CARTESIAN_POINT('',(115.925355011,-29.915616098,17.849408296));
#2374=CARTESIAN_POINT('',(115.925263933,-29.915799231,17.901015317));
#2375=CARTESIAN_POINT('',(115.925086405,-29.916169431,18.004229353));
#2376=CARTESIAN_POINT('',(115.92483144,-29.916737685,18.159050383));
#2377=CARTESIAN_POINT('',(115.924586246,-29.917319928,18.313871383));
#2378=CARTESIAN_POINT('',(115.924430324,-29.917716798,18.417085363));
#2379=CARTESIAN_POINT('',(115.92435467,-29.917917217,18.46869235));
#2380=CARTESIAN_POINT('',(115.924341867,-29.917951135,18.47742599));
#2381=CARTESIAN_POINT('',(115.924329063,-29.917985053,18.48615963));
#2382=CARTESIAN_POINT('',(115.92431626,-29.918018971,18.49489327));
#2383=CARTESIAN_POINT('',(115.647891111,-30.530318941,17.849446433));
#2384=CARTESIAN_POINT('',(115.647742691,-30.530580611,17.901056885));
#2385=CARTESIAN_POINT('',(115.647455701,-30.531103058,18.004277808));
#2386=CARTESIAN_POINT('',(115.647068598,-30.531887866,18.159109255));
#2387=CARTESIAN_POINT('',(115.646734912,-30.532676486,18.313940771));
#2388=CARTESIAN_POINT('',(115.646541607,-30.533203033,18.417161824));
#2389=CARTESIAN_POINT('',(115.646449971,-30.533465883,18.46877236));
#2390=CARTESIAN_POINT('',(115.646434463,-30.533510366,18.4775066));
#2391=CARTESIAN_POINT('',(115.646418955,-30.533554849,18.486240841));
#2392=CARTESIAN_POINT('',(115.646403447,-30.533599332,18.494975081));
#2393=CARTESIAN_POINT('',(115.360437415,-31.146892853,17.849452355));
#2394=CARTESIAN_POINT('',(115.360365921,-31.147276656,17.901065758));
#2395=CARTESIAN_POINT('',(115.360188955,-31.148027334,18.004292574));
#2396=CARTESIAN_POINT('',(115.359799002,-31.149091269,18.159132828));
#2397=CARTESIAN_POINT('',(115.359267689,-31.150084683,18.313973113));
#2398=CARTESIAN_POINT('',(115.358830055,-31.150705365,18.417199989));
#2399=CARTESIAN_POINT('',(115.358594091,-31.151007163,18.468813431));
#2400=CARTESIAN_POINT('',(115.358554157,-31.151058237,18.477548163));
#2401=CARTESIAN_POINT('',(115.358514224,-31.151109311,18.486282896));
#2402=CARTESIAN_POINT('',(115.358474291,-31.151160386,18.495017628));
#2403=CARTESIAN_POINT('',(114.983719491,-31.973895805,17.84943033));
#2404=CARTESIAN_POINT('',(114.983407169,-31.974271417,17.901047484));
#2405=CARTESIAN_POINT('',(114.982821899,-31.975049876,18.004281764));
#2406=CARTESIAN_POINT('',(114.98208514,-31.976314359,18.159133091));
#2407=CARTESIAN_POINT('',(114.981506809,-31.977687,18.313984319));
#2408=CARTESIAN_POINT('',(114.981215771,-31.978666889,18.417218412));
#2409=CARTESIAN_POINT('',(114.981090096,-31.979170548,18.468835446));
#2410=CARTESIAN_POINT('',(114.981068827,-31.979255784,18.477570786));
#2411=CARTESIAN_POINT('',(114.981047559,-31.97934102,18.486306127));
#2412=CARTESIAN_POINT('',(114.98102629,-31.979426256,18.495041467));
#2413=CARTESIAN_POINT('',(114.446065568,-32.963181527,17.849393044));
#2414=CARTESIAN_POINT('',(114.445813891,-32.963793033,17.901017792));
#2415=CARTESIAN_POINT('',(114.445285853,-32.964992166,18.004267315));
#2416=CARTESIAN_POINT('',(114.444402506,-32.966704534,18.159141687));
#2417=CARTESIAN_POINT('',(114.443414978,-32.968319541,18.31401615));
#2418=CARTESIAN_POINT('',(114.442695464,-32.969338431,18.417265843));
#2419=CARTESIAN_POINT('',(114.442323255,-32.969835855,18.468890701));
#2420=CARTESIAN_POINT('',(114.442260264,-32.969920036,18.477627365));
#2421=CARTESIAN_POINT('',(114.442197274,-32.970004217,18.486364029));
#2422=CARTESIAN_POINT('',(114.442134284,-32.970088398,18.495100693));
#2423=CARTESIAN_POINT('',(113.888407291,-33.952813483,17.849378267));
#2424=CARTESIAN_POINT('',(113.88799405,-33.953498065,17.901000403));
#2425=CARTESIAN_POINT('',(113.887170034,-33.954877926,18.004244664));
#2426=CARTESIAN_POINT('',(113.885948232,-33.956989095,18.159111017));
#2427=CARTESIAN_POINT('',(113.884745649,-33.959148551,18.313977327));
#2428=CARTESIAN_POINT('',(113.883953514,-33.960615915,18.417221506));
#2429=CARTESIAN_POINT('',(113.883558717,-33.961354995,18.46884359));
#2430=CARTESIAN_POINT('',(113.883491904,-33.961480073,18.477579785));
#2431=CARTESIAN_POINT('',(113.883425091,-33.96160515,18.48631598));
#2432=CARTESIAN_POINT('',(113.883358278,-33.961730227,18.495052175));
#2433=CARTESIAN_POINT('',(113.424832953,-34.725391631,17.849354947));
#2434=CARTESIAN_POINT('',(113.42433166,-34.726206133,17.900976746));
#2435=CARTESIAN_POINT('',(113.423332164,-34.727830692,18.004220336));
#2436=CARTESIAN_POINT('',(113.421840802,-34.730248607,18.159085697));
#2437=CARTESIAN_POINT('',(113.420356393,-34.732643482,18.313951037));
#2438=CARTESIAN_POINT('',(113.41937202,-34.734227329,18.417194587));
#2439=CARTESIAN_POINT('',(113.41888137,-34.735016986,18.468816361));
#2440=CARTESIAN_POINT('',(113.418798336,-34.735150623,18.477552503));
#2441=CARTESIAN_POINT('',(113.418715301,-34.735284259,18.486288645));
#2442=CARTESIAN_POINT('',(113.418632267,-34.735417896,18.495024788));
#2443=CARTESIAN_POINT('',(113.061270388,-35.296020882,17.849296685));
#2444=CARTESIAN_POINT('',(113.060701943,-35.296872919,17.900923628));
#2445=CARTESIAN_POINT('',(113.059566276,-35.298580724,18.004177528));
#2446=CARTESIAN_POINT('',(113.057865359,-35.301156031,18.159058436));
#2447=CARTESIAN_POINT('',(113.056166107,-35.303746627,18.313939414));
#2448=CARTESIAN_POINT('',(113.055034924,-35.305482799,18.417193445));
#2449=CARTESIAN_POINT('',(113.054469922,-35.306352768,18.468820471));
#2450=CARTESIAN_POINT('',(113.054374304,-35.306499996,18.477557502));
#2451=CARTESIAN_POINT('',(113.054278687,-35.306647224,18.486294533));
#2452=CARTESIAN_POINT('',(113.054183069,-35.306794452,18.495031565));
#2453=CARTESIAN_POINT('',(112.680367749,-35.854216108,17.849174059));
#2454=CARTESIAN_POINT('',(112.679706385,-35.855119062,17.900813985));
#2455=CARTESIAN_POINT('',(112.67839143,-35.856930903,18.004093828));
#2456=CARTESIAN_POINT('',(112.67644592,-35.859668612,18.159013561));
#2457=CARTESIAN_POINT('',(112.674530289,-35.862428158,18.313933267));
#2458=CARTESIAN_POINT('',(112.673271342,-35.864281272,18.41721306));
#2459=CARTESIAN_POINT('',(112.672645808,-35.86521083,18.468852954));
#2460=CARTESIAN_POINT('',(112.672539947,-35.865368142,18.477592163));
#2461=CARTESIAN_POINT('',(112.672434086,-35.865525455,18.486331373));
#2462=CARTESIAN_POINT('',(112.672328225,-35.865682767,18.495070582));
#2463=CARTESIAN_POINT('',(112.28587287,-36.403048192,17.849018544));
#2464=CARTESIAN_POINT('',(112.285183149,-36.404041387,17.900677349));
#2465=CARTESIAN_POINT('',(112.283796597,-36.406018908,18.003994939));
#2466=CARTESIAN_POINT('',(112.281696824,-36.408959423,18.158971258));
#2467=CARTESIAN_POINT('',(112.279577925,-36.411874473,18.313947509));
#2468=CARTESIAN_POINT('',(112.278152088,-36.413800622,18.417264968));
#2469=CARTESIAN_POINT('',(112.277435658,-36.414759263,18.468923689));
#2470=CARTESIAN_POINT('',(112.277314414,-36.414921497,18.477666084));
#2471=CARTESIAN_POINT('',(112.27719317,-36.415083732,18.486408479));
#2472=CARTESIAN_POINT('',(112.277071926,-36.415245966,18.495150874));
#2473=CARTESIAN_POINT('',(111.893378052,-36.955085938,17.848858359));
#2474=CARTESIAN_POINT('',(111.892707374,-36.956162391,17.900539459));
#2475=CARTESIAN_POINT('',(111.891345975,-36.958298172,18.003901661));
#2476=CARTESIAN_POINT('',(111.889231853,-36.961438374,18.158944971));
#2477=CARTESIAN_POINT('',(111.887036728,-36.964506096,18.313988282));
#2478=CARTESIAN_POINT('',(111.885524903,-36.966508594,18.417350488));
#2479=CARTESIAN_POINT('',(111.88475882,-36.967501144,18.46903159));
#2480=CARTESIAN_POINT('',(111.884629174,-36.967669117,18.477777773));
#2481=CARTESIAN_POINT('',(111.884499527,-36.96783709,18.486523956));
#2482=CARTESIAN_POINT('',(111.88436988,-36.968005063,18.495270139));
#2483=CARTESIAN_POINT('',(111.504586287,-37.505292129,17.848708294));
#2484=CARTESIAN_POINT('',(111.503769214,-37.506291267,17.9004096));
#2485=CARTESIAN_POINT('',(111.50214991,-37.508310527,18.003812236));
#2486=CARTESIAN_POINT('',(111.499773683,-37.511413739,18.158916273));
#2487=CARTESIAN_POINT('',(111.497456341,-37.514599801,18.314020392));
#2488=CARTESIAN_POINT('',(111.495946723,-37.516773673,18.417423187));
#2489=CARTESIAN_POINT('',(111.495199358,-37.517871204,18.469124594));
#2490=CARTESIAN_POINT('',(111.495072878,-37.518056943,18.477874213));
#2491=CARTESIAN_POINT('',(111.494946399,-37.518242683,18.486623832));
#2492=CARTESIAN_POINT('',(111.494819919,-37.518428422,18.495373452));
#2493=CARTESIAN_POINT('',(111.089799254,-38.022895935,17.84856733));
#2494=CARTESIAN_POINT('',(111.088847116,-38.023912311,17.900284024));
#2495=CARTESIAN_POINT('',(111.086960758,-38.025959677,18.003717418));
#2496=CARTESIAN_POINT('',(111.084190092,-38.029077726,18.158867525));
#2497=CARTESIAN_POINT('',(111.081482339,-38.032245373,18.314017643));
#2498=CARTESIAN_POINT('',(111.079716602,-38.034388602,18.417451061));
#2499=CARTESIAN_POINT('',(111.07884278,-38.035467579,18.469167772));
#2500=CARTESIAN_POINT('',(111.0786949,-38.035650179,18.477919981));
#2501=CARTESIAN_POINT('',(111.07854702,-38.035832778,18.48667219));
#2502=CARTESIAN_POINT('',(111.07839914,-38.036015377,18.495424399));
#2503=CARTESIAN_POINT('',(110.493173426,-38.673377459,17.848393551));
#2504=CARTESIAN_POINT('',(110.492201513,-38.674508947,17.900127671));
#2505=CARTESIAN_POINT('',(110.490237473,-38.676746404,18.003595897));
#2506=CARTESIAN_POINT('',(110.487222422,-38.680016609,18.15879818));
#2507=CARTESIAN_POINT('',(110.484131978,-38.683193457,18.314000404));
#2508=CARTESIAN_POINT('',(110.482025602,-38.685253716,18.417468518));
#2509=CARTESIAN_POINT('',(110.480962263,-38.686270959,18.469202567));
#2510=CARTESIAN_POINT('',(110.480782311,-38.686443111,18.47795771));
#2511=CARTESIAN_POINT('',(110.480602358,-38.686615263,18.486712853));
#2512=CARTESIAN_POINT('',(110.480422405,-38.686787415,18.495467996));
#2513=CARTESIAN_POINT('',(109.727246435,-39.484217717,17.848269101));
#2514=CARTESIAN_POINT('',(109.726201535,-39.485232148,17.900018515));
#2515=CARTESIAN_POINT('',(109.724119889,-39.487276727,18.003517354));
#2516=CARTESIAN_POINT('',(109.721027194,-39.4903985,18.158765648));
#2517=CARTESIAN_POINT('',(109.717968299,-39.493581205,18.31401398));
#2518=CARTESIAN_POINT('',(109.715948887,-39.495739874,18.417512889));
#2519=CARTESIAN_POINT('',(109.714943262,-39.496827169,18.469262349));
#2520=CARTESIAN_POINT('',(109.714773076,-39.497011176,18.4780201));
#2521=CARTESIAN_POINT('',(109.71460289,-39.497195183,18.486777851));
#2522=CARTESIAN_POINT('',(109.714432705,-39.49737919,18.495535602));
#2523=CARTESIAN_POINT('',(108.773356832,-40.407979676,17.848204588));
#2524=CARTESIAN_POINT('',(108.772249695,-40.409017189,17.899966865));
#2525=CARTESIAN_POINT('',(108.77003381,-40.411083937,18.00349141));
#2526=CARTESIAN_POINT('',(108.766702824,-40.414154712,18.158778197));
#2527=CARTESIAN_POINT('',(108.763362941,-40.41719263,18.31406495));
#2528=CARTESIAN_POINT('',(108.761131605,-40.419198155,18.417589434));
#2529=CARTESIAN_POINT('',(108.760015141,-40.420196704,18.469351672));
#2530=CARTESIAN_POINT('',(108.759826197,-40.420365692,18.478111586));
#2531=CARTESIAN_POINT('',(108.759637254,-40.420534681,18.4868715));
#2532=CARTESIAN_POINT('',(108.759448311,-40.420703669,18.495631414));
#2533=CARTESIAN_POINT('',(107.763044221,-41.280966489,17.848157958));
#2534=CARTESIAN_POINT('',(107.761903564,-41.281874008,17.899922504));
#2535=CARTESIAN_POINT('',(107.759622345,-41.283693275,18.003451633));
#2536=CARTESIAN_POINT('',(107.756201861,-41.286437279,18.158745442));
#2537=CARTESIAN_POINT('',(107.752783506,-41.289198262,18.314039366));
#2538=CARTESIAN_POINT('',(107.750505485,-41.291049116,18.417568718));
#2539=CARTESIAN_POINT('',(107.749366517,-41.291976709,18.469333409));
#2540=CARTESIAN_POINT('',(107.749173765,-41.292133689,18.478093738));
#2541=CARTESIAN_POINT('',(107.748981013,-41.292290669,18.486854067));
#2542=CARTESIAN_POINT('',(107.748788261,-41.292447649,18.495614396));
#2543=CARTESIAN_POINT('',(106.703200616,-42.069793957,17.848147561));
#2544=CARTESIAN_POINT('',(106.702001539,-42.070614017,17.899883331));
#2545=CARTESIAN_POINT('',(106.699603393,-42.072255588,18.003354883));
#2546=CARTESIAN_POINT('',(106.696005494,-42.074721344,18.158562244));
#2547=CARTESIAN_POINT('',(106.692406375,-42.077189737,18.313769635));
#2548=CARTESIAN_POINT('',(106.69000648,-42.078837478,18.417241245));
#2549=CARTESIAN_POINT('',(106.688806527,-42.079662026,18.468977054));
#2550=CARTESIAN_POINT('',(106.688603455,-42.079801568,18.477732495));
#2551=CARTESIAN_POINT('',(106.688400382,-42.079941109,18.486487936));
#2552=CARTESIAN_POINT('',(106.68819731,-42.08008065,18.495243378));
#2553=CARTESIAN_POINT('',(105.587193913,-42.771887714,17.848628319));
#2554=CARTESIAN_POINT('',(105.585930088,-42.77261434,17.900294973));
#2555=CARTESIAN_POINT('',(105.583404571,-42.774066412,18.003628234));
#2556=CARTESIAN_POINT('',(105.579623499,-42.776241636,18.158627976));
#2557=CARTESIAN_POINT('',(105.575850273,-42.778414571,18.313627556));
#2558=CARTESIAN_POINT('',(105.573339669,-42.779861493,18.416960495));
#2559=CARTESIAN_POINT('',(105.572085463,-42.780584448,18.468626936));
#2560=CARTESIAN_POINT('',(105.571873209,-42.780706796,18.477370638));
#2561=CARTESIAN_POINT('',(105.571660955,-42.780829145,18.48611434));
#2562=CARTESIAN_POINT('',(105.571448702,-42.780951493,18.494858041));
#2563=CARTESIAN_POINT('',(104.418920854,-43.427742521,17.849976926));
#2564=CARTESIAN_POINT('',(104.417677973,-43.428448755,17.901528647));
#2565=CARTESIAN_POINT('',(104.415189449,-43.429857851,18.004632081));
#2566=CARTESIAN_POINT('',(104.411447676,-43.431960318,18.159287192));
#2567=CARTESIAN_POINT('',(104.407696334,-43.434050614,18.313942253));
#2568=CARTESIAN_POINT('',(104.405189364,-43.435436329,18.417045601));
#2569=CARTESIAN_POINT('',(104.403934468,-43.436127369,18.46859727));
#2570=CARTESIAN_POINT('',(104.403722098,-43.436244316,18.477321549));
#2571=CARTESIAN_POINT('',(104.403509727,-43.436361263,18.486045827));
#2572=CARTESIAN_POINT('',(104.403297356,-43.43647821,18.494770105));
#2573=CARTESIAN_POINT('',(102.828668081,-44.253651834,17.851523823));
#2574=CARTESIAN_POINT('',(102.827469338,-44.254135592,17.9028995));
#2575=CARTESIAN_POINT('',(102.825073306,-44.255108,18.005651064));
#2576=CARTESIAN_POINT('',(102.821484177,-44.256582787,18.159779077));
#2577=CARTESIAN_POINT('',(102.817900499,-44.258075253,18.313907793));
#2578=CARTESIAN_POINT('',(102.815514867,-44.259081734,18.416660724));
#2579=CARTESIAN_POINT('',(102.814322853,-44.25958768,18.468037297));
#2580=CARTESIAN_POINT('',(102.814121124,-44.259673303,18.476731943));
#2581=CARTESIAN_POINT('',(102.813919395,-44.259758926,18.485426589));
#2582=CARTESIAN_POINT('',(102.813717666,-44.25984455,18.494121235));
#2583=CARTESIAN_POINT('',(100.751161082,-45.066083568,17.850343841));
#2584=CARTESIAN_POINT('',(100.750184213,-45.066428804,17.901536118));
#2585=CARTESIAN_POINT('',(100.748230784,-45.06711537,18.003920391));
#2586=CARTESIAN_POINT('',(100.745301108,-45.068131473,18.157495891));
#2587=CARTESIAN_POINT('',(100.742371259,-45.069131375,18.311070427));
#2588=CARTESIAN_POINT('',(100.74041777,-45.069786979,18.413452832));
#2589=CARTESIAN_POINT('',(100.73944098,-45.070112167,18.464643889));
#2590=CARTESIAN_POINT('',(100.739275674,-45.0701672,18.47330714));
#2591=CARTESIAN_POINT('',(100.739110368,-45.070222233,18.481970391));
#2592=CARTESIAN_POINT('',(100.738945062,-45.070277266,18.490633642));
#2593=CARTESIAN_POINT('',(98.593441945,-45.735237402,17.85734647));
#2594=CARTESIAN_POINT('',(98.592496438,-45.73550152,17.908277647));
#2595=CARTESIAN_POINT('',(98.590604035,-45.736032278,18.01014025));
#2596=CARTESIAN_POINT('',(98.58776155,-45.736837928,18.162934954));
#2597=CARTESIAN_POINT('',(98.58491574,-45.737655629,18.315730511));
#2598=CARTESIAN_POINT('',(98.583016619,-45.73820928,18.417594754));
#2599=CARTESIAN_POINT('',(98.582066602,-45.738488149,18.468526999));
#2600=CARTESIAN_POINT('',(98.581905827,-45.738535343,18.477146451));
#2601=CARTESIAN_POINT('',(98.581745053,-45.738582537,18.485765902));
#2602=CARTESIAN_POINT('',(98.581584278,-45.738629731,18.494385353));
#2603=CARTESIAN_POINT('',(96.845310161,-46.133561312,17.860015923));
#2604=CARTESIAN_POINT('',(96.843951729,-46.13384777,17.911024615));
#2605=CARTESIAN_POINT('',(96.841236214,-46.134417844,18.013042148));
#2606=CARTESIAN_POINT('',(96.837166795,-46.135262707,18.166068824));
#2607=CARTESIAN_POINT('',(96.833100837,-46.136095364,18.319095838));
#2608=CARTESIAN_POINT('',(96.830392269,-46.136642222,18.421114143));
#2609=CARTESIAN_POINT('',(96.829038487,-46.136913722,18.472123388));
#2610=CARTESIAN_POINT('',(96.828809381,-46.136959669,18.48075587));
#2611=CARTESIAN_POINT('',(96.828580276,-46.137005616,18.489388352));
#2612=CARTESIAN_POINT('',(96.82835117,-46.137051563,18.498020834));
#2613=CARTESIAN_POINT('',(95.736304539,-46.338095733,17.857320333));
#2614=CARTESIAN_POINT('',(95.734772022,-46.338350072,17.908665923));
#2615=CARTESIAN_POINT('',(95.731707335,-46.338860765,18.01135799));
#2616=CARTESIAN_POINT('',(95.727111704,-46.339634438,18.165398915));
#2617=CARTESIAN_POINT('',(95.722517811,-46.340416981,18.319442818));
#2618=CARTESIAN_POINT('',(95.719456332,-46.340944125,18.422140704));
#2619=CARTESIAN_POINT('',(95.717925824,-46.341208834,18.473490113));
#2620=CARTESIAN_POINT('',(95.71766681,-46.341253632,18.482180162));
#2621=CARTESIAN_POINT('',(95.717407797,-46.341298429,18.490870211));
#2622=CARTESIAN_POINT('',(95.717148783,-46.341343227,18.49956026));
#2623=CARTESIAN_POINT('',(94.844343627,-46.472628567,17.851131255));
#2624=CARTESIAN_POINT('',(94.842658416,-46.472866855,17.902926345));
#2625=CARTESIAN_POINT('',(94.839288033,-46.473344645,18.00651718));
#2626=CARTESIAN_POINT('',(94.834231814,-46.474063029,18.161905328));
#2627=CARTESIAN_POINT('',(94.829174458,-46.474782026,18.317295339));
#2628=CARTESIAN_POINT('',(94.825802499,-46.475262631,18.420890006));
#2629=CARTESIAN_POINT('',(94.824116558,-46.475503586,18.472687696));
#2630=CARTESIAN_POINT('',(94.82383124,-46.475544364,18.48145361));
#2631=CARTESIAN_POINT('',(94.823545922,-46.475585142,18.490219523));
#2632=CARTESIAN_POINT('',(94.823260604,-46.47562592,18.498985437));
#2633=CARTESIAN_POINT('',(94.174447585,-46.563417472,17.845071234));
#2634=CARTESIAN_POINT('',(94.172652087,-46.563656644,17.897271871));
#2635=CARTESIAN_POINT('',(94.169062611,-46.564134041,18.001673707));
#2636=CARTESIAN_POINT('',(94.163685073,-46.564857478,18.158278658));
#2637=CARTESIAN_POINT('',(94.158315695,-46.565595443,18.314886324));
#2638=CARTESIAN_POINT('',(94.154740591,-46.566092433,18.419293118));
#2639=CARTESIAN_POINT('',(94.152953809,-46.566340502,18.471496862));
#2640=CARTESIAN_POINT('',(94.152651425,-46.566382483,18.480331493));
#2641=CARTESIAN_POINT('',(94.152349041,-46.566424465,18.489166124));
#2642=CARTESIAN_POINT('',(94.152046657,-46.566466446,18.498000756));
#2643=CARTESIAN_POINT('',(93.672662459,-46.632463516,17.840296019));
#2644=CARTESIAN_POINT('',(93.670783283,-46.63277601,17.892827499));
#2645=CARTESIAN_POINT('',(93.667023694,-46.633381252,17.997890202));
#2646=CARTESIAN_POINT('',(93.661378007,-46.634213145,18.155482775));
#2647=CARTESIAN_POINT('',(93.655723811,-46.634954744,18.313073245));
#2648=CARTESIAN_POINT('',(93.651949496,-46.635394992,18.418132514));
#2649=CARTESIAN_POINT('',(93.650061499,-46.635604033,18.470662014));
#2650=CARTESIAN_POINT('',(93.649741986,-46.635639409,18.479551774));
#2651=CARTESIAN_POINT('',(93.649422474,-46.635674786,18.488441534));
#2652=CARTESIAN_POINT('',(93.649102961,-46.635710163,18.497331294));
#2653=CARTESIAN_POINT('',(93.339187722,-46.680787187,17.837316546));
#2654=CARTESIAN_POINT('',(93.337222677,-46.68104682,17.890049744));
#2655=CARTESIAN_POINT('',(93.333293348,-46.681561733,17.995517022));
#2656=CARTESIAN_POINT('',(93.327400729,-46.682311022,18.15371976));
#2657=CARTESIAN_POINT('',(93.321508364,-46.683026635,18.311923576));
#2658=CARTESIAN_POINT('',(93.317580258,-46.683482677,18.41739375));
#2659=CARTESIAN_POINT('',(93.315616328,-46.683706703,18.470129201));
#2660=CARTESIAN_POINT('',(93.315283965,-46.683744616,18.479053815));
#2661=CARTESIAN_POINT('',(93.314951601,-46.683782529,18.487978429));
#2662=CARTESIAN_POINT('',(93.314619238,-46.683820442,18.496903043));
#2663=CARTESIAN_POINT('',(93.172640325,-46.705037802,17.835867242));
#2664=CARTESIAN_POINT('',(93.17062817,-46.705256358,17.888694633));
#2665=CARTESIAN_POINT('',(93.16660546,-46.705697732,17.994351178));
#2666=CARTESIAN_POINT('',(93.160577011,-46.706373903,18.152840937));
#2667=CARTESIAN_POINT('',(93.154554502,-46.707062097,18.311335025));
#2668=CARTESIAN_POINT('',(93.150542673,-46.707524558,18.41700045));
#2669=CARTESIAN_POINT('',(93.148537388,-46.70775633,18.469833879));
#2670=CARTESIAN_POINT('',(93.148198027,-46.707795553,18.478775075));
#2671=CARTESIAN_POINT('',(93.147858665,-46.707834777,18.48771627));
#2672=CARTESIAN_POINT('',(93.147519303,-46.707874001,18.496657466));
#2673=CARTESIAN_POINT('',(93.033984907,-46.724925681,17.83468827));
#2674=CARTESIAN_POINT('',(93.031931592,-46.725104602,17.887586244));
#2675=CARTESIAN_POINT('',(93.027826919,-46.725472233,17.993384715));
#2676=CARTESIAN_POINT('',(93.021678045,-46.726068391,18.152090552));
#2677=CARTESIAN_POINT('',(93.015539121,-46.726719702,18.310804527));
#2678=CARTESIAN_POINT('',(93.011451966,-46.727180987,18.41661855));
#2679=CARTESIAN_POINT('',(93.009409371,-46.727416012,18.46952664));
#2680=CARTESIAN_POINT('',(93.009063695,-46.727455786,18.478480471));
#2681=CARTESIAN_POINT('',(93.00871802,-46.72749556,18.487434301));
#2682=CARTESIAN_POINT('',(93.008372344,-46.727535334,18.496388132));
#2683=CARTESIAN_POINT('',(92.923128179,-46.740413051,17.83376117));
#2684=CARTESIAN_POINT('',(92.921043055,-46.740569784,17.886709543));
#2685=CARTESIAN_POINT('',(92.916874452,-46.740892883,17.992609211));
#2686=CARTESIAN_POINT('',(92.910629555,-46.741432498,18.15146889));
#2687=CARTESIAN_POINT('',(92.904395679,-46.74205064,18.310339574));
#2688=CARTESIAN_POINT('',(92.900246019,-46.742503636,18.416259628));
#2689=CARTESIAN_POINT('',(92.898172221,-46.742736069,18.469220963));
#2690=CARTESIAN_POINT('',(92.897821265,-46.742775404,18.478183804));
#2691=CARTESIAN_POINT('',(92.897470309,-46.742814739,18.487146645));
#2692=CARTESIAN_POINT('',(92.897119352,-46.742854075,18.496109486));
#2693=CARTESIAN_POINT('',(92.853869513,-46.749879554,17.833189114));
#2694=CARTESIAN_POINT('',(92.851765656,-46.750030809,17.886166265));
#2695=CARTESIAN_POINT('',(92.847559126,-46.750340474,17.992123594));
#2696=CARTESIAN_POINT('',(92.841256033,-46.75085645,18.151070536));
#2697=CARTESIAN_POINT('',(92.834963281,-46.751455813,18.310029849));
#2698=CARTESIAN_POINT('',(92.830774231,-46.751900969,18.416009809));
#2699=CARTESIAN_POINT('',(92.828680638,-46.752129414,18.469001185));
#2700=CARTESIAN_POINT('',(92.828326331,-46.752168075,18.47796911));
#2701=CARTESIAN_POINT('',(92.827972025,-46.752206735,18.486937036));
#2702=CARTESIAN_POINT('',(92.827617718,-46.752245396,18.495904961));
#2703=CARTESIAN_POINT('',(92.798478563,-46.757310098,17.83273689));
#2704=CARTESIAN_POINT('',(92.796360899,-46.757465422,17.885735364));
#2705=CARTESIAN_POINT('',(92.792126246,-46.757779772,17.991735312));
#2706=CARTESIAN_POINT('',(92.785779116,-46.758292349,18.15074632));
#2707=CARTESIAN_POINT('',(92.779440648,-46.758882222,18.309770233));
#2708=CARTESIAN_POINT('',(92.775220543,-46.759320974,18.41579371));
#2709=CARTESIAN_POINT('',(92.773111263,-46.759545417,18.468806866));
#2710=CARTESIAN_POINT('',(92.772754302,-46.7595834,18.477778478));
#2711=CARTESIAN_POINT('',(92.772397341,-46.759621384,18.486750089));
#2712=CARTESIAN_POINT('',(92.772040379,-46.759659367,18.495721701));
#2713=CARTESIAN_POINT('',(92.743098422,-46.764642628,17.832288778));
#2714=CARTESIAN_POINT('',(92.740967924,-46.764809033,17.885307436));
#2715=CARTESIAN_POINT('',(92.736707007,-46.765141095,17.991347646));
#2716=CARTESIAN_POINT('',(92.730318118,-46.765664576,18.150418821));
#2717=CARTESIAN_POINT('',(92.723935363,-46.766251185,18.30950295));
#2718=CARTESIAN_POINT('',(92.719684774,-46.766684196,18.415566817));
#2719=CARTESIAN_POINT('',(92.717560038,-46.766904423,18.468600156));
#2720=CARTESIAN_POINT('',(92.717200461,-46.766941693,18.477575182));
#2721=CARTESIAN_POINT('',(92.716840884,-46.766978962,18.486550209));
#2722=CARTESIAN_POINT('',(92.716481307,-46.767016232,18.495525236));
#2723=CARTESIAN_POINT('',(92.67389402,-46.773621727,17.831737503));
#2724=CARTESIAN_POINT('',(92.671749666,-46.773817891,17.884779267));
#2725=CARTESIAN_POINT('',(92.667460176,-46.77420228,17.990865399));
#2726=CARTESIAN_POINT('',(92.661024633,-46.774775178,18.15000445));
#2727=CARTESIAN_POINT('',(92.654590406,-46.775376547,18.309155438));
#2728=CARTESIAN_POINT('',(92.650303335,-46.775805335,18.415263597));
#2729=CARTESIAN_POINT('',(92.648160032,-46.776021147,18.468319015));
#2730=CARTESIAN_POINT('',(92.647797313,-46.776057669,18.477297779));
#2731=CARTESIAN_POINT('',(92.647434594,-46.776094192,18.486276542));
#2732=CARTESIAN_POINT('',(92.647071875,-46.776130714,18.495255306));
#2733=CARTESIAN_POINT('',(92.590884445,-46.784100759,17.831094873));
#2734=CARTESIAN_POINT('',(92.588728171,-46.784367827,17.88416111));
#2735=CARTESIAN_POINT('',(92.584413808,-46.784884143,17.990295628));
#2736=CARTESIAN_POINT('',(92.577935885,-46.785609642,18.149504887));
#2737=CARTESIAN_POINT('',(92.571451473,-46.786297522,18.308723054));
#2738=CARTESIAN_POINT('',(92.567126137,-46.786742665,18.41487408));
#2739=CARTESIAN_POINT('',(92.564962998,-46.786960176,18.467950586));
#2740=CARTESIAN_POINT('',(92.564596922,-46.786996986,18.476932918));
#2741=CARTESIAN_POINT('',(92.564230846,-46.787033796,18.48591525));
#2742=CARTESIAN_POINT('',(92.56386477,-46.787070606,18.494897582));
#2743=CARTESIAN_POINT('',(92.507913778,-46.794299242,17.830477014));
#2744=CARTESIAN_POINT('',(92.505751438,-46.794682516,17.883564758));
#2745=CARTESIAN_POINT('',(92.501424143,-46.795421855,17.989741573));
#2746=CARTESIAN_POINT('',(92.494922538,-46.796436413,18.14901113));
#2747=CARTESIAN_POINT('',(92.488406651,-46.797338128,18.308285248));
#2748=CARTESIAN_POINT('',(92.484054474,-46.797870671,18.414470637));
#2749=CARTESIAN_POINT('',(92.481877325,-46.798125643,18.467563909));
#2750=CARTESIAN_POINT('',(92.481508878,-46.798168793,18.476549078));
#2751=CARTESIAN_POINT('',(92.481140431,-46.798211943,18.485534247));
#2752=CARTESIAN_POINT('',(92.480771984,-46.798255093,18.494519417));
#2753=CARTESIAN_POINT('',(92.424985701,-46.80424276,17.829890557));
#2754=CARTESIAN_POINT('',(92.42282397,-46.804795882,17.882997224));
#2755=CARTESIAN_POINT('',(92.418497653,-46.805868844,17.989211123));
#2756=CARTESIAN_POINT('',(92.411995095,-46.807347886,18.148532942));
#2757=CARTESIAN_POINT('',(92.405473916,-46.808658632,18.307854761));
#2758=CARTESIAN_POINT('',(92.401113936,-46.809418163,18.414068992));
#2759=CARTESIAN_POINT('',(92.398932245,-46.809779512,18.467176197));
#2760=CARTESIAN_POINT('',(92.398563029,-46.809840665,18.476163725));
#2761=CARTESIAN_POINT('',(92.398193813,-46.809901817,18.485151252));
#2762=CARTESIAN_POINT('',(92.397824597,-46.809962969,18.494138779));
#2763=CARTESIAN_POINT('',(92.31447731,-46.817206667,17.829159602));
#2764=CARTESIAN_POINT('',(92.31232553,-46.818063079,17.882288619));
#2765=CARTESIAN_POINT('',(92.308019525,-46.819739614,17.988546291));
#2766=CARTESIAN_POINT('',(92.301548714,-46.822107582,18.147929842));
#2767=CARTESIAN_POINT('',(92.295060681,-46.824284239,18.307308285));
#2768=CARTESIAN_POINT('',(92.290724381,-46.825614324,18.413557554));
#2769=CARTESIAN_POINT('',(92.288554932,-46.826260812,18.466681839));
#2770=CARTESIAN_POINT('',(92.288187788,-46.82637022,18.475672257));
#2771=CARTESIAN_POINT('',(92.287820644,-46.826479627,18.484662675));
#2772=CARTESIAN_POINT('',(92.2874535,-46.826589035,18.493653093));
#2773=CARTESIAN_POINT('',(92.176466993,-46.832934439,17.828357793));
#2774=CARTESIAN_POINT('',(92.174343982,-46.834315098,17.881510335));
#2775=CARTESIAN_POINT('',(92.170097362,-46.837047157,17.987814328));
#2776=CARTESIAN_POINT('',(92.163725029,-46.841039825,18.147264556));
#2777=CARTESIAN_POINT('',(92.157351483,-46.844923571,18.30670666));
#2778=CARTESIAN_POINT('',(92.153104044,-46.847463395,18.412997035));
#2779=CARTESIAN_POINT('',(92.150980608,-46.848722814,18.466141561));
#2780=CARTESIAN_POINT('',(92.150621251,-46.84893595,18.475135405));
#2781=CARTESIAN_POINT('',(92.150261894,-46.849149086,18.484129248));
#2782=CARTESIAN_POINT('',(92.149902537,-46.849362222,18.493123092));
#2783=CARTESIAN_POINT('',(92.011066839,-46.851157861,17.827617022));
#2784=CARTESIAN_POINT('',(92.00899725,-46.85336454,17.8807924));
#2785=CARTESIAN_POINT('',(92.004860198,-46.857766179,17.987142233));
#2786=CARTESIAN_POINT('',(91.998664591,-46.864346675,18.14666248));
#2787=CARTESIAN_POINT('',(91.992484529,-46.870933635,18.306176592));
#2788=CARTESIAN_POINT('',(91.988375807,-46.87533968,18.412515639));
#2789=CARTESIAN_POINT('',(91.986323362,-46.877542742,18.465684589));
#2790=CARTESIAN_POINT('',(91.98597602,-46.877915574,18.474682565));
#2791=CARTESIAN_POINT('',(91.985628677,-46.878288406,18.483680542));
#2792=CARTESIAN_POINT('',(91.985281334,-46.878661238,18.492678519));
#2793=CARTESIAN_POINT('',(91.845882042,-46.868703865,17.827121744));
#2794=CARTESIAN_POINT('',(91.843876002,-46.871874037,17.880313691));
#2795=CARTESIAN_POINT('',(91.839867622,-46.878217471,17.986697623));
#2796=CARTESIAN_POINT('',(91.833869344,-46.887760574,18.146273373));
#2797=CARTESIAN_POINT('',(91.827888136,-46.897350338,18.305848869));
#2798=CARTESIAN_POINT('',(91.823910249,-46.903767439,18.41223277));
#2799=CARTESIAN_POINT('',(91.821923231,-46.906979354,18.465424789));
#2800=CARTESIAN_POINT('',(91.82158696,-46.907522918,18.474426669));
#2801=CARTESIAN_POINT('',(91.82125069,-46.908066482,18.48342855));
#2802=CARTESIAN_POINT('',(91.82091442,-46.908610047,18.492430431));
#2803=CARTESIAN_POINT('',(91.680922521,-46.885515697,17.826880452));
#2804=CARTESIAN_POINT('',(91.678984397,-46.88973528,17.880079752));
#2805=CARTESIAN_POINT('',(91.675112045,-46.898184955,17.986479569));
#2806=CARTESIAN_POINT('',(91.669315971,-46.910901014,18.146083818));
#2807=CARTESIAN_POINT('',(91.663532308,-46.923664773,18.305693383));
#2808=CARTESIAN_POINT('',(91.659684011,-46.932200459,18.412102923));
#2809=CARTESIAN_POINT('',(91.657761656,-46.936473651,18.465308285));
#2810=CARTESIAN_POINT('',(91.657436329,-46.937196819,18.474312423));
#2811=CARTESIAN_POINT('',(91.657111002,-46.937919987,18.483316562));
#2812=CARTESIAN_POINT('',(91.656785674,-46.938643155,18.492320701));
#2813=CARTESIAN_POINT('',(91.461304897,-46.9069544,17.826900337));
#2814=CARTESIAN_POINT('',(91.459460413,-46.912644267,17.880092177));
#2815=CARTESIAN_POINT('',(91.455774753,-46.924036835,17.986478212));
#2816=CARTESIAN_POINT('',(91.450254851,-46.941164433,18.14606544));
#2817=CARTESIAN_POINT('',(91.44474206,-46.958329439,18.305661616));
#2818=CARTESIAN_POINT('',(91.441071772,-46.969795524,18.412064282));
#2819=CARTESIAN_POINT('',(91.439238014,-46.975533933,18.465266665));
#2820=CARTESIAN_POINT('',(91.43892768,-46.976505065,18.4742703));
#2821=CARTESIAN_POINT('',(91.438617346,-46.977476197,18.483273935));
#2822=CARTESIAN_POINT('',(91.438307013,-46.978447329,18.49227757));
#2823=CARTESIAN_POINT('',(91.187455924,-46.932102511,17.827580197));
#2824=CARTESIAN_POINT('',(91.185734501,-46.939716022,17.880721213));
#2825=CARTESIAN_POINT('',(91.182294715,-46.954954157,17.987005791));
#2826=CARTESIAN_POINT('',(91.177142539,-46.977840486,18.146440332));
#2827=CARTESIAN_POINT('',(91.171996507,-47.000751697,18.305881657));
#2828=CARTESIAN_POINT('',(91.168570467,-47.016042573,18.412179624));
#2829=CARTESIAN_POINT('',(91.166858854,-47.023692606,18.465329491));
#2830=CARTESIAN_POINT('',(91.166569191,-47.02498725,18.474324238));
#2831=CARTESIAN_POINT('',(91.166279528,-47.026281893,18.483318986));
#2832=CARTESIAN_POINT('',(91.165989866,-47.027576536,18.492313733));
#2833=CARTESIAN_POINT('',(90.750772281,-46.969951303,17.830200432));
#2834=CARTESIAN_POINT('',(90.749270475,-46.980756692,17.883153422));
#2835=CARTESIAN_POINT('',(90.746272681,-47.002380827,17.989060453));
#2836=CARTESIAN_POINT('',(90.741794491,-47.034856763,18.147922687));
#2837=CARTESIAN_POINT('',(90.737335243,-47.067368905,18.30678634));
#2838=CARTESIAN_POINT('',(90.734374667,-47.089066566,18.412697147));
#2839=CARTESIAN_POINT('',(90.732897321,-47.099921148,18.465653035));
#2840=CARTESIAN_POINT('',(90.732647304,-47.101758108,18.474614955));
#2841=CARTESIAN_POINT('',(90.732397287,-47.103595069,18.483576874));
#2842=CARTESIAN_POINT('',(90.73214727,-47.10543203,18.492538794));
#2843=CARTESIAN_POINT('',(90.42459296,-46.9966308,17.833938073));
#2844=CARTESIAN_POINT('',(90.423289234,-47.009935542,17.88664312));
#2845=CARTESIAN_POINT('',(90.420689984,-47.036566681,17.992054329));
#2846=CARTESIAN_POINT('',(90.416816307,-47.076575128,18.150175144));
#2847=CARTESIAN_POINT('',(90.412968989,-47.116643057,18.30829912));
#2848=CARTESIAN_POINT('',(90.410421359,-47.143392112,18.413716668));
#2849=CARTESIAN_POINT('',(90.4091517,-47.156775533,18.466425941));
#2850=CARTESIAN_POINT('',(90.408936831,-47.159040459,18.475346125));
#2851=CARTESIAN_POINT('',(90.408721962,-47.161305384,18.484266309));
#2852=CARTESIAN_POINT('',(90.408507093,-47.16357031,18.493186493));
#2853=CARTESIAN_POINT('',(90.207585668,-47.014107173,17.83695747));
#2854=CARTESIAN_POINT('',(90.206417219,-47.029078002,17.889493662));
#2855=CARTESIAN_POINT('',(90.204089273,-47.059045948,17.994565867));
#2856=CARTESIAN_POINT('',(90.200625959,-47.104080217,18.152174807));
#2857=CARTESIAN_POINT('',(90.197191574,-47.149188739,18.309787555));
#2858=CARTESIAN_POINT('',(90.194919604,-47.179300111,18.414866541));
#2859=CARTESIAN_POINT('',(90.193787664,-47.194364024,18.467406947));
#2860=CARTESIAN_POINT('',(90.193596102,-47.196913345,18.476298553));
#2861=CARTESIAN_POINT('',(90.19340454,-47.199462666,18.485190159));
#2862=CARTESIAN_POINT('',(90.193212978,-47.202011988,18.494081765));
#2863=CARTESIAN_POINT('',(89.829501359,-47.044555653,17.842218062));
#2864=CARTESIAN_POINT('',(89.8285686,-47.062429249,17.894460064));
#2865=CARTESIAN_POINT('',(89.826713336,-47.098210797,17.998941633));
#2866=CARTESIAN_POINT('',(89.823964984,-47.152001383,18.155658752));
#2867=CARTESIAN_POINT('',(89.821250039,-47.205891956,18.312380804));
#2868=CARTESIAN_POINT('',(89.819458339,-47.241861377,18.416869925));
#2869=CARTESIAN_POINT('',(89.818566344,-47.259853152,18.469116119));
#2870=CARTESIAN_POINT('',(89.818415389,-47.262897966,18.477957934));
#2871=CARTESIAN_POINT('',(89.818264433,-47.26594278,18.48679975));
#2872=CARTESIAN_POINT('',(89.818113478,-47.268987595,18.495641565));
#2873=CARTESIAN_POINT('',(89.451417051,-47.075004134,17.847478653));
#2874=CARTESIAN_POINT('',(89.45071998,-47.095780496,17.899426465));
#2875=CARTESIAN_POINT('',(89.4493374,-47.137375647,18.003317398));
#2876=CARTESIAN_POINT('',(89.447304009,-47.199922549,18.159142697));
#2877=CARTESIAN_POINT('',(89.445308504,-47.262595173,18.314974053));
#2878=CARTESIAN_POINT('',(89.443997075,-47.304422643,18.418873309));
#2879=CARTESIAN_POINT('',(89.443345025,-47.32534228,18.470825291));
#2880=CARTESIAN_POINT('',(89.443234676,-47.328882587,18.479617316));
#2881=CARTESIAN_POINT('',(89.443124327,-47.332422894,18.488409341));
#2882=CARTESIAN_POINT('',(89.443013978,-47.335963201,18.497201366));
#2883=CARTESIAN_POINT('',(89.073332742,-47.105452614,17.852739244));
#2884=CARTESIAN_POINT('',(89.072871361,-47.129131743,17.904392867));
#2885=CARTESIAN_POINT('',(89.071961463,-47.176540496,18.007693164));
#2886=CARTESIAN_POINT('',(89.070643034,-47.247843715,18.162626642));
#2887=CARTESIAN_POINT('',(89.069366969,-47.319298391,18.317567302));
#2888=CARTESIAN_POINT('',(89.068535811,-47.366983909,18.420876692));
#2889=CARTESIAN_POINT('',(89.068123705,-47.390831409,18.472534464));
#2890=CARTESIAN_POINT('',(89.068053963,-47.394867208,18.481276698));
#2891=CARTESIAN_POINT('',(89.067984221,-47.398903008,18.490018932));
#2892=CARTESIAN_POINT('',(89.067914478,-47.402938808,18.498761167));
#2893=CARTESIAN_POINT('',(88.930667232,-47.116941978,17.854724264));
#2894=CARTESIAN_POINT('',(88.930294785,-47.14171643,17.906266878));
#2895=CARTESIAN_POINT('',(88.929563248,-47.191318875,18.009344306));
#2896=CARTESIAN_POINT('',(88.928514602,-47.265926184,18.163941267));
#2897=CARTESIAN_POINT('',(88.927510009,-47.340694659,18.318545832));
#2898=CARTESIAN_POINT('',(88.926860075,-47.390590641,18.421632645));
#2899=CARTESIAN_POINT('',(88.926538509,-47.415542934,18.473179399));
#2900=CARTESIAN_POINT('',(88.926484089,-47.419765702,18.481902846));
#2901=CARTESIAN_POINT('',(88.926429669,-47.42398847,18.490626292));
#2902=CARTESIAN_POINT('',(88.926375249,-47.428211238,18.499349739));
#2903=CARTESIAN_POINT('',(88.788001722,-47.128431341,17.856709285));
#2904=CARTESIAN_POINT('',(88.78771821,-47.154301116,17.908140889));
#2905=CARTESIAN_POINT('',(88.787165034,-47.206097254,18.010995448));
#2906=CARTESIAN_POINT('',(88.786386169,-47.284008652,18.165255891));
#2907=CARTESIAN_POINT('',(88.785653048,-47.362090928,18.319524363));
#2908=CARTESIAN_POINT('',(88.785184338,-47.414197373,18.422388597));
#2909=CARTESIAN_POINT('',(88.784953312,-47.440254459,18.473824334));
#2910=CARTESIAN_POINT('',(88.784914215,-47.444664195,18.482528993));
#2911=CARTESIAN_POINT('',(88.784875118,-47.449073932,18.491233652));
#2912=CARTESIAN_POINT('',(88.78483602,-47.453483668,18.499938311));
#2913=CARTESIAN_POINT('',(88.645336212,-47.139920705,17.858694305));
#2914=CARTESIAN_POINT('',(88.645141634,-47.166885803,17.9100149));
#2915=CARTESIAN_POINT('',(88.644766819,-47.220875633,18.01264659));
#2916=CARTESIAN_POINT('',(88.644257737,-47.302091121,18.166570515));
#2917=CARTESIAN_POINT('',(88.643796087,-47.383487197,18.320502894));
#2918=CARTESIAN_POINT('',(88.643508602,-47.437804105,18.42314455));
#2919=CARTESIAN_POINT('',(88.643368116,-47.464965984,18.47446927));
#2920=CARTESIAN_POINT('',(88.643344341,-47.469562689,18.483155141));
#2921=CARTESIAN_POINT('',(88.643320566,-47.474159393,18.491841011));
#2922=CARTESIAN_POINT('',(88.643296791,-47.478756098,18.500526882));
#2923=B_SPLINE_SURFACE_WITH_KNOTS('',3,3,((#2303,#2304,#2305,#2306,#2307,#2308,#2309,#2310,#2311,#2312),(#2313,#2314,#2315,#2316,#2317,#2318,#2319,#2320,#2321,#2322),(#2323,#2324,#2325,#2326,#2327,#2328,#2329,#2330,#2331,#2332),(#2333,#2334,#2335,#2336,#2337,#2338,#2339,#2340,#2341,#2342),(#2343,#2344,#2345,#2346,#2347,#2348,#2349,#2350,#2351,#2352),(#2353,#2354,#2355,#2356,#2357,#2358,#2359,#2360,#2361,#2362),(#2363,#2364,#2365,#2366,#2367,#2368,#2369,#2370,#2371,#2372),(#2373,#2374,#2375,#2376,#2377,#2378,#2379,#2380,#2381,#2382),(#2383,#2384,#2385,#2386,#2387,#2388,#2389,#2390,#2391,#2392),(#2393,#2394,#2395,#2396,#2397,#2398,#2399,#2400,#2401,#2402),(#2403,#2404,#2405,#2406,#2407,#2408,#2409,#2410,#2411,#2412),(#2413,#2414,#2415,#2416,#2417,#2418,#2419,#2420,#2421,#2422),(#2423,#2424,#2425,#2426,#2427,#2428,#2429,#2430,#2431,#2432),(#2433,#2434,#2435,#2436,#2437,#2438,#2439,#2440,#2441,#2442),(#2443,#2444,#2445,#2446,#2447,#2448,#2449,#2450,#2451,#2452),(#2453,#2454,#2455,#2456,#2457,#2458,#2459,#2460,#2461,#2462),(#2463,#2464,#2465,#2466,#2467,#2468,#2469,#2470,#2471,#2472),(#2473,#2474,#2475,#2476,#2477,#2478,#2479,#2480,#2481,#2482),(#2483,#2484,#2485,#2486,#2487,#2488,#2489,#2490,#2491,#2492),(#2493,#2494,#2495,#2496,#2497,#2498,#2499,#2500,#2501,#2502),(#2503,#2504,#2505,#2506,#2507,#2508,#2509,#2510,#2511,#2512),(#2513,#2514,#2515,#2516,#2517,#2518,#2519,#2520,#2521,#2522),(#2523,#2524,#2525,#2526,#2527,#2528,#2529,#2530,#2531,#2532),(#2533,#2534,#2535,#2536,#2537,#2538,#2539,#2540,#2541,#2542),(#2543,#2544,#2545,#2546,#2547,#2548,#2549,#2550,#2551,#2552),(#2553,#2554,#2555,#2556,#2557,#2558,#2559,#2560,#2561,#2562),
(#2563,#2564,#2565,#2566,#2567,#2568,#2569,#2570,#2571,#2572),(#2573,#2574,#2575,#2576,#2577,#2578,#2579,#2580,#2581,#2582),(#2583,#2584,#2585,#2586,#2587,#2588,#2589,#2590,#2591,#2592),(#2593,#2594,#2595,#2596,#2597,#2598,#2599,#2600,#2601,#2602),(#2603,#2604,#2605,#2606,#2607,#2608,#2609,#2610,#2611,#2612),(#2613,#2614,#2615,#2616,#2617,#2618,#2619,#2620,#2621,#2622),(#2623,#2624,#2625,#2626,#2627,#2628,#2629,#2630,#2631,#2632),(#2633,#2634,#2635,#2636,#2637,#2638,#2639,#2640,#2641,#2642),(#2643,#2644,#2645,#2646,#2647,#2648,#2649,#2650,#2651,#2652),(#2653,#2654,#2655,#2656,#2657,#2658,#2659,#2660,#2661,#2662),(#2663,#2664,#2665,#2666,#2667,#2668,#2669,#2670,#2671,#2672),(#2673,#2674,#2675,#2676,#2677,#2678,#2679,#2680,#2681,#2682),(#2683,#2684,#2685,#2686,#2687,#2688,#2689,#2690,#2691,#2692),(#2693,#2694,#2695,#2696,#2697,#2698,#2699,#2700,#2701,#2702),(#2703,#2704,#2705,#2706,#2707,#2708,#2709,#2710,#2711,#2712),(#2713,#2714,#2715,#2716,#2717,#2718,#2719,#2720,#2721,#2722),(#2723,#2724,#2725,#2726,#2727,#2728,#2729,#2730,#2731,#2732),(#2733,#2734,#2735,#2736,#2737,#2738,#2739,#2740,#2741,#2742),(#2743,#2744,#2745,#2746,#2747,#2748,#2749,#2750,#2751,#2752),(#2753,#2754,#2755,#2756,#2757,#2758,#2759,#2760,#2761,#2762),(#2763,#2764,#2765,#2766,#2767,#2768,#2769,#2770,#2771,#2772),(#2773,#2774,#2775,#2776,#2777,#2778,#2779,#2780,#2781,#2782),(#2783,#2784,#2785,#2786,#2787,#2788,#2789,#2790,#2791,#2792),(#2793,#2794,#2795,#2796,#2797,#2798,#2799,#2800,#2801,#2802),(#2803,#2804,#2805,#2806,#2807,#2808,#2809,#2810,#2811,#2812),
(#2813,#2814,#2815,#2816,#2817,#2818,#2819,#2820,#2821,#2822),(#2823,#2824,#2825,#2826,#2827,#2828,#2829,#2830,#2831,#2832),(#2833,#2834,#2835,#2836,#2837,#2838,#2839,#2840,#2841,#2842),(#2843,#2844,#2845,#2846,#2847,#2848,#2849,#2850,#2851,#2852),(#2853,#2854,#2855,#2856,#2857,#2858,#2859,#2860,#2861,#2862),(#2863,#2864,#2865,#2866,#2867,#2868,#2869,#2870,#2871,#2872),(#2873,#2874,#2875,#2876,#2877,#2878,#2879,#2880,#2881,#2882),(#2883,#2884,#2885,#2886,#2887,#2888,#2889,#2890,#2891,#2892),(#2893,#2894,#2895,#2896,#2897,#2898,#2899,#2900,#2901,#2902),(#2903,#2904,#2905,#2906,#2907,#2908,#2909,#2910,#2911,#2912),(#2913,#2914,#2915,#2916,#2917,#2918,#2919,#2920,#2921,#2922)),.UNSPECIFIED.,.F.,.F.,.U.,(4,1,1,1,1,1,1,1,1,1,1,1,1,1,1,1,1,1,1,1,1,1,1,1,1,1,
1,1,1,1,1,1,1,1,1,1,1,1,1,1,1,1,1,1,1,1,1,1,1,1,1,
1,1,3,3,4),(4,1,1,1,3,4),(-0.000009749,0.002666892,0.005343533,0.008020174,0.008689335,0.009358495,0.010027655,0.010696815,0.011365976,0.012035136,0.013373457,0.014711777,0.015380938,0.016050098,0.016719258,0.017388418,0.018057579,0.018726739,0.019395899,0.02006506,0.02140338,0.022741701,0.024080021,0.025418342,0.026756663,0.028094983,
0.029433304,0.032109945,0.034786586,0.036124907,0.037463228,0.038132388,0.038801548,0.039470708,0.039637999,0.039805289,0.039972579,0.040056224,0.040139869,0.040181691,0.040223514,0.040307159,0.040390804,0.040474449,0.040558094,0.040641739,0.040809029,0.040976319,0.041143609,0.041310899,0.041478189,
0.04181277,0.04214735,0.04281651,0.043982365,0.044422286),(-0.0000098,0.00014804,0.00030588,0.00046372,0.00062156,0.000648272),.UNSPECIFIED.);
#2924=OFFSET_SURFACE('',#2923,-0.02,.F.);
#2925=CARTESIAN_POINT('',(115.990618814,-29.806708894,18.459765259));
#2926=VERTEX_POINT('',#2925);
#2927=CARTESIAN_POINT('',(115.990608908,-29.806704076,18.366193803));
#2928=VERTEX_POINT('',#2927);
#2929=CARTESIAN_POINT('',(115.990618814,-29.806708894,18.459765259));
#2930=CARTESIAN_POINT('',(115.99061486,-29.806706971,18.428574774));
#2931=CARTESIAN_POINT('',(115.990611561,-29.806705366,18.397384289));
#2932=CARTESIAN_POINT('',(115.990608908,-29.806704076,18.366193803));
#2933=B_SPLINE_CURVE_WITH_KNOTS('',3,(#2929,#2930,#2931,#2932),.UNSPECIFIED.,.F.,.F.,(4,4),(0.000035109,0.00012868),.UNSPECIFIED.);
#2934=EDGE_CURVE('',#2926,#2928,#2933,.T.);
#2935=ORIENTED_EDGE('',*,*,#2934,.F.);
#2936=CARTESIAN_POINT('',(118.306698139,-20.808041504,18.459765259));
#2937=VERTEX_POINT('',#2936);
#2938=CARTESIAN_POINT('',(115.990618814,-29.806708894,18.459765259));
#2939=CARTESIAN_POINT('',(116.303481221,-29.075917937,18.459765259));
#2940=CARTESIAN_POINT('',(116.575994086,-28.338327416,18.459765259));
#2941=CARTESIAN_POINT('',(116.820062274,-27.596478805,18.459765259));
#2942=CARTESIAN_POINT('',(117.064130461,-26.854630194,18.459765259));
#2943=CARTESIAN_POINT('',(117.27969498,-26.108293127,18.459765259));
#2944=CARTESIAN_POINT('',(117.471183684,-25.358164854,18.459765259));
#2945=CARTESIAN_POINT('',(117.662672388,-24.608036582,18.459765259));
#2946=CARTESIAN_POINT('',(117.829775964,-23.854068398,18.459765259));
#2947=CARTESIAN_POINT('',(117.970729476,-23.095982378,18.459765259));
#2948=CARTESIAN_POINT('',(118.111682988,-22.337896358,18.459765259));
#2949=CARTESIAN_POINT('',(118.227139628,-21.57579536,18.459765259));
#2950=CARTESIAN_POINT('',(118.306698139,-20.808041504,18.459765259));
#2951=B_SPLINE_CURVE_WITH_KNOTS('',3,(#2938,#2939,#2940,#2941,#2942,#2943,#2944,#2945,#2946,#2947,#2948,#2949,#2950),.UNSPECIFIED.,.F.,.F.,(4,3,3,3,4),(0.102709307,0.1050281,0.107346894,0.109665687,0.111984481),.UNSPECIFIED.);
#2952=EDGE_CURVE('',#2926,#2937,#2951,.T.);
#2953=ORIENTED_EDGE('',*,*,#2952,.T.);
#2954=CARTESIAN_POINT('',(118.306276445,-20.811039046,17.859765259));
#2955=VERTEX_POINT('',#2954);
#2956=CARTESIAN_POINT('',(118.30627627,-20.811040742,17.85976521));
#2957=CARTESIAN_POINT('',(118.306058363,-20.808947172,18.059920886));
#2958=CARTESIAN_POINT('',(118.306190639,-20.807999148,18.259720131));
#2959=CARTESIAN_POINT('',(118.306698139,-20.808041499,18.459765081));
#2960=B_SPLINE_CURVE_WITH_KNOTS('',3,(#2956,#2957,#2958,#2959),.UNSPECIFIED.,.F.,.F.,(4,4),(0.002398614,0.003017253),.UNSPECIFIED.);
#2961=EDGE_CURVE('',#2955,#2937,#2960,.T.);
#2962=ORIENTED_EDGE('',*,*,#2961,.F.);
#2963=CARTESIAN_POINT('',(111.000708522,-38.144552209,17.859765259));
#2964=VERTEX_POINT('',#2963);
#2965=CARTESIAN_POINT('',(111.000708522,-38.144552209,17.859765259));
#2966=CARTESIAN_POINT('',(111.133600108,-37.993805042,17.859765259));
#2967=CARTESIAN_POINT('',(111.262076575,-37.839526702,17.859765259));
#2968=CARTESIAN_POINT('',(111.385921389,-37.681544009,17.859765259));
#2969=CARTESIAN_POINT('',(111.509766204,-37.523561316,17.859765259));
#2970=CARTESIAN_POINT('',(111.628646854,-37.361608329,17.859765259));
#2971=CARTESIAN_POINT('',(111.745602554,-37.198115785,17.859765259));
#2972=CARTESIAN_POINT('',(111.862558255,-37.034623242,17.859765259));
#2973=CARTESIAN_POINT('',(111.978366543,-36.870213008,17.859765259));
#2974=CARTESIAN_POINT('',(112.094892742,-36.706376953,17.859765259));
#2975=CARTESIAN_POINT('',(112.211418941,-36.542540898,17.859765259));
#2976=CARTESIAN_POINT('',(112.328416196,-36.379081589,17.859765259));
#2977=CARTESIAN_POINT('',(112.445308785,-36.215538569,17.859765259));
#2978=CARTESIAN_POINT('',(112.679093963,-35.888452529,17.859765259));
#2979=CARTESIAN_POINT('',(112.909917807,-35.558309785,17.859765259));
#2980=CARTESIAN_POINT('',(113.129590465,-35.221883486,17.859765259));
#2981=CARTESIAN_POINT('',(113.349263122,-34.885457188,17.859765259));
#2982=CARTESIAN_POINT('',(113.55903846,-34.543461319,17.859765259));
#2983=CARTESIAN_POINT('',(113.762686041,-34.198017145,17.859765259));
#2984=CARTESIAN_POINT('',(113.966333622,-33.852572972,17.859765259));
#2985=CARTESIAN_POINT('',(114.164220819,-33.503887228,17.859765259));
#2986=CARTESIAN_POINT('',(114.359274879,-33.153607178,17.859765259));
#2987=CARTESIAN_POINT('',(114.55432894,-32.803327128,17.859765259));
#2988=CARTESIAN_POINT('',(114.748130523,-32.452342266,17.859765259));
#2989=CARTESIAN_POINT('',(114.930876579,-32.095136069,17.859765259));
#2990=CARTESIAN_POINT('',(115.022249606,-31.91653297,17.859765259));
#2991=CARTESIAN_POINT('',(115.110279317,-31.736048469,17.859765259));
#2992=CARTESIAN_POINT('',(115.19548036,-31.553972177,17.859765259));
#2993=CARTESIAN_POINT('',(115.280681403,-31.371895886,17.859765259));
#2994=CARTESIAN_POINT('',(115.364075384,-31.188809813,17.859765259));
#2995=CARTESIAN_POINT('',(115.448519987,-31.006299313,17.859765259));
#2996=CARTESIAN_POINT('',(115.617409195,-30.641278314,17.859765259));
#2997=CARTESIAN_POINT('',(115.787146056,-30.276641703,17.859765259));
#2998=CARTESIAN_POINT('',(115.947157252,-29.907594766,17.859765259));
#2999=CARTESIAN_POINT('',(116.267179644,-29.169500893,17.859765259));
#3000=CARTESIAN_POINT('',(116.545557329,-28.423973289,17.859765259));
#3001=CARTESIAN_POINT('',(116.794372367,-27.674186362,17.859765259));
#3002=CARTESIAN_POINT('',(117.043187405,-26.924399435,17.859765259));
#3003=CARTESIAN_POINT('',(117.262718279,-26.169980344,17.859765259));
#3004=CARTESIAN_POINT('',(117.457504342,-25.411647121,17.859765259));
#3005=CARTESIAN_POINT('',(117.652290405,-24.653313899,17.859765259));
#3006=CARTESIAN_POINT('',(117.822141821,-23.891036517,17.859765259));
#3007=CARTESIAN_POINT('',(117.965381959,-23.124549768,17.859765259));
#3008=CARTESIAN_POINT('',(118.108622098,-22.358063018,17.859765259));
#3009=CARTESIAN_POINT('',(118.226070379,-21.587496517,17.859765259));
#3010=CARTESIAN_POINT('',(118.306276445,-20.811039046,17.859765259));
#3011=B_SPLINE_CURVE_WITH_KNOTS('',3,(#2965,#2966,#2967,#2968,#2969,#2970,#2971,#2972,#2973,#2974,#2975,#2976,#2977,#2978,#2979,#2980,#2981,#2982,#2983,#2984,#2985,#2986,#2987,#2988,#2989,#2990,
#2991,#2992,#2993,#2994,#2995,#2996,#2997,#2998,#2999,#3000,#3001,#3002,#3003,#3004,#3005,#3006,#3007,#3008,#3009,#3010),.UNSPECIFIED.,.F.,.F.,(4,3,3,3,3,3,3,3,3,3,3,3,3,3,3,4),(0.102632203,0.103218501,0.103804799,0.104391097,0.104977395,0.106149991,0.107322588,0.108495184,0.10966778,0.110254078,0.110840376,0.112012972,0.114358164,0.116703357,0.119048549,0.121393741),.UNSPECIFIED.);
#3012=EDGE_CURVE('',#2964,#2955,#3011,.T.);
#3013=ORIENTED_EDGE('',*,*,#3012,.F.);
#3014=CARTESIAN_POINT('',(102.10162555,-44.545301378,17.859765259));
#3015=VERTEX_POINT('',#3014);
#3016=CARTESIAN_POINT('',(102.10162555,-44.545301378,17.859765259));
#3017=CARTESIAN_POINT('',(102.529635199,-44.371442348,17.859765259));
#3018=CARTESIAN_POINT('',(102.951809743,-44.185564208,17.859765259));
#3019=CARTESIAN_POINT('',(103.36657854,-43.984431762,17.859765259));
#3020=CARTESIAN_POINT('',(103.781347338,-43.783299316,17.859765259));
#3021=CARTESIAN_POINT('',(104.189351253,-43.568232612,17.859765259));
#3022=CARTESIAN_POINT('',(104.594328788,-43.346932189,17.859765259));
#3023=CARTESIAN_POINT('',(105.404283858,-42.904331344,17.859765259));
#3024=CARTESIAN_POINT('',(106.2032286,-42.432733936,17.859765259));
#3025=CARTESIAN_POINT('',(106.957818466,-41.895301886,17.859765259));
#3026=CARTESIAN_POINT('',(107.712408333,-41.357869835,17.859765259));
#3027=CARTESIAN_POINT('',(108.414207694,-40.763053743,17.859765259));
#3028=CARTESIAN_POINT('',(109.081751359,-40.131028138,17.859765259));
#3029=CARTESIAN_POINT('',(109.415523191,-39.815015336,17.859765259));
#3030=CARTESIAN_POINT('',(109.740541925,-39.489491674,17.859765259));
#3031=CARTESIAN_POINT('',(110.059491264,-39.157373188,17.859765259));
#3032=CARTESIAN_POINT('',(110.218965933,-38.991313945,17.859765259));
#3033=CARTESIAN_POINT('',(110.377002756,-38.823692381,17.859765259));
#3034=CARTESIAN_POINT('',(110.534108564,-38.655059202,17.859765259));
#3035=CARTESIAN_POINT('',(110.691214371,-38.486426023,17.859765259));
#3036=CARTESIAN_POINT('',(110.848420197,-38.317302303,17.859765259));
#3037=CARTESIAN_POINT('',(111.000708522,-38.144552209,17.859765259));
#3038=B_SPLINE_CURVE_WITH_KNOTS('',3,(#3016,#3017,#3018,#3019,#3020,#3021,#3022,#3023,#3024,#3025,#3026,#3027,#3028,#3029,#3030,#3031,#3032,#3033,#3034,#3035,#3036,#3037),.UNSPECIFIED.,.F.,.F.,(4,3,3,3,3,3,3,4),(0.006388441,0.007766743,0.009145044,0.011901648,0.014658252,0.016036554,0.016725704,0.017414855),.UNSPECIFIED.);
#3039=EDGE_CURVE('',#3015,#2964,#3038,.T.);
#3040=ORIENTED_EDGE('',*,*,#3039,.F.);
#3041=CARTESIAN_POINT('',(89.324309544,-47.111381504,17.859765259));
#3042=VERTEX_POINT('',#3041);
#3043=CARTESIAN_POINT('',(89.324309544,-47.111381504,17.859765259));
#3044=CARTESIAN_POINT('',(89.868298212,-47.069204249,17.859765259));
#3045=CARTESIAN_POINT('',(90.412293265,-47.02656074,17.859765259));
#3046=CARTESIAN_POINT('',(90.955735546,-46.977803843,17.859765259));
#3047=CARTESIAN_POINT('',(91.499177827,-46.929046946,17.859765259));
#3048=CARTESIAN_POINT('',(92.042058978,-46.872734536,17.859765259));
#3049=CARTESIAN_POINT('',(92.58315459,-46.805178736,17.859765259));
#3050=CARTESIAN_POINT('',(92.853702396,-46.771400835,17.859765259));
#3051=CARTESIAN_POINT('',(93.123450386,-46.73224248,17.859765259));
#3052=CARTESIAN_POINT('',(93.393211075,-46.693169554,17.859765259));
#3053=CARTESIAN_POINT('',(93.662971763,-46.654096628,17.859765259));
#3054=CARTESIAN_POINT('',(93.932996002,-46.616796632,17.859765259));
#3055=CARTESIAN_POINT('',(94.203084238,-46.579927154,17.859765259));
#3056=CARTESIAN_POINT('',(94.473172475,-46.543057676,17.859765259));
#3057=CARTESIAN_POINT('',(94.743284468,-46.506348013,17.859765259));
#3058=CARTESIAN_POINT('',(95.012953486,-46.46665841,17.859765259));
#3059=CARTESIAN_POINT('',(95.282622505,-46.426968808,17.859765259));
#3060=CARTESIAN_POINT('',(95.55186886,-46.384435902,17.859765259));
#3061=CARTESIAN_POINT('',(95.820562179,-46.338182665,17.859765259));
#3062=CARTESIAN_POINT('',(96.357948818,-46.245676191,17.859765259));
#3063=CARTESIAN_POINT('',(96.893815746,-46.139439316,17.859765259));
#3064=CARTESIAN_POINT('',(97.426087772,-46.019040528,17.859765259));
#3065=CARTESIAN_POINT('',(97.958359797,-45.898641741,17.859765259));
#3066=CARTESIAN_POINT('',(98.486573434,-45.762521983,17.859765259));
#3067=CARTESIAN_POINT('',(99.010796362,-45.610943428,17.859765259));
#3068=CARTESIAN_POINT('',(99.53501929,-45.459364873,17.859765259));
#3069=CARTESIAN_POINT('',(100.055337957,-45.293118591,17.859765259));
#3070=CARTESIAN_POINT('',(100.570638707,-45.115687024,17.859765259));
#3071=CARTESIAN_POINT('',(101.085939456,-44.938255457,17.859765259));
#3072=CARTESIAN_POINT('',(101.597096892,-44.7502427,17.859765259));
#3073=CARTESIAN_POINT('',(102.10162555,-44.545301378,17.859765259));
#3074=B_SPLINE_CURVE_WITH_KNOTS('',3,(#3043,#3044,#3045,#3046,#3047,#3048,#3049,#3050,#3051,#3052,#3053,#3054,#3055,#3056,#3057,#3058,#3059,#3060,#3061,#3062,#3063,#3064,#3065,#3066,#3067,#3068,
#3069,#3070,#3071,#3072,#3073),.UNSPECIFIED.,.F.,.F.,(4,3,3,3,3,3,3,3,3,3,4),(0.005518692,0.007155624,0.008792555,0.00961102,0.010429486,0.011247951,0.012066417,0.013703348,0.015340279,0.01697721,0.018614141),.UNSPECIFIED.);
#3075=EDGE_CURVE('',#3042,#3015,#3074,.T.);
#3076=ORIENTED_EDGE('',*,*,#3075,.F.);
#3077=CARTESIAN_POINT('',(89.324309544,-47.111381504,17.859765259));
#3078=CARTESIAN_POINT('',(89.335652968,-47.14722963,17.947440027));
#3079=CARTESIAN_POINT('',(89.346885452,-47.182727161,18.035270438));
#3080=CARTESIAN_POINT('',(89.358007842,-47.217876762,18.123255309));
#3081=B_SPLINE_CURVE_WITH_KNOTS('',3,(#3077,#3078,#3079,#3080),.UNSPECIFIED.,.F.,.F.,(4,4),(0.000010881,0.00029707),.UNSPECIFIED.);
#3082=EDGE_CURVE('',#3042,#2205,#3081,.T.);
#3083=ORIENTED_EDGE('',*,*,#3082,.T.);
#3084=ORIENTED_EDGE('',*,*,#2214,.F.);
#3085=ORIENTED_EDGE('',*,*,#2081,.F.);
#3086=CARTESIAN_POINT('',(90.096102309,-47.230156718,18.459765259));
#3087=CARTESIAN_POINT('',(90.412470587,-47.175490503,18.459765259));
#3088=CARTESIAN_POINT('',(90.728735613,-47.120212423,18.459765259));
#3089=CARTESIAN_POINT('',(91.044969295,-47.064748596,18.459765259));
#3090=B_SPLINE_CURVE_WITH_KNOTS('',3,(#3086,#3087,#3088,#3089),.UNSPECIFIED.,.F.,.F.,(4,4),(0.014380761,0.015343947),.UNSPECIFIED.);
#3091=EDGE_CURVE('',#2067,#862,#3090,.T.);
#3092=ORIENTED_EDGE('',*,*,#3091,.T.);
#3093=ORIENTED_EDGE('',*,*,#868,.F.);
#3094=CARTESIAN_POINT('',(101.645612106,-44.725361996,18.447002495));
#3095=VERTEX_POINT('',#3094);
#3096=CARTESIAN_POINT('',(101.64561079,-44.725362501,18.447002499));
#3097=CARTESIAN_POINT('',(101.251273312,-44.876928166,18.439717992));
#3098=CARTESIAN_POINT('',(100.853590221,-45.019557219,18.428550025));
#3099=CARTESIAN_POINT('',(100.453917884,-45.155655894,18.420238874));
#3100=CARTESIAN_POINT('',(100.054245547,-45.291754569,18.411927724));
#3101=CARTESIAN_POINT('',(99.652310261,-45.420764621,18.40514433));
#3102=CARTESIAN_POINT('',(99.247734145,-45.541380534,18.398153432));
#3103=CARTESIAN_POINT('',(98.843158029,-45.661996447,18.391162534));
#3104=CARTESIAN_POINT('',(98.435632608,-45.774265819,18.383902185));
#3105=CARTESIAN_POINT('',(98.025960847,-45.87648737,18.374704613));
#3106=CARTESIAN_POINT('',(97.616289086,-45.97870892,18.365507042));
#3107=CARTESIAN_POINT('',(97.204516652,-46.071131737,18.355332276));
#3108=CARTESIAN_POINT('',(96.790969327,-46.15555518,18.347348754));
#3109=CARTESIAN_POINT('',(96.377422001,-46.239978624,18.339365232));
#3110=CARTESIAN_POINT('',(95.961942159,-46.316386566,18.33338781));
#3111=CARTESIAN_POINT('',(95.54503762,-46.384339385,18.326049839));
#3112=CARTESIAN_POINT('',(95.128133081,-46.452292203,18.318711868));
#3113=CARTESIAN_POINT('',(94.709859193,-46.510782596,18.310154483));
#3114=CARTESIAN_POINT('',(94.291321254,-46.567913733,18.30650689));
#3115=CARTESIAN_POINT('',(94.082052285,-46.596479302,18.304683094));
#3116=CARTESIAN_POINT('',(93.872779933,-46.625095604,18.303977035));
#3117=CARTESIAN_POINT('',(93.663619696,-46.654481575,18.302642619));
#3118=CARTESIAN_POINT('',(93.454459459,-46.683867546,18.301308202));
#3119=CARTESIAN_POINT('',(93.245481021,-46.714597303,18.299265863));
#3120=CARTESIAN_POINT('',(93.036268995,-46.743961083,18.295400276));
#3121=CARTESIAN_POINT('',(92.931662982,-46.758642973,18.293467482));
#3122=CARTESIAN_POINT('',(92.826975923,-46.77284624,18.290937589));
#3123=CARTESIAN_POINT('',(92.722239038,-46.786676298,18.288638939));
#3124=CARTESIAN_POINT('',(92.617502152,-46.800506356,18.286340289));
#3125=CARTESIAN_POINT('',(92.512724623,-46.814019087,18.28432804));
#3126=CARTESIAN_POINT('',(92.40814636,-46.828468297,18.285604968));
#3127=CARTESIAN_POINT('',(92.198989834,-46.857366716,18.288158824));
#3128=CARTESIAN_POINT('',(91.990779814,-46.890822616,18.305508311));
#3129=CARTESIAN_POINT('',(91.783069132,-46.926426517,18.332605938));
#3130=B_SPLINE_CURVE_WITH_KNOTS('',3,(#3096,#3097,#3098,#3099,#3100,#3101,#3102,#3103,#3104,#3105,#3106,#3107,#3108,#3109,#3110,#3111,#3112,#3113,#3114,#3115,#3116,#3117,#3118,#3119,#3120,#3121,
#3122,#3123,#3124,#3125,#3126,#3127,#3128,#3129),.UNSPECIFIED.,.F.,.F.,(4,3,3,3,3,3,3,3,3,3,3,4),(0.000033297,0.001300795,0.002568293,0.003835791,0.005103288,0.006370786,0.007638284,0.008272033,0.008905782,0.009222656,0.00953953,0.010173279),.UNSPECIFIED.);
#3131=EDGE_CURVE('',#3095,#853,#3130,.T.);
#3132=ORIENTED_EDGE('',*,*,#3131,.F.);
#3133=CARTESIAN_POINT('',(101.733717862,-44.691322849,18.45005097));
#3134=VERTEX_POINT('',#3133);
#3135=CARTESIAN_POINT('',(101.733702508,-44.691328809,18.450050006));
#3136=CARTESIAN_POINT('',(101.704375093,-44.702718169,18.448564161));
#3137=CARTESIAN_POINT('',(101.675007206,-44.714063834,18.447549051));
#3138=CARTESIAN_POINT('',(101.645612106,-44.725361996,18.447002493));
#3139=B_SPLINE_CURVE_WITH_KNOTS('',3,(#3135,#3136,#3137,#3138),.UNSPECIFIED.,.F.,.F.,(4,4),(0.000068294,0.000162783),.UNSPECIFIED.);
#3140=EDGE_CURVE('',#3134,#3095,#3139,.T.);
#3141=ORIENTED_EDGE('',*,*,#3140,.F.);
#3142=CARTESIAN_POINT('',(101.879801753,-44.634091738,18.459765259));
#3143=VERTEX_POINT('',#3142);
#3144=CARTESIAN_POINT('',(101.879801753,-44.634091738,18.459765259));
#3145=CARTESIAN_POINT('',(101.831221343,-44.653292625,18.455846749));
#3146=CARTESIAN_POINT('',(101.782537223,-44.672363682,18.452528348));
#3147=CARTESIAN_POINT('',(101.733733208,-44.691316887,18.450051922));
#3148=B_SPLINE_CURVE_WITH_KNOTS('',3,(#3144,#3145,#3146,#3147),.UNSPECIFIED.,.F.,.F.,(4,4),(0.000349286,0.000506435),.UNSPECIFIED.);
#3149=EDGE_CURVE('',#3143,#3134,#3148,.T.);
#3150=ORIENTED_EDGE('',*,*,#3149,.F.);
#3151=CARTESIAN_POINT('',(102.101593663,-44.54521755,18.459765259));
#3152=VERTEX_POINT('',#3151);
#3153=CARTESIAN_POINT('',(101.879801753,-44.634091738,18.459765259));
#3154=CARTESIAN_POINT('',(101.953869729,-44.604817617,18.459765259));
#3155=CARTESIAN_POINT('',(102.027803061,-44.575199768,18.459765259));
#3156=CARTESIAN_POINT('',(102.101593663,-44.54521755,18.459765259));
#3157=B_SPLINE_CURVE_WITH_KNOTS('',3,(#3153,#3154,#3155,#3156),.UNSPECIFIED.,.F.,.F.,(4,4),(0.020954416,0.021194087),.UNSPECIFIED.);
#3158=EDGE_CURVE('',#3143,#3152,#3157,.T.);
#3159=ORIENTED_EDGE('',*,*,#3158,.T.);
#3160=CARTESIAN_POINT('',(111.000732289,-38.144566401,18.459765259));
#3161=VERTEX_POINT('',#3160);
#3162=CARTESIAN_POINT('',(102.101593663,-44.54521755,18.459765259));
#3163=CARTESIAN_POINT('',(102.529583557,-44.371318893,18.459765259));
#3164=CARTESIAN_POINT('',(102.951726346,-44.185374376,18.459765259));
#3165=CARTESIAN_POINT('',(103.366510246,-43.984269506,18.459765259));
#3166=CARTESIAN_POINT('',(103.781294146,-43.783164636,18.459765259));
#3167=CARTESIAN_POINT('',(104.189393094,-43.568287821,18.459765259));
#3168=CARTESIAN_POINT('',(104.594379656,-43.346999051,18.459765259));
#3169=CARTESIAN_POINT('',(104.999366218,-43.125710281,18.459765259));
#3170=CARTESIAN_POINT('',(105.400707443,-42.896911601,18.459765259));
#3171=CARTESIAN_POINT('',(105.796414217,-42.656505156,18.459765259));
#3172=CARTESIAN_POINT('',(106.192120991,-42.416098712,18.459765259));
#3173=CARTESIAN_POINT('',(106.580557572,-42.16400458,18.459765259));
#3174=CARTESIAN_POINT('',(106.957850197,-41.895289569,18.459765259));
#3175=CARTESIAN_POINT('',(107.712435445,-41.357859549,18.459765259));
#3176=CARTESIAN_POINT('',(108.414205019,-40.763031444,18.459765259));
#3177=CARTESIAN_POINT('',(109.081765474,-40.131026158,18.459765259));
#3178=CARTESIAN_POINT('',(109.415545701,-39.815023515,18.459765259));
#3179=CARTESIAN_POINT('',(109.740539421,-39.489472026,18.459765259));
#3180=CARTESIAN_POINT('',(110.0594649,-39.157325803,18.459765259));
#3181=CARTESIAN_POINT('',(110.218927639,-38.991252691,18.459765259));
#3182=CARTESIAN_POINT('',(110.376962355,-38.823627657,18.459765259));
#3183=CARTESIAN_POINT('',(110.534102744,-38.655030702,18.459765259));
#3184=CARTESIAN_POINT('',(110.691243133,-38.486433747,18.459765259));
#3185=CARTESIAN_POINT('',(110.848492264,-38.317348928,18.459765259));
#3186=CARTESIAN_POINT('',(111.000732289,-38.144566401,18.459765259));
#3187=B_SPLINE_CURVE_WITH_KNOTS('',3,(#3162,#3163,#3164,#3165,#3166,#3167,#3168,#3169,#3170,#3171,#3172,#3173,#3174,#3175,#3176,#3177,#3178,#3179,#3180,#3181,#3182,#3183,#3184,#3185,#3186),.UNSPECIFIED.,.F.,.F.,(4,3,3,3,3,3,3,3,4),(0.006386562,0.007764871,0.009143179,0.010521488,0.011899797,0.014656414,0.016034723,0.016723878,0.017413032),.UNSPECIFIED.);
#3188=EDGE_CURVE('',#3152,#3161,#3187,.T.);
#3189=ORIENTED_EDGE('',*,*,#3188,.T.);
#3190=CARTESIAN_POINT('',(114.223939337,-33.395469949,18.459765259));
#3191=VERTEX_POINT('',#3190);
#3192=CARTESIAN_POINT('',(111.000732289,-38.144566401,18.459765259));
#3193=CARTESIAN_POINT('',(111.15916826,-37.964751883,18.459765259));
#3194=CARTESIAN_POINT('',(111.311256513,-37.779896339,18.459765259));
#3195=CARTESIAN_POINT('',(111.456897289,-37.589920543,18.459765259));
#3196=CARTESIAN_POINT('',(111.602538065,-37.399944748,18.459765259));
#3197=CARTESIAN_POINT('',(111.741400674,-37.204586086,18.459765259));
#3198=CARTESIAN_POINT('',(111.880053435,-37.009060773,18.459765259));
#3199=CARTESIAN_POINT('',(112.018706197,-36.813535461,18.459765259));
#3200=CARTESIAN_POINT('',(112.157474496,-36.618101902,18.459765259));
#3201=CARTESIAN_POINT('',(112.296836207,-36.423139601,18.459765259));
#3202=CARTESIAN_POINT('',(112.436197918,-36.2281773,18.459765259));
#3203=CARTESIAN_POINT('',(112.576108576,-36.033650943,18.459765259));
#3204=CARTESIAN_POINT('',(112.713430399,-35.837068669,18.459765259));
#3205=CARTESIAN_POINT('',(112.988074045,-35.44390412,18.459765259));
#3206=CARTESIAN_POINT('',(113.25093618,-35.042429125,18.459765259));
#3207=CARTESIAN_POINT('',(113.50076399,-34.634366269,18.459765259));
#3208=CARTESIAN_POINT('',(113.750591801,-34.226303413,18.459765259));
#3209=CARTESIAN_POINT('',(113.98960212,-33.81219295,18.459765259));
#3210=CARTESIAN_POINT('',(114.223939337,-33.395469949,18.459765259));
#3211=B_SPLINE_CURVE_WITH_KNOTS('',3,(#3192,#3193,#3194,#3195,#3196,#3197,#3198,#3199,#3200,#3201,#3202,#3203,#3204,#3205,#3206,#3207,#3208,#3209,#3210),.UNSPECIFIED.,.F.,.F.,(4,3,3,3,3,3,4),(0.115881301,0.116580707,0.117280114,0.11797952,0.118678927,0.12007774,0.121476553),.UNSPECIFIED.);
#3212=EDGE_CURVE('',#3161,#3191,#3211,.T.);
#3213=ORIENTED_EDGE('',*,*,#3212,.T.);
#3214=CARTESIAN_POINT('',(114.223971872,-33.395485774,18.366193803));
#3215=VERTEX_POINT('',#3214);
#3216=CARTESIAN_POINT('',(114.223939337,-33.395469949,18.459765259));
#3217=CARTESIAN_POINT('',(114.223951921,-33.39547607,18.428574774));
#3218=CARTESIAN_POINT('',(114.223962814,-33.395481368,18.397384289));
#3219=CARTESIAN_POINT('',(114.223971872,-33.395485774,18.366193803));
#3220=B_SPLINE_CURVE_WITH_KNOTS('',3,(#3216,#3217,#3218,#3219),.UNSPECIFIED.,.F.,.F.,(4,4),(0.000035319,0.00012889),.UNSPECIFIED.);
#3221=EDGE_CURVE('',#3191,#3215,#3220,.T.);
#3222=ORIENTED_EDGE('',*,*,#3221,.T.);
#3223=CARTESIAN_POINT('',(114.612566676,-32.694882908,18.366193803));
#3224=VERTEX_POINT('',#3223);
#3225=CARTESIAN_POINT('',(114.223971872,-33.395485774,18.366193803));
#3226=CARTESIAN_POINT('',(114.354879887,-33.162714924,18.366193803));
#3227=CARTESIAN_POINT('',(114.484613768,-32.929292831,18.366193803));
#3228=CARTESIAN_POINT('',(114.612566676,-32.694882908,18.366193803));
#3229=B_SPLINE_CURVE_WITH_KNOTS('',3,(#3225,#3226,#3227,#3228),.UNSPECIFIED.,.F.,.F.,(4,4),(0.,0.000801156),.UNSPECIFIED.);
#3230=EDGE_CURVE('',#3215,#3224,#3229,.T.);
#3231=ORIENTED_EDGE('',*,*,#3230,.T.);
#3232=CARTESIAN_POINT('',(114.612567797,-32.694883453,18.459765259));
#3233=VERTEX_POINT('',#3232);
#3234=CARTESIAN_POINT('',(114.612566676,-32.694882908,18.366193803));
#3235=CARTESIAN_POINT('',(114.612567033,-32.694883081,18.397384288));
#3236=CARTESIAN_POINT('',(114.612567387,-32.694883254,18.428574774));
#3237=CARTESIAN_POINT('',(114.612567797,-32.694883453,18.459765259));
#3238=B_SPLINE_CURVE_WITH_KNOTS('',3,(#3234,#3235,#3236,#3237),.UNSPECIFIED.,.F.,.F.,(4,4),(0.,0.000093571),.UNSPECIFIED.);
#3239=EDGE_CURVE('',#3224,#3233,#3238,.T.);
#3240=ORIENTED_EDGE('',*,*,#3239,.T.);
#3241=CARTESIAN_POINT('',(115.664912821,-30.537899828,18.459765259));
#3242=VERTEX_POINT('',#3241);
#3243=CARTESIAN_POINT('',(114.612567797,-32.694883453,18.459765259));
#3244=CARTESIAN_POINT('',(114.803973814,-32.344332896,18.459765259));
#3245=CARTESIAN_POINT('',(114.989422798,-31.990452012,18.459765259));
#3246=CARTESIAN_POINT('',(115.160412369,-31.628487473,18.459765259));
#3247=CARTESIAN_POINT('',(115.245907155,-31.447505203,18.459765259));
#3248=CARTESIAN_POINT('',(115.328925378,-31.26513839,18.459765259));
#3249=CARTESIAN_POINT('',(115.412932108,-31.083324211,18.459765259));
#3250=CARTESIAN_POINT('',(115.496938837,-30.901510031,18.459765259));
#3251=CARTESIAN_POINT('',(115.581415314,-30.719930734,18.459765259));
#3252=CARTESIAN_POINT('',(115.664912821,-30.537899828,18.459765259));
#3253=B_SPLINE_CURVE_WITH_KNOTS('',3,(#3243,#3244,#3245,#3246,#3247,#3248,#3249,#3250,#3251,#3252),.UNSPECIFIED.,.F.,.F.,(4,3,3,4),(0.112762903,0.113931429,0.114515691,0.115099954),.UNSPECIFIED.);
#3254=EDGE_CURVE('',#3233,#3242,#3253,.T.);
#3255=ORIENTED_EDGE('',*,*,#3254,.T.);
#3256=CARTESIAN_POINT('',(115.664904343,-30.537895705,18.366193803));
#3257=VERTEX_POINT('',#3256);
#3258=CARTESIAN_POINT('',(115.664912822,-30.537899828,18.459765259));
#3259=CARTESIAN_POINT('',(115.664909812,-30.537898365,18.428574774));
#3260=CARTESIAN_POINT('',(115.664906935,-30.537896965,18.397384288));
#3261=CARTESIAN_POINT('',(115.664904343,-30.537895705,18.366193803));
#3262=B_SPLINE_CURVE_WITH_KNOTS('',3,(#3258,#3259,#3260,#3261),.UNSPECIFIED.,.F.,.F.,(4,4),(0.000035201,0.000128772),.UNSPECIFIED.);
#3263=EDGE_CURVE('',#3242,#3257,#3262,.T.);
#3264=ORIENTED_EDGE('',*,*,#3263,.T.);
#3265=CARTESIAN_POINT('',(115.990608908,-29.806704076,18.366193803));
#3266=CARTESIAN_POINT('',(115.885579455,-30.052010925,18.366193803));
#3267=CARTESIAN_POINT('',(115.776129647,-30.295348757,18.366193803));
#3268=CARTESIAN_POINT('',(115.664904343,-30.537895705,18.366193803));
#3269=B_SPLINE_CURVE_WITH_KNOTS('',3,(#3265,#3266,#3267,#3268),.UNSPECIFIED.,.F.,.F.,(4,4),(0.,0.000800453),.UNSPECIFIED.);
#3270=EDGE_CURVE('',#2928,#3257,#3269,.T.);
#3271=ORIENTED_EDGE('',*,*,#3270,.F.);
#3272=EDGE_LOOP('',(#2935,#2953,#2962,#3013,#3040,#3076,#3083,#3084,#3085,#3092,#3093,#3132,#3141,#3150,#3159,#3189,#3213,#3222,#3231,#3240,#3255,#3264,#3271));
#3273=FACE_BOUND('',#3272,.T.);
#3274=ADVANCED_FACE('',(#3273),#2924,.T.);
#3275=CARTESIAN_POINT('',(84.982355795,10.80598806,18.459765259));
#3276=DIRECTION('',(0.,0.,1.));
#3277=DIRECTION('',(1.,0.,0.));
#3278=AXIS2_PLACEMENT_3D('',#3275,#3276,#3277);
#3279=PLANE('',#3278);
#3280=CARTESIAN_POINT('',(115.760581518,-29.694822592,18.459765259));
#3281=DIRECTION('',(0.899271584,-0.437390692,0.));
#3282=VECTOR('',#3281,0.255804031);
#3283=LINE('',#3280,#3282);
#3284=EDGE_CURVE('',#1386,#2926,#3283,.T.);
#3285=ORIENTED_EDGE('',*,*,#3284,.F.);
#3286=ORIENTED_EDGE('',*,*,#1404,.T.);
#3287=CARTESIAN_POINT('',(118.327102033,-20.325979331,18.459765259));
#3288=VERTEX_POINT('',#3287);
#3289=CARTESIAN_POINT('',(118.100267965,-20.327481904,18.459765259));
#3290=DIRECTION('',(0.999978061,0.006623961,0.));
#3291=VECTOR('',#3290,0.226839045);
#3292=LINE('',#3289,#3291);
#3293=EDGE_CURVE('',#1377,#3288,#3292,.T.);
#3294=ORIENTED_EDGE('',*,*,#3293,.T.);
#3295=CARTESIAN_POINT('',(118.306698139,-20.808041504,18.459765259));
#3296=CARTESIAN_POINT('',(118.323306356,-20.647769204,18.459765259));
#3297=CARTESIAN_POINT('',(118.330107686,-20.487081814,18.459765259));
#3298=CARTESIAN_POINT('',(118.327102033,-20.325979331,18.459765259));
#3299=B_SPLINE_CURVE_WITH_KNOTS('',3,(#3295,#3296,#3297,#3298),.UNSPECIFIED.,.F.,.F.,(4,4),(0.,0.000482494),.UNSPECIFIED.);
#3300=EDGE_CURVE('',#2937,#3288,#3299,.T.);
#3301=ORIENTED_EDGE('',*,*,#3300,.F.);
#3302=ORIENTED_EDGE('',*,*,#2952,.F.);
#3303=EDGE_LOOP('',(#3285,#3286,#3294,#3301,#3302));
#3304=FACE_BOUND('',#3303,.T.);
#3305=ADVANCED_FACE('',(#3304),#3279,.F.);
#3306=CARTESIAN_POINT('',(84.982355795,10.80598806,18.459765259));
#3307=DIRECTION('',(0.,0.,1.));
#3308=DIRECTION('',(1.,0.,0.));
#3309=AXIS2_PLACEMENT_3D('',#3306,#3307,#3308);
#3310=PLANE('',#3309);
#3311=ORIENTED_EDGE('',*,*,#1488,.T.);
#3312=CARTESIAN_POINT('',(114.008097622,-33.290488141,18.459765259));
#3313=DIRECTION('',(0.899271584,-0.437390692,0.));
#3314=VECTOR('',#3313,0.240018386);
#3315=LINE('',#3312,#3314);
#3316=EDGE_CURVE('',#1464,#3191,#3315,.T.);
#3317=ORIENTED_EDGE('',*,*,#3316,.T.);
#3318=ORIENTED_EDGE('',*,*,#3212,.F.);
#3319=ORIENTED_EDGE('',*,*,#3188,.F.);
#3320=ORIENTED_EDGE('',*,*,#3158,.F.);
#3321=CARTESIAN_POINT('',(108.206706415,-40.654287494,18.459765259));
#3322=VERTEX_POINT('',#3321);
#3323=CARTESIAN_POINT('',(108.206706292,-40.654287334,18.459765259));
#3324=CARTESIAN_POINT('',(107.739402033,-41.070103266,18.459765259));
#3325=CARTESIAN_POINT('',(107.253030042,-41.461340586,18.459765259));
#3326=CARTESIAN_POINT('',(106.74699624,-41.827233516,18.459765259));
#3327=CARTESIAN_POINT('',(106.493979339,-42.010179981,18.459765259));
#3328=CARTESIAN_POINT('',(106.235636728,-42.186495081,18.459765259));
#3329=CARTESIAN_POINT('',(105.974948005,-42.359167909,18.459765259));
#3330=CARTESIAN_POINT('',(105.844603644,-42.445504323,18.459765259));
#3331=CARTESIAN_POINT('',(105.714108391,-42.531594414,18.459765259));
#3332=CARTESIAN_POINT('',(105.583809931,-42.61800576,18.459765259));
#3333=CARTESIAN_POINT('',(105.453511471,-42.704417106,18.459765259));
#3334=CARTESIAN_POINT('',(105.322821532,-42.79018938,18.459765259));
#3335=CARTESIAN_POINT('',(105.190244289,-42.872880717,18.459765259));
#3336=CARTESIAN_POINT('',(104.925089802,-43.038263391,18.459765259));
#3337=CARTESIAN_POINT('',(104.653835898,-43.193689049,18.459765259));
#3338=CARTESIAN_POINT('',(104.381458274,-43.347280284,18.459765259));
#3339=CARTESIAN_POINT('',(104.109080649,-43.50087152,18.459765259));
#3340=CARTESIAN_POINT('',(103.834886925,-43.651631466,18.459765259));
#3341=CARTESIAN_POINT('',(103.559302753,-43.799425964,18.459765259));
#3342=CARTESIAN_POINT('',(103.28371858,-43.947220461,18.459765259));
#3343=CARTESIAN_POINT('',(103.006681775,-44.092103586,18.459765259));
#3344=CARTESIAN_POINT('',(102.727353982,-44.232395105,18.459765259));
#3345=CARTESIAN_POINT('',(102.448026189,-44.372686625,18.459765259));
#3346=CARTESIAN_POINT('',(102.166745043,-44.509063226,18.459765259));
#3347=CARTESIAN_POINT('',(101.879801753,-44.634091738,18.459765259));
#3348=B_SPLINE_CURVE_WITH_KNOTS('',3,(#3323,#3324,#3325,#3326,#3327,#3328,#3329,#3330,#3331,#3332,#3333,#3334,#3335,#3336,#3337,#3338,#3339,#3340,#3341,#3342,#3343,#3344,#3345,#3346,#3347),.UNSPECIFIED.,.F.,.F.,(4,3,3,3,3,3,3,3,4),(0.000071291,0.001943597,0.00287975,0.003347827,0.003815904,0.004752057,0.00568821,0.006624363,0.007560516),.UNSPECIFIED.);
#3349=EDGE_CURVE('',#3322,#3143,#3348,.T.);
#3350=ORIENTED_EDGE('',*,*,#3349,.F.);
#3351=CARTESIAN_POINT('',(111.518850432,-37.130552525,18.459757789));
#3352=VERTEX_POINT('',#3351);
#3353=CARTESIAN_POINT('',(108.206706415,-40.654287494,18.459765259));
#3354=CARTESIAN_POINT('',(108.511234478,-40.389097034,18.459765259));
#3355=CARTESIAN_POINT('',(108.8114117,-40.119239767,18.459765259));
#3356=CARTESIAN_POINT('',(109.103622461,-39.840837495,18.459765259));
#3357=CARTESIAN_POINT('',(109.395833222,-39.562435222,18.459765259));
#3358=CARTESIAN_POINT('',(109.678991982,-39.274038499,18.459765259));
#3359=CARTESIAN_POINT('',(109.955006162,-38.979185155,18.459765259));
#3360=CARTESIAN_POINT('',(110.231020342,-38.684331811,18.459765259));
#3361=CARTESIAN_POINT('',(110.503495041,-38.386066126,18.459765259));
#3362=CARTESIAN_POINT('',(110.770540834,-38.083051049,18.459765259));
#3363=CARTESIAN_POINT('',(110.904063731,-37.93154351,18.459765259));
#3364=CARTESIAN_POINT('',(111.035381428,-37.777951657,18.459765259));
#3365=CARTESIAN_POINT('',(111.159275182,-37.618396262,18.459765259));
#3366=CARTESIAN_POINT('',(111.283168937,-37.458840866,18.459765259));
#3367=CARTESIAN_POINT('',(111.401244451,-37.294829248,18.459765259));
#3368=CARTESIAN_POINT('',(111.518851229,-37.130553103,18.459765259));
#3369=B_SPLINE_CURVE_WITH_KNOTS('',3,(#3353,#3354,#3355,#3356,#3357,#3358,#3359,#3360,#3361,#3362,#3363,#3364,#3365,#3366,#3367,#3368),.UNSPECIFIED.,.F.,.F.,(4,3,3,3,3,4),(0.000089957,0.001300694,0.00251143,0.003722166,0.004327535,0.004932903),.UNSPECIFIED.);
#3370=EDGE_CURVE('',#3322,#3352,#3369,.T.);
#3371=ORIENTED_EDGE('',*,*,#3370,.T.);
#3372=CARTESIAN_POINT('',(111.518808815,-37.130514492,18.459765259));
#3373=CARTESIAN_POINT('',(111.51904494,-37.13073015,18.459765259));
#3374=CARTESIAN_POINT('',(111.519281066,-37.130945807,18.459765259));
#3375=CARTESIAN_POINT('',(111.519517192,-37.131161465,18.459765259));
#3376=B_SPLINE_CURVE_WITH_KNOTS('',3,(#3372,#3373,#3374,#3375),.UNSPECIFIED.,.F.,.F.,(4,4),(0.,0.000000959),.UNSPECIFIED.);
#3377=EDGE_CURVE('',#3352,#1473,#3376,.T.);
#3378=ORIENTED_EDGE('',*,*,#3377,.T.);
#3379=EDGE_LOOP('',(#3311,#3317,#3318,#3319,#3320,#3350,#3371,#3378));
#3380=FACE_BOUND('',#3379,.T.);
#3381=ADVANCED_FACE('',(#3380),#3310,.F.);
#3382=CARTESIAN_POINT('',(118.231009629,-18.551369543,17.856268459));
#3383=CARTESIAN_POINT('',(118.238853251,-18.551369543,19.522593229));
#3384=CARTESIAN_POINT('',(118.24658847,-18.551369543,21.185262584));
#3385=CARTESIAN_POINT('',(118.25807481,-18.551369543,23.683012469));
#3386=CARTESIAN_POINT('',(118.261886423,-18.551369543,24.516720382));
#3387=CARTESIAN_POINT('',(118.267578709,-18.551369543,25.769003285));
#3388=CARTESIAN_POINT('',(118.269471949,-18.551369543,26.186717759));
#3389=CARTESIAN_POINT('',(118.272306176,-18.551369543,26.813848793));
#3390=CARTESIAN_POINT('',(118.27324998,-18.551369543,27.022985692));
#3391=CARTESIAN_POINT('',(118.274664359,-18.551369543,27.336847005));
#3392=CARTESIAN_POINT('',(118.275135598,-18.551369543,27.441493437));
#3393=CARTESIAN_POINT('',(118.275842134,-18.551369543,27.598504092));
#3394=CARTESIAN_POINT('',(118.276077593,-18.551369543,27.650847812));
#3395=CARTESIAN_POINT('',(118.276548404,-18.551369543,27.755549257));
#3396=CARTESIAN_POINT('',(118.276783814,-18.55136582,27.807906984));
#3397=CARTESIAN_POINT('',(118.277019059,-18.551369543,27.860271877));
#3398=CARTESIAN_POINT('',(118.257113069,-19.250721241,17.859765252));
#3399=CARTESIAN_POINT('',(118.264956564,-19.250721241,19.526090974));
#3400=CARTESIAN_POINT('',(118.272691655,-19.250721241,21.188761276));
#3401=CARTESIAN_POINT('',(118.284177808,-19.250721241,23.68651256));
#3402=CARTESIAN_POINT('',(118.287989359,-19.250721241,24.520220935));
#3403=CARTESIAN_POINT('',(118.293681553,-19.250721241,25.772504526));
#3404=CARTESIAN_POINT('',(118.295574762,-19.250721241,26.190219227));
#3405=CARTESIAN_POINT('',(118.298408944,-19.250721241,26.817350601));
#3406=CARTESIAN_POINT('',(118.299352733,-19.250721241,27.026487613));
#3407=CARTESIAN_POINT('',(118.300767089,-19.250721241,27.340349095));
#3408=CARTESIAN_POINT('',(118.30123832,-19.250721241,27.444995583));
#3409=CARTESIAN_POINT('',(118.301944845,-19.250721241,27.602006322));
#3410=CARTESIAN_POINT('',(118.3021803,-19.250721241,27.65435007));
#3411=CARTESIAN_POINT('',(118.302651104,-19.250721241,27.75905157));
#3412=CARTESIAN_POINT('',(118.302886905,-19.250691473,27.811409338));
#3413=CARTESIAN_POINT('',(118.303121751,-19.250721241,27.863774247));
#3414=B_SPLINE_SURFACE_WITH_KNOTS('',1,3,((#3382,#3383,#3384,#3385,#3386,#3387,#3388,#3389,#3390,#3391,#3392,#3393,#3394,#3395,#3396,#3397),(#3398,#3399,#3400,#3401,#3402,#3403,#3404,#3405,#3406,#3407,#3408,#3409,#3410,#3411,#3412,#3413)),.UNSPECIFIED.,.F.,.F.,.U.,(2,2),(4,2,2,2,2,2,2,4),(0.125190722,1.),(0.000181228,0.151246978,0.226870467,0.264682212,0.283588084,0.29304102,0.297767488,0.302493956),.UNSPECIFIED.);
#3415=CARTESIAN_POINT('',(118.277016784,-18.551369543,27.859765259));
#3416=VERTEX_POINT('',#3415);
#3417=CARTESIAN_POINT('',(118.270683117,-18.551369543,26.454765259));
#3418=VERTEX_POINT('',#3417);
#3419=CARTESIAN_POINT('',(118.277016784,-18.551369543,27.859765259));
#3420=CARTESIAN_POINT('',(118.274914052,-18.551369543,27.391431887));
#3421=CARTESIAN_POINT('',(118.272801142,-18.551369543,26.923098562));
#3422=CARTESIAN_POINT('',(118.270683117,-18.551369543,26.454765259));
#3423=B_SPLINE_CURVE_WITH_KNOTS('',3,(#3419,#3420,#3421,#3422),.UNSPECIFIED.,.F.,.F.,(4,4),(0.,0.001405014),.UNSPECIFIED.);
#3424=EDGE_CURVE('',#3416,#3418,#3423,.T.);
#3425=ORIENTED_EDGE('',*,*,#3424,.T.);
#3426=CARTESIAN_POINT('',(118.270683117,-18.551369543,26.454765259));
#3427=CARTESIAN_POINT('',(118.267366635,-18.551369543,25.721431849));
#3428=CARTESIAN_POINT('',(118.264033393,-18.551369543,24.988098515));
#3429=CARTESIAN_POINT('',(118.260683016,-18.551369543,24.254765259));
#3430=B_SPLINE_CURVE_WITH_KNOTS('',3,(#3426,#3427,#3428,#3429),.UNSPECIFIED.,.F.,.F.,(4,4),(0.001405014,0.003605037),.UNSPECIFIED.);
#3431=EDGE_CURVE('',#3418,#629,#3430,.T.);
#3432=ORIENTED_EDGE('',*,*,#3431,.T.);
#3433=ORIENTED_EDGE('',*,*,#660,.T.);
#3434=CARTESIAN_POINT('',(118.257112847,-19.250721306,17.859770293));
#3435=VERTEX_POINT('',#3434);
#3436=CARTESIAN_POINT('',(118.231026089,-18.551369543,17.859765259));
#3437=CARTESIAN_POINT('',(118.239721749,-18.784486776,17.859765259));
#3438=CARTESIAN_POINT('',(118.248417409,-19.017604008,17.859765259));
#3439=CARTESIAN_POINT('',(118.257113069,-19.250721241,17.859765259));
#3440=B_SPLINE_CURVE_WITH_KNOTS('',3,(#3436,#3437,#3438,#3439),.UNSPECIFIED.,.F.,.F.,(4,4),(0.00010007,0.000799908),.UNSPECIFIED.);
#3441=EDGE_CURVE('',#648,#3435,#3440,.T.);
#3442=ORIENTED_EDGE('',*,*,#3441,.T.);
#3443=CARTESIAN_POINT('',(118.259942646,-19.250721241,18.461742589));
#3444=VERTEX_POINT('',#3443);
#3445=CARTESIAN_POINT('',(118.257113093,-19.250721241,17.859770292));
#3446=CARTESIAN_POINT('',(118.258057834,-19.250721241,18.060477561));
#3447=CARTESIAN_POINT('',(118.259001002,-19.250721241,18.261131797));
#3448=CARTESIAN_POINT('',(118.259942646,-19.250721241,18.461742589));
#3449=B_SPLINE_CURVE_WITH_KNOTS('',3,(#3445,#3446,#3447,#3448),.UNSPECIFIED.,.F.,.F.,(4,4),(0.00018138,0.018377099),.UNSPECIFIED.);
#3450=EDGE_CURVE('',#3435,#3444,#3449,.T.);
#3451=ORIENTED_EDGE('',*,*,#3450,.T.);
#3452=CARTESIAN_POINT('',(118.303121751,-19.250721241,27.863774247));
#3453=VERTEX_POINT('',#3452);
#3454=CARTESIAN_POINT('',(118.259942646,-19.250721241,18.461742589));
#3455=CARTESIAN_POINT('',(118.266818776,-19.250721241,19.926654857));
#3456=CARTESIAN_POINT('',(118.273613625,-19.250721241,21.389250548));
#3457=CARTESIAN_POINT('',(118.284177808,-19.250721241,23.68651256));
#3458=CARTESIAN_POINT('',(118.287989359,-19.250721241,24.520220935));
#3459=CARTESIAN_POINT('',(118.293681553,-19.250721241,25.772504526));
#3460=CARTESIAN_POINT('',(118.295574762,-19.250721241,26.190219227));
#3461=CARTESIAN_POINT('',(118.298408944,-19.250721241,26.817350601));
#3462=CARTESIAN_POINT('',(118.299352733,-19.250721241,27.026487613));
#3463=CARTESIAN_POINT('',(118.300767089,-19.250721241,27.340349095));
#3464=CARTESIAN_POINT('',(118.30123832,-19.250721241,27.444995583));
#3465=CARTESIAN_POINT('',(118.301944845,-19.250721241,27.602006322));
#3466=CARTESIAN_POINT('',(118.3021803,-19.250721241,27.65435007));
#3467=CARTESIAN_POINT('',(118.302651104,-19.250721241,27.75905157));
#3468=CARTESIAN_POINT('',(118.302886905,-19.250691473,27.811409338));
#3469=CARTESIAN_POINT('',(118.303121751,-19.250721241,27.863774247));
#3470=B_SPLINE_CURVE_WITH_KNOTS('',3,(#3454,#3455,#3456,#3457,#3458,#3459,#3460,#3461,#3462,#3463,#3464,#3465,#3466,#3467,#3468,#3469),.UNSPECIFIED.,.F.,.F.,(4,2,2,2,2,2,2,4),(0.018377099,0.151246978,0.226870467,0.264682212,0.283588084,0.29304102,0.297767488,0.302493956),.UNSPECIFIED.);
#3471=EDGE_CURVE('',#3444,#3453,#3470,.T.);
#3472=ORIENTED_EDGE('',*,*,#3471,.T.);
#3473=CARTESIAN_POINT('',(118.27701906,-18.551369576,27.860271878));
#3474=VERTEX_POINT('',#3473);
#3475=CARTESIAN_POINT('',(118.27701906,-18.551369576,27.860271878));
#3476=DIRECTION('',(0.03729769,-0.999291668,0.005004476));
#3477=VECTOR('',#3476,0.69984739);
#3478=LINE('',#3475,#3477);
#3479=EDGE_CURVE('',#3474,#3453,#3478,.T.);
#3480=ORIENTED_EDGE('',*,*,#3479,.F.);
#3481=CARTESIAN_POINT('',(118.27701906,-18.551369576,27.860271878));
#3482=CARTESIAN_POINT('',(118.277018301,-18.551369554,27.860103005));
#3483=CARTESIAN_POINT('',(118.277017542,-18.551369543,27.859934132));
#3484=CARTESIAN_POINT('',(118.277016784,-18.551369543,27.859765259));
#3485=B_SPLINE_CURVE_WITH_KNOTS('',3,(#3481,#3482,#3483,#3484),.UNSPECIFIED.,.F.,.F.,(4,4),(0.,0.000000507),.UNSPECIFIED.);
#3486=EDGE_CURVE('',#3474,#3416,#3485,.T.);
#3487=ORIENTED_EDGE('',*,*,#3486,.T.);
#3488=EDGE_LOOP('',(#3425,#3432,#3433,#3442,#3451,#3472,#3480,#3487));
#3489=FACE_BOUND('',#3488,.T.);
#3490=ADVANCED_FACE('',(#3489),#3414,.T.);
#3491=CARTESIAN_POINT('',(113.785199336,-39.409435103,31.759787492));
#3492=CARTESIAN_POINT('',(113.343200197,-38.965614309,27.126420428));
#3493=CARTESIAN_POINT('',(112.90120194,-38.521792856,22.493055388));
#3494=CARTESIAN_POINT('',(112.459201422,-38.077973094,17.859685163));
#3495=CARTESIAN_POINT('',(113.865467027,-39.249661035,31.759787492));
#3496=CARTESIAN_POINT('',(113.430373918,-38.812774893,27.126420428));
#3497=CARTESIAN_POINT('',(112.995280204,-38.375887846,22.493055388));
#3498=CARTESIAN_POINT('',(112.560188039,-37.939003115,17.859685163));
#3499=CARTESIAN_POINT('',(113.957846989,-39.071867967,31.759787492));
#3500=CARTESIAN_POINT('',(113.529660313,-38.641916648,27.126420428));
#3501=CARTESIAN_POINT('',(113.101473136,-38.211964788,22.493055388));
#3502=CARTESIAN_POINT('',(112.673287243,-37.782014312,17.859685163));
#3503=CARTESIAN_POINT('',(114.094603624,-38.815526084,31.759787492));
#3504=CARTESIAN_POINT('',(113.675624567,-38.394820753,27.126420428));
#3505=CARTESIAN_POINT('',(113.256645378,-37.974115234,22.493055388));
#3506=CARTESIAN_POINT('',(112.837666529,-37.553410196,17.859685163));
#3507=CARTESIAN_POINT('',(114.129954348,-38.749813408,31.759787492));
#3508=CARTESIAN_POINT('',(113.713277102,-38.331419535,27.126420428));
#3509=CARTESIAN_POINT('',(113.296599828,-37.913025548,22.493055388));
#3510=CARTESIAN_POINT('',(112.879922626,-37.494631856,17.859685163));
#3511=CARTESIAN_POINT('',(114.238815102,-38.54850158,31.759787492));
#3512=CARTESIAN_POINT('',(113.829043208,-38.137042039,27.126420428));
#3513=CARTESIAN_POINT('',(113.41927158,-37.725582538,22.493055388));
#3514=CARTESIAN_POINT('',(113.009499272,-37.314122935,17.859685163));
#3515=CARTESIAN_POINT('',(114.315080645,-38.408764475,31.759787492));
#3516=CARTESIAN_POINT('',(113.909912254,-38.001927779,27.126420428));
#3517=CARTESIAN_POINT('',(113.504744303,-37.595091144,22.493055388));
#3518=CARTESIAN_POINT('',(113.099575223,-37.188254352,17.859685163));
#3519=CARTESIAN_POINT('',(114.4317645,-38.194064021,31.759787492));
#3520=CARTESIAN_POINT('',(114.033502611,-37.794162108,27.126420428));
#3521=CARTESIAN_POINT('',(113.635241254,-37.394260152,22.493055388));
#3522=CARTESIAN_POINT('',(113.236978534,-36.994358305,17.859685163));
#3523=CARTESIAN_POINT('',(114.471033306,-38.121655287,31.759787492));
#3524=CARTESIAN_POINT('',(114.075073816,-37.724065063,27.126420428));
#3525=CARTESIAN_POINT('',(113.679114859,-37.326474739,22.493055388));
#3526=CARTESIAN_POINT('',(113.283154538,-36.928884673,17.859685163));
#3527=CARTESIAN_POINT('',(114.628612096,-37.829621733,31.759787492));
#3528=CARTESIAN_POINT('',(114.241863261,-37.441278712,27.126420428));
#3529=CARTESIAN_POINT('',(113.855114816,-37.052935268,22.493055388));
#3530=CARTESIAN_POINT('',(113.468365374,-36.664592906,17.859685163));
#3531=CARTESIAN_POINT('',(114.748092732,-37.605024523,31.759787492));
#3532=CARTESIAN_POINT('',(114.36825369,-37.223617656,27.126420428));
#3533=CARTESIAN_POINT('',(113.988414648,-36.842209965,22.493055388));
#3534=CARTESIAN_POINT('',(113.608575607,-36.460804385,17.859685163));
#3535=CARTESIAN_POINT('',(114.942872519,-37.227321446,31.759787492));
#3536=CARTESIAN_POINT('',(114.574537814,-36.857469876,27.126420428));
#3537=CARTESIAN_POINT('',(114.206202948,-36.487617527,22.493055388));
#3538=CARTESIAN_POINT('',(113.837868496,-36.117767174,17.859685163));
#3539=CARTESIAN_POINT('',(115.057901251,-36.99945788,31.759787492));
#3540=CARTESIAN_POINT('',(114.696462513,-36.636536733,27.126420428));
#3541=CARTESIAN_POINT('',(114.335023747,-36.273615164,22.493055388));
#3542=CARTESIAN_POINT('',(113.973585053,-35.910694676,17.859685163));
#3543=CARTESIAN_POINT('',(115.207153316,-36.693039455,31.759787492));
#3544=CARTESIAN_POINT('',(114.854937347,-36.339370721,27.126420428));
#3545=CARTESIAN_POINT('',(114.502721483,-35.98570193,22.493055388));
#3546=CARTESIAN_POINT('',(114.150505348,-35.632033284,17.859685163));
#3547=CARTESIAN_POINT('',(115.280384503,-36.538955802,31.759787492));
#3548=CARTESIAN_POINT('',(114.932791517,-36.189918146,27.126420428));
#3549=CARTESIAN_POINT('',(114.585198638,-35.840880486,22.493055388));
#3550=CARTESIAN_POINT('',(114.237605484,-35.491842835,17.859685163));
#3551=CARTESIAN_POINT('',(115.389281505,-36.307241772,31.759787492));
#3552=CARTESIAN_POINT('',(115.048619321,-35.965149175,27.126420428));
#3553=CARTESIAN_POINT('',(114.70795726,-35.623056608,22.493055388));
#3554=CARTESIAN_POINT('',(114.367294884,-35.280963964,17.859685163));
#3555=CARTESIAN_POINT('',(115.460597081,-36.151971445,31.759787492));
#3556=CARTESIAN_POINT('',(115.124546802,-35.814505235,27.126420428));
#3557=CARTESIAN_POINT('',(114.788496696,-35.477039012,22.493055388));
#3558=CARTESIAN_POINT('',(114.452446145,-35.139572821,17.859685163));
#3559=CARTESIAN_POINT('',(115.601158474,-35.840176806,31.759787492));
#3560=CARTESIAN_POINT('',(115.274292496,-35.511946707,27.126420428));
#3561=CARTESIAN_POINT('',(114.947426938,-35.183716539,22.493055388));
#3562=CARTESIAN_POINT('',(114.620560304,-34.855486547,17.859685163));
#3563=CARTESIAN_POINT('',(115.670421971,-35.68366191,31.759787492));
#3564=CARTESIAN_POINT('',(115.348136729,-35.360045055,27.126420428));
#3565=CARTESIAN_POINT('',(115.025852052,-35.036428116,22.493055388));
#3566=CARTESIAN_POINT('',(114.703565926,-34.712811392,17.859685163));
#3567=CARTESIAN_POINT('',(115.807562384,-35.3698117,31.759787492));
#3568=CARTESIAN_POINT('',(115.494469332,-35.055434335,27.126420428));
#3569=CARTESIAN_POINT('',(115.181376796,-34.741056995,22.493055388));
#3570=CARTESIAN_POINT('',(114.868282939,-34.426679589,17.859685163));
#3571=CARTESIAN_POINT('',(115.87542755,-35.212469201,31.759787492));
#3572=CARTESIAN_POINT('',(115.566943199,-34.902716917,27.126420428));
#3573=CARTESIAN_POINT('',(115.258459191,-34.592964771,22.493055388));
#3574=CARTESIAN_POINT('',(114.949974305,-34.283212269,17.859685163));
#3575=CARTESIAN_POINT('',(116.010051755,-34.897153899,31.759787492));
#3576=CARTESIAN_POINT('',(115.71078296,-34.596650976,27.126420428));
#3577=CARTESIAN_POINT('',(115.411514139,-34.296148285,22.493055388));
#3578=CARTESIAN_POINT('',(115.112245387,-33.995645,17.859685163));
#3579=CARTESIAN_POINT('',(116.076892933,-34.739223563,31.759787492));
#3580=CARTESIAN_POINT('',(115.782228779,-34.443343982,27.126420428));
#3581=CARTESIAN_POINT('',(115.487564412,-34.147464589,22.493055388));
#3582=CARTESIAN_POINT('',(115.192900593,-33.851584715,17.859685163));
#3583=CARTESIAN_POINT('',(116.208799674,-34.422433784,31.759787492));
#3584=CARTESIAN_POINT('',(115.923342143,-34.135799739,27.126420428));
#3585=CARTESIAN_POINT('',(115.637884158,-33.8491657,22.493055388));
#3586=CARTESIAN_POINT('',(115.352427333,-33.562531644,17.859685163));
#3587=CARTESIAN_POINT('',(116.30635134,-34.184126607,31.759787492));
#3588=CARTESIAN_POINT('',(116.027798655,-33.904426645,27.126420428));
#3589=CARTESIAN_POINT('',(115.749245446,-33.624726503,22.493055388));
#3590=CARTESIAN_POINT('',(115.470693579,-33.345026822,17.859685163));
#3591=CARTESIAN_POINT('',(116.400834053,-33.944246729,31.759787492));
#3592=CARTESIAN_POINT('',(116.129188181,-33.671481665,27.126420428));
#3593=CARTESIAN_POINT('',(115.857541956,-33.398716251,22.493055388));
#3594=CARTESIAN_POINT('',(115.585896637,-33.125951733,17.859685163));
#3595=CARTESIAN_POINT('',(116.463040574,-33.783923037,31.759787492));
#3596=CARTESIAN_POINT('',(116.19599916,-33.5157812,27.126420428));
#3597=CARTESIAN_POINT('',(115.928957562,-33.247638907,22.493055388));
#3598=CARTESIAN_POINT('',(115.661916437,-32.979497781,17.859685163));
#3599=CARTESIAN_POINT('',(116.493742221,-33.703553218,31.759787492));
#3600=CARTESIAN_POINT('',(116.229003023,-33.437722987,27.126420428));
#3601=CARTESIAN_POINT('',(115.964263757,-33.17189225,22.493055388));
#3602=CARTESIAN_POINT('',(115.699524666,-32.906062808,17.859685163));
#3603=CARTESIAN_POINT('',(116.584601602,-33.461807415,31.759787492));
#3604=CARTESIAN_POINT('',(116.326768849,-33.202911916,27.126420428));
#3605=CARTESIAN_POINT('',(116.068936438,-32.94401579,22.493055388));
#3606=CARTESIAN_POINT('',(115.811103152,-32.685121271,17.859685163));
#3607=CARTESIAN_POINT('',(116.643559494,-33.299822694,31.759787492));
#3608=CARTESIAN_POINT('',(116.390330847,-33.045550272,27.126420428));
#3609=CARTESIAN_POINT('',(116.137102884,-32.791277183,22.493055388));
#3610=CARTESIAN_POINT('',(115.883873169,-32.537005804,17.859685163));
#3611=CARTESIAN_POINT('',(116.758786855,-32.974603541,31.759787492));
#3612=CARTESIAN_POINT('',(116.514766484,-32.729577365,27.126420428));
#3613=CARTESIAN_POINT('',(116.270747192,-32.484550681,22.493055388));
#3614=CARTESIAN_POINT('',(116.026725135,-32.239525299,17.859685163));
#3615=CARTESIAN_POINT('',(116.815037494,-32.811375494,31.759787492));
#3616=CARTESIAN_POINT('',(116.575621305,-32.570972494,27.126420428));
#3617=CARTESIAN_POINT('',(116.33620624,-32.330569194,22.493055388));
#3618=CARTESIAN_POINT('',(116.096788297,-32.090166664,17.859685163));
#3619=CARTESIAN_POINT('',(116.898401676,-32.56568726,31.759787492));
#3620=CARTESIAN_POINT('',(116.665891734,-32.332219037,27.126420428));
#3621=CARTESIAN_POINT('',(116.433382792,-32.098750867,22.493055388));
#3622=CARTESIAN_POINT('',(116.200871289,-31.865282559,17.859685163));
#3623=CARTESIAN_POINT('',(116.926022252,-32.483665352,31.759787492));
#3624=CARTESIAN_POINT('',(116.695814386,-32.252508722,27.126420428));
#3625=CARTESIAN_POINT('',(116.465607445,-32.021352271,22.493055388));
#3626=CARTESIAN_POINT('',(116.235398136,-31.790195361,17.859685163));
#3627=CARTESIAN_POINT('',(117.008631387,-32.237081368,31.759787492));
#3628=CARTESIAN_POINT('',(116.785329722,-32.012859508,27.126420428));
#3629=CARTESIAN_POINT('',(116.562028687,-31.788638186,22.493055388));
#3630=CARTESIAN_POINT('',(116.338726037,-31.564415486,17.859685163));
#3631=CARTESIAN_POINT('',(117.063360271,-32.071880543,31.759787492));
#3632=CARTESIAN_POINT('',(116.844662709,-31.852281852,27.126420428));
#3633=CARTESIAN_POINT('',(116.625965509,-31.632683918,22.493055388));
#3634=CARTESIAN_POINT('',(116.407267385,-31.413084047,17.859685163));
#3635=CARTESIAN_POINT('',(117.145831569,-31.820502012,31.759787492));
#3636=CARTESIAN_POINT('',(116.934040214,-31.607838047,27.126420428));
#3637=CARTESIAN_POINT('',(116.722249071,-31.395174998,22.493055388));
#3638=CARTESIAN_POINT('',(116.510457389,-31.182509602,17.859685163));
#3639=CARTESIAN_POINT('',(117.173386167,-31.736139193,31.759787492));
#3640=CARTESIAN_POINT('',(116.963896892,-31.525786798,27.126420428));
#3641=CARTESIAN_POINT('',(116.754407829,-31.315435342,22.493055388));
#3642=CARTESIAN_POINT('',(116.544918224,-31.10508148,17.859685163));
#3643=CARTESIAN_POINT('',(117.256443477,-31.480247794,31.759787492));
#3644=CARTESIAN_POINT('',(117.05386046,-31.276830096,27.126420428));
#3645=CARTESIAN_POINT('',(116.851277749,-31.073413332,22.493055388));
#3646=CARTESIAN_POINT('',(116.648694255,-30.869994176,17.859685163));
#3647=CARTESIAN_POINT('',(117.312342584,-31.305872625,31.759787492));
#3648=CARTESIAN_POINT('',(117.114363762,-31.107078044,27.126420428));
#3649=CARTESIAN_POINT('',(116.916385422,-30.908284301,22.493055388));
#3650=CARTESIAN_POINT('',(116.718405848,-30.70948841,17.859685163));
#3651=CARTESIAN_POINT('',(117.454693498,-30.852784338,31.759787492));
#3652=CARTESIAN_POINT('',(117.268225111,-30.665547546,27.126420428));
#3653=CARTESIAN_POINT('',(117.081757399,-30.47831131,22.493055388));
#3654=CARTESIAN_POINT('',(116.895287959,-30.29107365,17.859685163));
#3655=CARTESIAN_POINT('',(117.542364265,-30.565742065,31.759787492));
#3656=CARTESIAN_POINT('',(117.362802104,-30.385439942,27.126420428));
#3657=CARTESIAN_POINT('',(117.183240562,-30.205138162,22.493055388));
#3658=CARTESIAN_POINT('',(117.003677434,-30.024835503,17.859685163));
#3659=CARTESIAN_POINT('',(117.662663557,-30.154628845,31.759787492));
#3660=CARTESIAN_POINT('',(117.49230972,-29.983572936,27.126420428));
#3661=CARTESIAN_POINT('',(117.321956431,-29.812517257,22.493055388));
#3662=CARTESIAN_POINT('',(117.15160174,-29.641460989,17.859685163));
#3663=CARTESIAN_POINT('',(117.693030906,-30.049456343,31.759787492));
#3664=CARTESIAN_POINT('',(117.524979153,-29.880711987,27.126420428));
#3665=CARTESIAN_POINT('',(117.356927932,-29.711967848,22.493055388));
#3666=CARTESIAN_POINT('',(117.188875349,-29.543223151,17.859685163));
#3667=CARTESIAN_POINT('',(117.846089,-29.511446912,31.759787492));
#3668=CARTESIAN_POINT('',(117.689547668,-29.354260325,27.126420428));
#3669=CARTESIAN_POINT('',(117.533006787,-29.197073952,22.493055388));
#3670=CARTESIAN_POINT('',(117.376464751,-29.03988703,17.859685163));
#3671=CARTESIAN_POINT('',(117.972426644,-29.042290024,31.759787492));
#3672=CARTESIAN_POINT('',(117.825093643,-28.894349695,27.126420428));
#3673=CARTESIAN_POINT('',(117.677761024,-28.746409748,22.493055388));
#3674=CARTESIAN_POINT('',(117.530427426,-28.598468824,17.859685163));
#3675=CARTESIAN_POINT('',(118.162302489,-28.279438093,31.759787492));
#3676=CARTESIAN_POINT('',(118.028781762,-28.145367466,27.126420428));
#3677=CARTESIAN_POINT('',(117.895261174,-28.011297209,22.493055388));
#3678=CARTESIAN_POINT('',(117.761740232,-27.877226006,17.859685163));
#3679=CARTESIAN_POINT('',(118.225621316,-28.015302512,31.759787492));
#3680=CARTESIAN_POINT('',(118.096704661,-27.885855146,27.126420428));
#3681=CARTESIAN_POINT('',(117.96778805,-27.756408113,22.493055388));
#3682=CARTESIAN_POINT('',(117.838871326,-27.626960227,17.859685163));
#3683=CARTESIAN_POINT('',(118.351062631,-27.467174069,31.759787492));
#3684=CARTESIAN_POINT('',(118.231354211,-27.346973066,27.126420428));
#3685=CARTESIAN_POINT('',(118.111645708,-27.226772286,22.493055388));
#3686=CARTESIAN_POINT('',(117.991937421,-27.106570933,17.859685163));
#3687=CARTESIAN_POINT('',(118.413184256,-27.183203608,31.759787492));
#3688=CARTESIAN_POINT('',(118.298080004,-27.0676257,27.126420428));
#3689=CARTESIAN_POINT('',(118.182975635,-26.952047943,22.493055388));
#3690=CARTESIAN_POINT('',(118.067871568,-26.836469799,17.859685163));
#3691=CARTESIAN_POINT('',(118.565434886,-26.448143589,31.759787492));
#3692=CARTESIAN_POINT('',(118.461841314,-26.344122993,27.126420428));
#3693=CARTESIAN_POINT('',(118.358247711,-26.240102354,22.493055388));
#3694=CARTESIAN_POINT('',(118.254654187,-26.136081824,17.859685163));
#3695=CARTESIAN_POINT('',(118.654051357,-25.984119023,31.759787492));
#3696=CARTESIAN_POINT('',(118.557364364,-25.88703254,27.126420428));
#3697=CARTESIAN_POINT('',(118.460677525,-25.789945891,22.493055388));
#3698=CARTESIAN_POINT('',(118.363990292,-25.692859664,17.859685163));
#3699=CARTESIAN_POINT('',(118.766053142,-25.326520969,31.759787492));
#3700=CARTESIAN_POINT('',(118.678574099,-25.238681471,27.126420428));
#3701=CARTESIAN_POINT('',(118.591095329,-25.150841758,22.493055388));
#3702=CARTESIAN_POINT('',(118.503615861,-25.063002595,17.859685163));
#3703=CARTESIAN_POINT('',(118.821029794,-24.991270096,31.759787492));
#3704=CARTESIAN_POINT('',(118.738154546,-24.908054421,27.126420428));
#3705=CARTESIAN_POINT('',(118.655279607,-24.824838527,22.493055388));
#3706=CARTESIAN_POINT('',(118.572403879,-24.741623192,17.859685163));
#3707=CARTESIAN_POINT('',(118.873659435,-24.641738217,31.759787492));
#3708=CARTESIAN_POINT('',(118.795388141,-24.563146062,27.126420428));
#3709=CARTESIAN_POINT('',(118.717117154,-24.484553704,22.493055388));
#3710=CARTESIAN_POINT('',(118.63884538,-24.405961868,17.859685163));
#3711=CARTESIAN_POINT('',(118.924965417,-24.284356486,31.759787492));
#3712=CARTESIAN_POINT('',(118.851298442,-24.210387169,27.126420428));
#3713=CARTESIAN_POINT('',(118.777631762,-24.136417657,22.493055388));
#3714=CARTESIAN_POINT('',(118.703964325,-24.062448644,17.859685163));
#3715=CARTESIAN_POINT('',(118.949962437,-24.101716368,31.759787492));
#3716=CARTESIAN_POINT('',(118.878597836,-24.030058068,27.126420428));
#3717=CARTESIAN_POINT('',(118.807233521,-23.958399574,22.493055388));
#3718=CARTESIAN_POINT('',(118.735868474,-23.886741577,17.859685163));
#3719=CARTESIAN_POINT('',(119.022702185,-23.541143782,31.759787492));
#3720=CARTESIAN_POINT('',(118.958245441,-23.476417165,27.126420428));
#3721=CARTESIAN_POINT('',(118.893788948,-23.411690335,22.493055388));
#3722=CARTESIAN_POINT('',(118.829331814,-23.346964054,17.859685163));
#3723=CARTESIAN_POINT('',(119.068126381,-23.150849098,31.759787492));
#3724=CARTESIAN_POINT('',(119.008275475,-23.090742488,27.126420428));
#3725=CARTESIAN_POINT('',(118.948424789,-23.030635627,22.493055388));
#3726=CARTESIAN_POINT('',(118.888573538,-22.970529408,17.859685163));
#3727=CARTESIAN_POINT('',(119.11913681,-22.643841489,31.759787492));
#3728=CARTESIAN_POINT('',(119.065038646,-22.589518356,27.126420428));
#3729=CARTESIAN_POINT('',(119.010940694,-22.535194984,22.493055388));
#3730=CARTESIAN_POINT('',(118.956842201,-22.480872224,17.859685163));
#3731=CARTESIAN_POINT('',(119.12905208,-22.541476769,31.759787492));
#3732=CARTESIAN_POINT('',(119.076104208,-22.488310809,27.126420428));
#3733=CARTESIAN_POINT('',(119.023156546,-22.435144616,22.493055388));
#3734=CARTESIAN_POINT('',(118.970208347,-22.38197902,17.859685163));
#3735=CARTESIAN_POINT('',(119.167444905,-22.128334874,31.759787492));
#3736=CARTESIAN_POINT('',(119.11909733,-22.079799224,27.126420428));
#3737=CARTESIAN_POINT('',(119.070749968,-22.031263375,22.493055388));
#3738=CARTESIAN_POINT('',(119.022402063,-21.982728037,17.859685163));
#3739=CARTESIAN_POINT('',(119.193361994,-21.810280901,31.759787492));
#3740=CARTESIAN_POINT('',(119.148463101,-21.765220851,27.126420428));
#3741=CARTESIAN_POINT('',(119.103564426,-21.720160648,22.493055388));
#3742=CARTESIAN_POINT('',(119.058665194,-21.675100834,17.859685163));
#3743=CARTESIAN_POINT('',(119.229850228,-21.270486256,31.759787492));
#3744=CARTESIAN_POINT('',(119.190707884,-21.231202578,27.126420428));
#3745=CARTESIAN_POINT('',(119.151565633,-21.191918737,22.493055388));
#3746=CARTESIAN_POINT('',(119.112423141,-21.152635316,17.859685163));
#3747=CARTESIAN_POINT('',(119.242636847,-21.051987595,31.759787492));
#3748=CARTESIAN_POINT('',(119.205800412,-21.015008339,27.126420428));
#3749=CARTESIAN_POINT('',(119.168963976,-20.978028886,22.493055388));
#3750=CARTESIAN_POINT('',(119.132127542,-20.941049936,17.859685163));
#3751=CARTESIAN_POINT('',(119.264084771,-20.6111754,31.759787492));
#3752=CARTESIAN_POINT('',(119.231862605,-20.578800412,27.126420428));
#3753=CARTESIAN_POINT('',(119.199640203,-20.546425092,22.493055388));
#3754=CARTESIAN_POINT('',(119.167418405,-20.514050623,17.859685163));
#3755=CARTESIAN_POINT('',(119.272762174,-20.388856186,31.759787492));
#3756=CARTESIAN_POINT('',(119.242847602,-20.358782469,27.126420428));
#3757=CARTESIAN_POINT('',(119.212932665,-20.32870832,22.493055388));
#3758=CARTESIAN_POINT('',(119.183018662,-20.29863528,17.859685163));
#3759=CARTESIAN_POINT('',(119.285638187,-19.941695108,31.759787492));
#3760=CARTESIAN_POINT('',(119.260329775,-19.916240711,27.126420428));
#3761=CARTESIAN_POINT('',(119.235020838,-19.890785615,22.493055388));
#3762=CARTESIAN_POINT('',(119.209713245,-19.865332313,17.859685163));
#3763=CARTESIAN_POINT('',(119.289819321,-19.716868849,31.759787492));
#3764=CARTESIAN_POINT('',(119.266808182,-19.693734899,27.126420428));
#3765=CARTESIAN_POINT('',(119.243796489,-19.67060007,22.493055388));
#3766=CARTESIAN_POINT('',(119.220786216,-19.647467496,17.859685163));
#3767=CARTESIAN_POINT('',(119.293579796,-19.265762703,31.759787492));
#3768=CARTESIAN_POINT('',(119.275163671,-19.247268877,27.126420428));
#3769=CARTESIAN_POINT('',(119.256747138,-19.228773966,22.493055388));
#3770=CARTESIAN_POINT('',(119.238331651,-19.210281833,17.859685163));
#3771=CARTESIAN_POINT('',(119.293131069,-19.039513195,31.759787492));
#3772=CARTESIAN_POINT('',(119.277014234,-19.023336186,27.126420428));
#3773=CARTESIAN_POINT('',(119.260897203,-19.007158103,22.493055388));
#3774=CARTESIAN_POINT('',(119.244780675,-18.990982772,17.859685163));
#3775=CARTESIAN_POINT('',(119.289460032,-18.728854218,31.759787492));
#3776=CARTESIAN_POINT('',(119.27649973,-18.715846375,27.126420428));
#3777=CARTESIAN_POINT('',(119.263539572,-18.702837622,22.493055388));
#3778=CARTESIAN_POINT('',(119.250579043,-18.689831203,17.859685163));
#3779=CARTESIAN_POINT('',(119.288162873,-18.644725057,31.759787492));
#3780=CARTESIAN_POINT('',(119.276057152,-18.63257447,27.126420428));
#3781=CARTESIAN_POINT('',(119.263951671,-18.620423027,22.493055388));
#3782=CARTESIAN_POINT('',(119.251845579,-18.608273775,17.859685163));
#3783=CARTESIAN_POINT('',(119.286571894,-18.560560866,31.759787492));
#3784=CARTESIAN_POINT('',(119.275320881,-18.549267299,27.126420428));
#3785=CARTESIAN_POINT('',(119.264070192,-18.53797294,22.493055388));
#3786=CARTESIAN_POINT('',(119.252818675,-18.526680611,17.859685163));
#3787=B_SPLINE_SURFACE_WITH_KNOTS('',3,3,((#3491,#3492,#3493,#3494),(#3495,#3496,#3497,#3498),(#3499,#3500,#3501,#3502),(#3503,#3504,#3505,#3506),(#3507,#3508,#3509,#3510),(#3511,#3512,#3513,#3514),(#3515,#3516,#3517,#3518),(#3519,#3520,#3521,#3522),(#3523,#3524,#3525,#3526),(#3527,#3528,#3529,#3530),(#3531,#3532,#3533,#3534),(#3535,#3536,#3537,#3538),(#3539,#3540,#3541,#3542),(#3543,#3544,#3545,#3546),(#3547,#3548,#3549,#3550),(#3551,#3552,#3553,#3554),(#3555,#3556,#3557,#3558),(#3559,#3560,#3561,#3562),(#3563,#3564,#3565,#3566),(#3567,#3568,#3569,#3570),(#3571,#3572,#3573,#3574),(#3575,#3576,#3577,#3578),(#3579,#3580,#3581,#3582),(#3583,#3584,#3585,#3586),(#3587,#3588,#3589,#3590),(#3591,#3592,#3593,#3594),
(#3595,#3596,#3597,#3598),(#3599,#3600,#3601,#3602),(#3603,#3604,#3605,#3606),(#3607,#3608,#3609,#3610),(#3611,#3612,#3613,#3614),(#3615,#3616,#3617,#3618),(#3619,#3620,#3621,#3622),(#3623,#3624,#3625,#3626),(#3627,#3628,#3629,#3630),(#3631,#3632,#3633,#3634),(#3635,#3636,#3637,#3638),(#3639,#3640,#3641,#3642),(#3643,#3644,#3645,#3646),(#3647,#3648,#3649,#3650),(#3651,#3652,#3653,#3654),(#3655,#3656,#3657,#3658),(#3659,#3660,#3661,#3662),(#3663,#3664,#3665,#3666),(#3667,#3668,#3669,#3670),(#3671,#3672,#3673,#3674),(#3675,#3676,#3677,#3678),(#3679,#3680,#3681,#3682),(#3683,#3684,#3685,#3686),(#3687,#3688,#3689,#3690),(#3691,#3692,#3693,#3694),
(#3695,#3696,#3697,#3698),(#3699,#3700,#3701,#3702),(#3703,#3704,#3705,#3706),(#3707,#3708,#3709,#3710),(#3711,#3712,#3713,#3714),(#3715,#3716,#3717,#3718),(#3719,#3720,#3721,#3722),(#3723,#3724,#3725,#3726),(#3727,#3728,#3729,#3730),(#3731,#3732,#3733,#3734),(#3735,#3736,#3737,#3738),(#3739,#3740,#3741,#3742),(#3743,#3744,#3745,#3746),(#3747,#3748,#3749,#3750),(#3751,#3752,#3753,#3754),(#3755,#3756,#3757,#3758),(#3759,#3760,#3761,#3762),(#3763,#3764,#3765,#3766),(#3767,#3768,#3769,#3770),(#3771,#3772,#3773,#3774),(#3775,#3776,#3777,#3778),(#3779,#3780,#3781,#3782),(#3783,#3784,#3785,#3786)),.UNSPECIFIED.,.F.,.F.,.U.,(4,2,2,2,2,2,1,1,2,2,2,2,2,1,2,2,2,2,2,2,2,2,2,2,2,2,
2,2,1,2,2,2,2,2,2,2,2,2,4),(4,4),(0.220075498,0.256634264,0.268820587,0.293193234,0.305379558,0.341938528,0.366311176,0.378497499,0.390683823,0.41505647,0.439429117,0.463801764,0.488174411,0.512547058,0.524733382,0.536919705,0.561292352,0.585664999,0.597851323,0.62222397,0.634410294,0.658782941,0.695341911,0.707528235,0.756273529,0.780646176,
0.805018823,0.841577794,0.853764117,0.865950441,0.878136765,0.902509412,0.908602573,0.926882059,0.939068382,0.951254706,0.963441029,0.975627353,0.980149534),(0.073331854,1.00000534),.UNSPECIFIED.);
#3788=CARTESIAN_POINT('',(119.27710497,-18.551369543,27.859765259));
#3789=VERTEX_POINT('',#3788);
#3790=CARTESIAN_POINT('',(119.273717338,-18.551369543,26.454765259));
#3791=VERTEX_POINT('',#3790);
#3792=CARTESIAN_POINT('',(119.27710497,-18.551369543,27.859765259));
#3793=CARTESIAN_POINT('',(119.275979335,-18.551369543,27.391431917));
#3794=CARTESIAN_POINT('',(119.274850156,-18.551369543,26.923098584));
#3795=CARTESIAN_POINT('',(119.273717336,-18.551369543,26.454765259));
#3796=B_SPLINE_CURVE_WITH_KNOTS('',3,(#3792,#3793,#3794,#3795),.UNSPECIFIED.,.F.,.F.,(4,4),(0.024435723,0.025840727),.UNSPECIFIED.);
#3797=EDGE_CURVE('',#3789,#3791,#3796,.T.);
#3798=ORIENTED_EDGE('',*,*,#3797,.F.);
#3799=CARTESIAN_POINT('',(119.137423189,-22.451369543,31.759765259));
#3800=VERTEX_POINT('',#3799);
#3801=CARTESIAN_POINT('',(119.137423189,-22.451369543,31.759765259));
#3802=CARTESIAN_POINT('',(119.161351012,-22.194799668,31.759765259));
#3803=CARTESIAN_POINT('',(119.182110978,-21.942239157,31.734692031));
#3804=CARTESIAN_POINT('',(119.199902445,-21.693553062,31.685430454));
#3805=CARTESIAN_POINT('',(119.208798178,-21.569210014,31.660799665));
#3806=CARTESIAN_POINT('',(119.216950103,-21.445842915,31.630077678));
#3807=CARTESIAN_POINT('',(119.22437119,-21.323478905,31.593109967));
#3808=CARTESIAN_POINT('',(119.231792278,-21.201114895,31.556142257));
#3809=CARTESIAN_POINT('',(119.238493986,-21.079448154,31.512727705));
#3810=CARTESIAN_POINT('',(119.244379296,-20.961449875,31.463948853));
#3811=CARTESIAN_POINT('',(119.256149917,-20.725453317,31.366391151));
#3812=CARTESIAN_POINT('',(119.264839866,-20.501425018,31.246898066));
#3813=CARTESIAN_POINT('',(119.271176615,-20.289314954,31.105611829));
#3814=CARTESIAN_POINT('',(119.277513363,-20.07720489,30.964325591));
#3815=CARTESIAN_POINT('',(119.281444213,-19.87631477,30.799804601));
#3816=CARTESIAN_POINT('',(119.283650356,-19.696232116,30.620058315));
#3817=CARTESIAN_POINT('',(119.285856498,-19.516149462,30.440312029));
#3818=CARTESIAN_POINT('',(119.286424141,-19.354446314,30.244069848));
#3819=CARTESIAN_POINT('',(119.286152341,-19.211597807,30.030912214));
#3820=CARTESIAN_POINT('',(119.286016441,-19.140173554,29.924333397));
#3821=CARTESIAN_POINT('',(119.285667761,-19.07371656,29.813671009));
#3822=CARTESIAN_POINT('',(119.285205704,-19.013459262,29.701170401));
#3823=CARTESIAN_POINT('',(119.284743647,-18.953201963,29.588669793));
#3824=CARTESIAN_POINT('',(119.284167543,-18.898740854,29.473755264));
#3825=CARTESIAN_POINT('',(119.283550573,-18.849994324,29.356460463));
#3826=CARTESIAN_POINT('',(119.282933603,-18.801247795,29.239165663));
#3827=CARTESIAN_POINT('',(119.282275626,-18.75821581,29.119490608));
#3828=CARTESIAN_POINT('',(119.281631575,-18.720982533,28.997399978));
#3829=CARTESIAN_POINT('',(119.280987525,-18.683749256,28.875309349));
#3830=CARTESIAN_POINT('',(119.280354453,-18.652211003,28.750214607));
#3831=CARTESIAN_POINT('',(119.27977865,-18.627027815,28.624232622));
#3832=CARTESIAN_POINT('',(119.278627043,-18.57666144,28.372268651));
#3833=CARTESIAN_POINT('',(119.277724323,-18.551369543,28.117454474));
#3834=CARTESIAN_POINT('',(119.27710497,-18.551369543,27.859765259));
#3835=B_SPLINE_CURVE_WITH_KNOTS('',3,(#3801,#3802,#3803,#3804,#3805,#3806,#3807,#3808,#3809,#3810,#3811,#3812,#3813,#3814,#3815,#3816,#3817,#3818,#3819,#3820,#3821,#3822,#3823,#3824,#3825,#3826,
#3827,#3828,#3829,#3830,#3831,#3832,#3833,#3834),.UNSPECIFIED.,.F.,.F.,(4,3,3,3,3,3,3,3,3,3,3,4),(0.,0.000762127,0.001143191,0.001524255,0.002286382,0.00304851,0.003810637,0.004191701,0.004572765,0.004953828,0.005334892,0.00609702),.UNSPECIFIED.);
#3836=EDGE_CURVE('',#3800,#3789,#3835,.T.);
#3837=ORIENTED_EDGE('',*,*,#3836,.F.);
#3838=CARTESIAN_POINT('',(113.841302046,-39.298680815,31.759765259));
#3839=VERTEX_POINT('',#3838);
#3840=CARTESIAN_POINT('',(119.137423189,-22.451369543,31.759765259));
#3841=CARTESIAN_POINT('',(119.000945302,-23.914804758,31.759765259));
#3842=CARTESIAN_POINT('',(118.786010638,-25.369588094,31.759765259));
#3843=CARTESIAN_POINT('',(118.489304975,-26.815354072,31.759765259));
#3844=CARTESIAN_POINT('',(118.340952144,-27.538237061,31.759765259));
#3845=CARTESIAN_POINT('',(118.172894741,-28.258947113,31.759765259));
#3846=CARTESIAN_POINT('',(117.986086392,-28.977589391,31.759765259));
#3847=CARTESIAN_POINT('',(117.799278043,-29.696231669,31.759765259));
#3848=CARTESIAN_POINT('',(117.592871864,-30.412833549,31.759765259));
#3849=CARTESIAN_POINT('',(117.37013841,-31.121910316,31.759765259));
#3850=CARTESIAN_POINT('',(117.258771683,-31.4764487,31.759765259));
#3851=CARTESIAN_POINT('',(117.143642877,-31.829620168,31.759765259));
#3852=CARTESIAN_POINT('',(117.02668329,-32.182126437,31.759765259));
#3853=CARTESIAN_POINT('',(116.909723702,-32.534632706,31.759765259));
#3854=CARTESIAN_POINT('',(116.791179707,-32.886563296,31.759765259));
#3855=CARTESIAN_POINT('',(116.665951544,-33.236065255,31.759765259));
#3856=CARTESIAN_POINT('',(116.54072338,-33.585567213,31.759765259));
#3857=CARTESIAN_POINT('',(116.407816359,-33.932279129,31.759765259));
#3858=CARTESIAN_POINT('',(116.268053097,-34.276499894,31.759765259));
#3859=CARTESIAN_POINT('',(116.128289835,-34.620720658,31.759765259));
#3860=CARTESIAN_POINT('',(115.983048387,-34.962950974,31.759765259));
#3861=CARTESIAN_POINT('',(115.83558252,-35.304373067,31.759765259));
#3862=CARTESIAN_POINT('',(115.688116653,-35.645795161,31.759765259));
#3863=CARTESIAN_POINT('',(115.537626079,-35.986252952,31.759765259));
#3864=CARTESIAN_POINT('',(115.380901955,-36.324156484,31.759765259));
#3865=CARTESIAN_POINT('',(115.224177831,-36.662060015,31.759765259));
#3866=CARTESIAN_POINT('',(115.060967529,-36.996616643,31.759765259));
#3867=CARTESIAN_POINT('',(114.891039341,-37.327706803,31.759765259));
#3868=CARTESIAN_POINT('',(114.721111153,-37.658796964,31.759765259));
#3869=CARTESIAN_POINT('',(114.544676689,-37.98652985,31.759765259));
#3870=CARTESIAN_POINT('',(114.366823862,-38.313530852,31.759765259));
#3871=CARTESIAN_POINT('',(114.188971035,-38.640531854,31.759765259));
#3872=CARTESIAN_POINT('',(114.010529427,-38.9672301,31.759765259));
#3873=CARTESIAN_POINT('',(113.841302036,-39.29868081,31.759765259));
#3874=B_SPLINE_CURVE_WITH_KNOTS('',3,(#3840,#3841,#3842,#3843,#3844,#3845,#3846,#3847,#3848,#3849,#3850,#3851,#3852,#3853,#3854,#3855,#3856,#3857,#3858,#3859,#3860,#3861,#3862,#3863,#3864,#3865,
#3866,#3867,#3868,#3869,#3870,#3871,#3872,#3873),.UNSPECIFIED.,.F.,.F.,(4,3,3,3,3,3,3,3,3,3,3,4),(0.064184588,0.068648281,0.070880127,0.073111973,0.074227896,0.075343819,0.076459742,0.077575665,0.078691588,0.079807511,0.080923434,0.082039357),.UNSPECIFIED.);
#3875=EDGE_CURVE('',#3800,#3839,#3874,.T.);
#3876=ORIENTED_EDGE('',*,*,#3875,.T.);
#3877=CARTESIAN_POINT('',(112.459182258,-38.077961177,17.8597654));
#3878=VERTEX_POINT('',#3877);
#3879=CARTESIAN_POINT('',(113.841302046,-39.298680815,31.759765259));
#3880=CARTESIAN_POINT('',(113.61190113,-39.100006088,29.442589218));
#3881=CARTESIAN_POINT('',(113.383474335,-38.896078622,27.125770373));
#3882=CARTESIAN_POINT('',(113.153446184,-38.692123976,24.809115287));
#3883=CARTESIAN_POINT('',(112.923418033,-38.48816933,22.492460202));
#3884=CARTESIAN_POINT('',(112.692176061,-38.28332166,20.176004167));
#3885=CARTESIAN_POINT('',(112.459207269,-38.077983222,17.85976521));
#3886=B_SPLINE_CURVE_WITH_KNOTS('',3,(#3879,#3880,#3881,#3882,#3883,#3884,#3885),.UNSPECIFIED.,.F.,.F.,(4,3,4),(0.001109354,0.008120246,0.015131139),.UNSPECIFIED.);
#3887=EDGE_CURVE('',#3839,#3878,#3886,.T.);
#3888=ORIENTED_EDGE('',*,*,#3887,.T.);
#3889=CARTESIAN_POINT('',(115.152288194,-33.923738979,17.859765259));
#3890=VERTEX_POINT('',#3889);
#3891=CARTESIAN_POINT('',(112.459210503,-38.077978785,17.859765259));
#3892=CARTESIAN_POINT('',(112.580762352,-37.910708175,17.859765259));
#3893=CARTESIAN_POINT('',(112.701444465,-37.742895373,17.859765259));
#3894=CARTESIAN_POINT('',(112.822103914,-37.575068443,17.859765259));
#3895=CARTESIAN_POINT('',(112.942763364,-37.407241513,17.859765259));
#3896=CARTESIAN_POINT('',(113.063310734,-37.239344713,17.859765259));
#3897=CARTESIAN_POINT('',(113.182818242,-37.070799664,17.859765259));
#3898=CARTESIAN_POINT('',(113.421833257,-36.733709566,17.859765259));
#3899=CARTESIAN_POINT('',(113.656501713,-36.393909829,17.859765259));
#3900=CARTESIAN_POINT('',(113.882628741,-36.048785379,17.859765259));
#3901=CARTESIAN_POINT('',(114.334882795,-35.358536479,17.859765259));
#3902=CARTESIAN_POINT('',(114.749289956,-34.644693884,17.859765259));
#3903=CARTESIAN_POINT('',(115.152288193,-33.923738982,17.859765259));
#3904=B_SPLINE_CURVE_WITH_KNOTS('',3,(#3891,#3892,#3893,#3894,#3895,#3896,#3897,#3898,#3899,#3900,#3901,#3902,#3903),.UNSPECIFIED.,.F.,.F.,(4,3,3,3,4),(0.000000005,0.000618757,0.001237509,0.002475014,0.004950024),.UNSPECIFIED.);
#3905=EDGE_CURVE('',#3878,#3890,#3904,.T.);
#3906=ORIENTED_EDGE('',*,*,#3905,.T.);
#3907=CARTESIAN_POINT('',(115.357950393,-33.551667705,17.859765259));
#3908=VERTEX_POINT('',#3907);
#3909=CARTESIAN_POINT('',(115.152288194,-33.923738979,17.859765259));
#3910=CARTESIAN_POINT('',(115.221415162,-33.800072368,17.859765259));
#3911=CARTESIAN_POINT('',(115.290062347,-33.676106662,17.859765259));
#3912=CARTESIAN_POINT('',(115.357950391,-33.551667708,17.859765259));
#3913=B_SPLINE_CURVE_WITH_KNOTS('',3,(#3909,#3910,#3911,#3912),.UNSPECIFIED.,.F.,.F.,(4,4),(0.004950024,0.005374566),.UNSPECIFIED.);
#3914=EDGE_CURVE('',#3890,#3908,#3913,.T.);
#3915=ORIENTED_EDGE('',*,*,#3914,.T.);
#3916=CARTESIAN_POINT('',(115.357950393,-33.551667705,17.859765259));
#3917=CARTESIAN_POINT('',(115.514376134,-33.264938934,17.859765259));
#3918=CARTESIAN_POINT('',(115.666525683,-32.975307401,17.859765259));
#3919=CARTESIAN_POINT('',(115.811986326,-32.682022511,17.859765259));
#3920=CARTESIAN_POINT('',(115.957446969,-32.388737621,17.859765259));
#3921=CARTESIAN_POINT('',(116.096356797,-32.09280139,17.859765259));
#3922=CARTESIAN_POINT('',(116.232751533,-31.795847216,17.859765259));
#3923=CARTESIAN_POINT('',(116.505541005,-31.201938866,17.859765259));
#3924=CARTESIAN_POINT('',(116.770944785,-30.605041273,17.859765259));
#3925=CARTESIAN_POINT('',(117.012309478,-29.998414233,17.859765259));
#3926=CARTESIAN_POINT('',(117.253674172,-29.391787194,17.859765259));
#3927=CARTESIAN_POINT('',(117.472651195,-28.776099094,17.859765259));
#3928=CARTESIAN_POINT('',(117.673281134,-28.152985296,17.859765259));
#3929=CARTESIAN_POINT('',(117.873911072,-27.529871499,17.859765259));
#3930=CARTESIAN_POINT('',(118.055533599,-26.900429108,17.859765259));
#3931=CARTESIAN_POINT('',(118.217753553,-26.269265688,17.859765259));
#3932=CARTESIAN_POINT('',(118.542193463,-25.006938849,17.859765259));
#3933=CARTESIAN_POINT('',(118.787146005,-23.732065345,17.859765259));
#3934=CARTESIAN_POINT('',(118.961441464,-22.446038991,17.859765259));
#3935=CARTESIAN_POINT('',(119.048589193,-21.803025814,17.859765259));
#3936=CARTESIAN_POINT('',(119.118086687,-21.15722664,17.859765259));
#3937=CARTESIAN_POINT('',(119.167125876,-20.50819823,17.859765259));
#3938=CARTESIAN_POINT('',(119.216165065,-19.859169819,17.859765259));
#3939=CARTESIAN_POINT('',(119.244221377,-19.206829372,17.859765259));
#3940=CARTESIAN_POINT('',(119.252515452,-18.551369559,17.859765259));
#3941=B_SPLINE_CURVE_WITH_KNOTS('',3,(#3916,#3917,#3918,#3919,#3920,#3921,#3922,#3923,#3924,#3925,#3926,#3927,#3928,#3929,#3930,#3931,#3932,#3933,#3934,#3935,#3936,#3937,#3938,#3939,#3940),.UNSPECIFIED.,.F.,.F.,(4,3,3,3,3,3,3,3,4),(0.005374566,0.006352785,0.007331004,0.009287443,0.011243881,0.013200319,0.017113195,0.019069634,0.021026072),.UNSPECIFIED.);
#3942=EDGE_CURVE('',#3908,#639,#3941,.T.);
#3943=ORIENTED_EDGE('',*,*,#3942,.T.);
#3944=ORIENTED_EDGE('',*,*,#645,.F.);
#3945=CARTESIAN_POINT('',(119.268369385,-18.551369543,24.254765259));
#3946=CARTESIAN_POINT('',(119.270160968,-18.551369543,24.98809857));
#3947=CARTESIAN_POINT('',(119.271943526,-18.551369543,25.721431904));
#3948=CARTESIAN_POINT('',(119.273717336,-18.551369543,26.454765259));
#3949=B_SPLINE_CURVE_WITH_KNOTS('',3,(#3945,#3946,#3947,#3948),.UNSPECIFIED.,.F.,.F.,(4,4),(0.022235716,0.024435723),.UNSPECIFIED.);
#3950=EDGE_CURVE('',#631,#3791,#3949,.T.);
#3951=ORIENTED_EDGE('',*,*,#3950,.T.);
#3952=EDGE_LOOP('',(#3798,#3837,#3876,#3888,#3906,#3915,#3943,#3944,#3951));
#3953=FACE_BOUND('',#3952,.T.);
#3954=ADVANCED_FACE('',(#3953),#3787,.F.);
#3955=CARTESIAN_POINT('',(88.60073635,-44.824705447,22.254765294));
#3956=DIRECTION('',(0.953407121,0.301686694,0.000000022));
#3957=DIRECTION('',(-0.301686694,0.953407121,-0.));
#3958=AXIS2_PLACEMENT_3D('',#3955,#3956,#3957);
#3959=PLANE('',#3958);
#3960=CARTESIAN_POINT('',(89.545342733,-47.809902919,17.859765259));
#3961=VERTEX_POINT('',#3960);
#3962=CARTESIAN_POINT('',(89.545342733,-47.809902919,17.859765259));
#3963=DIRECTION('',(-0.301686694,0.953407121,-0.));
#3964=VECTOR('',#3963,0.732658064);
#3965=LINE('',#3962,#3964);
#3966=EDGE_CURVE('',#3961,#3042,#3965,.T.);
#3967=ORIENTED_EDGE('',*,*,#3966,.F.);
#3968=CARTESIAN_POINT('',(90.848473452,-51.92812982,24.659765239));
#3969=VERTEX_POINT('',#3968);
#3970=CARTESIAN_POINT('',(89.545342733,-47.809902919,17.859765259));
#3971=CARTESIAN_POINT('',(89.979156336,-49.180865037,20.127617164));
#3972=CARTESIAN_POINT('',(90.413591162,-50.553790377,22.394163208));
#3973=CARTESIAN_POINT('',(90.848473452,-51.92812982,24.659765239));
#3974=B_SPLINE_CURVE_WITH_KNOTS('',3,(#3970,#3971,#3972,#3973),.UNSPECIFIED.,.F.,.F.,(4,4),(0.041576347,0.04963228),.UNSPECIFIED.);
#3975=EDGE_CURVE('',#3961,#3969,#3974,.T.);
#3976=ORIENTED_EDGE('',*,*,#3975,.T.);
#3977=CARTESIAN_POINT('',(90.848473452,-51.92812982,24.659765239));
#3978=DIRECTION('',(-0.301686694,0.953407121,0.));
#3979=VECTOR('',#3978,0.776201826);
#3980=LINE('',#3977,#3979);
#3981=EDGE_CURVE('',#3969,#2217,#3980,.T.);
#3982=ORIENTED_EDGE('',*,*,#3981,.T.);
#3983=ORIENTED_EDGE('',*,*,#2223,.F.);
#3984=ORIENTED_EDGE('',*,*,#3082,.F.);
#3985=EDGE_LOOP('',(#3967,#3976,#3982,#3983,#3984));
#3986=FACE_BOUND('',#3985,.T.);
#3987=ADVANCED_FACE('',(#3986),#3959,.F.);
#3988=CARTESIAN_POINT('',(89.545342733,-47.809902919,17.859765258));
#3989=CARTESIAN_POINT('',(90.903899783,-52.467668731,25.559765263));
#3990=CARTESIAN_POINT('',(89.800284748,-47.803302508,17.859765258));
#3991=CARTESIAN_POINT('',(91.166117439,-52.484732105,25.559765263));
#3992=CARTESIAN_POINT('',(90.055216973,-47.795886732,17.859765258));
#3993=CARTESIAN_POINT('',(91.429627049,-52.485027603,25.559765263));
#3994=CARTESIAN_POINT('',(90.580553494,-47.779293833,17.859765258));
#3995=CARTESIAN_POINT('',(91.970257651,-52.451086663,25.559765263));
#3996=CARTESIAN_POINT('',(90.850991365,-47.770325151,17.859765258));
#3997=CARTESIAN_POINT('',(92.247238361,-52.414801545,25.559765263));
#3998=CARTESIAN_POINT('',(91.121433784,-47.759954289,17.859765258));
#3999=CARTESIAN_POINT('',(92.520115622,-52.359987963,25.559765263));
#4000=B_SPLINE_SURFACE_WITH_KNOTS('',3,1,((#3988,#3989),(#3990,#3991),(#3992,#3993),(#3994,#3995),(#3996,#3997),(#3998,#3999)),.UNSPECIFIED.,.F.,.F.,.U.,(4,2,4),(2,2),(0.51422939,0.75,1.),(0.001135074,0.875141885),.UNSPECIFIED.);
#4001=CARTESIAN_POINT('',(91.12143379,-47.75995431,17.859765293));
#4002=VERTEX_POINT('',#4001);
#4003=CARTESIAN_POINT('',(91.12143379,-47.75995431,17.859765293));
#4004=CARTESIAN_POINT('',(90.596180671,-47.780096586,17.859765281));
#4005=CARTESIAN_POINT('',(90.070802827,-47.796298857,17.85976527));
#4006=CARTESIAN_POINT('',(89.545342733,-47.809902919,17.859765259));
#4007=B_SPLINE_CURVE_WITH_KNOTS('',3,(#4003,#4004,#4005,#4006),.UNSPECIFIED.,.F.,.F.,(4,4),(0.,0.001576882),.UNSPECIFIED.);
#4008=EDGE_CURVE('',#4002,#3961,#4007,.T.);
#4009=ORIENTED_EDGE('',*,*,#4008,.F.);
#4010=CARTESIAN_POINT('',(92.520115621,-52.359987961,25.559765259));
#4011=VERTEX_POINT('',#4010);
#4012=CARTESIAN_POINT('',(91.12143379,-47.75995431,17.859765293));
#4013=CARTESIAN_POINT('',(91.587661067,-49.29329886,20.426431948));
#4014=CARTESIAN_POINT('',(92.053888344,-50.82664341,22.993098604));
#4015=CARTESIAN_POINT('',(92.520115621,-52.359987961,25.559765259));
#4016=B_SPLINE_CURVE_WITH_KNOTS('',3,(#4012,#4013,#4014,#4015),.UNSPECIFIED.,.F.,.F.,(4,4),(0.001135078,0.875141884),.UNSPECIFIED.);
#4017=EDGE_CURVE('',#4002,#4011,#4016,.T.);
#4018=ORIENTED_EDGE('',*,*,#4017,.T.);
#4019=CARTESIAN_POINT('',(91.956405901,-52.446252397,25.559765259));
#4020=VERTEX_POINT('',#4019);
#4021=CARTESIAN_POINT('',(91.956405901,-52.446252397,25.559765259));
#4022=CARTESIAN_POINT('',(92.145639671,-52.42619216,25.559765259));
#4023=CARTESIAN_POINT('',(92.333547064,-52.397464484,25.559765259));
#4024=CARTESIAN_POINT('',(92.520115621,-52.359987961,25.559765259));
#4025=B_SPLINE_CURVE_WITH_KNOTS('',3,(#4021,#4022,#4023,#4024),.UNSPECIFIED.,.F.,.F.,(4,4),(0.,0.000570272),.UNSPECIFIED.);
#4026=EDGE_CURVE('',#4020,#4011,#4025,.T.);
#4027=ORIENTED_EDGE('',*,*,#4026,.F.);
#4028=CARTESIAN_POINT('',(91.956405901,-52.446252397,25.559765259));
#4029=CARTESIAN_POINT('',(91.887233373,-52.453585218,25.559765259));
#4030=CARTESIAN_POINT('',(91.819245022,-52.454852013,25.552146942));
#4031=CARTESIAN_POINT('',(91.752249061,-52.451057453,25.538142776));
#4032=CARTESIAN_POINT('',(91.685253099,-52.447262894,25.524138609));
#4033=CARTESIAN_POINT('',(91.61898541,-52.438209981,25.503450085));
#4034=CARTESIAN_POINT('',(91.556563255,-52.425206848,25.477981143));
#4035=CARTESIAN_POINT('',(91.431718945,-52.399200581,25.427043261));
#4036=CARTESIAN_POINT('',(91.318317757,-52.357025815,25.355920701));
#4037=CARTESIAN_POINT('',(91.221748339,-52.306589767,25.273483279));
#4038=CARTESIAN_POINT('',(91.125178922,-52.25615372,25.191045856));
#4039=CARTESIAN_POINT('',(91.042887589,-52.196122481,25.095060599));
#4040=CARTESIAN_POINT('',(90.979729516,-52.132189288,24.99202867));
#4041=CARTESIAN_POINT('',(90.916571443,-52.068256096,24.888996741));
#4042=CARTESIAN_POINT('',(90.870891744,-51.998977358,24.776557556));
#4043=CARTESIAN_POINT('',(90.848473452,-51.92812982,24.659765239));
#4044=B_SPLINE_CURVE_WITH_KNOTS('',3,(#4028,#4029,#4030,#4031,#4032,#4033,#4034,#4035,#4036,#4037,#4038,#4039,#4040,#4041,#4042,#4043),.UNSPECIFIED.,.F.,.F.,(4,3,3,3,3,4),(0.,0.000205069,0.000410139,0.000820278,0.001230417,0.001640556),.UNSPECIFIED.);
#4045=EDGE_CURVE('',#4020,#3969,#4044,.T.);
#4046=ORIENTED_EDGE('',*,*,#4045,.T.);
#4047=ORIENTED_EDGE('',*,*,#3975,.F.);
#4048=EDGE_LOOP('',(#4009,#4018,#4027,#4046,#4047));
#4049=FACE_BOUND('',#4048,.T.);
#4050=ADVANCED_FACE('',(#4049),#4000,.T.);
#4051=CARTESIAN_POINT('',(102.660449319,-45.662097718,18.335009344));
#4052=CARTESIAN_POINT('',(102.660449319,-45.662097718,18.335009344));
#4053=CARTESIAN_POINT('',(102.660449319,-45.662097718,18.335009344));
#4054=CARTESIAN_POINT('',(102.660449319,-45.662097718,18.335009344));
#4055=CARTESIAN_POINT('',(102.661712665,-45.645854444,18.304296204));
#4056=CARTESIAN_POINT('',(102.661709857,-45.645855789,18.304296671));
#4057=CARTESIAN_POINT('',(102.651440363,-45.650794478,18.306033105));
#4058=CARTESIAN_POINT('',(102.651440111,-45.650794594,18.306033139));
#4059=CARTESIAN_POINT('',(102.657982282,-45.632367056,18.275075265));
#4060=CARTESIAN_POINT('',(102.653369163,-45.634495603,18.275708067));
#4061=CARTESIAN_POINT('',(102.648757814,-45.636628643,18.276338567));
#4062=CARTESIAN_POINT('',(102.644148238,-45.638766172,18.276966765));
#4063=CARTESIAN_POINT('',(102.655638424,-45.60259461,18.215024783));
#4064=CARTESIAN_POINT('',(102.646525099,-45.606787282,18.216335021));
#4065=CARTESIAN_POINT('',(102.637420164,-45.611001629,18.217634189));
#4066=CARTESIAN_POINT('',(102.628323729,-45.6152376,18.218922275));
#4067=CARTESIAN_POINT('',(102.654397987,-45.587772997,18.185030928));
#4068=CARTESIAN_POINT('',(102.643054776,-45.592976754,18.18668205));
#4069=CARTESIAN_POINT('',(102.631724819,-45.598214932,18.188315613));
#4070=CARTESIAN_POINT('',(102.620408345,-45.603487427,18.189931588));
#4071=CARTESIAN_POINT('',(102.650564087,-45.543434152,18.09508873));
#4072=CARTESIAN_POINT('',(102.632603316,-45.551610866,18.097779422));
#4073=CARTESIAN_POINT('',(102.614674556,-45.559871894,18.100427233));
#4074=CARTESIAN_POINT('',(102.596778676,-45.568216838,18.103032036));
#4075=CARTESIAN_POINT('',(102.647843688,-45.514053152,18.035188754));
#4076=CARTESIAN_POINT('',(102.625566005,-45.524131072,18.038593247));
#4077=CARTESIAN_POINT('',(102.603338364,-45.534342098,18.04193018));
#4078=CARTESIAN_POINT('',(102.581162474,-45.544685443,18.045199299));
#4079=CARTESIAN_POINT('',(102.642871149,-45.463279747,17.931210565));
#4080=CARTESIAN_POINT('',(102.613257222,-45.476529624,17.935893553));
#4081=CARTESIAN_POINT('',(102.583732065,-45.490020882,17.940454553));
#4082=CARTESIAN_POINT('',(102.554300091,-45.503751506,17.944892882));
#4083=CARTESIAN_POINT('',(102.640680321,-45.441814557,17.887105142));
#4084=CARTESIAN_POINT('',(102.608004155,-45.456362855,17.892328664));
#4085=CARTESIAN_POINT('',(102.575435392,-45.471205504,17.897403652));
#4086=CARTESIAN_POINT('',(102.542979964,-45.486339796,17.902329184));
#4087=CARTESIAN_POINT('',(102.638438717,-45.420413636,17.843009505));
#4088=CARTESIAN_POINT('',(102.602729267,-45.436222557,17.848773274));
#4089=CARTESIAN_POINT('',(102.567147908,-45.452385918,17.854358513));
#4090=CARTESIAN_POINT('',(102.531702583,-45.468900107,17.859763976));
#4091=B_SPLINE_SURFACE_WITH_KNOTS('',3,3,((#4051,#4052,#4053,#4054),(#4055,#4056,#4057,#4058),(#4059,#4060,#4061,#4062),(#4063,#4064,#4065,#4066),(#4067,#4068,#4069,#4070),(#4071,#4072,#4073,#4074),(#4075,#4076,#4077,#4078),(#4079,#4080,#4081,#4082),(#4083,#4084,#4085,#4086),(#4087,#4088,#4089,#4090)),.UNSPECIFIED.,.F.,.F.,.U.,(4,2,2,2,4),(4,4),(-0.000040475,0.000057476,0.000155431,0.000351339,0.000495807),(0.000124428,1.),.UNSPECIFIED.);
#4092=CARTESIAN_POINT('',(102.639230493,-45.428570199,17.859765259));
#4093=VERTEX_POINT('',#4092);
#4094=CARTESIAN_POINT('',(102.639230246,-45.428569516,17.859765259));
#4095=CARTESIAN_POINT('',(102.603237562,-45.441617653,17.859765259));
#4096=CARTESIAN_POINT('',(102.567389434,-45.455062953,17.859765259));
#4097=CARTESIAN_POINT('',(102.531694169,-45.468904027,17.859765259));
#4098=B_SPLINE_CURVE_WITH_KNOTS('',3,(#4094,#4095,#4096,#4097),.UNSPECIFIED.,.F.,.F.,(4,4),(0.,0.000114854),.UNSPECIFIED.);
#4099=EDGE_CURVE('',#4093,#543,#4098,.T.);
#4100=ORIENTED_EDGE('',*,*,#4099,.F.);
#4101=CARTESIAN_POINT('',(102.66045449,-45.662011216,18.334844587));
#4102=CARTESIAN_POINT('',(102.660642321,-45.658824955,18.328773782));
#4103=CARTESIAN_POINT('',(102.660734323,-45.656987983,18.325260152));
#4104=CARTESIAN_POINT('',(102.660685042,-45.654531876,18.32042924));
#4105=CARTESIAN_POINT('',(102.660635762,-45.652075768,18.315598329));
#4106=CARTESIAN_POINT('',(102.66009689,-45.649618544,18.310388902));
#4107=CARTESIAN_POINT('',(102.6598642,-45.647166321,18.305422449));
#4108=CARTESIAN_POINT('',(102.659398819,-45.642261874,18.295489542));
#4109=CARTESIAN_POINT('',(102.65881015,-45.637418598,18.285575499));
#4110=CARTESIAN_POINT('',(102.658327904,-45.63253195,18.275652169));
#4111=CARTESIAN_POINT('',(102.657363413,-45.622758655,18.255805508));
#4112=CARTESIAN_POINT('',(102.656441734,-45.612960386,18.235927454));
#4113=CARTESIAN_POINT('',(102.655591586,-45.603151859,18.216066795));
#4114=CARTESIAN_POINT('',(102.65389129,-45.583534804,18.176345477));
#4115=CARTESIAN_POINT('',(102.652309807,-45.56391821,18.136640437));
#4116=CARTESIAN_POINT('',(102.650576784,-45.544447786,18.097037795));
#4117=CARTESIAN_POINT('',(102.647110737,-45.50550694,18.017832513));
#4118=CARTESIAN_POINT('',(102.643282323,-45.466929683,17.93879214));
#4119=CARTESIAN_POINT('',(102.639279814,-45.428554202,17.859770529));
#4120=B_SPLINE_CURVE_WITH_KNOTS('',3,(#4101,#4102,#4103,#4104,#4105,#4106,#4107,#4108,#4109,#4110,#4111,#4112,#4113,#4114,#4115,#4116,#4117,#4118,#4119),.UNSPECIFIED.,.F.,.F.,(4,3,3,3,3,3,4),(-0.00002945,-0.000013271,0.000002909,0.000035268,0.000099987,0.000229424,0.000488299),.UNSPECIFIED.);
#4121=EDGE_CURVE('',#552,#4093,#4120,.T.);
#4122=ORIENTED_EDGE('',*,*,#4121,.F.);
#4123=ORIENTED_EDGE('',*,*,#564,.F.);
#4124=EDGE_LOOP('',(#4100,#4122,#4123));
#4125=FACE_BOUND('',#4124,.T.);
#4126=ADVANCED_FACE('',(#4125),#4091,.F.);
#4127=CARTESIAN_POINT('',(88.539512076,-51.260615682,21.754765259));
#4128=DIRECTION('',(-0.258860414,0.818065188,0.513576318));
#4129=DIRECTION('',(-0.,-0.531699431,0.846933123));
#4130=AXIS2_PLACEMENT_3D('',#4127,#4128,#4129);
#4131=PLANE('',#4130);
#4132=CARTESIAN_POINT('',(93.398735581,-52.111767021,25.559765259));
#4133=VERTEX_POINT('',#4132);
#4134=CARTESIAN_POINT('',(92.009595252,-47.717319936,17.859765312));
#4135=VERTEX_POINT('',#4134);
#4136=CARTESIAN_POINT('',(93.398735581,-52.111767021,25.559765259));
#4137=CARTESIAN_POINT('',(92.935689018,-50.646951259,22.99309861));
#4138=CARTESIAN_POINT('',(92.472642028,-49.182135631,20.426431961));
#4139=CARTESIAN_POINT('',(92.009595252,-47.717319936,17.859765312));
#4140=B_SPLINE_CURVE_WITH_KNOTS('',3,(#4136,#4137,#4138,#4139),.UNSPECIFIED.,.F.,.F.,(4,4),(0.000481499,0.009455399),.UNSPECIFIED.);
#4141=EDGE_CURVE('',#4133,#4135,#4140,.T.);
#4142=ORIENTED_EDGE('',*,*,#4141,.T.);
#4143=CARTESIAN_POINT('',(92.009595252,-47.717319936,17.859765312));
#4144=DIRECTION('',(0.953407132,0.301686659,0.000000022));
#4145=VECTOR('',#4144,0.022632863);
#4146=LINE('',#4143,#4145);
#4147=EDGE_CURVE('',#4135,#495,#4146,.T.);
#4148=ORIENTED_EDGE('',*,*,#4147,.T.);
#4149=ORIENTED_EDGE('',*,*,#618,.T.);
#4150=CARTESIAN_POINT('',(93.398735581,-52.111767021,25.559765259));
#4151=DIRECTION('',(0.953407128,0.301686672,0.));
#4152=VECTOR('',#4151,0.023962688);
#4153=LINE('',#4150,#4152);
#4154=EDGE_CURVE('',#4133,#600,#4153,.T.);
#4155=ORIENTED_EDGE('',*,*,#4154,.F.);
#4156=EDGE_LOOP('',(#4142,#4148,#4149,#4155));
#4157=FACE_BOUND('',#4156,.T.);
#4158=ADVANCED_FACE('',(#4157),#4131,.F.);
#4159=CARTESIAN_POINT('',(91.540261426,-14.725547146,17.859765259));
#4160=DIRECTION('',(0.,0.,1.));
#4161=DIRECTION('',(1.,0.,0.));
#4162=AXIS2_PLACEMENT_3D('',#4159,#4160,#4161);
#4163=PLANE('',#4162);
#4164=ORIENTED_EDGE('',*,*,#3075,.T.);
#4165=ORIENTED_EDGE('',*,*,#3039,.T.);
#4166=ORIENTED_EDGE('',*,*,#3012,.T.);
#4167=CARTESIAN_POINT('',(118.317857029,-20.131721584,17.859765259));
#4168=VERTEX_POINT('',#4167);
#4169=CARTESIAN_POINT('',(118.317857029,-20.131721584,17.859765259));
#4170=CARTESIAN_POINT('',(118.333493787,-20.35849311,17.859765259));
#4171=CARTESIAN_POINT('',(118.329632519,-20.584932246,17.859765259));
#4172=CARTESIAN_POINT('',(118.306276445,-20.811039046,17.859765259));
#4173=B_SPLINE_CURVE_WITH_KNOTS('',3,(#4169,#4170,#4171,#4172),.UNSPECIFIED.,.F.,.F.,(4,4),(0.,0.000679416),.UNSPECIFIED.);
#4174=EDGE_CURVE('',#4168,#2955,#4173,.T.);
#4175=ORIENTED_EDGE('',*,*,#4174,.F.);
#4176=CARTESIAN_POINT('',(118.317857021,-20.131721585,17.859765259));
#4177=CARTESIAN_POINT('',(118.257112251,-19.250721483,17.859765259));
#4178=B_SPLINE_CURVE_WITH_KNOTS('',1,(#4176,#4177),.UNSPECIFIED.,.F.,.F.,(2,2),(0.180641342,1.),.UNSPECIFIED.);
#4179=EDGE_CURVE('',#4168,#3435,#4178,.T.);
#4180=ORIENTED_EDGE('',*,*,#4179,.T.);
#4181=ORIENTED_EDGE('',*,*,#3441,.F.);
#4182=ORIENTED_EDGE('',*,*,#653,.T.);
#4183=ORIENTED_EDGE('',*,*,#3942,.F.);
#4184=ORIENTED_EDGE('',*,*,#3914,.F.);
#4185=ORIENTED_EDGE('',*,*,#3905,.F.);
#4186=CARTESIAN_POINT('',(109.133318742,-41.580597279,17.859765259));
#4187=VERTEX_POINT('',#4186);
#4188=CARTESIAN_POINT('',(109.133318742,-41.580597279,17.859765259));
#4189=CARTESIAN_POINT('',(109.438055169,-41.315951132,17.859765259));
#4190=CARTESIAN_POINT('',(109.738878218,-41.046573732,17.859765259));
#4191=CARTESIAN_POINT('',(110.031642853,-40.769349319,17.859765259));
#4192=CARTESIAN_POINT('',(110.324407488,-40.492124905,17.859765259));
#4193=CARTESIAN_POINT('',(110.607984871,-40.205796648,17.859765259));
#4194=CARTESIAN_POINT('',(110.884530245,-39.912500222,17.859765259));
#4195=CARTESIAN_POINT('',(111.161075619,-39.619203796,17.859765259));
#4196=CARTESIAN_POINT('',(111.433840016,-39.322023304,17.859765259));
#4197=CARTESIAN_POINT('',(111.7029869,-39.02162069,17.859765259));
#4198=CARTESIAN_POINT('',(111.837560342,-38.871419382,17.859765259));
#4199=CARTESIAN_POINT('',(111.970865122,-38.720097994,17.859765259));
#4200=CARTESIAN_POINT('',(112.096336797,-38.562108889,17.859765259));
#4201=CARTESIAN_POINT('',(112.221808472,-38.404119784,17.859765259));
#4202=CARTESIAN_POINT('',(112.340673752,-38.241174313,17.859765259));
#4203=CARTESIAN_POINT('',(112.459204799,-38.077978088,17.859765259));
#4204=B_SPLINE_CURVE_WITH_KNOTS('',3,(#4188,#4189,#4190,#4191,#4192,#4193,#4194,#4195,#4196,#4197,#4198,#4199,#4200,#4201,#4202,#4203),.UNSPECIFIED.,.F.,.F.,(4,3,3,3,3,4),(-0.000614755,0.000594211,0.001803178,0.003012144,0.003616627,0.004221111),.UNSPECIFIED.);
#4205=EDGE_CURVE('',#4187,#3878,#4204,.T.);
#4206=ORIENTED_EDGE('',*,*,#4205,.F.);
#4207=CARTESIAN_POINT('',(108.43793292,-42.159800237,17.859765259));
#4208=VERTEX_POINT('',#4207);
#4209=CARTESIAN_POINT('',(109.133318612,-41.580597131,17.859765259));
#4210=CARTESIAN_POINT('',(108.90609547,-41.779733071,17.859765259));
#4211=CARTESIAN_POINT('',(108.674383599,-41.972911411,17.859765259));
#4212=CARTESIAN_POINT('',(108.43793292,-42.159800237,17.859765259));
#4213=B_SPLINE_CURVE_WITH_KNOTS('',3,(#4209,#4210,#4211,#4212),.UNSPECIFIED.,.F.,.F.,(4,4),(0.000071356,0.000975151),.UNSPECIFIED.);
#4214=EDGE_CURVE('',#4187,#4208,#4213,.T.);
#4215=ORIENTED_EDGE('',*,*,#4214,.T.);
#4216=CARTESIAN_POINT('',(108.215826949,-42.332421617,17.859765259));
#4217=VERTEX_POINT('',#4216);
#4218=CARTESIAN_POINT('',(108.43793292,-42.159800237,17.859765259));
#4219=CARTESIAN_POINT('',(108.364329554,-42.217911271,17.859492258));
#4220=CARTESIAN_POINT('',(108.290299442,-42.275458441,17.859523511));
#4221=CARTESIAN_POINT('',(108.215826949,-42.332421617,17.859765259));
#4222=B_SPLINE_CURVE_WITH_KNOTS('',3,(#4218,#4219,#4220,#4221),.UNSPECIFIED.,.F.,.F.,(4,4),(0.005743319,0.006024641),.UNSPECIFIED.);
#4223=EDGE_CURVE('',#4208,#4217,#4222,.T.);
#4224=ORIENTED_EDGE('',*,*,#4223,.T.);
#4225=CARTESIAN_POINT('',(108.215826949,-42.332421617,17.859765259));
#4226=CARTESIAN_POINT('',(108.004426781,-42.493955062,17.859765259));
#4227=CARTESIAN_POINT('',(107.7892575,-42.650486008,17.859765259));
#4228=CARTESIAN_POINT('',(107.570270932,-42.801950515,17.859765259));
#4229=CARTESIAN_POINT('',(107.351284364,-42.953415022,17.859765259));
#4230=CARTESIAN_POINT('',(107.128152599,-43.099683517,17.859765259));
#4231=CARTESIAN_POINT('',(106.90256746,-43.241894024,17.859765259));
#4232=CARTESIAN_POINT('',(106.789774891,-43.312999278,17.859765259));
#4233=CARTESIAN_POINT('',(106.676547466,-43.383343721,17.859765259));
#4234=CARTESIAN_POINT('',(106.56316846,-43.453422962,17.859765259));
#4235=CARTESIAN_POINT('',(106.449789454,-43.523502203,17.859765259));
#4236=CARTESIAN_POINT('',(106.335984137,-43.592835582,17.859765259));
#4237=CARTESIAN_POINT('',(106.220976986,-43.660066268,17.859765259));
#4238=CARTESIAN_POINT('',(105.990962684,-43.79452764,17.859765259));
#4239=CARTESIAN_POINT('',(105.756640038,-43.921451258,17.859765259));
#4240=CARTESIAN_POINT('',(105.521864199,-44.047581986,17.859765259));
#4241=CARTESIAN_POINT('',(105.052312523,-44.29984344,17.859765259));
#4242=CARTESIAN_POINT('',(104.579052551,-44.545974336,17.859765259));
#4243=CARTESIAN_POINT('',(104.100580229,-44.78103709,17.859765259));
#4244=CARTESIAN_POINT('',(103.861344067,-44.898568467,17.859765259));
#4245=CARTESIAN_POINT('',(103.620748279,-45.013306116,17.859765259));
#4246=CARTESIAN_POINT('',(103.377652793,-45.122907448,17.859765259));
#4247=CARTESIAN_POINT('',(103.134557308,-45.232508779,17.859765259));
#4248=CARTESIAN_POINT('',(102.889473409,-45.337861923,17.859765259));
#4249=CARTESIAN_POINT('',(102.639230493,-45.428570198,17.859765259));
#4250=B_SPLINE_CURVE_WITH_KNOTS('',3,(#4225,#4226,#4227,#4228,#4229,#4230,#4231,#4232,#4233,#4234,#4235,#4236,#4237,#4238,#4239,#4240,#4241,#4242,#4243,#4244,#4245,#4246,#4247,#4248,#4249),.UNSPECIFIED.,.F.,.F.,(4,3,3,3,3,3,3,3,4),(0.001256376,0.002054392,0.002852407,0.003251414,0.003650422,0.004448437,0.006044468,0.006842483,0.007640498),.UNSPECIFIED.);
#4251=EDGE_CURVE('',#4217,#4093,#4250,.T.);
#4252=ORIENTED_EDGE('',*,*,#4251,.T.);
#4253=ORIENTED_EDGE('',*,*,#4099,.T.);
#4254=ORIENTED_EDGE('',*,*,#549,.T.);
#4255=ORIENTED_EDGE('',*,*,#540,.F.);
#4256=ORIENTED_EDGE('',*,*,#528,.T.);
#4257=ORIENTED_EDGE('',*,*,#519,.F.);
#4258=ORIENTED_EDGE('',*,*,#510,.T.);
#4259=ORIENTED_EDGE('',*,*,#501,.T.);
#4260=ORIENTED_EDGE('',*,*,#4147,.F.);
#4261=CARTESIAN_POINT('',(92.009595252,-47.717319936,17.859765312));
#4262=CARTESIAN_POINT('',(91.713733697,-47.735222019,17.859765305));
#4263=CARTESIAN_POINT('',(91.41761541,-47.748567135,17.859765299));
#4264=CARTESIAN_POINT('',(91.12143379,-47.75995431,17.859765293));
#4265=B_SPLINE_CURVE_WITH_KNOTS('',3,(#4261,#4262,#4263,#4264),.UNSPECIFIED.,.F.,.F.,(4,4),(0.,0.000889201),.UNSPECIFIED.);
#4266=EDGE_CURVE('',#4135,#4002,#4265,.T.);
#4267=ORIENTED_EDGE('',*,*,#4266,.T.);
#4268=ORIENTED_EDGE('',*,*,#4008,.T.);
#4269=ORIENTED_EDGE('',*,*,#3966,.T.);
#4270=EDGE_LOOP('',(#4164,#4165,#4166,#4175,#4180,#4181,#4182,#4183,#4184,#4185,#4206,#4215,#4224,#4252,#4253,#4254,#4255,#4256,#4257,#4258,#4259,#4260,#4267,#4268,#4269));
#4271=FACE_BOUND('',#4270,.T.);
#4272=ADVANCED_FACE('',(#4271),#4163,.F.);
#4273=CARTESIAN_POINT('',(102.524869202,-61.525296319,25.559765259));
#4274=DIRECTION('',(0.,0.,1.));
#4275=DIRECTION('',(1.,0.,0.));
#4276=AXIS2_PLACEMENT_3D('',#4273,#4274,#4275);
#4277=PLANE('',#4276);
#4278=CARTESIAN_POINT('',(101.454784567,-48.392711531,25.559765259));
#4279=VERTEX_POINT('',#4278);
#4280=CARTESIAN_POINT('',(101.368011541,-48.419631738,25.559765259));
#4281=VERTEX_POINT('',#4280);
#4282=CARTESIAN_POINT('',(101.454784567,-48.392711531,25.559765259));
#4283=CARTESIAN_POINT('',(101.425860493,-48.401685797,25.559765259));
#4284=CARTESIAN_POINT('',(101.396936151,-48.4106592,25.559765259));
#4285=CARTESIAN_POINT('',(101.368011541,-48.419631738,25.559765259));
#4286=B_SPLINE_CURVE_WITH_KNOTS('',3,(#4282,#4283,#4284,#4285),.UNSPECIFIED.,.F.,.F.,(4,4),(0.014510493,0.014601346),.UNSPECIFIED.);
#4287=EDGE_CURVE('',#4279,#4281,#4286,.T.);
#4288=ORIENTED_EDGE('',*,*,#4287,.T.);
#4289=CARTESIAN_POINT('',(93.311975409,-50.919207402,25.559765259));
#4290=VERTEX_POINT('',#4289);
#4291=CARTESIAN_POINT('',(101.368012477,-48.41963459,25.559765259));
#4292=CARTESIAN_POINT('',(98.682666787,-49.252825527,25.559765259));
#4293=CARTESIAN_POINT('',(95.997321098,-50.086016464,25.559765259));
#4294=CARTESIAN_POINT('',(93.311975409,-50.919207402,25.559765259));
#4295=B_SPLINE_CURVE_WITH_KNOTS('',3,(#4291,#4292,#4293,#4294),.UNSPECIFIED.,.F.,.F.,(4,4),(0.002655295,0.011135119),.UNSPECIFIED.);
#4296=EDGE_CURVE('',#4281,#4290,#4295,.T.);
#4297=ORIENTED_EDGE('',*,*,#4296,.T.);
#4298=CARTESIAN_POINT('',(93.210214138,-50.949629026,25.559765259));
#4299=VERTEX_POINT('',#4298);
#4300=CARTESIAN_POINT('',(93.210214138,-50.949629026,25.559765259));
#4301=CARTESIAN_POINT('',(93.244239597,-50.939839833,25.559765259));
#4302=CARTESIAN_POINT('',(93.278160053,-50.929699399,25.559765259));
#4303=CARTESIAN_POINT('',(93.311975409,-50.919207402,25.559765259));
#4304=B_SPLINE_CURVE_WITH_KNOTS('',3,(#4300,#4301,#4302,#4303),.UNSPECIFIED.,.F.,.F.,(4,4),(0.,0.000106211),.UNSPECIFIED.);
#4305=EDGE_CURVE('',#4299,#4290,#4304,.T.);
#4306=ORIENTED_EDGE('',*,*,#4305,.F.);
#4307=CARTESIAN_POINT('',(91.626964534,-51.405133407,25.559765259));
#4308=VERTEX_POINT('',#4307);
#4309=CARTESIAN_POINT('',(91.626964534,-51.405133407,25.559765259));
#4310=CARTESIAN_POINT('',(92.154714402,-51.253298613,25.559765259));
#4311=CARTESIAN_POINT('',(92.68246427,-51.10146382,25.559765259));
#4312=CARTESIAN_POINT('',(93.210214138,-50.949629026,25.559765259));
#4313=B_SPLINE_CURVE_WITH_KNOTS('',3,(#4309,#4310,#4311,#4312),.UNSPECIFIED.,.F.,.F.,(4,4),(0.000145985,0.001793457),.UNSPECIFIED.);
#4314=EDGE_CURVE('',#4308,#4299,#4313,.T.);
#4315=ORIENTED_EDGE('',*,*,#4314,.F.);
#4316=CARTESIAN_POINT('',(91.626964534,-51.405133407,25.559765259));
#4317=DIRECTION('',(0.301686694,-0.953407121,-0.));
#4318=VECTOR('',#4317,1.091998337);
#4319=LINE('',#4316,#4318);
#4320=EDGE_CURVE('',#4308,#4020,#4319,.T.);
#4321=ORIENTED_EDGE('',*,*,#4320,.T.);
#4322=ORIENTED_EDGE('',*,*,#4026,.T.);
#4323=CARTESIAN_POINT('',(92.520115621,-52.359987961,25.559765259));
#4324=CARTESIAN_POINT('',(92.813082832,-52.277580296,25.559765259));
#4325=CARTESIAN_POINT('',(93.105985601,-52.194943173,25.559765259));
#4326=CARTESIAN_POINT('',(93.398735581,-52.111767021,25.559765259));
#4327=B_SPLINE_CURVE_WITH_KNOTS('',3,(#4323,#4324,#4325,#4326),.UNSPECIFIED.,.F.,.F.,(4,4),(0.003773062,0.004686072),.UNSPECIFIED.);
#4328=EDGE_CURVE('',#4011,#4133,#4327,.T.);
#4329=ORIENTED_EDGE('',*,*,#4328,.T.);
#4330=ORIENTED_EDGE('',*,*,#4154,.T.);
#4331=ORIENTED_EDGE('',*,*,#612,.F.);
#4332=CARTESIAN_POINT('',(104.479936348,-48.167704306,25.559765259));
#4333=VERTEX_POINT('',#4332);
#4334=CARTESIAN_POINT('',(104.479936348,-48.167704306,25.559765259));
#4335=CARTESIAN_POINT('',(104.334480452,-48.301044194,25.559765259));
#4336=CARTESIAN_POINT('',(104.182447748,-48.426471383,25.559765259));
#4337=CARTESIAN_POINT('',(104.023647995,-48.54375699,25.559765259));
#4338=CARTESIAN_POINT('',(103.864848242,-48.661042596,25.559765259));
#4339=CARTESIAN_POINT('',(103.698403247,-48.770630075,25.559765259));
#4340=CARTESIAN_POINT('',(103.527787427,-48.869790582,25.559765259));
#4341=CARTESIAN_POINT('',(103.186555788,-49.068111597,25.559765259));
#4342=CARTESIAN_POINT('',(102.827814362,-49.2266762,25.559765259));
#4343=CARTESIAN_POINT('',(102.450696724,-49.343517148,25.559765259));
#4344=B_SPLINE_CURVE_WITH_KNOTS('',3,(#4334,#4335,#4336,#4337,#4338,#4339,#4340,#4341,#4342,#4343),.UNSPECIFIED.,.F.,.F.,(4,3,3,4),(0.013966001,0.014558189,0.015150377,0.016334752),.UNSPECIFIED.);
#4345=EDGE_CURVE('',#4333,#576,#4344,.T.);
#4346=ORIENTED_EDGE('',*,*,#4345,.F.);
#4347=CARTESIAN_POINT('',(103.878392832,-46.834215842,25.559766036));
#4348=VERTEX_POINT('',#4347);
#4349=CARTESIAN_POINT('',(104.479936348,-48.167704306,25.559765259));
#4350=CARTESIAN_POINT('',(104.278378468,-47.723699708,25.559765259));
#4351=CARTESIAN_POINT('',(104.078017352,-47.279149202,25.559765259));
#4352=CARTESIAN_POINT('',(103.878299769,-46.834305926,25.559765259));
#4353=B_SPLINE_CURVE_WITH_KNOTS('',3,(#4349,#4350,#4351,#4352),.UNSPECIFIED.,.F.,.F.,(4,4),(0.0147424,0.016203966),.UNSPECIFIED.);
#4354=EDGE_CURVE('',#4333,#4348,#4353,.T.);
#4355=ORIENTED_EDGE('',*,*,#4354,.T.);
#4356=CARTESIAN_POINT('',(103.628060828,-47.07895628,25.559765259));
#4357=VERTEX_POINT('',#4356);
#4358=CARTESIAN_POINT('',(103.878299769,-46.834305926,25.559765259));
#4359=CARTESIAN_POINT('',(103.794481955,-46.915440499,25.559765259));
#4360=CARTESIAN_POINT('',(103.71122033,-46.997147436,25.559765259));
#4361=CARTESIAN_POINT('',(103.628060828,-47.07895628,25.559765259));
#4362=B_SPLINE_CURVE_WITH_KNOTS('',3,(#4358,#4359,#4360,#4361),.UNSPECIFIED.,.F.,.F.,(4,4),(0.001481334,0.001831298),.UNSPECIFIED.);
#4363=EDGE_CURVE('',#4348,#4357,#4362,.T.);
#4364=ORIENTED_EDGE('',*,*,#4363,.T.);
#4365=CARTESIAN_POINT('',(103.628060828,-47.07895628,25.559765259));
#4366=CARTESIAN_POINT('',(103.323041733,-47.379022379,25.559765259));
#4367=CARTESIAN_POINT('',(102.985228625,-47.644125631,25.559765259));
#4368=CARTESIAN_POINT('',(102.619509143,-47.866331288,25.559765259));
#4369=CARTESIAN_POINT('',(102.436649402,-47.977434116,25.559765259));
#4370=CARTESIAN_POINT('',(102.248049922,-48.07706761,25.559765259));
#4371=CARTESIAN_POINT('',(102.0536309,-48.165072309,25.559765259));
#4372=CARTESIAN_POINT('',(101.859211878,-48.253077007,25.559765259));
#4373=CARTESIAN_POINT('',(101.658822767,-48.329403935,25.559765259));
#4374=CARTESIAN_POINT('',(101.454784567,-48.392711531,25.559765259));
#4375=B_SPLINE_CURVE_WITH_KNOTS('',3,(#4365,#4366,#4367,#4368,#4369,#4370,#4371,#4372,#4373,#4374),.UNSPECIFIED.,.F.,.F.,(4,3,3,4),(0.01029197,0.011575593,0.012217404,0.012859215),.UNSPECIFIED.);
#4376=EDGE_CURVE('',#4357,#4279,#4375,.T.);
#4377=ORIENTED_EDGE('',*,*,#4376,.T.);
#4378=EDGE_LOOP('',(#4288,#4297,#4306,#4315,#4321,#4322,#4329,#4330,#4331,#4346,#4355,#4364,#4377));
#4379=FACE_BOUND('',#4378,.T.);
#4380=ADVANCED_FACE('',(#4379),#4277,.T.);
#4381=CARTESIAN_POINT('',(101.454784567,-48.392711531,25.559765259));
#4382=CARTESIAN_POINT('',(101.425860494,-48.401685797,25.559765259));
#4383=CARTESIAN_POINT('',(101.396936152,-48.4106592,25.559765259));
#4384=CARTESIAN_POINT('',(101.368011541,-48.419631738,25.559765259));
#4385=CARTESIAN_POINT('',(101.454784567,-48.392711531,24.859765259));
#4386=CARTESIAN_POINT('',(101.425860494,-48.401685797,24.859765259));
#4387=CARTESIAN_POINT('',(101.396936152,-48.4106592,24.859765259));
#4388=CARTESIAN_POINT('',(101.368011541,-48.419631738,24.859765259));
#4389=B_SPLINE_SURFACE_WITH_KNOTS('',1,3,((#4381,#4382,#4383,#4384),(#4385,#4386,#4387,#4388)),.UNSPECIFIED.,.F.,.F.,.U.,(2,2),(4,4),(0.125,1.),(0.,0.010348862),.UNSPECIFIED.);
#4390=CARTESIAN_POINT('',(101.454784567,-48.392711531,24.859765259));
#4391=VERTEX_POINT('',#4390);
#4392=CARTESIAN_POINT('',(101.368012431,-48.419634604,24.859765259));
#4393=VERTEX_POINT('',#4392);
#4394=CARTESIAN_POINT('',(101.454784567,-48.392711531,24.859765259));
#4395=CARTESIAN_POINT('',(101.425860494,-48.401685797,24.859765259));
#4396=CARTESIAN_POINT('',(101.396936152,-48.4106592,24.859765259));
#4397=CARTESIAN_POINT('',(101.368011542,-48.419631737,24.859765259));
#4398=B_SPLINE_CURVE_WITH_KNOTS('',3,(#4394,#4395,#4396,#4397),.UNSPECIFIED.,.F.,.F.,(4,4),(0.,0.010348862),.UNSPECIFIED.);
#4399=EDGE_CURVE('',#4391,#4393,#4398,.T.);
#4400=ORIENTED_EDGE('',*,*,#4399,.T.);
#4401=CARTESIAN_POINT('',(101.368012431,-48.419634604,24.859765259));
#4402=DIRECTION('',(-0.,-0.,1.));
#4403=VECTOR('',#4402,0.7);
#4404=LINE('',#4401,#4403);
#4405=EDGE_CURVE('',#4393,#4281,#4404,.T.);
#4406=ORIENTED_EDGE('',*,*,#4405,.T.);
#4407=ORIENTED_EDGE('',*,*,#4287,.F.);
#4408=CARTESIAN_POINT('',(101.454784567,-48.392711531,25.559765259));
#4409=DIRECTION('',(0.,-0.,-1.));
#4410=VECTOR('',#4409,0.7);
#4411=LINE('',#4408,#4410);
#4412=EDGE_CURVE('',#4279,#4391,#4411,.T.);
#4413=ORIENTED_EDGE('',*,*,#4412,.T.);
#4414=EDGE_LOOP('',(#4400,#4406,#4407,#4413));
#4415=FACE_BOUND('',#4414,.T.);
#4416=ADVANCED_FACE('',(#4415),#4389,.T.);
#4417=CARTESIAN_POINT('',(112.8594555,-38.309588551,31.759794979));
#4418=CARTESIAN_POINT('',(112.635743491,-38.696473387,31.759794979));
#4419=CARTESIAN_POINT('',(112.400413225,-39.076705651,31.759794979));
#4420=CARTESIAN_POINT('',(112.028846842,-39.634735316,31.759794979));
#4421=CARTESIAN_POINT('',(111.901886862,-39.818674276,31.759794979));
#4422=CARTESIAN_POINT('',(111.706950053,-40.091364292,31.759794979));
#4423=CARTESIAN_POINT('',(111.641221609,-40.181724617,31.759794979));
#4424=CARTESIAN_POINT('',(111.541524597,-40.31644671,31.759794979));
#4425=CARTESIAN_POINT('',(111.508108202,-40.361217675,31.759794979));
#4426=CARTESIAN_POINT('',(111.457710013,-40.42816779,31.759794979));
#4427=CARTESIAN_POINT('',(111.440865017,-40.450450106,31.759794979));
#4428=CARTESIAN_POINT('',(111.415529434,-40.48382178,31.759794979));
#4429=CARTESIAN_POINT('',(111.407072892,-40.494937038,31.759794979));
#4430=CARTESIAN_POINT('',(111.394371096,-40.511596947,31.759794979));
#4431=CARTESIAN_POINT('',(111.390134333,-40.517148088,31.759794979));
#4432=CARTESIAN_POINT('',(111.381655153,-40.528246038,31.759794979));
#4433=CARTESIAN_POINT('',(111.37742388,-40.53377827,31.759794885));
#4434=CARTESIAN_POINT('',(111.368086577,-40.545973626,31.759795092));
#4435=CARTESIAN_POINT('',(111.362984962,-40.552629827,31.759800658));
#4436=CARTESIAN_POINT('',(111.352821781,-40.565874132,31.759814797));
#4437=CARTESIAN_POINT('',(111.347746482,-40.572480147,31.759823269));
#4438=CARTESIAN_POINT('',(111.332538097,-40.592248678,31.759840174));
#4439=CARTESIAN_POINT('',(111.322422503,-40.605361661,31.759840077));
#4440=CARTESIAN_POINT('',(111.312326942,-40.618405883,31.759795425));
#4441=CARTESIAN_POINT('',(112.918456864,-38.343705457,31.063571105));
#4442=CARTESIAN_POINT('',(112.694062214,-38.731770843,31.063571105));
#4443=CARTESIAN_POINT('',(112.457982064,-39.113219279,31.063571105));
#4444=CARTESIAN_POINT('',(112.08515709,-39.673139134,31.063571105));
#4445=CARTESIAN_POINT('',(111.957767684,-39.857700163,31.063571105));
#4446=CARTESIAN_POINT('',(111.762177,-40.13130486,31.063571105));
#4447=CARTESIAN_POINT('',(111.696228723,-40.221967388,31.063571105));
#4448=CARTESIAN_POINT('',(111.59619921,-40.357138794,31.063571105));
#4449=CARTESIAN_POINT('',(111.562671523,-40.402058865,31.063571105));
#4450=CARTESIAN_POINT('',(111.512105715,-40.469231648,31.063571105));
#4451=CARTESIAN_POINT('',(111.495204733,-40.491588021,31.063571105));
#4452=CARTESIAN_POINT('',(111.469785002,-40.525070534,31.063571105));
#4453=CARTESIAN_POINT('',(111.461300382,-40.536222698,31.063571105));
#4454=CARTESIAN_POINT('',(111.448556427,-40.552937904,31.063571105));
#4455=CARTESIAN_POINT('',(111.444305604,-40.558507466,31.063571105));
#4456=CARTESIAN_POINT('',(111.43579829,-40.56964224,31.063571105));
#4457=CARTESIAN_POINT('',(111.431630631,-40.575091411,31.063571007));
#4458=CARTESIAN_POINT('',(111.422092013,-40.58754969,31.063571221));
#4459=CARTESIAN_POINT('',(111.416760211,-40.594506148,31.063576976));
#4460=CARTESIAN_POINT('',(111.40646886,-40.607916658,31.063591244));
#4461=CARTESIAN_POINT('',(111.401400018,-40.614513434,31.063599652));
#4462=CARTESIAN_POINT('',(111.38642343,-40.633977871,31.06361613));
#4463=CARTESIAN_POINT('',(111.37674541,-40.646519487,31.063615066));
#4464=CARTESIAN_POINT('',(111.367374877,-40.658626919,31.06357362));
#4465=B_SPLINE_SURFACE_WITH_KNOTS('',1,3,((#4417,#4418,#4419,#4420,#4421,#4422,#4423,#4424,#4425,#4426,#4427,#4428,#4429,#4430,#4431,#4432,#4433,#4434,#4435,#4436,#4437,#4438,#4439,#4440),(#4441,#4442,#4443,#4444,#4445,#4446,#4447,#4448,#4449,#4450,#4451,#4452,#4453,#4454,#4455,#4456,#4457,#4458,#4459,#4460,#4461,#4462,#4463,#4464)),.UNSPECIFIED.,.F.,.F.,.U.,(2,2),(4,2,2,2,2,2,2,2,2,2,2,4),(0.125560172,1.),(0.,0.26218929,0.393283935,0.458831258,0.491604919,0.50799175,0.516185165,0.520281873,0.524378581,0.529268888,0.534159196,0.543939812),.UNSPECIFIED.);
#4466=CARTESIAN_POINT('',(111.312329573,-40.618407309,31.759765259));
#4467=VERTEX_POINT('',#4466);
#4468=CARTESIAN_POINT('',(111.312329573,-40.618407309,31.759765259));
#4469=CARTESIAN_POINT('',(111.880445592,-39.884760508,31.759765259));
#4470=CARTESIAN_POINT('',(112.395020125,-39.112783268,31.759765259));
#4471=CARTESIAN_POINT('',(112.859458019,-38.309590008,31.759765259));
#4472=B_SPLINE_CURVE_WITH_KNOTS('',3,(#4468,#4469,#4470,#4471),.UNSPECIFIED.,.F.,.F.,(4,4),(0.000351768,0.003135428),.UNSPECIFIED.);
#4473=EDGE_CURVE('',#4467,#1672,#4472,.T.);
#4474=ORIENTED_EDGE('',*,*,#4473,.T.);
#4475=ORIENTED_EDGE('',*,*,#1677,.T.);
#4476=CARTESIAN_POINT('',(111.367374877,-40.658626919,31.06357362));
#4477=VERTEX_POINT('',#4476);
#4478=CARTESIAN_POINT('',(112.918456864,-38.343705457,31.063571105));
#4479=CARTESIAN_POINT('',(112.694062214,-38.731770843,31.063571105));
#4480=CARTESIAN_POINT('',(112.457982064,-39.113219279,31.063571105));
#4481=CARTESIAN_POINT('',(112.08515709,-39.673139134,31.063571105));
#4482=CARTESIAN_POINT('',(111.957767684,-39.857700163,31.063571105));
#4483=CARTESIAN_POINT('',(111.762177,-40.13130486,31.063571105));
#4484=CARTESIAN_POINT('',(111.696228723,-40.221967388,31.063571105));
#4485=CARTESIAN_POINT('',(111.59619921,-40.357138794,31.063571105));
#4486=CARTESIAN_POINT('',(111.562671523,-40.402058865,31.063571105));
#4487=CARTESIAN_POINT('',(111.512105715,-40.469231648,31.063571105));
#4488=CARTESIAN_POINT('',(111.495204733,-40.491588021,31.063571105));
#4489=CARTESIAN_POINT('',(111.469785002,-40.525070534,31.063571105));
#4490=CARTESIAN_POINT('',(111.461300382,-40.536222698,31.063571105));
#4491=CARTESIAN_POINT('',(111.448556427,-40.552937904,31.063571105));
#4492=CARTESIAN_POINT('',(111.444305604,-40.558507466,31.063571105));
#4493=CARTESIAN_POINT('',(111.43579829,-40.56964224,31.063571105));
#4494=CARTESIAN_POINT('',(111.431630631,-40.575091411,31.063571007));
#4495=CARTESIAN_POINT('',(111.422092013,-40.58754969,31.063571221));
#4496=CARTESIAN_POINT('',(111.416760211,-40.594506148,31.063576976));
#4497=CARTESIAN_POINT('',(111.40646886,-40.607916658,31.063591244));
#4498=CARTESIAN_POINT('',(111.401400018,-40.614513434,31.063599652));
#4499=CARTESIAN_POINT('',(111.38642343,-40.633977871,31.06361613));
#4500=CARTESIAN_POINT('',(111.37674541,-40.646519487,31.063615066));
#4501=CARTESIAN_POINT('',(111.367374877,-40.658626919,31.06357362));
#4502=B_SPLINE_CURVE_WITH_KNOTS('',3,(#4478,#4479,#4480,#4481,#4482,#4483,#4484,#4485,#4486,#4487,#4488,#4489,#4490,#4491,#4492,#4493,#4494,#4495,#4496,#4497,#4498,#4499,#4500,#4501),.UNSPECIFIED.,.F.,.F.,(4,2,2,2,2,2,2,2,2,2,2,4),(0.,0.26218929,0.393283935,0.458831258,0.491604919,0.50799175,0.516185165,0.520281873,0.524378581,0.529268888,0.534159196,0.543939812),.UNSPECIFIED.);
#4503=EDGE_CURVE('',#1647,#4477,#4502,.T.);
#4504=ORIENTED_EDGE('',*,*,#4503,.T.);
#4505=CARTESIAN_POINT('',(111.312329328,-40.618407626,31.759765258));
#4506=DIRECTION('',(0.078690284,-0.057495431,-0.995239727));
#4507=VECTOR('',#4506,0.699521551);
#4508=LINE('',#4505,#4507);
#4509=EDGE_CURVE('',#4467,#4477,#4508,.T.);
#4510=ORIENTED_EDGE('',*,*,#4509,.F.);
#4511=EDGE_LOOP('',(#4474,#4475,#4504,#4510));
#4512=FACE_BOUND('',#4511,.T.);
#4513=ADVANCED_FACE('',(#4512),#4465,.T.);
#4514=CARTESIAN_POINT('',(118.277017408,-18.551325314,27.860271656));
#4515=CARTESIAN_POINT('',(118.277161629,-18.551327189,27.892373565));
#4516=CARTESIAN_POINT('',(118.277299611,-18.551726271,27.924434235));
#4517=CARTESIAN_POINT('',(118.277563164,-18.5533045,27.98847417));
#4518=CARTESIAN_POINT('',(118.2776887,-18.554485985,28.020453434));
#4519=CARTESIAN_POINT('',(118.278046364,-18.559207246,28.116270749));
#4520=CARTESIAN_POINT('',(118.278259553,-18.563923769,28.179988325));
#4521=CARTESIAN_POINT('',(118.278634231,-18.576494479,28.307111078));
#4522=CARTESIAN_POINT('',(118.278795722,-18.584348667,28.370516269));
#4523=CARTESIAN_POINT('',(118.279065787,-18.603196063,28.497022988));
#4524=CARTESIAN_POINT('',(118.27917439,-18.614191586,28.56013677));
#4525=CARTESIAN_POINT('',(118.279337324,-18.639315404,28.686019868));
#4526=CARTESIAN_POINT('',(118.279389653,-18.653497269,28.748932763));
#4527=CARTESIAN_POINT('',(118.279426704,-18.684808397,28.873407042));
#4528=CARTESIAN_POINT('',(118.279411659,-18.701947677,28.935052851));
#4529=CARTESIAN_POINT('',(118.279251306,-18.757738703,29.118225331));
#4530=CARTESIAN_POINT('',(118.278992249,-18.800746767,29.23797331));
#4531=CARTESIAN_POINT('',(118.278058843,-18.898272565,29.472840256));
#4532=CARTESIAN_POINT('',(118.277384889,-18.952775016,29.58792211));
#4533=CARTESIAN_POINT('',(118.275943287,-19.043296554,29.756993639));
#4534=CARTESIAN_POINT('',(118.275390597,-19.074932834,29.812754385));
#4535=CARTESIAN_POINT('',(118.274115783,-19.141175237,29.923041844));
#4536=CARTESIAN_POINT('',(118.273391916,-19.175845255,29.977649655));
#4537=CARTESIAN_POINT('',(118.27176532,-19.247413627,30.084438141));
#4538=CARTESIAN_POINT('',(118.270862315,-19.284393909,30.136789401));
#4539=CARTESIAN_POINT('',(118.268854247,-19.360690705,30.239358946));
#4540=CARTESIAN_POINT('',(118.267749033,-19.400014743,30.289588476));
#4541=CARTESIAN_POINT('',(118.264094226,-19.52149977,30.437140625));
#4542=CARTESIAN_POINT('',(118.261205263,-19.607181197,30.531335671));
#4543=CARTESIAN_POINT('',(118.254332878,-19.787818222,30.711471828));
#4544=CARTESIAN_POINT('',(118.250348026,-19.882766817,30.797344542));
#4545=CARTESIAN_POINT('',(118.243356276,-20.032379578,30.919695267));
#4546=CARTESIAN_POINT('',(118.240858357,-20.083390006,30.959336533));
#4547=CARTESIAN_POINT('',(118.235556254,-20.186652753,31.035574257));
#4548=CARTESIAN_POINT('',(118.232745658,-20.239045858,31.072288045));
#4549=CARTESIAN_POINT('',(118.217846059,-20.50480081,31.248978402));
#4550=CARTESIAN_POINT('',(118.20322809,-20.729180184,31.368352695));
#4551=CARTESIAN_POINT('',(118.180849166,-21.024490681,31.490073152));
#4552=CARTESIAN_POINT('',(118.176168707,-21.08428348,31.513022611));
#4553=CARTESIAN_POINT('',(118.166374638,-21.205384767,31.556092408));
#4554=CARTESIAN_POINT('',(118.161283453,-21.266408344,31.576105075));
#4555=CARTESIAN_POINT('',(118.145503221,-21.449874427,31.631334081));
#4556=CARTESIAN_POINT('',(118.134278001,-21.573108021,31.661897778));
#4557=CARTESIAN_POINT('',(118.11036348,-21.821444547,31.710875908));
#4558=CARTESIAN_POINT('',(118.097679908,-21.946482948,31.729319746));
#4559=CARTESIAN_POINT('',(118.07749313,-22.135358615,31.747796637));
#4560=CARTESIAN_POINT('',(118.070570348,-22.198539653,31.75242447));
#4561=CARTESIAN_POINT('',(118.05988556,-22.293653043,31.757053797));
#4562=CARTESIAN_POINT('',(118.056273862,-22.32541448,31.75821149));
#4563=CARTESIAN_POINT('',(118.048948602,-22.389052638,31.759753264));
#4564=CARTESIAN_POINT('',(118.045234964,-22.420929349,31.760135041));
#4565=CARTESIAN_POINT('',(118.041469722,-22.452864384,31.760133184));
#4566=CARTESIAN_POINT('',(118.303121751,-19.250721241,27.863774247));
#4567=CARTESIAN_POINT('',(118.303240168,-19.250736251,27.890178342));
#4568=CARTESIAN_POINT('',(118.303352847,-19.251111583,27.916527481));
#4569=CARTESIAN_POINT('',(118.303568379,-19.252468655,27.969126959));
#4570=CARTESIAN_POINT('',(118.303670951,-19.253469107,27.995377285));
#4571=CARTESIAN_POINT('',(118.30396299,-19.257434519,28.073996919));
#4572=CARTESIAN_POINT('',(118.304136794,-19.261363101,28.126234873));
#4573=CARTESIAN_POINT('',(118.304441993,-19.271791531,28.23045173));
#4574=CARTESIAN_POINT('',(118.304573394,-19.278291389,28.282430743));
#4575=CARTESIAN_POINT('',(118.30479294,-19.293877486,28.38621985));
#4576=CARTESIAN_POINT('',(118.304881273,-19.302983157,28.438130212));
#4577=CARTESIAN_POINT('',(118.305012866,-19.323731517,28.541466902));
#4578=CARTESIAN_POINT('',(118.305054578,-19.335436044,28.59310537));
#4579=CARTESIAN_POINT('',(118.305082381,-19.361239379,28.695181631));
#4580=CARTESIAN_POINT('',(118.305068688,-19.375369096,28.745780399));
#4581=CARTESIAN_POINT('',(118.304932566,-19.421353304,28.896130636));
#4582=CARTESIAN_POINT('',(118.304716747,-19.456740006,28.994302051));
#4583=CARTESIAN_POINT('',(118.303942055,-19.537063415,29.18711159));
#4584=CARTESIAN_POINT('',(118.303384624,-19.581878694,29.281453166));
#4585=CARTESIAN_POINT('',(118.302192484,-19.656381303,29.420219233));
#4586=CARTESIAN_POINT('',(118.301735551,-19.68242085,29.465989191));
#4587=CARTESIAN_POINT('',(118.30068331,-19.73687261,29.556407667));
#4588=CARTESIAN_POINT('',(118.300085351,-19.765406225,29.601238135));
#4589=CARTESIAN_POINT('',(118.29874227,-19.824285983,29.688874106));
#4590=CARTESIAN_POINT('',(118.297995348,-19.854774579,29.731932603));
#4591=CARTESIAN_POINT('',(118.296338764,-19.917510272,29.816067194));
#4592=CARTESIAN_POINT('',(118.295427878,-19.94981879,29.857235946));
#4593=CARTESIAN_POINT('',(118.29241619,-20.049628312,29.978174094));
#4594=CARTESIAN_POINT('',(118.290034666,-20.120073736,30.055446001));
#4595=CARTESIAN_POINT('',(118.284360655,-20.268833561,30.203452744));
#4596=CARTESIAN_POINT('',(118.28107767,-20.346859703,30.273845216));
#4597=CARTESIAN_POINT('',(118.275315439,-20.469882929,30.374213648));
#4598=CARTESIAN_POINT('',(118.273254254,-20.511884027,30.406775957));
#4599=CARTESIAN_POINT('',(118.268885532,-20.596787176,30.469306872));
#4600=CARTESIAN_POINT('',(118.266569926,-20.639869057,30.499424327));
#4601=CARTESIAN_POINT('',(118.254272583,-20.858770318,30.644601013));
#4602=CARTESIAN_POINT('',(118.242247124,-21.043045845,30.742376697));
#4603=CARTESIAN_POINT('',(118.223768654,-21.286506029,30.842399465));
#4604=CARTESIAN_POINT('',(118.219910836,-21.335713322,30.861219084));
#4605=CARTESIAN_POINT('',(118.211832849,-21.435447999,30.896560283));
#4606=CARTESIAN_POINT('',(118.207631064,-21.485739893,30.912990025));
#4607=CARTESIAN_POINT('',(118.194610339,-21.636911675,30.958307698));
#4608=CARTESIAN_POINT('',(118.185357638,-21.738366335,30.983354335));
#4609=CARTESIAN_POINT('',(118.165587868,-21.94340281,31.023549824));
#4610=CARTESIAN_POINT('',(118.155114555,-22.04652319,31.038638035));
#4611=CARTESIAN_POINT('',(118.138452775,-22.202231952,31.053689182));
#4612=CARTESIAN_POINT('',(118.132737924,-22.254328641,31.057445578));
#4613=CARTESIAN_POINT('',(118.123908928,-22.332831856,31.061176276));
#4614=CARTESIAN_POINT('',(118.12092315,-22.359059297,31.062102424));
#4615=CARTESIAN_POINT('',(118.114863308,-22.411644748,31.063316487));
#4616=CARTESIAN_POINT('',(118.111788628,-22.438002673,31.063585968));
#4617=CARTESIAN_POINT('',(118.108669713,-22.464431557,31.063571105));
#4618=B_SPLINE_SURFACE_WITH_KNOTS('',1,3,((#4514,#4515,#4516,#4517,#4518,#4519,#4520,#4521,#4522,#4523,#4524,#4525,#4526,#4527,#4528,#4529,#4530,#4531,#4532,#4533,#4534,#4535,#4536,#4537,#4538,#4539,
#4540,#4541,#4542,#4543,#4544,#4545,#4546,#4547,#4548,#4549,#4550,#4551,#4552,#4553,#4554,#4555,#4556,#4557,#4558,#4559,#4560,#4561,#4562,#4563,#4564,
#4565),(#4566,#4567,#4568,#4569,#4570,#4571,#4572,#4573,#4574,#4575,#4576,#4577,#4578,#4579,#4580,#4581,#4582,#4583,#4584,#4585,#4586,#4587,#4588,#4589,#4590,#4591,
#4592,#4593,#4594,#4595,#4596,#4597,#4598,#4599,#4600,#4601,#4602,#4603,#4604,#4605,#4606,#4607,#4608,#4609,#4610,#4611,#4612,#4613,#4614,#4615,#4616,
#4617)),.UNSPECIFIED.,.F.,.F.,.U.,(2,2),(4,2,2,2,2,2,2,2,2,2,2,2,2,2,2,2,2,2,2,2,2,2,2,2,2,4),(0.125135396,1.),(0.302493956,0.305464998,0.30843604,0.314378123,0.320320206,0.32626229,0.332204373,0.338146457,0.350030623,0.36191479,0.367856873,0.373798957,0.37974104,0.385683124,0.39756729,0.409451457,0.41539354,0.421335624,0.445103957,0.451046041,0.456988124,0.468872291,0.480756458,0.486698541,0.489669583,0.492640624),.UNSPECIFIED.);
#4619=CARTESIAN_POINT('',(118.041682132,-22.451369543,31.759765259));
#4620=VERTEX_POINT('',#4619);
#4621=CARTESIAN_POINT('',(118.041682132,-22.451369543,31.759765259));
#4622=CARTESIAN_POINT('',(118.041623181,-22.451869862,31.759765259));
#4623=CARTESIAN_POINT('',(118.041564209,-22.45237018,31.759765259));
#4624=CARTESIAN_POINT('',(118.041505218,-22.452870494,31.759765259));
#4625=B_SPLINE_CURVE_WITH_KNOTS('',3,(#4621,#4622,#4623,#4624),.UNSPECIFIED.,.F.,.F.,(4,4),(0.,0.000001511),.UNSPECIFIED.);
#4626=EDGE_CURVE('',#4620,#1680,#4625,.T.);
#4627=ORIENTED_EDGE('',*,*,#4626,.F.);
#4628=CARTESIAN_POINT('',(118.27701906,-18.551369576,27.860271878));
#4629=CARTESIAN_POINT('',(118.278178198,-18.551403072,28.118129121));
#4630=CARTESIAN_POINT('',(118.278929841,-18.576757501,28.371672025));
#4631=CARTESIAN_POINT('',(118.279254845,-18.626398358,28.621076913));
#4632=CARTESIAN_POINT('',(118.279417347,-18.651218787,28.745779357));
#4633=CARTESIAN_POINT('',(118.279467141,-18.682156035,28.869439602));
#4634=CARTESIAN_POINT('',(118.279363281,-18.719350266,28.99203383));
#4635=CARTESIAN_POINT('',(118.279259421,-18.756544498,29.114628058));
#4636=CARTESIAN_POINT('',(118.278998754,-18.800203,29.236480213));
#4637=CARTESIAN_POINT('',(118.278530196,-18.84923079,29.35462191));
#4638=CARTESIAN_POINT('',(118.27759308,-18.947286372,29.590905304));
#4639=CARTESIAN_POINT('',(118.275849094,-19.06728375,29.815019211));
#4640=CARTESIAN_POINT('',(118.272640404,-19.209024277,30.027067079));
#4641=CARTESIAN_POINT('',(118.269431713,-19.350764804,30.239114947));
#4642=CARTESIAN_POINT('',(118.264678557,-19.515741892,30.439856098));
#4643=CARTESIAN_POINT('',(118.257835531,-19.69585556,30.619682411));
#4644=CARTESIAN_POINT('',(118.250992506,-19.875969227,30.799508724));
#4645=CARTESIAN_POINT('',(118.242047867,-20.072472885,30.960828736));
#4646=CARTESIAN_POINT('',(118.230135034,-20.285713526,31.103210035));
#4647=CARTESIAN_POINT('',(118.224178617,-20.392333847,31.174400685));
#4648=CARTESIAN_POINT('',(118.217474884,-20.503085769,31.240660338));
#4649=CARTESIAN_POINT('',(118.210087628,-20.615594476,31.30068518));
#4650=CARTESIAN_POINT('',(118.202700371,-20.728103183,31.360710022));
#4651=CARTESIAN_POINT('',(118.194598108,-20.842959514,31.41491567));
#4652=CARTESIAN_POINT('',(118.18573824,-20.960120266,31.463398924));
#4653=CARTESIAN_POINT('',(118.176878373,-21.077281017,31.511882178));
#4654=CARTESIAN_POINT('',(118.167256985,-21.196745993,31.554642788));
#4655=CARTESIAN_POINT('',(118.156813892,-21.31853826,31.591613767));
#4656=CARTESIAN_POINT('',(118.146370799,-21.440330527,31.628584745));
#4657=CARTESIAN_POINT('',(118.135051002,-21.565026206,31.659868216));
#4658=CARTESIAN_POINT('',(118.122985779,-21.690578587,31.684840045));
#4659=CARTESIAN_POINT('',(118.098855335,-21.941683349,31.734783704));
#4660=CARTESIAN_POINT('',(118.071855439,-22.195290284,31.759765259));
#4661=CARTESIAN_POINT('',(118.041682132,-22.451369543,31.759765259));
#4662=B_SPLINE_CURVE_WITH_KNOTS('',3,(#4628,#4629,#4630,#4631,#4632,#4633,#4634,#4635,#4636,#4637,#4638,#4639,#4640,#4641,#4642,#4643,#4644,#4645,#4646,#4647,#4648,#4649,#4650,#4651,#4652,#4653,
#4654,#4655,#4656,#4657,#4658,#4659,#4660,#4661),.UNSPECIFIED.,.F.,.F.,(4,3,3,3,3,3,3,3,3,3,3,4),(0.,0.0007626,0.001143899,0.001525199,0.002287799,0.003050399,0.003812998,0.004194298,0.004575598,0.004956898,0.005338198,0.006100797),.UNSPECIFIED.);
#4663=EDGE_CURVE('',#3474,#4620,#4662,.T.);
#4664=ORIENTED_EDGE('',*,*,#4663,.F.);
#4665=ORIENTED_EDGE('',*,*,#3479,.T.);
#4666=CARTESIAN_POINT('',(118.303121751,-19.250721241,27.863774247));
#4667=CARTESIAN_POINT('',(118.303240168,-19.250736251,27.890178342));
#4668=CARTESIAN_POINT('',(118.303352847,-19.251111583,27.916527481));
#4669=CARTESIAN_POINT('',(118.303568379,-19.252468655,27.969126959));
#4670=CARTESIAN_POINT('',(118.303670951,-19.253469107,27.995377285));
#4671=CARTESIAN_POINT('',(118.30396299,-19.257434519,28.073996919));
#4672=CARTESIAN_POINT('',(118.304136794,-19.261363101,28.126234873));
#4673=CARTESIAN_POINT('',(118.304441993,-19.271791531,28.23045173));
#4674=CARTESIAN_POINT('',(118.304573394,-19.278291389,28.282430743));
#4675=CARTESIAN_POINT('',(118.30479294,-19.293877486,28.38621985));
#4676=CARTESIAN_POINT('',(118.304881273,-19.302983157,28.438130212));
#4677=CARTESIAN_POINT('',(118.305012866,-19.323731517,28.541466902));
#4678=CARTESIAN_POINT('',(118.305054578,-19.335436044,28.59310537));
#4679=CARTESIAN_POINT('',(118.305082381,-19.361239379,28.695181631));
#4680=CARTESIAN_POINT('',(118.305068688,-19.375369096,28.745780399));
#4681=CARTESIAN_POINT('',(118.304932566,-19.421353304,28.896130636));
#4682=CARTESIAN_POINT('',(118.304716747,-19.456740006,28.994302051));
#4683=CARTESIAN_POINT('',(118.303942055,-19.537063415,29.18711159));
#4684=CARTESIAN_POINT('',(118.303384624,-19.581878694,29.281453166));
#4685=CARTESIAN_POINT('',(118.302192484,-19.656381303,29.420219233));
#4686=CARTESIAN_POINT('',(118.301735551,-19.68242085,29.465989191));
#4687=CARTESIAN_POINT('',(118.30068331,-19.73687261,29.556407667));
#4688=CARTESIAN_POINT('',(118.300085351,-19.765406225,29.601238135));
#4689=CARTESIAN_POINT('',(118.29874227,-19.824285983,29.688874106));
#4690=CARTESIAN_POINT('',(118.297995348,-19.854774579,29.731932603));
#4691=CARTESIAN_POINT('',(118.296338764,-19.917510272,29.816067194));
#4692=CARTESIAN_POINT('',(118.295427878,-19.94981879,29.857235946));
#4693=CARTESIAN_POINT('',(118.29241619,-20.049628312,29.978174094));
#4694=CARTESIAN_POINT('',(118.290034666,-20.120073736,30.055446001));
#4695=CARTESIAN_POINT('',(118.284360655,-20.268833561,30.203452744));
#4696=CARTESIAN_POINT('',(118.28107767,-20.346859703,30.273845216));
#4697=CARTESIAN_POINT('',(118.275315439,-20.469882929,30.374213648));
#4698=CARTESIAN_POINT('',(118.273254254,-20.511884027,30.406775957));
#4699=CARTESIAN_POINT('',(118.268885532,-20.596787176,30.469306872));
#4700=CARTESIAN_POINT('',(118.266569926,-20.639869057,30.499424327));
#4701=CARTESIAN_POINT('',(118.254272583,-20.858770318,30.644601013));
#4702=CARTESIAN_POINT('',(118.242247124,-21.043045845,30.742376697));
#4703=CARTESIAN_POINT('',(118.223768654,-21.286506029,30.842399465));
#4704=CARTESIAN_POINT('',(118.219910836,-21.335713322,30.861219084));
#4705=CARTESIAN_POINT('',(118.211832849,-21.435447999,30.896560283));
#4706=CARTESIAN_POINT('',(118.207631064,-21.485739893,30.912990025));
#4707=CARTESIAN_POINT('',(118.194610339,-21.636911675,30.958307698));
#4708=CARTESIAN_POINT('',(118.185357638,-21.738366335,30.983354335));
#4709=CARTESIAN_POINT('',(118.165587868,-21.94340281,31.023549824));
#4710=CARTESIAN_POINT('',(118.155114555,-22.04652319,31.038638035));
#4711=CARTESIAN_POINT('',(118.138452775,-22.202231952,31.053689182));
#4712=CARTESIAN_POINT('',(118.132737924,-22.254328641,31.057445578));
#4713=CARTESIAN_POINT('',(118.123908928,-22.332831856,31.061176276));
#4714=CARTESIAN_POINT('',(118.12092315,-22.359059297,31.062102424));
#4715=CARTESIAN_POINT('',(118.114863308,-22.411644748,31.063316487));
#4716=CARTESIAN_POINT('',(118.111788628,-22.438002673,31.063585968));
#4717=CARTESIAN_POINT('',(118.108669713,-22.464431557,31.063571105));
#4718=B_SPLINE_CURVE_WITH_KNOTS('',3,(#4666,#4667,#4668,#4669,#4670,#4671,#4672,#4673,#4674,#4675,#4676,#4677,#4678,#4679,#4680,#4681,#4682,#4683,#4684,#4685,#4686,#4687,#4688,#4689,#4690,#4691,
#4692,#4693,#4694,#4695,#4696,#4697,#4698,#4699,#4700,#4701,#4702,#4703,#4704,#4705,#4706,#4707,#4708,#4709,#4710,#4711,#4712,#4713,#4714,#4715,#4716,
#4717),.UNSPECIFIED.,.F.,.F.,(4,2,2,2,2,2,2,2,2,2,2,2,2,2,2,2,2,2,2,2,2,2,2,2,2,4),(0.302493956,0.305464998,0.30843604,0.314378123,0.320320206,0.32626229,0.332204373,0.338146457,0.350030623,0.36191479,0.367856873,0.373798957,0.37974104,0.385683124,0.39756729,0.409451457,0.41539354,0.421335624,0.445103957,0.451046041,0.456988124,0.468872291,0.480756458,0.486698541,0.489669583,0.492640624),.UNSPECIFIED.);
#4719=EDGE_CURVE('',#3453,#1722,#4718,.T.);
#4720=ORIENTED_EDGE('',*,*,#4719,.T.);
#4721=ORIENTED_EDGE('',*,*,#1727,.F.);
#4722=EDGE_LOOP('',(#4627,#4664,#4665,#4720,#4721));
#4723=FACE_BOUND('',#4722,.T.);
#4724=ADVANCED_FACE('',(#4723),#4618,.T.);
#4725=CARTESIAN_POINT('',(91.12143379,-47.75995431,17.859765293));
#4726=CARTESIAN_POINT('',(92.520115621,-52.359987961,25.559765259));
#4727=CARTESIAN_POINT('',(91.417665818,-47.748565193,17.859765293));
#4728=CARTESIAN_POINT('',(92.813011217,-52.277600441,25.559765259));
#4729=CARTESIAN_POINT('',(91.713831384,-47.7352161,17.859765293));
#4730=CARTESIAN_POINT('',(93.105898505,-52.194967924,25.559765259));
#4731=CARTESIAN_POINT('',(92.009595247,-47.717319925,17.859765293));
#4732=CARTESIAN_POINT('',(93.39873558,-52.111767022,25.559765259));
#4733=B_SPLINE_SURFACE_WITH_KNOTS('',3,1,((#4725,#4726),(#4727,#4728),(#4729,#4730),(#4731,#4732)),.UNSPECIFIED.,.F.,.F.,.U.,(4,4),(2,2),(0.,0.974422046),(0.001135078,0.875141884),.UNSPECIFIED.);
#4734=ORIENTED_EDGE('',*,*,#4266,.F.);
#4735=ORIENTED_EDGE('',*,*,#4141,.F.);
#4736=ORIENTED_EDGE('',*,*,#4328,.F.);
#4737=ORIENTED_EDGE('',*,*,#4017,.F.);
#4738=EDGE_LOOP('',(#4734,#4735,#4736,#4737));
#4739=FACE_BOUND('',#4738,.T.);
#4740=ADVANCED_FACE('',(#4739),#4733,.T.);
#4741=CARTESIAN_POINT('',(116.14243962,-18.551369543,31.859765259));
#4742=DIRECTION('',(0.,1.,0.));
#4743=DIRECTION('',(0.,0.,1.));
#4744=AXIS2_PLACEMENT_3D('',#4741,#4742,#4743);
#4745=PLANE('',#4744);
#4746=CARTESIAN_POINT('',(118.270683117,-18.551369543,26.454765259));
#4747=DIRECTION('',(1.,0.,0.));
#4748=VECTOR('',#4747,1.003034221);
#4749=LINE('',#4746,#4748);
#4750=EDGE_CURVE('',#3418,#3791,#4749,.T.);
#4751=ORIENTED_EDGE('',*,*,#4750,.F.);
#4752=ORIENTED_EDGE('',*,*,#3424,.F.);
#4753=CARTESIAN_POINT('',(118.277016784,-18.551369543,27.859765259));
#4754=DIRECTION('',(1.,0.,-0.));
#4755=VECTOR('',#4754,1.000088186);
#4756=LINE('',#4753,#4755);
#4757=EDGE_CURVE('',#3416,#3789,#4756,.T.);
#4758=ORIENTED_EDGE('',*,*,#4757,.T.);
#4759=ORIENTED_EDGE('',*,*,#3797,.T.);
#4760=EDGE_LOOP('',(#4751,#4752,#4758,#4759));
#4761=FACE_BOUND('',#4760,.T.);
#4762=ADVANCED_FACE('',(#4761),#4745,.T.);
#4763=CARTESIAN_POINT('',(101.622142173,-44.651199774,18.284339971));
#4764=CARTESIAN_POINT('',(100.370740645,-45.142889632,18.28433826));
#4765=CARTESIAN_POINT('',(99.090551018,-45.562325598,18.284336549));
#4766=CARTESIAN_POINT('',(97.350025495,-46.000508914,18.284334263));
#4767=CARTESIAN_POINT('',(96.90959233,-46.100096464,18.284333688));
#4768=CARTESIAN_POINT('',(96.024574555,-46.279090412,18.284332538));
#4769=CARTESIAN_POINT('',(95.580048951,-46.358746382,18.284331963));
#4770=CARTESIAN_POINT('',(94.911382832,-46.465717011,18.2843311));
#4771=CARTESIAN_POINT('',(94.688166088,-46.499109221,18.284330812));
#4772=CARTESIAN_POINT('',(94.241378718,-46.563056566,18.284330237));
#4773=CARTESIAN_POINT('',(94.017830342,-46.593875864,18.28432995));
#4774=CARTESIAN_POINT('',(93.682651724,-46.641415585,18.284329519));
#4775=CARTESIAN_POINT('',(93.570950453,-46.657488868,18.284329375));
#4776=CARTESIAN_POINT('',(93.12435861,-46.723599646,18.2843288));
#4777=CARTESIAN_POINT('',(92.789830009,-46.776709227,18.284328369));
#4778=CARTESIAN_POINT('',(92.230835974,-46.851529887,18.28432765));
#4779=CARTESIAN_POINT('',(92.006775349,-46.877129862,18.284327363));
#4780=CARTESIAN_POINT('',(91.775870642,-46.899240418,18.284327067));
#4781=CARTESIAN_POINT('',(91.769446014,-46.899852447,18.284327059));
#4782=CARTESIAN_POINT('',(91.763021071,-46.900461365,18.284327051));
#4783=CARTESIAN_POINT('',(101.93840159,-45.650609873,20.47621941));
#4784=CARTESIAN_POINT('',(100.692757156,-46.158436374,20.476208866));
#4785=CARTESIAN_POINT('',(99.420443323,-46.599326609,20.476198322));
#4786=CARTESIAN_POINT('',(97.692654697,-47.075169425,20.476184235));
#4787=CARTESIAN_POINT('',(97.255617867,-47.18501266,20.476180691));
#4788=CARTESIAN_POINT('',(96.377698293,-47.38600324,20.476173604));
#4789=CARTESIAN_POINT('',(95.936870214,-47.477381787,20.47617006));
#4790=CARTESIAN_POINT('',(95.273888573,-47.60285722,20.476164744));
#4791=CARTESIAN_POINT('',(95.052590796,-47.642584368,20.476162972));
#4792=CARTESIAN_POINT('',(94.609667409,-47.719410388,20.476159428));
#4793=CARTESIAN_POINT('',(94.388062407,-47.756753982,20.476157656));
#4794=CARTESIAN_POINT('',(94.055788258,-47.813983679,20.476154999));
#4795=CARTESIAN_POINT('',(93.945053309,-47.833270269,20.476154113));
#4796=CARTESIAN_POINT('',(93.502311057,-47.912100501,20.476150569));
#4797=CARTESIAN_POINT('',(93.170639086,-47.974490137,20.476147912));
#4798=CARTESIAN_POINT('',(92.616512549,-48.065785478,20.476143482));
#4799=CARTESIAN_POINT('',(92.394432999,-48.098293873,20.47614171));
#4800=CARTESIAN_POINT('',(92.165597841,-48.127821284,20.476139888));
#4801=CARTESIAN_POINT('',(92.159230816,-48.128639899,20.476139837));
#4802=CARTESIAN_POINT('',(92.152863499,-48.129455631,20.476139787));
#4803=CARTESIAN_POINT('',(102.253909721,-46.647274176,22.66809885));
#4804=CARTESIAN_POINT('',(100.983796143,-47.060619145,22.668079472));
#4805=CARTESIAN_POINT('',(99.704678299,-47.451364732,22.668060096));
#4806=CARTESIAN_POINT('',(97.986260173,-47.935206355,22.668034206));
#4807=CARTESIAN_POINT('',(97.553185015,-48.053587376,22.668027694));
#4808=CARTESIAN_POINT('',(96.68573622,-48.284037211,22.668014669));
#4809=CARTESIAN_POINT('',(96.25138104,-48.396184085,22.668008157));
#4810=CARTESIAN_POINT('',(95.599260963,-48.560490512,22.667998389));
#4811=CARTESIAN_POINT('',(95.381785002,-48.614550984,22.667995132));
#4812=CARTESIAN_POINT('',(94.946722392,-48.721784556,22.66798862));
#4813=CARTESIAN_POINT('',(94.729142703,-48.77504028,22.667985363));
#4814=CARTESIAN_POINT('',(94.402818192,-48.855333846,22.667980479));
#4815=CARTESIAN_POINT('',(94.294051155,-48.882169278,22.667978851));
#4816=CARTESIAN_POINT('',(93.859049702,-48.990079522,22.667972339));
#4817=CARTESIAN_POINT('',(93.532928503,-49.072115215,22.667967455));
#4818=CARTESIAN_POINT('',(92.988940779,-49.204557786,22.667959315));
#4819=CARTESIAN_POINT('',(92.771200871,-49.256181024,22.667956059));
#4820=CARTESIAN_POINT('',(92.547094503,-49.307961083,22.66795271));
#4821=CARTESIAN_POINT('',(92.540859239,-49.309400744,22.667952616));
#4822=CARTESIAN_POINT('',(92.534623877,-49.310839432,22.667952523));
#4823=CARTESIAN_POINT('',(102.569954395,-47.645899437,24.859978289));
#4824=CARTESIAN_POINT('',(101.296958261,-48.043762742,24.859950078));
#4825=CARTESIAN_POINT('',(100.021520241,-48.435497276,24.859921869));
#4826=CARTESIAN_POINT('',(98.314876785,-48.948520399,24.859884177));
#4827=CARTESIAN_POINT('',(97.885359553,-49.076666074,24.859874697));
#4828=CARTESIAN_POINT('',(97.025972954,-49.331245604,24.859855735));
#4829=CARTESIAN_POINT('',(96.59610859,-49.457700628,24.859846254));
#4830=CARTESIAN_POINT('',(95.951152773,-49.64632175,24.859832033));
#4831=CARTESIAN_POINT('',(95.736139676,-49.709003362,24.859827292));
#4832=CARTESIAN_POINT('',(95.306083463,-49.834125938,24.859817811));
#4833=CARTESIAN_POINT('',(95.091042235,-49.896589309,24.859813071));
#4834=CARTESIAN_POINT('',(94.768492604,-49.990395549,24.85980596));
#4835=CARTESIAN_POINT('',(94.660978175,-50.021683525,24.85980359));
#4836=CARTESIAN_POINT('',(94.230938548,-50.146989609,24.859794109));
#4837=CARTESIAN_POINT('',(93.908444053,-50.2412683,24.859786998));
#4838=CARTESIAN_POINT('',(93.370830543,-50.397237777,24.859775147));
#4839=CARTESIAN_POINT('',(93.155745865,-50.45925843,24.859770407));
#4840=CARTESIAN_POINT('',(92.934469144,-50.522695901,24.85976553));
#4841=CARTESIAN_POINT('',(92.92831268,-50.524460614,24.859765395));
#4842=CARTESIAN_POINT('',(92.92215619,-50.526225063,24.859765259));
#4843=B_SPLINE_SURFACE_WITH_KNOTS('',3,3,((#4763,#4764,#4765,#4766,#4767,#4768,#4769,#4770,#4771,#4772,#4773,#4774,#4775,#4776,#4777,#4778,#4779,#4780,#4781,#4782),(#4783,#4784,#4785,#4786,#4787,#4788,#4789,#4790,#4791,#4792,#4793,#4794,#4795,#4796,#4797,#4798,#4799,#4800,#4801,#4802),(#4803,#4804,#4805,#4806,#4807,#4808,#4809,#4810,#4811,#4812,#4813,#4814,#4815,#4816,#4817,#4818,#4819,#4820,#4821,#4822),(#4823,#4824,#4825,#4826,#4827,#4828,#4829,#4830,#4831,#4832,#4833,#4834,#4835,#4836,#4837,#4838,#4839,#4840,#4841,#4842)),.UNSPECIFIED.,.F.,.F.,.U.,(4,4),(4,2,2,2,2,2,2,2,2,4),(0.049825356,0.821499951),(0.003068474,0.375,0.5,0.625,0.6875,0.75,0.78125,0.875,0.9375,0.939288661),.UNSPECIFIED.);
#4844=CARTESIAN_POINT('',(101.429694762,-48.000310138,24.859765259));
#4845=VERTEX_POINT('',#4844);
#4846=CARTESIAN_POINT('',(101.645610831,-44.725362313,18.447002163));
#4847=CARTESIAN_POINT('',(101.629893201,-44.797785954,18.576183766));
#4848=CARTESIAN_POINT('',(101.618361988,-44.869529137,18.707278047));
#4849=CARTESIAN_POINT('',(101.607562991,-44.941190467,18.838935906));
#4850=CARTESIAN_POINT('',(101.596763994,-45.012851796,18.970593765));
#4851=CARTESIAN_POINT('',(101.587141064,-45.084404517,19.103104944));
#4852=CARTESIAN_POINT('',(101.578193163,-45.155881548,19.236258802));
#4853=CARTESIAN_POINT('',(101.560297361,-45.298835609,19.502566518));
#4854=CARTESIAN_POINT('',(101.544803301,-45.441593839,19.771458243));
#4855=CARTESIAN_POINT('',(101.530698094,-45.583616628,20.041635942));
#4856=CARTESIAN_POINT('',(101.502487678,-45.867662205,20.581991341));
#4857=CARTESIAN_POINT('',(101.479117797,-46.148540351,21.126950557));
#4858=CARTESIAN_POINT('',(101.460822434,-46.423340886,21.669788147));
#4859=CARTESIAN_POINT('',(101.442527071,-46.698141422,22.212625737));
#4860=CARTESIAN_POINT('',(101.42934782,-46.966845188,22.753112981));
#4861=CARTESIAN_POINT('',(101.423421209,-47.229325457,23.286080426));
#4862=CARTESIAN_POINT('',(101.417494597,-47.491805725,23.819047871));
#4863=CARTESIAN_POINT('',(101.418860277,-47.748249967,24.344633674));
#4864=CARTESIAN_POINT('',(101.429692418,-48.000305808,24.859767427));
#4865=B_SPLINE_CURVE_WITH_KNOTS('',3,(#4846,#4847,#4848,#4849,#4850,#4851,#4852,#4853,#4854,#4855,#4856,#4857,#4858,#4859,#4860,#4861,#4862,#4863,#4864),.UNSPECIFIED.,.F.,.F.,(4,3,3,3,3,3,4),(0.000082483,0.000528191,0.000973899,0.001865316,0.003648149,0.005430983,0.007213816),.UNSPECIFIED.);
#4866=EDGE_CURVE('',#3095,#4845,#4865,.T.);
#4867=ORIENTED_EDGE('',*,*,#4866,.F.);
#4868=ORIENTED_EDGE('',*,*,#3131,.T.);
#4869=ORIENTED_EDGE('',*,*,#859,.T.);
#4870=CARTESIAN_POINT('',(101.429692372,-48.000304747,24.859765259));
#4871=CARTESIAN_POINT('',(100.016583903,-48.437269477,24.859765259));
#4872=CARTESIAN_POINT('',(98.600854355,-48.865748379,24.859765259));
#4873=CARTESIAN_POINT('',(97.18232851,-49.284760769,24.859765259));
#4874=CARTESIAN_POINT('',(96.473065587,-49.494266964,24.859765259));
#4875=CARTESIAN_POINT('',(95.763044927,-49.701226025,24.859765259));
#4876=CARTESIAN_POINT('',(95.052880635,-49.907674995,24.859765259));
#4877=CARTESIAN_POINT('',(94.342716344,-50.114123966,24.859765259));
#4878=CARTESIAN_POINT('',(93.63310021,-50.322459163,24.859765259));
#4879=CARTESIAN_POINT('',(92.92215619,-50.526225063,24.859765259));
#4880=B_SPLINE_CURVE_WITH_KNOTS('',3,(#4870,#4871,#4872,#4873,#4874,#4875,#4876,#4877,#4878,#4879),.UNSPECIFIED.,.F.,.F.,(4,3,3,4),(0.001227114,0.005664508,0.007883205,0.010101902),.UNSPECIFIED.);
#4881=EDGE_CURVE('',#4845,#844,#4880,.T.);
#4882=ORIENTED_EDGE('',*,*,#4881,.F.);
#4883=EDGE_LOOP('',(#4867,#4868,#4869,#4882));
#4884=FACE_BOUND('',#4883,.T.);
#4885=ADVANCED_FACE('',(#4884),#4843,.F.);
#4886=CARTESIAN_POINT('',(102.67216057,-47.622401016,24.95298468));
#4887=CARTESIAN_POINT('',(103.30286871,-47.265578821,25.390958915));
#4888=CARTESIAN_POINT('',(103.937915799,-46.873594222,25.829319636));
#4889=CARTESIAN_POINT('',(104.866069586,-46.252032878,26.49337755));
#4890=CARTESIAN_POINT('',(105.176047277,-46.035569543,26.719420283));
#4891=CARTESIAN_POINT('',(106.076284488,-45.379036212,27.39681702));
#4892=CARTESIAN_POINT('',(106.637150713,-44.931637631,27.847439199));
#4893=CARTESIAN_POINT('',(107.262006409,-44.39665155,28.352232364));
#4894=CARTESIAN_POINT('',(107.331358184,-44.336765819,28.408290545));
#4895=CARTESIAN_POINT('',(107.608597503,-44.095356271,28.632396152));
#4896=CARTESIAN_POINT('',(108.369271871,-43.416215416,29.24763794));
#4897=CARTESIAN_POINT('',(109.119756243,-42.678768265,29.85836947));
#4898=CARTESIAN_POINT('',(109.654824262,-42.108373537,30.299222717));
#4899=CARTESIAN_POINT('',(102.34767419,-46.607910588,22.702646105));
#4900=CARTESIAN_POINT('',(102.960826783,-46.297334883,23.001909675));
#4901=CARTESIAN_POINT('',(103.632001541,-45.916863143,23.301466109));
#4902=CARTESIAN_POINT('',(104.581547413,-45.332537051,23.755200899));
#4903=CARTESIAN_POINT('',(104.892933931,-45.132235285,23.909641092));
#4904=CARTESIAN_POINT('',(105.748489547,-44.554356494,24.372407396));
#4905=CARTESIAN_POINT('',(106.215241964,-44.199101748,24.680178957));
#4906=CARTESIAN_POINT('',(106.775355396,-43.749618983,25.024787632));
#4907=CARTESIAN_POINT('',(106.838108749,-43.698972233,25.063054791));
#4908=CARTESIAN_POINT('',(107.091759772,-43.493176236,25.216027102));
#4909=CARTESIAN_POINT('',(107.809700618,-42.901285781,25.635906343));
#4910=CARTESIAN_POINT('',(108.589768842,-42.203164167,26.05236788));
#4911=CARTESIAN_POINT('',(109.172118115,-41.623678279,26.352736908));
#4912=CARTESIAN_POINT('',(102.021988984,-45.594219029,20.452165117));
#4913=CARTESIAN_POINT('',(102.609074509,-45.335632182,20.611300776));
#4914=CARTESIAN_POINT('',(103.406428915,-44.908643997,20.770463788));
#4915=CARTESIAN_POINT('',(104.452615743,-44.309861127,21.011783397));
#4916=CARTESIAN_POINT('',(104.780249451,-44.114504331,21.09396445));
#4917=CARTESIAN_POINT('',(105.545842321,-43.637022723,21.34045584));
#4918=CARTESIAN_POINT('',(105.770189475,-43.461310657,21.504714384));
#4919=CARTESIAN_POINT('',(106.174258888,-43.162315532,21.689352605));
#4920=CARTESIAN_POINT('',(106.221361913,-43.127648334,21.709865843));
#4921=CARTESIAN_POINT('',(106.420367764,-42.981963529,21.7919098));
#4922=CARTESIAN_POINT('',(107.050807709,-42.525070693,22.017456466));
#4923=CARTESIAN_POINT('',(107.94846861,-41.826030784,22.24268393));
#4924=CARTESIAN_POINT('',(108.689411967,-41.13898302,22.4062511));
#4925=CARTESIAN_POINT('',(101.697978436,-44.579411518,18.201883068));
#4926=CARTESIAN_POINT('',(102.270886761,-44.364791932,18.222870586));
#4927=CARTESIAN_POINT('',(103.068625896,-43.972349281,18.243860063));
#4928=CARTESIAN_POINT('',(104.106337437,-43.431318982,18.275686915));
#4929=CARTESIAN_POINT('',(104.429490408,-43.256575786,18.286526042));
#4930=CARTESIAN_POINT('',(105.16837443,-42.849118747,18.319039718));
#4931=CARTESIAN_POINT('',(105.357466813,-42.730860641,18.340710561));
#4932=CARTESIAN_POINT('',(105.733032956,-42.491575609,18.365079337));
#4933=CARTESIAN_POINT('',(105.777130393,-42.463471963,18.367786827));
#4934=CARTESIAN_POINT('',(105.964874872,-42.343677237,18.378616143));
#4935=CARTESIAN_POINT('',(106.570350121,-41.955083236,18.408391453));
#4936=CARTESIAN_POINT('',(107.462662889,-41.311342226,18.438143921));
#4937=CARTESIAN_POINT('',(108.206705819,-40.654287762,18.459765291));
#4938=B_SPLINE_SURFACE_WITH_KNOTS('',3,3,((#4886,#4887,#4888,#4889,#4890,#4891,#4892,#4893,#4894,#4895,#4896,#4897,#4898),(#4899,#4900,#4901,#4902,#4903,#4904,#4905,#4906,#4907,#4908,#4909,#4910,#4911),(#4912,#4913,#4914,#4915,#4916,#4917,#4918,#4919,#4920,#4921,#4922,#4923,#4924),(#4925,#4926,#4927,#4928,#4929,#4930,#4931,#4932,#4933,#4934,#4935,#4936,#4937)),.UNSPECIFIED.,.F.,.F.,.U.,(4,4),(4,2,2,2,2,1,4),(0.170702836,0.959999998),(0.008139111,0.250116569,0.375097141,0.625058285,0.656303428,0.750038857,1.),.UNSPECIFIED.);
#4939=CARTESIAN_POINT('',(108.485303412,-40.934033628,20.737510128));
#4940=VERTEX_POINT('',#4939);
#4941=CARTESIAN_POINT('',(108.206706401,-40.654287477,18.459765259));
#4942=DIRECTION('',(0.120515773,-0.1210126,0.985308022));
#4943=VECTOR('',#4942,2.311708435);
#4944=LINE('',#4941,#4943);
#4945=EDGE_CURVE('',#3322,#4940,#4944,.T.);
#4946=ORIENTED_EDGE('',*,*,#4945,.F.);
#4947=ORIENTED_EDGE('',*,*,#3349,.T.);
#4948=ORIENTED_EDGE('',*,*,#3149,.T.);
#4949=CARTESIAN_POINT('',(103.46829621,-46.816656415,24.859765259));
#4950=VERTEX_POINT('',#4949);
#4951=CARTESIAN_POINT('',(103.468306575,-46.816667304,24.859759573));
#4952=CARTESIAN_POINT('',(103.357781539,-46.645182226,24.329881354));
#4953=CARTESIAN_POINT('',(103.237400444,-46.475369625,23.795406745));
#4954=CARTESIAN_POINT('',(103.110231177,-46.303826541,23.260398086));
#4955=CARTESIAN_POINT('',(102.98306191,-46.132283457,22.725389427));
#4956=CARTESIAN_POINT('',(102.849675402,-45.958846669,22.190173512));
#4957=CARTESIAN_POINT('',(102.711536438,-45.781930057,21.656536804));
#4958=CARTESIAN_POINT('',(102.573397473,-45.605013444,21.122900096));
#4959=CARTESIAN_POINT('',(102.430771155,-45.424676982,20.590715351));
#4960=CARTESIAN_POINT('',(102.279379167,-45.240892425,20.05946941));
#4961=CARTESIAN_POINT('',(102.203683174,-45.149000147,19.793846439));
#4962=CARTESIAN_POINT('',(102.125241107,-45.056491309,19.528263303));
#4963=CARTESIAN_POINT('',(102.040504293,-44.963803014,19.262009734));
#4964=CARTESIAN_POINT('',(101.998135886,-44.917458866,19.128882949));
#4965=CARTESIAN_POINT('',(101.953739233,-44.871197994,18.995381159));
#4966=CARTESIAN_POINT('',(101.905249201,-44.825302092,18.860918582));
#4967=CARTESIAN_POINT('',(101.881004185,-44.802354141,18.793687294));
#4968=CARTESIAN_POINT('',(101.855664426,-44.77951729,18.726185475));
#4969=CARTESIAN_POINT('',(101.827942126,-44.757028406,18.65799355));
#4970=CARTESIAN_POINT('',(101.800219825,-44.734539521,18.589801626));
#4971=CARTESIAN_POINT('',(101.770452384,-44.712345068,18.521026348));
#4972=CARTESIAN_POINT('',(101.733730488,-44.691315329,18.450046665));
#4973=B_SPLINE_CURVE_WITH_KNOTS('',3,(#4951,#4952,#4953,#4954,#4955,#4956,#4957,#4958,#4959,#4960,#4961,#4962,#4963,#4964,#4965,#4966,#4967,#4968,#4969,#4970,#4971,#4972),.UNSPECIFIED.,.F.,.F.,(4,3,3,3,3,3,3,4),(0.001974966,0.003649077,0.005323188,0.006997299,0.007834354,0.008252882,0.008462146,0.00867141),.UNSPECIFIED.);
#4974=EDGE_CURVE('',#4950,#3134,#4973,.T.);
#4975=ORIENTED_EDGE('',*,*,#4974,.F.);
#4976=CARTESIAN_POINT('',(103.677639903,-46.624602929,24.859762858));
#4977=VERTEX_POINT('',#4976);
#4978=CARTESIAN_POINT('',(103.677639903,-46.624602929,24.859762858));
#4979=CARTESIAN_POINT('',(103.607602866,-46.688341435,24.859266487));
#4980=CARTESIAN_POINT('',(103.537938447,-46.752487335,24.859765259));
#4981=CARTESIAN_POINT('',(103.468307863,-46.81666905,24.859765259));
#4982=B_SPLINE_CURVE_WITH_KNOTS('',3,(#4978,#4979,#4980,#4981),.UNSPECIFIED.,.F.,.F.,(4,4),(0.,0.000284094),.UNSPECIFIED.);
#4983=EDGE_CURVE('',#4977,#4950,#4982,.T.);
#4984=ORIENTED_EDGE('',*,*,#4983,.F.);
#4985=CARTESIAN_POINT('',(104.489062418,-45.992755612,25.091751572));
#4986=VERTEX_POINT('',#4985);
#4987=CARTESIAN_POINT('',(104.489062418,-45.992755612,25.091751572));
#4988=CARTESIAN_POINT('',(104.355420288,-46.081337001,25.015163861));
#4989=CARTESIAN_POINT('',(104.218297209,-46.179034168,24.956476456));
#4990=CARTESIAN_POINT('',(104.081606802,-46.284994684,24.917801069));
#4991=CARTESIAN_POINT('',(103.944916394,-46.390955199,24.879125681));
#4992=CARTESIAN_POINT('',(103.809031928,-46.505027179,24.860694099));
#4993=CARTESIAN_POINT('',(103.677639903,-46.624602929,24.859762858));
#4994=B_SPLINE_CURVE_WITH_KNOTS('',3,(#4987,#4988,#4989,#4990,#4991,#4992,#4993),.UNSPECIFIED.,.F.,.F.,(4,3,4),(0.,0.000531288,0.001062576),.UNSPECIFIED.);
#4995=EDGE_CURVE('',#4986,#4977,#4994,.T.);
#4996=ORIENTED_EDGE('',*,*,#4995,.F.);
#4997=CARTESIAN_POINT('',(109.170693992,-42.542465325,29.666191643));
#4998=VERTEX_POINT('',#4997);
#4999=CARTESIAN_POINT('',(109.170693992,-42.542465325,29.666191643));
#5000=CARTESIAN_POINT('',(109.016706158,-42.663387817,29.423844156));
#5001=CARTESIAN_POINT('',(108.857615219,-42.786907977,29.186507956));
#5002=CARTESIAN_POINT('',(108.692258767,-42.914710608,28.955920603));
#5003=CARTESIAN_POINT('',(108.526902315,-43.04251324,28.72533325));
#5004=CARTESIAN_POINT('',(108.355419811,-43.174115427,28.5005866));
#5005=CARTESIAN_POINT('',(108.17878995,-43.308747671,28.282618814));
#5006=CARTESIAN_POINT('',(107.825530228,-43.578012158,27.846683244));
#5007=CARTESIAN_POINT('',(107.451863768,-43.858776099,27.438050383));
#5008=CARTESIAN_POINT('',(107.06114453,-44.153953493,27.055642077));
#5009=CARTESIAN_POINT('',(106.670425292,-44.449130887,26.673233772));
#5010=CARTESIAN_POINT('',(106.262321097,-44.759602016,26.316828934));
#5011=CARTESIAN_POINT('',(105.834709594,-45.068838528,25.989794686));
#5012=CARTESIAN_POINT('',(105.620903843,-45.223456784,25.826277562));
#5013=CARTESIAN_POINT('',(105.401837019,-45.377851515,25.669809088));
#5014=CARTESIAN_POINT('',(105.177306004,-45.53153786,25.520197276));
#5015=CARTESIAN_POINT('',(105.065040497,-45.608381032,25.44539137));
#5016=CARTESIAN_POINT('',(104.951469605,-45.685129591,25.372296228));
#5017=CARTESIAN_POINT('',(104.836722627,-45.761945711,25.300891317));
#5018=CARTESIAN_POINT('',(104.72197565,-45.838761832,25.229486406));
#5019=CARTESIAN_POINT('',(104.606265052,-45.915070723,25.158918095));
#5020=CARTESIAN_POINT('',(104.489062418,-45.992755612,25.091751572));
#5021=B_SPLINE_CURVE_WITH_KNOTS('',3,(#4999,#5000,#5001,#5002,#5003,#5004,#5005,#5006,#5007,#5008,#5009,#5010,#5011,#5012,#5013,#5014,#5015,#5016,#5017,#5018,#5019,#5020),.UNSPECIFIED.,.F.,.F.,(4,3,3,3,3,3,3,4),(0.,0.000933572,0.001867144,0.003734288,0.005601432,0.006535004,0.007001791,0.007468577),.UNSPECIFIED.);
#5022=EDGE_CURVE('',#4998,#4986,#5021,.T.);
#5023=ORIENTED_EDGE('',*,*,#5022,.F.);
#5024=CARTESIAN_POINT('',(109.654814526,-42.108381608,30.299216003));
#5025=VERTEX_POINT('',#5024);
#5026=CARTESIAN_POINT('',(109.654815639,-42.108382866,30.299216097));
#5027=CARTESIAN_POINT('',(109.568995995,-42.194045926,30.207829571));
#5028=CARTESIAN_POINT('',(109.485177592,-42.273523076,30.108644547));
#5029=CARTESIAN_POINT('',(109.404283555,-42.346023465,30.002863122));
#5030=CARTESIAN_POINT('',(109.323389519,-42.418523854,29.897081697));
#5031=CARTESIAN_POINT('',(109.245782912,-42.483500022,29.784367284));
#5032=CARTESIAN_POINT('',(109.170693992,-42.542465325,29.666191643));
#5033=B_SPLINE_CURVE_WITH_KNOTS('',3,(#5026,#5027,#5028,#5029,#5030,#5031,#5032),.UNSPECIFIED.,.F.,.F.,(4,3,4),(0.000069889,0.00052507,0.000980252),.UNSPECIFIED.);
#5034=EDGE_CURVE('',#5025,#4998,#5033,.T.);
#5035=ORIENTED_EDGE('',*,*,#5034,.F.);
#5036=CARTESIAN_POINT('',(109.654814526,-42.108381608,30.299216003));
#5037=CARTESIAN_POINT('',(109.264977941,-41.716930987,27.111979728));
#5038=CARTESIAN_POINT('',(108.875140267,-41.325482726,23.924744966));
#5039=CARTESIAN_POINT('',(108.485303412,-40.934033628,20.737510128));
#5040=B_SPLINE_CURVE_WITH_KNOTS('',3,(#5036,#5037,#5038,#5039),.UNSPECIFIED.,.F.,.F.,(4,4),(1.990280571,11.694559648),.UNSPECIFIED.);
#5041=EDGE_CURVE('',#5025,#4940,#5040,.T.);
#5042=ORIENTED_EDGE('',*,*,#5041,.T.);
#5043=EDGE_LOOP('',(#4946,#4947,#4948,#4975,#4984,#4996,#5023,#5035,#5042));
#5044=FACE_BOUND('',#5043,.T.);
#5045=ADVANCED_FACE('',(#5044),#4938,.F.);
#5046=CARTESIAN_POINT('',(101.733717889,-44.691322914,18.450050937));
#5047=CARTESIAN_POINT('',(101.733653252,-44.691341126,18.450034168));
#5048=CARTESIAN_POINT('',(101.733588615,-44.691359337,18.4500174));
#5049=CARTESIAN_POINT('',(101.733523978,-44.691377549,18.450000631));
#5050=CARTESIAN_POINT('',(101.719264031,-44.695395371,18.446301214));
#5051=CARTESIAN_POINT('',(101.704982473,-44.699361016,18.44262844));
#5052=CARTESIAN_POINT('',(101.676377083,-44.707187688,18.43533642));
#5053=CARTESIAN_POINT('',(101.662053253,-44.711048715,18.431717176));
#5054=CARTESIAN_POINT('',(101.647708767,-44.714857303,18.428124817));
#5055=CARTESIAN_POINT('',(101.647689612,-44.714862389,18.42812002));
#5056=CARTESIAN_POINT('',(101.647670457,-44.714867474,18.428115222));
#5057=CARTESIAN_POINT('',(101.647651302,-44.71487256,18.428110425));
#5058=CARTESIAN_POINT('',(101.749410528,-44.700112129,18.479994276));
#5059=CARTESIAN_POINT('',(101.749331767,-44.700134721,18.479974066));
#5060=CARTESIAN_POINT('',(101.749253006,-44.700157314,18.479953855));
#5061=CARTESIAN_POINT('',(101.749174245,-44.700179906,18.479933644));
#5062=CARTESIAN_POINT('',(101.731798252,-44.705164189,18.475474819));
#5063=CARTESIAN_POINT('',(101.714390984,-44.710073528,18.471054245));
#5064=CARTESIAN_POINT('',(101.679515485,-44.719741873,18.462289998));
#5065=CARTESIAN_POINT('',(101.662047254,-44.72450088,18.457946326));
#5066=CARTESIAN_POINT('',(101.644549335,-44.729184505,18.453641303));
#5067=CARTESIAN_POINT('',(101.644525969,-44.729190759,18.453635555));
#5068=CARTESIAN_POINT('',(101.644502603,-44.729197013,18.453629806));
#5069=CARTESIAN_POINT('',(101.644479237,-44.729203268,18.453624057));
#5070=CARTESIAN_POINT('',(101.763465887,-44.709191737,18.509404909));
#5071=CARTESIAN_POINT('',(101.763374416,-44.709218502,18.509381688));
#5072=CARTESIAN_POINT('',(101.763282946,-44.709245267,18.509358467));
#5073=CARTESIAN_POINT('',(101.763191475,-44.709272031,18.509335246));
#5074=CARTESIAN_POINT('',(101.743011601,-44.715176759,18.504212334));
#5075=CARTESIAN_POINT('',(101.722788416,-44.720978716,18.499141846));
#5076=CARTESIAN_POINT('',(101.682257983,-44.732376354,18.48910636));
#5077=CARTESIAN_POINT('',(101.661950736,-44.737972037,18.484141362));
#5078=CARTESIAN_POINT('',(101.641602745,-44.743464229,18.479229427));
#5079=CARTESIAN_POINT('',(101.641575573,-44.743471563,18.479222868));
#5080=CARTESIAN_POINT('',(101.641548401,-44.743478897,18.479216308));
#5081=CARTESIAN_POINT('',(101.641521229,-44.743486231,18.479209749));
#5082=CARTESIAN_POINT('',(101.806462288,-44.738821268,18.603490635));
#5083=CARTESIAN_POINT('',(101.806331959,-44.738861247,18.603458324));
#5084=CARTESIAN_POINT('',(101.806201631,-44.738901226,18.603426012));
#5085=CARTESIAN_POINT('',(101.806071302,-44.738941205,18.603393701));
#5086=CARTESIAN_POINT('',(101.777318717,-44.74776121,18.596265321));
#5087=CARTESIAN_POINT('',(101.748478162,-44.756377534,18.589240713));
#5088=CARTESIAN_POINT('',(101.690628143,-44.773200737,18.575400768));
#5089=CARTESIAN_POINT('',(101.661618679,-44.781407615,18.568585429));
#5090=CARTESIAN_POINT('',(101.632528298,-44.789408774,18.561875563));
#5091=CARTESIAN_POINT('',(101.632489452,-44.789419459,18.561866603));
#5092=CARTESIAN_POINT('',(101.632450605,-44.789430143,18.561857643));
#5093=CARTESIAN_POINT('',(101.632411759,-44.789440828,18.561848682));
#5094=CARTESIAN_POINT('',(101.832406456,-44.759858322,18.667239823));
#5095=CARTESIAN_POINT('',(101.832252676,-44.759907031,18.667202225));
#5096=CARTESIAN_POINT('',(101.832098895,-44.75995574,18.667164628));
#5097=CARTESIAN_POINT('',(101.831945115,-44.760004449,18.667127031));
#5098=CARTESIAN_POINT('',(101.798018706,-44.77075046,18.658832476));
#5099=CARTESIAN_POINT('',(101.763964568,-44.781206068,18.650685768));
#5100=CARTESIAN_POINT('',(101.695612975,-44.80153279,18.634690967));
#5101=CARTESIAN_POINT('',(101.661315519,-44.811403904,18.626842875));
#5102=CARTESIAN_POINT('',(101.626902512,-44.820981025,18.619145502));
#5103=CARTESIAN_POINT('',(101.626856558,-44.820993814,18.619135223));
#5104=CARTESIAN_POINT('',(101.626810604,-44.821006603,18.619124944));
#5105=CARTESIAN_POINT('',(101.626764649,-44.821019392,18.619114665));
#5106=CARTESIAN_POINT('',(101.90613996,-44.823470717,18.857393709));
#5107=CARTESIAN_POINT('',(101.905919843,-44.823545468,18.857341356));
#5108=CARTESIAN_POINT('',(101.905699725,-44.82362022,18.857289004));
#5109=CARTESIAN_POINT('',(101.905479607,-44.823694971,18.857236651));
#5110=CARTESIAN_POINT('',(101.856918098,-44.84018633,18.845686816));
#5111=CARTESIAN_POINT('',(101.808088069,-44.856092187,18.834434699));
#5112=CARTESIAN_POINT('',(101.70992556,-44.886721735,18.812533921));
#5113=CARTESIAN_POINT('',(101.660593081,-44.901445427,18.80188526));
#5114=CARTESIAN_POINT('',(101.611026841,-44.915572856,18.791542136));
#5115=CARTESIAN_POINT('',(101.610960652,-44.915591721,18.791528324));
#5116=CARTESIAN_POINT('',(101.610894462,-44.915610587,18.791514512));
#5117=CARTESIAN_POINT('',(101.610828273,-44.915629452,18.7915007));
#5118=CARTESIAN_POINT('',(101.949521662,-44.866609825,18.982594898));
#5119=CARTESIAN_POINT('',(101.949262916,-44.866701693,18.982534261));
#5120=CARTESIAN_POINT('',(101.949004169,-44.86679356,18.982473624));
#5121=CARTESIAN_POINT('',(101.948745423,-44.866885428,18.982412987));
#5122=CARTESIAN_POINT('',(101.891661844,-44.887152921,18.969035517));
#5123=CARTESIAN_POINT('',(101.834187107,-44.906591404,18.956079319));
#5124=CARTESIAN_POINT('',(101.718514391,-44.943790657,18.931022889));
#5125=CARTESIAN_POINT('',(101.660316415,-44.961551426,18.918922657));
#5126=CARTESIAN_POINT('',(101.601786702,-44.978464293,18.907256707));
#5127=CARTESIAN_POINT('',(101.601708543,-44.978486878,18.907241129));
#5128=CARTESIAN_POINT('',(101.601630384,-44.978509463,18.90722555));
#5129=CARTESIAN_POINT('',(101.601552225,-44.978532048,18.907209972));
#5130=CARTESIAN_POINT('',(102.073992639,-44.996186886,19.357213165));
#5131=CARTESIAN_POINT('',(102.073624323,-44.996330842,19.357129204));
#5132=CARTESIAN_POINT('',(102.073256006,-44.996474798,19.357045243));
#5133=CARTESIAN_POINT('',(102.07288769,-44.996618754,19.356961282));
#5134=CARTESIAN_POINT('',(101.991631217,-45.028377767,19.338438156));
#5135=CARTESIAN_POINT('',(101.909538319,-45.058475192,19.320758834));
#5136=CARTESIAN_POINT('',(101.743847132,-45.115286273,19.287124148));
#5137=CARTESIAN_POINT('',(101.660248855,-45.141999926,19.271168785));
#5138=CARTESIAN_POINT('',(101.575983079,-45.166994677,19.256091905));
#5139=CARTESIAN_POINT('',(101.575870553,-45.167028054,19.256071772));
#5140=CARTESIAN_POINT('',(101.575758027,-45.167061432,19.256051639));
#5141=CARTESIAN_POINT('',(101.5756455,-45.167094809,19.256031505));
#5142=CARTESIAN_POINT('',(102.148799397,-45.08290681,19.605432521));
#5143=CARTESIAN_POINT('',(102.148366939,-45.083086381,19.605335211));
#5144=CARTESIAN_POINT('',(102.147934481,-45.083265953,19.6052379));
#5145=CARTESIAN_POINT('',(102.147502023,-45.083445524,19.60514059));
#5146=CARTESIAN_POINT('',(102.052094843,-45.123061864,19.583672356));
#5147=CARTESIAN_POINT('',(101.955450862,-45.160324553,19.563399273));
#5148=CARTESIAN_POINT('',(101.759975593,-45.230034413,19.525303969));
#5149=CARTESIAN_POINT('',(101.661144328,-45.262481576,19.507481751));
#5150=CARTESIAN_POINT('',(101.561365536,-45.292473455,19.490911889));
#5151=CARTESIAN_POINT('',(101.561232294,-45.292513505,19.490889762));
#5152=CARTESIAN_POINT('',(101.561099052,-45.292553556,19.490867635));
#5153=CARTESIAN_POINT('',(101.56096581,-45.292593606,19.490845508));
#5154=CARTESIAN_POINT('',(102.366398032,-45.341227653,20.350808295));
#5155=CARTESIAN_POINT('',(102.365783177,-45.341517914,20.350671925));
#5156=CARTESIAN_POINT('',(102.365168323,-45.341808175,20.350535555));
#5157=CARTESIAN_POINT('',(102.364553468,-45.342098436,20.350399185));
#5158=CARTESIAN_POINT('',(102.228906717,-45.406134626,20.320313748));
#5159=CARTESIAN_POINT('',(102.090506879,-45.465417411,20.292643755));
#5160=CARTESIAN_POINT('',(101.809028289,-45.574127878,20.242301447));
#5161=CARTESIAN_POINT('',(101.66594969,-45.623555503,20.21962916));
#5162=CARTESIAN_POINT('',(101.520958611,-45.667909312,20.199524959));
#5163=CARTESIAN_POINT('',(101.520764994,-45.667968541,20.199498112));
#5164=CARTESIAN_POINT('',(101.520571377,-45.66802777,20.199471266));
#5165=CARTESIAN_POINT('',(101.52037776,-45.668086999,20.199444419));
#5166=CARTESIAN_POINT('',(102.50127692,-45.511004138,20.847978006));
#5167=CARTESIAN_POINT('',(102.500554767,-45.511373121,20.847817145));
#5168=CARTESIAN_POINT('',(102.499832613,-45.511742105,20.847656283));
#5169=CARTESIAN_POINT('',(102.499110459,-45.512111089,20.847495421));
#5170=CARTESIAN_POINT('',(102.339791763,-45.59351482,20.812006738));
#5171=CARTESIAN_POINT('',(102.176283134,-45.668125268,20.7799731));
#5172=CARTESIAN_POINT('',(101.842324532,-45.803119604,20.723097022));
#5173=CARTESIAN_POINT('',(101.671874902,-45.86350336,20.698254644));
#5174=CARTESIAN_POINT('',(101.498701626,-45.916510937,20.677119479));
#5175=CARTESIAN_POINT('',(101.498470375,-45.916581722,20.677091256));
#5176=CARTESIAN_POINT('',(101.498239124,-45.916652507,20.677063032));
#5177=CARTESIAN_POINT('',(101.498007874,-45.916723292,20.677034809));
#5178=CARTESIAN_POINT('',(102.764092056,-45.843853103,21.845267227));
#5179=CARTESIAN_POINT('',(102.763171657,-45.844384928,21.845051449));
#5180=CARTESIAN_POINT('',(102.762251257,-45.844916754,21.844835671));
#5181=CARTESIAN_POINT('',(102.761330857,-45.845448579,21.844619893));
#5182=CARTESIAN_POINT('',(102.558275929,-45.962777785,21.79701584));
#5183=CARTESIAN_POINT('',(102.347262762,-46.068635448,21.75525764));
#5184=CARTESIAN_POINT('',(101.912647654,-46.255751022,21.684090922));
#5185=CARTESIAN_POINT('',(101.689047451,-46.33700819,21.654682689));
#5186=CARTESIAN_POINT('',(101.46091529,-46.405326235,21.631683232));
#5187=CARTESIAN_POINT('',(101.460610649,-46.405417465,21.631652519));
#5188=CARTESIAN_POINT('',(101.460306007,-46.405508695,21.631621806));
#5189=CARTESIAN_POINT('',(101.460001366,-46.405599925,21.631591093));
#5190=CARTESIAN_POINT('',(102.891273546,-46.007094414,22.345413573));
#5191=CARTESIAN_POINT('',(102.890263004,-46.007710306,22.345167483));
#5192=CARTESIAN_POINT('',(102.889252461,-46.008326199,22.344921393));
#5193=CARTESIAN_POINT('',(102.888241919,-46.008942091,22.344675303));
#5194=CARTESIAN_POINT('',(102.665300081,-46.144817804,22.29038391));
#5195=CARTESIAN_POINT('',(102.432063274,-46.266579677,22.243290775));
#5196=CARTESIAN_POINT('',(101.949610481,-46.479490295,22.164422943));
#5197=CARTESIAN_POINT('',(101.700397465,-46.570637749,22.132648725));
#5198=CARTESIAN_POINT('',(101.44565586,-46.645579103,22.108847757));
#5199=CARTESIAN_POINT('',(101.445315685,-46.645679178,22.108815974));
#5200=CARTESIAN_POINT('',(101.44497551,-46.645779252,22.108784191));
#5201=CARTESIAN_POINT('',(101.444635335,-46.645879327,22.108752408));
#5202=CARTESIAN_POINT('',(103.135622495,-46.329388296,23.346383286));
#5203=CARTESIAN_POINT('',(103.134451417,-46.330171054,23.346068055));
#5204=CARTESIAN_POINT('',(103.133280339,-46.330953813,23.345752823));
#5205=CARTESIAN_POINT('',(103.132109261,-46.331736571,23.345437592));
#5206=CARTESIAN_POINT('',(102.87375073,-46.504425596,23.2758925));
#5207=CARTESIAN_POINT('',(102.599662712,-46.657531944,23.216361018));
#5208=CARTESIAN_POINT('',(102.027826983,-46.920240978,23.119011569));
#5209=CARTESIAN_POINT('',(101.730086882,-47.029840184,23.081194893));
#5210=CARTESIAN_POINT('',(101.424756222,-47.116127017,23.054773871));
#5211=CARTESIAN_POINT('',(101.424348492,-47.116242242,23.054738589));
#5212=CARTESIAN_POINT('',(101.423940762,-47.116357467,23.054703307));
#5213=CARTESIAN_POINT('',(101.423533032,-47.116472692,23.054668025));
#5214=CARTESIAN_POINT('',(103.252618614,-46.488435998,23.847164307));
#5215=CARTESIAN_POINT('',(103.25137733,-46.489301557,23.846810256));
#5216=CARTESIAN_POINT('',(103.250136046,-46.490167116,23.846456206));
#5217=CARTESIAN_POINT('',(103.248894762,-46.491032675,23.846102156));
#5218=CARTESIAN_POINT('',(102.975047638,-46.681988843,23.767993011));
#5219=CARTESIAN_POINT('',(102.682371218,-46.850539503,23.701357964));
#5220=CARTESIAN_POINT('',(102.069065357,-47.137264732,23.593226685));
#5221=CARTESIAN_POINT('',(101.748446987,-47.255434157,23.551732372));
#5222=CARTESIAN_POINT('',(101.419172492,-47.346454265,23.523492543));
#5223=CARTESIAN_POINT('',(101.418732788,-47.346575811,23.523454832));
#5224=CARTESIAN_POINT('',(101.418293084,-47.346697356,23.523417122));
#5225=CARTESIAN_POINT('',(101.41785338,-47.346818902,23.523379411));
#5226=CARTESIAN_POINT('',(103.431510423,-46.749507966,24.662844946));
#5227=CARTESIAN_POINT('',(103.430173375,-46.750501502,24.662422354));
#5228=CARTESIAN_POINT('',(103.428836327,-46.751495038,24.661999762));
#5229=CARTESIAN_POINT('',(103.427499279,-46.752488574,24.66157717));
#5230=CARTESIAN_POINT('',(103.132525093,-46.971678533,24.568346638));
#5231=CARTESIAN_POINT('',(102.813376152,-47.164140265,24.48887753));
#5232=CARTESIAN_POINT('',(102.139763873,-47.487755556,24.360700833));
#5233=CARTESIAN_POINT('',(101.785319361,-47.618900085,24.311996812));
#5234=CARTESIAN_POINT('',(101.4204723,-47.7167045,24.279669928));
#5235=CARTESIAN_POINT('',(101.419985093,-47.716835105,24.27962676));
#5236=CARTESIAN_POINT('',(101.419497887,-47.71696571,24.279583591));
#5237=CARTESIAN_POINT('',(101.41901068,-47.717096316,24.279540423));
#5238=CARTESIAN_POINT('',(103.497966058,-46.851318093,24.979291118));
#5239=CARTESIAN_POINT('',(103.49659652,-46.852359553,24.978840644));
#5240=CARTESIAN_POINT('',(103.495226982,-46.853401013,24.978390171));
#5241=CARTESIAN_POINT('',(103.493857444,-46.854442473,24.977939697));
#5242=CARTESIAN_POINT('',(103.191715364,-47.084205266,24.878558015));
#5243=CARTESIAN_POINT('',(102.863251886,-47.285633745,24.793801831));
#5244=CARTESIAN_POINT('',(102.168062759,-47.623011555,24.657243216));
#5245=CARTESIAN_POINT('',(101.801359481,-47.758950046,24.605445159));
#5246=CARTESIAN_POINT('',(101.423572545,-47.85916385,24.57125983));
#5247=CARTESIAN_POINT('',(101.423068059,-47.859297673,24.57121418));
#5248=CARTESIAN_POINT('',(101.422563573,-47.859431496,24.57116853));
#5249=CARTESIAN_POINT('',(101.422059087,-47.859565319,24.57112288));
#5250=CARTESIAN_POINT('',(103.560627133,-46.954265777,25.293670089));
#5251=CARTESIAN_POINT('',(103.559230049,-46.955352075,25.29319132));
#5252=CARTESIAN_POINT('',(103.557832965,-46.956438372,25.292712552));
#5253=CARTESIAN_POINT('',(103.556435881,-46.95752467,25.292233783));
#5254=CARTESIAN_POINT('',(103.248216778,-47.197179297,25.18660977));
#5255=CARTESIAN_POINT('',(102.911556368,-47.407036458,25.096423334));
#5256=CARTESIAN_POINT('',(102.197049308,-47.757370787,24.95113124));
#5257=CARTESIAN_POINT('',(101.819228864,-47.897835105,24.896030912));
#5258=CARTESIAN_POINT('',(101.429649451,-48.000322058,24.859761041));
#5259=CARTESIAN_POINT('',(101.429129218,-48.000458916,24.859712607));
#5260=CARTESIAN_POINT('',(101.428608984,-48.000595775,24.859664173));
#5261=CARTESIAN_POINT('',(101.428088751,-48.000732633,24.859615739));
#5262=B_SPLINE_SURFACE_WITH_KNOTS('',3,3,((#5046,#5047,#5048,#5049,#5050,#5051,#5052,#5053,#5054,#5055,#5056,#5057),(#5058,#5059,#5060,#5061,#5062,#5063,#5064,#5065,#5066,#5067,#5068,#5069),(#5070,#5071,#5072,#5073,#5074,#5075,#5076,#5077,#5078,#5079,#5080,#5081),(#5082,#5083,#5084,#5085,#5086,#5087,#5088,#5089,#5090,#5091,#5092,#5093),(#5094,#5095,#5096,#5097,#5098,#5099,#5100,#5101,#5102,#5103,#5104,#5105),(#5106,#5107,#5108,#5109,#5110,#5111,#5112,#5113,#5114,#5115,#5116,#5117),(#5118,#5119,#5120,#5121,#5122,#5123,#5124,#5125,#5126,#5127,#5128,#5129),(#5130,#5131,#5132,#5133,#5134,#5135,#5136,#5137,#5138,#5139,#5140,#5141),(#5142,#5143,#5144,#5145,#5146,#5147,#5148,#5149,#5150,#5151,#5152,#5153),(#5154,#5155,#5156,#5157,#5158,#5159,#5160,#5161,#5162,#5163,#5164,#5165),(#5166,#5167,#5168,#5169,#5170,#5171,#5172,#5173,#5174,#5175,#5176,#5177),(#5178,#5179,#5180,#5181,#5182,#5183,#5184,#5185,#5186,#5187,#5188,#5189),(#5190,#5191,#5192,#5193,#5194,#5195,#5196,#5197,#5198,#5199,#5200,#5201),(#5202,#5203,#5204,#5205,#5206,#5207,#5208,#5209,#5210,#5211,#5212,#5213),(#5214,#5215,#5216,#5217,#5218,#5219,#5220,#5221,#5222,#5223,#5224,#5225),(#5226,#5227,#5228,#5229,#5230,#5231,#5232,#5233,#5234,#5235,#5236,#5237),(#5238,#5239,#5240,#5241,#5242,#5243,#5244,#5245,#5246,#5247,#5248,#5249),(#5250,#5251,#5252,#5253,#5254,#5255,#5256,#5257,#5258,#5259,#5260,#5261)),.UNSPECIFIED.,.F.,.F.,.U.,(4,2,2,2,2,2,2,2,4),(4,3,2,3,4),(0.000060754,0.00014879,0.000344493,0.000735897,0.001518706,0.003084323,0.004649941,0.006215558,0.007213812),(-0.002266381,0.,0.5,1.,1.000667686),.UNSPECIFIED.);
#5263=ORIENTED_EDGE('',*,*,#4974,.T.);
#5264=ORIENTED_EDGE('',*,*,#3140,.T.);
#5265=ORIENTED_EDGE('',*,*,#4866,.T.);
#5266=CARTESIAN_POINT('',(103.414079874,-46.865980857,24.859765259));
#5267=VERTEX_POINT('',#5266);
#5268=CARTESIAN_POINT('',(103.414079874,-46.865980857,24.859765259));
#5269=CARTESIAN_POINT('',(103.271117648,-46.994347633,24.859765259));
#5270=CARTESIAN_POINT('',(103.122030499,-47.114995515,24.859765259));
#5271=CARTESIAN_POINT('',(102.966686842,-47.227758676,24.859765259));
#5272=CARTESIAN_POINT('',(102.811343184,-47.340521836,24.859765259));
#5273=CARTESIAN_POINT('',(102.648968367,-47.445818552,24.859765259));
#5274=CARTESIAN_POINT('',(102.482135741,-47.541507795,24.859765259));
#5275=CARTESIAN_POINT('',(102.14847049,-47.732886282,24.859765259));
#5276=CARTESIAN_POINT('',(101.797931755,-47.886436737,24.859765259));
#5277=CARTESIAN_POINT('',(101.429694764,-48.000310138,24.859765259));
#5278=B_SPLINE_CURVE_WITH_KNOTS('',3,(#5268,#5269,#5270,#5271,#5272,#5273,#5274,#5275,#5276,#5277),.UNSPECIFIED.,.F.,.F.,(4,3,3,4),(0.000376906,0.000952246,0.001527585,0.002678264),.UNSPECIFIED.);
#5279=EDGE_CURVE('',#5267,#4845,#5278,.T.);
#5280=ORIENTED_EDGE('',*,*,#5279,.F.);
#5281=CARTESIAN_POINT('',(103.46829621,-46.816656415,24.859765259));
#5282=CARTESIAN_POINT('',(103.450331432,-46.833215327,24.859765259));
#5283=CARTESIAN_POINT('',(103.432267239,-46.849650245,24.859765259));
#5284=CARTESIAN_POINT('',(103.414079874,-46.865980857,24.859765259));
#5285=B_SPLINE_CURVE_WITH_KNOTS('',3,(#5281,#5282,#5283,#5284),.UNSPECIFIED.,.F.,.F.,(4,4),(0.000284102,0.000357398),.UNSPECIFIED.);
#5286=EDGE_CURVE('',#4950,#5267,#5285,.T.);
#5287=ORIENTED_EDGE('',*,*,#5286,.F.);
#5288=EDGE_LOOP('',(#5263,#5264,#5265,#5280,#5287));
#5289=FACE_BOUND('',#5288,.T.);
#5290=ADVANCED_FACE('',(#5289),#5262,.F.);
#5291=CARTESIAN_POINT('',(111.526049346,-37.137127392,18.459765259));
#5292=CARTESIAN_POINT('',(112.770984228,-38.239229025,31.045935329));
#5293=CARTESIAN_POINT('',(111.523651164,-37.134937092,18.459765259));
#5294=CARTESIAN_POINT('',(112.770682152,-38.237280441,31.045935329));
#5295=CARTESIAN_POINT('',(111.521252982,-37.132746792,18.459765259));
#5296=CARTESIAN_POINT('',(112.770380076,-38.235331859,31.045935329));
#5297=CARTESIAN_POINT('',(111.518854801,-37.130556492,18.459765259));
#5298=CARTESIAN_POINT('',(112.770078001,-38.233383275,31.045935329));
#5299=CARTESIAN_POINT('',(111.518853302,-37.130555123,18.459765259));
#5300=CARTESIAN_POINT('',(112.770077812,-38.233382057,31.045935329));
#5301=CARTESIAN_POINT('',(111.518851802,-37.130553753,18.459765259));
#5302=CARTESIAN_POINT('',(112.770077623,-38.233380839,31.045935329));
#5303=CARTESIAN_POINT('',(111.518850303,-37.130552384,18.459765259));
#5304=CARTESIAN_POINT('',(112.770077434,-38.23337962,31.045935329));
#5305=B_SPLINE_SURFACE_WITH_KNOTS('',3,1,((#5291,#5292),(#5293,#5294),(#5295,#5296),(#5297,#5298),(#5299,#5300),(#5301,#5302),(#5303,#5304)),.UNSPECIFIED.,.F.,.F.,.U.,(4,3,4),(2,2),(0.994971783,0.999997507,1.000000649),(0.04,0.879078005),.UNSPECIFIED.);
#5306=ORIENTED_EDGE('',*,*,#3377,.F.);
#5307=CARTESIAN_POINT('',(111.518850432,-37.130552525,18.459757789));
#5308=CARTESIAN_POINT('',(111.935918586,-37.49815514,22.655074002));
#5309=CARTESIAN_POINT('',(112.352986429,-37.865757729,26.850390249));
#5310=CARTESIAN_POINT('',(112.770054687,-38.233359571,31.045706519));
#5311=B_SPLINE_CURVE_WITH_KNOTS('',3,(#5307,#5308,#5309,#5310),.UNSPECIFIED.,.F.,.F.,(4,4),(0.000605237,0.013301213),.UNSPECIFIED.);
#5312=EDGE_CURVE('',#3352,#1895,#5311,.T.);
#5313=ORIENTED_EDGE('',*,*,#5312,.T.);
#5314=ORIENTED_EDGE('',*,*,#1901,.T.);
#5315=ORIENTED_EDGE('',*,*,#1498,.T.);
#5316=EDGE_LOOP('',(#5306,#5313,#5314,#5315));
#5317=FACE_BOUND('',#5316,.T.);
#5318=ADVANCED_FACE('',(#5317),#5305,.T.);
#5319=CARTESIAN_POINT('',(111.518851147,-37.130553218,18.459765259));
#5320=CARTESIAN_POINT('',(111.935914555,-37.498152317,22.655036659));
#5321=CARTESIAN_POINT('',(112.352976984,-37.865752043,26.850306091));
#5322=CARTESIAN_POINT('',(112.770039745,-38.233351555,31.045576191));
#5323=CARTESIAN_POINT('',(111.514971631,-37.135972225,18.459765259));
#5324=CARTESIAN_POINT('',(111.931642124,-37.504654895,22.655036659));
#5325=CARTESIAN_POINT('',(112.34831104,-37.873338975,26.850306091));
#5326=CARTESIAN_POINT('',(112.764980492,-38.242022577,31.045576191));
#5327=CARTESIAN_POINT('',(111.511100549,-37.141378326,18.459765259));
#5328=CARTESIAN_POINT('',(111.927373654,-37.511149011,22.655036659));
#5329=CARTESIAN_POINT('',(112.343646404,-37.880919648,26.850306091));
#5330=CARTESIAN_POINT('',(112.759919276,-38.250690301,31.045576191));
#5331=CARTESIAN_POINT('',(111.43465226,-37.248083857,18.459765259));
#5332=CARTESIAN_POINT('',(111.842871597,-37.639609003,22.655036659));
#5333=CARTESIAN_POINT('',(112.251090451,-38.031133896,26.850306091));
#5334=CARTESIAN_POINT('',(112.659309468,-38.422658875,31.045576191));
#5335=CARTESIAN_POINT('',(111.368005606,-37.340286697,18.459765259));
#5336=CARTESIAN_POINT('',(111.766143537,-37.754729331,22.655036659));
#5337=CARTESIAN_POINT('',(112.164280879,-38.169171888,26.850306091));
#5338=CARTESIAN_POINT('',(112.562418421,-38.58361447,31.045576191));
#5339=CARTESIAN_POINT('',(111.239366816,-37.514430323,18.459765259));
#5340=CARTESIAN_POINT('',(111.612598103,-37.980147543,22.655036659));
#5341=CARTESIAN_POINT('',(111.985828877,-38.445864507,26.850306091));
#5342=CARTESIAN_POINT('',(112.359059824,-38.911581558,31.045576191));
#5343=CARTESIAN_POINT('',(111.17809589,-37.595116516,18.459765259));
#5344=CARTESIAN_POINT('',(111.536197237,-38.089498164,22.655036659));
#5345=CARTESIAN_POINT('',(111.894297976,-38.583879632,26.850306091));
#5346=CARTESIAN_POINT('',(112.252398923,-39.078261161,31.045576191));
#5347=CARTESIAN_POINT('',(111.08622613,-37.711241711,18.459765259));
#5348=CARTESIAN_POINT('',(111.420470032,-38.249296364,22.655036659));
#5349=CARTESIAN_POINT('',(111.754713469,-38.787351218,26.850306091));
#5350=CARTESIAN_POINT('',(112.088957062,-39.325406003,31.045576191));
#5351=CARTESIAN_POINT('',(111.055596835,-37.7491499,18.459765259));
#5352=CARTESIAN_POINT('',(111.381698008,-38.301870101,22.655036659));
#5353=CARTESIAN_POINT('',(111.707798867,-38.854590414,26.850306091));
#5354=CARTESIAN_POINT('',(112.033899832,-39.40731069,31.045576191));
#5355=CARTESIAN_POINT('',(110.992174529,-37.826068444,18.459765259));
#5356=CARTESIAN_POINT('',(111.302240523,-38.407542284,22.655036659));
#5357=CARTESIAN_POINT('',(111.612306511,-38.989015989,26.850306091));
#5358=CARTESIAN_POINT('',(111.9223725,-39.570489739,31.045576191));
#5359=CARTESIAN_POINT('',(110.959390666,-37.865065542,18.459765259));
#5360=CARTESIAN_POINT('',(111.261561545,-38.460631331,22.655036659));
#5361=CARTESIAN_POINT('',(111.563732573,-39.056196832,26.850306091));
#5362=CARTESIAN_POINT('',(111.865903551,-39.651762431,31.045576191));
#5363=CARTESIAN_POINT('',(110.85450924,-37.987846331,18.459765259));
#5364=CARTESIAN_POINT('',(111.134332924,-38.623607967,22.655036659));
#5365=CARTESIAN_POINT('',(111.414156896,-39.259369275,26.850306091));
#5366=CARTESIAN_POINT('',(111.693980771,-39.895130695,31.045576191));
#5367=CARTESIAN_POINT('',(110.775515104,-38.077948953,18.459765259));
#5368=CARTESIAN_POINT('',(111.042331757,-38.737580355,22.655036659));
#5369=CARTESIAN_POINT('',(111.309148277,-39.397211772,26.850306091));
#5370=CARTESIAN_POINT('',(111.575964843,-40.056843185,31.045576191));
#5371=CARTESIAN_POINT('',(110.632164176,-38.238949978,18.459765259));
#5372=CARTESIAN_POINT('',(110.885607671,-38.926036851,22.655036659));
#5373=CARTESIAN_POINT('',(111.139050759,-39.613123546,26.850306091));
#5374=CARTESIAN_POINT('',(111.392493986,-40.300210301,31.045576191));
#5375=CARTESIAN_POINT('',(110.580262227,-38.296886809,18.459765259));
#5376=CARTESIAN_POINT('',(110.83026363,-38.99174505,22.655036659));
#5377=CARTESIAN_POINT('',(111.08026459,-39.686602945,26.850306091));
#5378=CARTESIAN_POINT('',(111.330265701,-40.381460957,31.045576191));
#5379=CARTESIAN_POINT('',(110.467148854,-38.422324732,18.459765259));
#5380=CARTESIAN_POINT('',(110.712614009,-39.12966073,22.655036659));
#5381=CARTESIAN_POINT('',(110.958078792,-39.836996091,26.850306091));
#5382=CARTESIAN_POINT('',(111.203543701,-40.544331669,31.045576191));
#5383=CARTESIAN_POINT('',(110.405926859,-38.489841418,18.459765259));
#5384=CARTESIAN_POINT('',(110.650300908,-39.201879324,22.655036659));
#5385=CARTESIAN_POINT('',(110.894674741,-39.913916357,26.850306091));
#5386=CARTESIAN_POINT('',(111.139048646,-40.625953686,31.045576191));
#5387=CARTESIAN_POINT('',(110.273145863,-38.635396836,18.459765259));
#5388=CARTESIAN_POINT('',(110.517989233,-39.353488706,22.655036659));
#5389=CARTESIAN_POINT('',(110.762832665,-40.071580033,26.850306091));
#5390=CARTESIAN_POINT('',(111.007676076,-40.789671545,31.045576191));
#5391=CARTESIAN_POINT('',(110.201629064,-38.713362736,18.459765259));
#5392=CARTESIAN_POINT('',(110.448020707,-39.432827735,22.655036659));
#5393=CARTESIAN_POINT('',(110.694412301,-40.152293033,26.850306091));
#5394=CARTESIAN_POINT('',(110.940803912,-40.871758229,31.045576191));
#5395=CARTESIAN_POINT('',(110.08636315,-38.838127837,18.459765259));
#5396=CARTESIAN_POINT('',(110.337138392,-39.557159199,22.655036659));
#5397=CARTESIAN_POINT('',(110.587913383,-40.276190749,26.850306091));
#5398=CARTESIAN_POINT('',(110.83868846,-40.995222235,31.045576191));
#5399=CARTESIAN_POINT('',(110.0466052,-38.881019064,18.459765259));
#5400=CARTESIAN_POINT('',(110.299186383,-39.599490196,22.655036659));
#5401=CARTESIAN_POINT('',(110.551767265,-40.317961404,26.850306091));
#5402=CARTESIAN_POINT('',(110.804348249,-41.036432586,31.045576191));
#5403=CARTESIAN_POINT('',(109.963972198,-38.969681514,18.459765259));
#5404=CARTESIAN_POINT('',(110.220984957,-39.68612017,22.655036659));
#5405=CARTESIAN_POINT('',(110.477997376,-40.402558674,26.850306091));
#5406=CARTESIAN_POINT('',(110.735009911,-41.11899723,31.045576191));
#5407=CARTESIAN_POINT('',(109.921108508,-39.015444691,18.459765259));
#5408=CARTESIAN_POINT('',(110.180743592,-39.730413444,22.655036659));
#5409=CARTESIAN_POINT('',(110.440378349,-40.445381931,26.850306091));
#5410=CARTESIAN_POINT('',(110.700013216,-41.160350508,31.045576191));
#5411=CARTESIAN_POINT('',(109.831766836,-39.110162162,18.459765259));
#5412=CARTESIAN_POINT('',(110.097611646,-39.821187726,22.655036659));
#5413=CARTESIAN_POINT('',(110.363456233,-40.532212915,26.850306091));
#5414=CARTESIAN_POINT('',(110.629300896,-41.243238232,31.045576191));
#5415=CARTESIAN_POINT('',(109.78524968,-39.15914419,18.459765259));
#5416=CARTESIAN_POINT('',(110.054693309,-39.867688396,22.655036659));
#5417=CARTESIAN_POINT('',(110.324136802,-40.57623222,26.850306091));
#5418=CARTESIAN_POINT('',(110.593580341,-41.284776173,31.045576191));
#5419=CARTESIAN_POINT('',(109.68749766,-39.261039697,18.459765259));
#5420=CARTESIAN_POINT('',(109.965426069,-39.963401516,22.655036659));
#5421=CARTESIAN_POINT('',(110.243354511,-40.66576297,26.850306091));
#5422=CARTESIAN_POINT('',(110.521282942,-41.368124548,31.045576191));
#5423=CARTESIAN_POINT('',(109.636276193,-39.313943692,18.459765259));
#5424=CARTESIAN_POINT('',(109.91908666,-40.012607245,22.655036659));
#5425=CARTESIAN_POINT('',(110.201897244,-40.711270458,26.850306091));
#5426=CARTESIAN_POINT('',(110.484707788,-41.409933787,31.045576191));
#5427=CARTESIAN_POINT('',(109.528028066,-39.424412186,18.459765259));
#5428=CARTESIAN_POINT('',(109.822207203,-40.114246512,22.655036659));
#5429=CARTESIAN_POINT('',(110.116386562,-40.804080536,26.850306091));
#5430=CARTESIAN_POINT('',(110.410565845,-41.493914662,31.045576191));
#5431=CARTESIAN_POINT('',(109.47096075,-39.482005468,18.459765259));
#5432=CARTESIAN_POINT('',(109.771638343,-40.166700448,22.655036659));
#5433=CARTESIAN_POINT('',(110.072316181,-40.851395138,26.850306091));
#5434=CARTESIAN_POINT('',(110.372993936,-41.536089927,31.045576191));
#5435=CARTESIAN_POINT('',(109.34933461,-39.603005537,18.459765259));
#5436=CARTESIAN_POINT('',(109.665105539,-40.275652568,22.655036659));
#5437=CARTESIAN_POINT('',(109.98087666,-40.948299336,26.850306091));
#5438=CARTESIAN_POINT('',(110.296647715,-41.620946193,31.045576191));
#5439=CARTESIAN_POINT('',(109.284791295,-39.666401343,18.459765259));
#5440=CARTESIAN_POINT('',(109.609152588,-40.332142974,22.655036659));
#5441=CARTESIAN_POINT('',(109.933513993,-40.99788435,26.850306091));
#5442=CARTESIAN_POINT('',(110.257875358,-41.663625812,31.045576191));
#5443=CARTESIAN_POINT('',(109.1465346,-39.800153971,18.459765259));
#5444=CARTESIAN_POINT('',(109.490662635,-40.449980592,22.655036659));
#5445=CARTESIAN_POINT('',(109.834790517,-41.099806973,26.850306091));
#5446=CARTESIAN_POINT('',(110.178918451,-41.749633436,31.045576191));
#5447=CARTESIAN_POINT('',(109.072779463,-39.870540353,18.459765259));
#5448=CARTESIAN_POINT('',(109.428096032,-40.511348754,22.655036659));
#5449=CARTESIAN_POINT('',(109.783412283,-41.152156921,26.850306091));
#5450=CARTESIAN_POINT('',(110.138728643,-41.792965167,31.045576191));
#5451=CARTESIAN_POINT('',(108.913830657,-40.019839263,18.459765259));
#5452=CARTESIAN_POINT('',(109.294771639,-40.640050408,22.655036659));
#5453=CARTESIAN_POINT('',(109.675712107,-41.260261315,26.850306091));
#5454=CARTESIAN_POINT('',(110.056652749,-41.880472302,31.045576191));
#5455=CARTESIAN_POINT('',(108.828658565,-40.098735889,18.459765259));
#5456=CARTESIAN_POINT('',(109.224029116,-40.70737263,22.655036659));
#5457=CARTESIAN_POINT('',(109.619399163,-41.316009125,26.850306091));
#5458=CARTESIAN_POINT('',(110.014769381,-41.924645703,31.045576191));
#5459=CARTESIAN_POINT('',(108.58705887,-40.319112191,18.459765259));
#5460=CARTESIAN_POINT('',(109.025446836,-40.893397625,22.655036659));
#5461=CARTESIAN_POINT('',(109.463834475,-41.467682779,26.850306091));
#5462=CARTESIAN_POINT('',(109.902222224,-42.041968028,31.045576191));
#5463=CARTESIAN_POINT('',(108.41926078,-40.468961462,18.459765259));
#5464=CARTESIAN_POINT('',(108.889479925,-41.017968079,22.655036659));
#5465=CARTESIAN_POINT('',(109.359698935,-41.566974368,26.850306091));
#5466=CARTESIAN_POINT('',(109.829917996,-42.115980769,31.045576191));
#5467=CARTESIAN_POINT('',(108.220526935,-40.642249904,18.459765259));
#5468=CARTESIAN_POINT('',(108.73086457,-41.159700342,22.655036659));
#5469=CARTESIAN_POINT('',(109.241202396,-41.677150131,26.850306091));
#5470=CARTESIAN_POINT('',(109.751540157,-42.194600141,31.045576191));
#5471=CARTESIAN_POINT('',(108.21361448,-40.64827178,18.459765259));
#5472=CARTESIAN_POINT('',(108.725350725,-41.164622486,22.655036659));
#5473=CARTESIAN_POINT('',(109.237087172,-41.680972532,26.850306091));
#5474=CARTESIAN_POINT('',(109.748823551,-42.197322802,31.045576191));
#5475=CARTESIAN_POINT('',(108.206686006,-40.654305267,18.459765259));
#5476=CARTESIAN_POINT('',(108.719825454,-41.16955279,22.655036659));
#5477=CARTESIAN_POINT('',(109.232965117,-41.68479964,26.850306091));
#5478=CARTESIAN_POINT('',(109.746104707,-42.200046719,31.045576191));
#5479=B_SPLINE_SURFACE_WITH_KNOTS('',3,3,((#5319,#5320,#5321,#5322),(#5323,#5324,#5325,#5326),(#5327,#5328,#5329,#5330),(#5331,#5332,#5333,#5334),(#5335,#5336,#5337,#5338),(#5339,#5340,#5341,#5342),(#5343,#5344,#5345,#5346),(#5347,#5348,#5349,#5350),(#5351,#5352,#5353,#5354),(#5355,#5356,#5357,#5358),(#5359,#5360,#5361,#5362),(#5363,#5364,#5365,#5366),(#5367,#5368,#5369,#5370),(#5371,#5372,#5373,#5374),(#5375,#5376,#5377,#5378),(#5379,#5380,#5381,#5382),(#5383,#5384,#5385,#5386),(#5387,#5388,#5389,#5390),(#5391,#5392,#5393,#5394),(#5395,#5396,#5397,#5398),(#5399,#5400,#5401,#5402),(#5403,#5404,#5405,#5406),(#5407,#5408,#5409,#5410),(#5411,#5412,#5413,#5414),(#5415,#5416,#5417,#5418),(#5419,#5420,#5421,#5422),
(#5423,#5424,#5425,#5426),(#5427,#5428,#5429,#5430),(#5431,#5432,#5433,#5434),(#5435,#5436,#5437,#5438),(#5439,#5440,#5441,#5442),(#5443,#5444,#5445,#5446),(#5447,#5448,#5449,#5450),(#5451,#5452,#5453,#5454),(#5455,#5456,#5457,#5458),(#5459,#5460,#5461,#5462),(#5463,#5464,#5465,#5466),(#5467,#5468,#5469,#5470),(#5471,#5472,#5473,#5474),(#5475,#5476,#5477,#5478)),.UNSPECIFIED.,.F.,.F.,.U.,(4,2,2,2,2,2,2,2,2,2,2,2,2,2,2,2,2,2,2,4),(4,4),(0.000000765,0.006286702,0.124837426,0.251291532,0.314518585,0.377745638,0.504199743,0.567426796,0.630653849,0.693880902,0.725494429,0.757107955,0.788721482,0.820335008,0.851948534,0.883562061,0.915175587,0.946789114,0.998161094,1.000001907),(0.039999989,0.879054058),.UNSPECIFIED.);
#5480=ORIENTED_EDGE('',*,*,#3370,.F.);
#5481=ORIENTED_EDGE('',*,*,#4945,.T.);
#5482=ORIENTED_EDGE('',*,*,#5041,.F.);
#5483=CARTESIAN_POINT('',(109.970679453,-41.854196224,30.567913278));
#5484=VERTEX_POINT('',#5483);
#5485=CARTESIAN_POINT('',(109.654814526,-42.108381608,30.299216003));
#5486=CARTESIAN_POINT('',(109.75819152,-42.03060749,30.397598736));
#5487=CARTESIAN_POINT('',(109.863719146,-41.945804249,30.486812857));
#5488=CARTESIAN_POINT('',(109.970679453,-41.854196224,30.567913278));
#5489=B_SPLINE_CURVE_WITH_KNOTS('',3,(#5485,#5486,#5487,#5488),.UNSPECIFIED.,.F.,.F.,(4,4),(0.000052043,0.000538437),.UNSPECIFIED.);
#5490=EDGE_CURVE('',#5025,#5484,#5489,.T.);
#5491=ORIENTED_EDGE('',*,*,#5490,.T.);
#5492=CARTESIAN_POINT('',(111.207984043,-40.537877513,31.043995373));
#5493=VERTEX_POINT('',#5492);
#5494=CARTESIAN_POINT('',(109.970679453,-41.854196224,30.567913278));
#5495=CARTESIAN_POINT('',(110.074964559,-41.764560506,30.645673863));
#5496=CARTESIAN_POINT('',(110.179644091,-41.669274433,30.714859081));
#5497=CARTESIAN_POINT('',(110.284897928,-41.567794741,30.774425826));
#5498=CARTESIAN_POINT('',(110.390151765,-41.466315048,30.833992571));
#5499=CARTESIAN_POINT('',(110.495395893,-41.359292684,30.883991173));
#5500=CARTESIAN_POINT('',(110.599694453,-41.247976036,30.923970809));
#5501=CARTESIAN_POINT('',(110.703993013,-41.136659388,30.963950446));
#5502=CARTESIAN_POINT('',(110.807768434,-41.020596468,30.993975786));
#5503=CARTESIAN_POINT('',(110.909228261,-40.90211447,31.013911918));
#5504=CARTESIAN_POINT('',(111.010688089,-40.783632473,31.03384805));
#5505=CARTESIAN_POINT('',(111.11025615,-40.662142077,31.04340935));
#5506=CARTESIAN_POINT('',(111.207984043,-40.537877513,31.043995373));
#5507=B_SPLINE_CURVE_WITH_KNOTS('',3,(#5494,#5495,#5496,#5497,#5498,#5499,#5500,#5501,#5502,#5503,#5504,#5505,#5506),.UNSPECIFIED.,.F.,.F.,(4,3,3,3,4),(0.000045479,0.000518129,0.00099078,0.001463431,0.001936081),.UNSPECIFIED.);
#5508=EDGE_CURVE('',#5484,#5493,#5507,.T.);
#5509=ORIENTED_EDGE('',*,*,#5508,.T.);
#5510=CARTESIAN_POINT('',(111.207984043,-40.537877513,31.043995373));
#5511=CARTESIAN_POINT('',(111.350351774,-40.356851624,31.04484907));
#5512=CARTESIAN_POINT('',(111.489468367,-40.173394162,31.044346488));
#5513=CARTESIAN_POINT('',(111.625379221,-39.987540875,31.044506096));
#5514=CARTESIAN_POINT('',(111.761290076,-39.801687588,31.044665705));
#5515=CARTESIAN_POINT('',(111.893907718,-39.613344896,31.044806436));
#5516=CARTESIAN_POINT('',(112.023050566,-39.422732354,31.044930843));
#5517=CARTESIAN_POINT('',(112.28133626,-39.041507272,31.045179656));
#5518=CARTESIAN_POINT('',(112.525879429,-38.650998358,31.045364352));
#5519=CARTESIAN_POINT('',(112.758348121,-38.253373277,31.045576191));
#5520=B_SPLINE_CURVE_WITH_KNOTS('',3,(#5510,#5511,#5512,#5513,#5514,#5515,#5516,#5517,#5518,#5519),.UNSPECIFIED.,.F.,.F.,(4,3,3,4),(0.,0.0006907,0.0013814,0.0027628),.UNSPECIFIED.);
#5521=EDGE_CURVE('',#5493,#1904,#5520,.T.);
#5522=ORIENTED_EDGE('',*,*,#5521,.T.);
#5523=ORIENTED_EDGE('',*,*,#1910,.T.);
#5524=ORIENTED_EDGE('',*,*,#5312,.F.);
#5525=EDGE_LOOP('',(#5480,#5481,#5482,#5491,#5509,#5522,#5523,#5524));
#5526=FACE_BOUND('',#5525,.T.);
#5527=ADVANCED_FACE('',(#5526),#5479,.T.);
#5528=CARTESIAN_POINT('',(103.683144676,-48.889490395,25.418521043));
#5529=CARTESIAN_POINT('',(104.339025289,-48.512082046,25.903490342));
#5530=CARTESIAN_POINT('',(104.988873186,-48.104058133,26.388923036));
#5531=CARTESIAN_POINT('',(105.933652762,-47.459352027,27.116282887));
#5532=CARTESIAN_POINT('',(106.243581473,-47.239006266,27.358604909));
#5533=CARTESIAN_POINT('',(107.153156119,-46.56497505,28.084805151));
#5534=CARTESIAN_POINT('',(107.732721571,-46.098211041,28.567917169));
#5535=CARTESIAN_POINT('',(108.370636748,-45.544960194,29.109160088));
#5536=CARTESIAN_POINT('',(108.441324161,-45.483095733,29.169266835));
#5537=CARTESIAN_POINT('',(108.723362004,-45.234031584,29.409560733));
#5538=CARTESIAN_POINT('',(109.492939975,-44.535912996,30.069271064));
#5539=CARTESIAN_POINT('',(110.238303988,-43.78878182,30.724259266));
#5540=CARTESIAN_POINT('',(110.764651557,-43.218653402,31.197143454));
#5541=CARTESIAN_POINT('',(110.764651684,-43.218653264,31.197143568));
#5542=CARTESIAN_POINT('',(110.764651811,-43.218653127,31.197143683));
#5543=CARTESIAN_POINT('',(110.764651939,-43.218652989,31.197143797));
#5544=CARTESIAN_POINT('',(103.325433039,-47.75925749,22.938217849));
#5545=CARTESIAN_POINT('',(103.959925779,-47.43560719,23.264561973));
#5546=CARTESIAN_POINT('',(104.634669282,-47.051428228,23.591286717));
#5547=CARTESIAN_POINT('',(105.589579383,-46.458604472,24.080725527));
#5548=CARTESIAN_POINT('',(105.898347603,-46.25823942,24.243763926));
#5549=CARTESIAN_POINT('',(106.766681327,-45.667442929,24.732250095));
#5550=CARTESIAN_POINT('',(107.269089926,-45.286824867,25.057068528));
#5551=CARTESIAN_POINT('',(107.851962487,-44.816468954,25.420634525));
#5552=CARTESIAN_POINT('',(107.916993549,-44.763613237,25.461004992));
#5553=CARTESIAN_POINT('',(108.178571888,-44.549547686,25.622377547));
#5554=CARTESIAN_POINT('',(108.90897499,-43.939424457,26.065250295));
#5555=CARTESIAN_POINT('',(109.670996714,-43.243288281,26.50424442));
#5556=CARTESIAN_POINT('',(110.229351392,-42.681147401,26.820662001));
#5557=CARTESIAN_POINT('',(110.229351527,-42.681147265,26.820662077));
#5558=CARTESIAN_POINT('',(110.229351662,-42.681147129,26.820662154));
#5559=CARTESIAN_POINT('',(110.229351797,-42.681146993,26.82066223));
#5560=CARTESIAN_POINT('',(102.967678397,-46.629052416,20.457910704));
#5561=CARTESIAN_POINT('',(103.558014371,-46.374241551,20.623519609));
#5562=CARTESIAN_POINT('',(104.394850052,-45.925602931,20.78914027));
#5563=CARTESIAN_POINT('',(105.47163214,-45.307900999,21.037551423));
#5564=CARTESIAN_POINT('',(105.800805078,-45.111215107,21.120351934));
#5565=CARTESIAN_POINT('',(106.562088904,-44.635252828,21.368734036));
#5566=CARTESIAN_POINT('',(106.771822524,-44.467801083,21.534296193));
#5567=CARTESIAN_POINT('',(107.166959839,-44.174784517,21.720496335));
#5568=CARTESIAN_POINT('',(107.213179038,-44.140733895,21.741184444));
#5569=CARTESIAN_POINT('',(107.409161627,-43.997270383,21.823933506));
#5570=CARTESIAN_POINT('',(108.035327571,-43.544535527,22.051465572));
#5571=CARTESIAN_POINT('',(108.941913884,-42.84090632,22.278877849));
#5572=CARTESIAN_POINT('',(109.694051228,-42.143641398,22.444180547));
#5573=CARTESIAN_POINT('',(109.69405141,-42.14364123,22.444180587));
#5574=CARTESIAN_POINT('',(109.694051592,-42.143641061,22.444180627));
#5575=CARTESIAN_POINT('',(109.694051773,-42.143640893,22.444180667));
#5576=CARTESIAN_POINT('',(102.604301573,-45.480878222,17.938251703));
#5577=CARTESIAN_POINT('',(103.178674389,-45.276860476,17.943252581));
#5578=CARTESIAN_POINT('',(104.006068502,-44.874800061,17.948253551));
#5579=CARTESIAN_POINT('',(105.064853779,-44.329236166,17.955754856));
#5580=CARTESIAN_POINT('',(105.387388436,-44.156974876,17.958255269));
#5581=CARTESIAN_POINT('',(106.123436914,-43.757568453,17.965756356));
#5582=CARTESIAN_POINT('',(106.309349205,-43.645473554,17.970756878));
#5583=CARTESIAN_POINT('',(106.682162511,-43.412758055,17.976382018));
#5584=CARTESIAN_POINT('',(106.72596601,-43.385379116,17.977007027));
#5585=CARTESIAN_POINT('',(106.912590986,-43.268456305,17.979507038));
#5586=CARTESIAN_POINT('',(107.51543139,-42.887545799,17.986381851));
#5587=CARTESIAN_POINT('',(108.406559268,-42.250527397,17.993255727));
#5588=CARTESIAN_POINT('',(109.15025706,-41.597606391,17.998254222));
#5589=CARTESIAN_POINT('',(109.150257239,-41.597606233,17.998254223));
#5590=CARTESIAN_POINT('',(109.150257419,-41.597606075,17.998254225));
#5591=CARTESIAN_POINT('',(109.150257599,-41.597605917,17.998254226));
#5592=CARTESIAN_POINT('',(102.598625689,-45.462943847,17.8988949));
#5593=CARTESIAN_POINT('',(103.17275733,-45.259714076,17.901387871));
#5594=CARTESIAN_POINT('',(103.999954707,-44.858412912,17.903880822));
#5595=CARTESIAN_POINT('',(105.058418756,-44.314003377,17.907620256));
#5596=CARTESIAN_POINT('',(105.38084198,-44.142129453,17.908866737));
#5597=CARTESIAN_POINT('',(106.116519924,-43.743907465,17.912606138));
#5598=CARTESIAN_POINT('',(106.3021375,-43.632631622,17.91509906));
#5599=CARTESIAN_POINT('',(106.674649752,-43.400824112,17.917903525));
#5600=CARTESIAN_POINT('',(106.718420252,-43.373545865,17.918215122));
#5601=CARTESIAN_POINT('',(106.904915259,-43.257024835,17.919461549));
#5602=CARTESIAN_POINT('',(107.507414671,-42.877211313,17.922889183));
#5603=CARTESIAN_POINT('',(108.398255172,-42.241254344,17.926316702));
#5604=CARTESIAN_POINT('',(109.141763053,-41.589077387,17.928809328));
#5605=CARTESIAN_POINT('',(109.141763232,-41.589077229,17.928809329));
#5606=CARTESIAN_POINT('',(109.141763412,-41.589077072,17.92880933));
#5607=CARTESIAN_POINT('',(109.141763592,-41.589076914,17.92880933));
#5608=CARTESIAN_POINT('',(102.592949804,-45.445009491,17.859538126));
#5609=CARTESIAN_POINT('',(103.166845732,-45.242564074,17.859523669));
#5610=CARTESIAN_POINT('',(103.993813553,-44.842043286,17.859509207));
#5611=CARTESIAN_POINT('',(105.051929645,-44.298806452,17.859487516));
#5612=CARTESIAN_POINT('',(105.374236279,-44.127323787,17.859480286));
#5613=CARTESIAN_POINT('',(106.109559412,-43.730278698,17.859458591));
#5614=CARTESIAN_POINT('',(106.294933843,-43.619791538,17.859444127));
#5615=CARTESIAN_POINT('',(106.667176779,-43.388869419,17.859427846));
#5616=CARTESIAN_POINT('',(106.710917408,-43.361689524,17.859426035));
#5617=CARTESIAN_POINT('',(106.897293261,-43.245561755,17.8594188));
#5618=CARTESIAN_POINT('',(107.499467262,-42.866828598,17.859398896));
#5619=CARTESIAN_POINT('',(108.389989778,-42.231947088,17.859378982));
#5620=CARTESIAN_POINT('',(109.133269053,-41.580548381,17.859364484));
#5621=CARTESIAN_POINT('',(109.133269232,-41.580548224,17.859364484));
#5622=CARTESIAN_POINT('',(109.133269412,-41.580548066,17.859364484));
#5623=CARTESIAN_POINT('',(109.133269592,-41.580547909,17.859364484));
#5624=B_SPLINE_SURFACE_WITH_KNOTS('',3,3,((#5528,#5529,#5530,#5531,#5532,#5533,#5534,#5535,#5536,#5537,#5538,#5539,#5540,#5541,#5542,#5543),(#5544,#5545,#5546,#5547,#5548,#5549,#5550,#5551,#5552,#5553,#5554,#5555,#5556,#5557,#5558,#5559),(#5560,#5561,#5562,#5563,#5564,#5565,#5566,#5567,#5568,#5569,#5570,#5571,#5572,#5573,#5574,#5575),(#5576,#5577,#5578,#5579,#5580,#5581,#5582,#5583,#5584,#5585,#5586,#5587,#5588,#5589,#5590,#5591),(#5592,#5593,#5594,#5595,#5596,#5597,#5598,#5599,#5600,#5601,#5602,#5603,#5604,#5605,#5606,#5607),(#5608,#5609,#5610,#5611,#5612,#5613,#5614,#5615,#5616,#5617,#5618,#5619,#5620,#5621,#5622,#5623)),.UNSPECIFIED.,.F.,.F.,.U.,(4,2,4),(4,2,2,2,2,1,3,4),(0.110841453,0.986137744,1.000026719),(0.000156023,0.250116569,0.375097141,0.625058285,0.656303428,0.750038857,1.,1.00000006),.UNSPECIFIED.);
#5625=ORIENTED_EDGE('',*,*,#4121,.T.);
#5626=ORIENTED_EDGE('',*,*,#4251,.F.);
#5627=ORIENTED_EDGE('',*,*,#4223,.F.);
#5628=ORIENTED_EDGE('',*,*,#4214,.F.);
#5629=CARTESIAN_POINT('',(109.485303412,-41.934033628,20.737510128));
#5630=VERTEX_POINT('',#5629);
#5631=CARTESIAN_POINT('',(109.133318727,-41.580597262,17.859765259));
#5632=DIRECTION('',(0.120515773,-0.1210126,0.985308022));
#5633=VECTOR('',#5632,2.920655066);
#5634=LINE('',#5631,#5633);
#5635=EDGE_CURVE('',#4187,#5630,#5634,.T.);
#5636=ORIENTED_EDGE('',*,*,#5635,.T.);
#5637=CARTESIAN_POINT('',(110.764165593,-43.218185382,31.193251035));
#5638=VERTEX_POINT('',#5637);
#5639=CARTESIAN_POINT('',(110.764165593,-43.218185382,31.193251035));
#5640=CARTESIAN_POINT('',(110.337878279,-42.790133487,27.708002772));
#5641=CARTESIAN_POINT('',(109.911590633,-42.362083839,24.222756496));
#5642=CARTESIAN_POINT('',(109.485303412,-41.934033628,20.737510128));
#5643=B_SPLINE_CURVE_WITH_KNOTS('',3,(#5639,#5640,#5641,#5642),.UNSPECIFIED.,.F.,.F.,(4,4),(1.082915033,11.694559648),.UNSPECIFIED.);
#5644=EDGE_CURVE('',#5638,#5630,#5643,.T.);
#5645=ORIENTED_EDGE('',*,*,#5644,.F.);
#5646=CARTESIAN_POINT('',(109.877044831,-44.065085057,30.169510834));
#5647=VERTEX_POINT('',#5646);
#5648=CARTESIAN_POINT('',(110.764167,-43.218186716,31.193251109));
#5649=CARTESIAN_POINT('',(110.606539295,-43.391775566,31.061660538));
#5650=CARTESIAN_POINT('',(110.453367513,-43.549620682,30.910121845));
#5651=CARTESIAN_POINT('',(110.304625617,-43.691639622,30.738578788));
#5652=CARTESIAN_POINT('',(110.15588372,-43.833658563,30.567035732));
#5653=CARTESIAN_POINT('',(110.011461133,-43.959691589,30.374846073));
#5654=CARTESIAN_POINT('',(109.877003196,-44.065157972,30.169575569));
#5655=B_SPLINE_CURVE_WITH_KNOTS('',3,(#5648,#5649,#5650,#5651,#5652,#5653,#5654),.UNSPECIFIED.,.F.,.F.,(4,3,4),(0.,0.000801113,0.001602227),.UNSPECIFIED.);
#5656=EDGE_CURVE('',#5638,#5647,#5655,.T.);
#5657=ORIENTED_EDGE('',*,*,#5656,.T.);
#5658=CARTESIAN_POINT('',(104.945763159,-47.778134438,25.67862974));
#5659=VERTEX_POINT('',#5658);
#5660=CARTESIAN_POINT('',(104.945763159,-47.778134438,25.67862974));
#5661=CARTESIAN_POINT('',(105.42854293,-47.431370265,25.925613762));
#5662=CARTESIAN_POINT('',(105.900077251,-47.097562591,26.205275847));
#5663=CARTESIAN_POINT('',(106.353215133,-46.766773758,26.517546814));
#5664=CARTESIAN_POINT('',(106.806353016,-46.435984925,26.829817781));
#5665=CARTESIAN_POINT('',(107.240640439,-46.107086986,27.175307344));
#5666=CARTESIAN_POINT('',(107.653239629,-45.790116297,27.551107148));
#5667=CARTESIAN_POINT('',(107.859539223,-45.631630952,27.73900705));
#5668=CARTESIAN_POINT('',(108.06085852,-45.47601887,27.934740471));
#5669=CARTESIAN_POINT('',(108.257605876,-45.324006094,28.138468242));
#5670=CARTESIAN_POINT('',(108.454353232,-45.171993319,28.342196012));
#5671=CARTESIAN_POINT('',(108.646510393,-45.023533175,28.55397036));
#5672=CARTESIAN_POINT('',(108.83249019,-44.879446533,28.772466801));
#5673=CARTESIAN_POINT('',(109.204449782,-44.591273249,29.209459684));
#5674=CARTESIAN_POINT('',(109.552909066,-44.319317635,29.674622513));
#5675=CARTESIAN_POINT('',(109.877044829,-44.065085058,30.169510832));
#5676=B_SPLINE_CURVE_WITH_KNOTS('',3,(#5660,#5661,#5662,#5663,#5664,#5665,#5666,#5667,#5668,#5669,#5670,#5671,#5672,#5673,#5674,#5675),.UNSPECIFIED.,.F.,.F.,(4,3,3,3,3,4),(0.,0.001925033,0.003850066,0.004812583,0.005775099,0.007700132),.UNSPECIFIED.);
#5677=EDGE_CURVE('',#5659,#5647,#5676,.T.);
#5678=ORIENTED_EDGE('',*,*,#5677,.F.);
#5679=CARTESIAN_POINT('',(104.61072432,-48.048861578,25.569226011));
#5680=VERTEX_POINT('',#5679);
#5681=CARTESIAN_POINT('',(104.61072432,-48.048861578,25.569226011));
#5682=CARTESIAN_POINT('',(104.720577528,-47.94983436,25.58511787));
#5683=CARTESIAN_POINT('',(104.83413113,-47.858286099,25.6214616));
#5684=CARTESIAN_POINT('',(104.945766679,-47.778077304,25.678520947));
#5685=B_SPLINE_CURVE_WITH_KNOTS('',3,(#5681,#5682,#5683,#5684),.UNSPECIFIED.,.F.,.F.,(4,4),(0.001156796,0.001603449),.UNSPECIFIED.);
#5686=EDGE_CURVE('',#5680,#5659,#5685,.T.);
#5687=ORIENTED_EDGE('',*,*,#5686,.F.);
#5688=CARTESIAN_POINT('',(104.61072432,-48.048861578,25.569226011));
#5689=CARTESIAN_POINT('',(104.496686736,-47.852436652,24.977112131));
#5690=CARTESIAN_POINT('',(104.368403251,-47.660873197,24.376640299));
#5691=CARTESIAN_POINT('',(104.230193186,-47.468192254,23.773967013));
#5692=CARTESIAN_POINT('',(104.091983121,-47.27551131,23.171293728));
#5693=CARTESIAN_POINT('',(103.944072057,-47.081722438,22.566597443));
#5694=CARTESIAN_POINT('',(103.790523717,-46.883494258,21.964071186));
#5695=CARTESIAN_POINT('',(103.636975378,-46.685266079,21.361544928));
#5696=CARTESIAN_POINT('',(103.477435447,-46.483024265,20.76059364));
#5697=CARTESIAN_POINT('',(103.308245093,-46.276071803,20.16125134));
#5698=CARTESIAN_POINT('',(103.223649916,-46.172595572,19.86158019));
#5699=CARTESIAN_POINT('',(103.135999347,-46.068250423,19.562044068));
#5700=CARTESIAN_POINT('',(103.0403953,-45.963683799,19.261667279));
#5701=CARTESIAN_POINT('',(102.992593277,-45.911400486,19.111478885));
#5702=CARTESIAN_POINT('',(102.942409562,-45.85918134,18.960884657));
#5703=CARTESIAN_POINT('',(102.886242185,-45.807563538,18.808816165));
#5704=CARTESIAN_POINT('',(102.858158497,-45.781754636,18.73278192));
#5705=CARTESIAN_POINT('',(102.828542996,-45.75611475,18.656361881));
#5706=CARTESIAN_POINT('',(102.794605309,-45.731153799,18.578631859));
#5707=CARTESIAN_POINT('',(102.777636466,-45.718673323,18.539766848));
#5708=CARTESIAN_POINT('',(102.759405757,-45.706405459,18.500509883));
#5709=CARTESIAN_POINT('',(102.739148202,-45.694464181,18.460618411));
#5710=CARTESIAN_POINT('',(102.729019425,-45.688493542,18.440672675));
#5711=CARTESIAN_POINT('',(102.719394782,-45.682382884,18.42093264));
#5712=CARTESIAN_POINT('',(102.705965876,-45.67706805,18.399858465));
#5713=CARTESIAN_POINT('',(102.699251423,-45.674410633,18.389321378));
#5714=CARTESIAN_POINT('',(102.691171737,-45.672012474,18.378259697));
#5715=CARTESIAN_POINT('',(102.685022339,-45.669210382,18.367969003));
#5716=CARTESIAN_POINT('',(102.67887294,-45.66640829,18.357678309));
#5717=CARTESIAN_POINT('',(102.674269792,-45.663349294,18.348089111));
#5718=CARTESIAN_POINT('',(102.661571416,-45.661834329,18.335358965));
#5719=B_SPLINE_CURVE_WITH_KNOTS('',3,(#5688,#5689,#5690,#5691,#5692,#5693,#5694,#5695,#5696,#5697,#5698,#5699,#5700,#5701,#5702,#5703,#5704,#5705,#5706,#5707,#5708,#5709,#5710,#5711,#5712,#5713,
#5714,#5715,#5716,#5717,#5718),.UNSPECIFIED.,.F.,.F.,(4,3,3,3,3,3,3,3,3,3,4),(0.001224411,0.003113069,0.005001727,0.006890384,0.007834713,0.008306878,0.00854296,0.008661001,0.008720021,0.008749532,0.008779042),.UNSPECIFIED.);
#5720=EDGE_CURVE('',#5680,#552,#5719,.T.);
#5721=ORIENTED_EDGE('',*,*,#5720,.T.);
#5722=EDGE_LOOP('',(#5625,#5626,#5627,#5628,#5636,#5645,#5657,#5678,#5687,#5721));
#5723=FACE_BOUND('',#5722,.T.);
#5724=ADVANCED_FACE('',(#5723),#5624,.T.);
#5725=CARTESIAN_POINT('',(112.45920475,-38.077977367,17.859761743));
#5726=CARTESIAN_POINT('',(112.919817612,-38.483960071,22.493097619));
#5727=CARTESIAN_POINT('',(113.380429205,-38.889943588,27.126430942));
#5728=CARTESIAN_POINT('',(113.841041294,-39.295926788,31.759765261));
#5729=CARTESIAN_POINT('',(112.455380888,-38.083242145,17.859761743));
#5730=CARTESIAN_POINT('',(112.915559815,-38.490421646,22.493097619));
#5731=CARTESIAN_POINT('',(113.375736693,-38.897602977,27.126430942));
#5732=CARTESIAN_POINT('',(113.835914373,-39.304783594,31.759765261));
#5733=CARTESIAN_POINT('',(112.451566114,-38.088493366,17.859761743));
#5734=CARTESIAN_POINT('',(112.911305964,-38.496874815,22.493097619));
#5735=CARTESIAN_POINT('',(113.371045355,-38.905256203,27.126430942));
#5736=CARTESIAN_POINT('',(113.830784925,-39.313637614,31.759765261));
#5737=CARTESIAN_POINT('',(112.376269137,-38.192088322,17.859761743));
#5738=CARTESIAN_POINT('',(112.827114208,-38.624495993,22.493097619));
#5739=CARTESIAN_POINT('',(113.277958652,-39.056903337,27.126430942));
#5740=CARTESIAN_POINT('',(113.72880334,-39.489310808,31.759765261));
#5741=CARTESIAN_POINT('',(112.311064315,-38.281013528,17.859761743));
#5742=CARTESIAN_POINT('',(112.750775305,-38.738731679,22.493097619));
#5743=CARTESIAN_POINT('',(113.190485532,-39.19644973,27.126430942));
#5744=CARTESIAN_POINT('',(113.630196056,-39.65416782,31.759765261));
#5745=CARTESIAN_POINT('',(112.185987649,-38.447823912,17.859761743));
#5746=CARTESIAN_POINT('',(112.59819127,-38.962170689,22.493097619));
#5747=CARTESIAN_POINT('',(113.010394227,-39.476517133,27.126430942));
#5748=CARTESIAN_POINT('',(113.422597442,-39.990863707,31.759765261));
#5749=CARTESIAN_POINT('',(112.126880591,-38.524410548,17.859761743));
#5750=CARTESIAN_POINT('',(112.522374436,-39.070414843,22.493097619));
#5751=CARTESIAN_POINT('',(112.917867493,-39.616418904,27.126430942));
#5752=CARTESIAN_POINT('',(113.313360859,-40.162423056,31.759765261));
#5753=CARTESIAN_POINT('',(112.0384229,-38.634289677,17.859761743));
#5754=CARTESIAN_POINT('',(112.407568125,-39.228527208,22.493097619));
#5755=CARTESIAN_POINT('',(112.776712745,-39.822765,27.126430942));
#5756=CARTESIAN_POINT('',(113.1458576,-40.41700269,31.759765261));
#5757=CARTESIAN_POINT('',(112.00895817,-38.670100413,17.859761743));
#5758=CARTESIAN_POINT('',(112.369110397,-39.280534857,22.493097619));
#5759=CARTESIAN_POINT('',(112.729262217,-39.890969448,27.126430942));
#5760=CARTESIAN_POINT('',(113.089414195,-40.501403982,31.759765261));
#5761=CARTESIAN_POINT('',(111.947829201,-38.742906639,17.859761743));
#5762=CARTESIAN_POINT('',(112.290271846,-39.385097163,22.493097619));
#5763=CARTESIAN_POINT('',(112.632714482,-40.027287512,27.126430942));
#5764=CARTESIAN_POINT('',(112.97515712,-40.669477929,31.759765261));
#5765=CARTESIAN_POINT('',(111.916174492,-38.779888319,17.859761743));
#5766=CARTESIAN_POINT('',(112.249897607,-39.43764227,22.493097619));
#5767=CARTESIAN_POINT('',(112.583620916,-40.095395848,27.126430942));
#5768=CARTESIAN_POINT('',(112.91734415,-40.753149572,31.759765261));
#5769=CARTESIAN_POINT('',(111.81448914,-38.896920338,17.859761743));
#5770=CARTESIAN_POINT('',(112.123531583,-39.599067334,22.493097619));
#5771=CARTESIAN_POINT('',(112.4325744,-40.301213904,27.126430942));
#5772=CARTESIAN_POINT('',(112.741617072,-41.003360641,31.759765261));
#5773=CARTESIAN_POINT('',(111.737355253,-38.983609133,17.859761743));
#5774=CARTESIAN_POINT('',(112.032032536,-39.712118304,22.493097619));
#5775=CARTESIAN_POINT('',(112.326709645,-40.440627495,27.126430942));
#5776=CARTESIAN_POINT('',(112.621386823,-41.169136679,31.759765261));
#5777=CARTESIAN_POINT('',(111.595916939,-39.140683503,17.859761743));
#5778=CARTESIAN_POINT('',(111.875824687,-39.899515027,22.493097619));
#5779=CARTESIAN_POINT('',(112.155731907,-40.658346321,27.126430942));
#5780=CARTESIAN_POINT('',(112.435639333,-41.417177705,31.759765261));
#5781=CARTESIAN_POINT('',(111.544507274,-39.197508879,17.859761743));
#5782=CARTESIAN_POINT('',(111.820613515,-39.964923266,22.493097619));
#5783=CARTESIAN_POINT('',(112.096719183,-40.732337202,27.126430942));
#5784=CARTESIAN_POINT('',(112.372825075,-41.499751314,31.759765261));
#5785=CARTESIAN_POINT('',(111.432042672,-39.321162243,17.859761743));
#5786=CARTESIAN_POINT('',(111.703138989,-40.102357328,22.493097619));
#5787=CARTESIAN_POINT('',(111.974234824,-40.883551586,27.126430942));
#5788=CARTESIAN_POINT('',(112.245330846,-41.664746167,31.759765261));
#5789=CARTESIAN_POINT('',(111.370976727,-39.388006466,17.859761743));
#5790=CARTESIAN_POINT('',(111.640867989,-40.17439445,22.493097619));
#5791=CARTESIAN_POINT('',(111.910758971,-40.960781302,27.126430942));
#5792=CARTESIAN_POINT('',(112.180650062,-41.747168596,31.759765261));
#5793=CARTESIAN_POINT('',(111.23812861,-39.532696054,17.859761743));
#5794=CARTESIAN_POINT('',(111.50853817,-40.325770113,22.493097619));
#5795=CARTESIAN_POINT('',(111.778947809,-41.118843468,27.126430942));
#5796=CARTESIAN_POINT('',(112.049357417,-41.911917098,31.759765261));
#5797=CARTESIAN_POINT('',(111.166390378,-39.610465576,17.859761743));
#5798=CARTESIAN_POINT('',(111.438509891,-40.405056053,22.493097619));
#5799=CARTESIAN_POINT('',(111.71062934,-41.199646917,27.126430942));
#5800=CARTESIAN_POINT('',(111.982748815,-41.99423763,31.759765261));
#5801=CARTESIAN_POINT('',(111.050497525,-39.735292695,17.859761743));
#5802=CARTESIAN_POINT('',(111.327458388,-40.529404267,22.493097619));
#5803=CARTESIAN_POINT('',(111.604418925,-41.323516083,27.126430942));
#5804=CARTESIAN_POINT('',(111.88137959,-42.117627804,31.759765261));
#5805=CARTESIAN_POINT('',(111.010481291,-39.778264045,17.859761743));
#5806=CARTESIAN_POINT('',(111.289436674,-40.5717569,22.493097619));
#5807=CARTESIAN_POINT('',(111.568391666,-41.365249855,27.126430942));
#5808=CARTESIAN_POINT('',(111.847346811,-42.158742771,31.759765261));
#5809=CARTESIAN_POINT('',(110.927214489,-39.867217176,17.859761743));
#5810=CARTESIAN_POINT('',(111.211064192,-40.658465352,22.493097619));
#5811=CARTESIAN_POINT('',(111.494913452,-41.449713331,27.126430942));
#5812=CARTESIAN_POINT('',(111.778762885,-42.240961388,31.759765261));
#5813=CARTESIAN_POINT('',(110.883975757,-39.913190577,17.859761743));
#5814=CARTESIAN_POINT('',(111.170721602,-40.702815376,22.493097619));
#5815=CARTESIAN_POINT('',(111.457467022,-41.492439832,27.126430942));
#5816=CARTESIAN_POINT('',(111.744212608,-42.282064422,31.759765261));
#5817=CARTESIAN_POINT('',(110.793745976,-40.008471997,17.859761743));
#5818=CARTESIAN_POINT('',(111.087349947,-40.793741878,22.493097619));
#5819=CARTESIAN_POINT('',(111.380953629,-41.579011273,27.126430942));
#5820=CARTESIAN_POINT('',(111.674557423,-42.364280858,31.759765261));
#5821=CARTESIAN_POINT('',(110.746714122,-40.057808907,17.859761743));
#5822=CARTESIAN_POINT('',(111.044292686,-40.840338331,22.493097619));
#5823=CARTESIAN_POINT('',(111.341871073,-41.622867259,27.126430942));
#5824=CARTESIAN_POINT('',(111.639449528,-42.40539638,31.759765261));
#5825=CARTESIAN_POINT('',(110.647748619,-40.160588613,17.859761743));
#5826=CARTESIAN_POINT('',(110.954697912,-40.936290091,22.493097619));
#5827=CARTESIAN_POINT('',(111.261647249,-41.711991097,27.126430942));
#5828=CARTESIAN_POINT('',(111.56859657,-42.487692288,31.759765261));
#5829=CARTESIAN_POINT('',(110.595828925,-40.21402153,17.859761743));
#5830=CARTESIAN_POINT('',(110.908170045,-40.985638573,22.493097619));
#5831=CARTESIAN_POINT('',(111.220511317,-41.757255174,27.126430942));
#5832=CARTESIAN_POINT('',(111.53285253,-42.528871948,31.759765261));
#5833=CARTESIAN_POINT('',(110.485954863,-40.325752771,17.859761743));
#5834=CARTESIAN_POINT('',(110.810851742,-41.087618648,22.493097619));
#5835=CARTESIAN_POINT('',(111.135748909,-41.849484132,27.126430942));
#5836=CARTESIAN_POINT('',(111.460645964,-42.611349769,31.759765261));
#5837=CARTESIAN_POINT('',(110.427958144,-40.384081078,17.859761743));
#5838=CARTESIAN_POINT('',(110.760032037,-41.140270963,22.493097619));
#5839=CARTESIAN_POINT('',(111.092106246,-41.896460473,27.126430942));
#5840=CARTESIAN_POINT('',(111.424180333,-42.652650129,31.759765261));
#5841=CARTESIAN_POINT('',(110.30417337,-40.506804232,17.859761743));
#5842=CARTESIAN_POINT('',(110.652916629,-41.249688137,22.493097619));
#5843=CARTESIAN_POINT('',(111.001660136,-41.992571699,27.126430942));
#5844=CARTESIAN_POINT('',(111.350403546,-42.735455396,31.759765261));
#5845=CARTESIAN_POINT('',(110.23840147,-40.571187642,17.859761743));
#5846=CARTESIAN_POINT('',(110.596632095,-41.306445093,22.493097619));
#5847=CARTESIAN_POINT('',(110.954862864,-42.041702214,27.126430942));
#5848=CARTESIAN_POINT('',(111.313093576,-42.776959463,31.759765261));
#5849=CARTESIAN_POINT('',(110.097317752,-40.707216418,17.859761743));
#5850=CARTESIAN_POINT('',(110.477379164,-41.424897036,22.493097619));
#5851=CARTESIAN_POINT('',(110.857440376,-42.142577342,27.126430942));
#5852=CARTESIAN_POINT('',(111.237501665,-42.860257768,31.759765261));
#5853=CARTESIAN_POINT('',(110.021962442,-40.778892578,17.859761743));
#5854=CARTESIAN_POINT('',(110.414380695,-41.486613305,22.493097619));
#5855=CARTESIAN_POINT('',(110.806798537,-42.194333727,27.126430942));
#5856=CARTESIAN_POINT('',(111.199216539,-42.902054268,31.759765261));
#5857=CARTESIAN_POINT('',(109.859348857,-40.931137287,17.859761743));
#5858=CARTESIAN_POINT('',(110.280067209,-41.616110021,22.493097619));
#5859=CARTESIAN_POINT('',(110.700784895,-42.301082447,27.126430942));
#5860=CARTESIAN_POINT('',(111.121502841,-42.986054994,31.759765261));
#5861=CARTESIAN_POINT('',(109.772113062,-41.011689272,17.859761743));
#5862=CARTESIAN_POINT('',(110.208767698,-41.683879021,22.493097619));
#5863=CARTESIAN_POINT('',(110.645421679,-42.35606845,27.126430942));
#5864=CARTESIAN_POINT('',(111.082075916,-43.028258005,31.759765261));
#5865=CARTESIAN_POINT('',(109.524361061,-41.236978464,17.859761743));
#5866=CARTESIAN_POINT('',(110.00852491,-41.871229994,22.493097619));
#5867=CARTESIAN_POINT('',(110.492688333,-42.505481162,27.126430942));
#5868=CARTESIAN_POINT('',(110.976851923,-43.139732472,31.759765261));
#5869=CARTESIAN_POINT('',(109.352010509,-41.390443085,17.859761743));
#5870=CARTESIAN_POINT('',(109.871329282,-41.996776226,22.493097619));
#5871=CARTESIAN_POINT('',(110.39064788,-42.603108942,27.126430942));
#5872=CARTESIAN_POINT('',(110.909966552,-43.209441825,31.759765261));
#5873=CARTESIAN_POINT('',(109.147537379,-41.568246032,17.859761743));
#5874=CARTESIAN_POINT('',(109.711164064,-42.13972771,22.493097619));
#5875=CARTESIAN_POINT('',(110.274790998,-42.711208544,27.126430942));
#5876=CARTESIAN_POINT('',(110.838417835,-43.282689707,31.759765261));
#5877=CARTESIAN_POINT('',(109.140423297,-41.574426579,17.859761743));
#5878=CARTESIAN_POINT('',(109.70559498,-42.14469342,22.493097619));
#5879=CARTESIAN_POINT('',(110.270766926,-42.714959402,27.126430942));
#5880=CARTESIAN_POINT('',(110.83593877,-43.28522572,31.759765261));
#5881=CARTESIAN_POINT('',(109.133292536,-41.580619232,17.859761743));
#5882=CARTESIAN_POINT('',(109.70001429,-42.149667424,22.493097619));
#5883=CARTESIAN_POINT('',(110.266736324,-42.718714742,27.126430942));
#5884=CARTESIAN_POINT('',(110.833458248,-43.287762401,31.759765261));
#5885=B_SPLINE_SURFACE_WITH_KNOTS('',3,3,((#5725,#5726,#5727,#5728),(#5729,#5730,#5731,#5732),(#5733,#5734,#5735,#5736),(#5737,#5738,#5739,#5740),(#5741,#5742,#5743,#5744),(#5745,#5746,#5747,#5748),(#5749,#5750,#5751,#5752),(#5753,#5754,#5755,#5756),(#5757,#5758,#5759,#5760),(#5761,#5762,#5763,#5764),(#5765,#5766,#5767,#5768),(#5769,#5770,#5771,#5772),(#5773,#5774,#5775,#5776),(#5777,#5778,#5779,#5780),(#5781,#5782,#5783,#5784),(#5785,#5786,#5787,#5788),(#5789,#5790,#5791,#5792),(#5793,#5794,#5795,#5796),(#5797,#5798,#5799,#5800),(#5801,#5802,#5803,#5804),(#5805,#5806,#5807,#5808),(#5809,#5810,#5811,#5812),(#5813,#5814,#5815,#5816),(#5817,#5818,#5819,#5820),(#5821,#5822,#5823,#5824),(#5825,#5826,#5827,#5828),
(#5829,#5830,#5831,#5832),(#5833,#5834,#5835,#5836),(#5837,#5838,#5839,#5840),(#5841,#5842,#5843,#5844),(#5845,#5846,#5847,#5848),(#5849,#5850,#5851,#5852),(#5853,#5854,#5855,#5856),(#5857,#5858,#5859,#5860),(#5861,#5862,#5863,#5864),(#5865,#5866,#5867,#5868),(#5869,#5870,#5871,#5872),(#5873,#5874,#5875,#5876),(#5877,#5878,#5879,#5880),(#5881,#5882,#5883,#5884)),.UNSPECIFIED.,.F.,.F.,.U.,(4,2,2,2,2,2,2,2,2,2,2,2,2,2,2,2,2,2,2,4),(4,4),(-0.000000111,0.006286702,0.124837426,0.251291532,0.314518585,0.377745638,0.504199743,0.567426796,0.630653849,0.693880902,0.725494429,0.757107955,0.788721482,0.820335008,0.851948534,0.883562061,0.915175587,0.946789114,0.998161094,1.000002319),(-0.000000235,0.926666665),.UNSPECIFIED.);
#5886=ORIENTED_EDGE('',*,*,#4205,.T.);
#5887=CARTESIAN_POINT('',(113.841041294,-39.295926788,31.759765259));
#5888=VERTEX_POINT('',#5887);
#5889=CARTESIAN_POINT('',(112.45920355,-38.077979944,17.859765869));
#5890=CARTESIAN_POINT('',(112.919816211,-38.483962553,22.493098962));
#5891=CARTESIAN_POINT('',(113.380428443,-38.889945203,27.126432095));
#5892=CARTESIAN_POINT('',(113.841041294,-39.295926788,31.759765259));
#5893=B_SPLINE_CURVE_WITH_KNOTS('',3,(#5889,#5890,#5891,#5892),.UNSPECIFIED.,.F.,.F.,(4,4),(-0.,0.014021514),.UNSPECIFIED.);
#5894=EDGE_CURVE('',#3878,#5888,#5893,.T.);
#5895=ORIENTED_EDGE('',*,*,#5894,.T.);
#5896=CARTESIAN_POINT('',(112.256296948,-41.650263345,31.759765259));
#5897=VERTEX_POINT('',#5896);
#5898=CARTESIAN_POINT('',(113.841041294,-39.295926788,31.759765259));
#5899=CARTESIAN_POINT('',(113.6037767,-39.705803679,31.759765259));
#5900=CARTESIAN_POINT('',(113.35353715,-40.10814354,31.759765259));
#5901=CARTESIAN_POINT('',(113.089420927,-40.5009336,31.759765259));
#5902=CARTESIAN_POINT('',(112.957362816,-40.69732863,31.759765259));
#5903=CARTESIAN_POINT('',(112.82189227,-40.891293302,31.759765259));
#5904=CARTESIAN_POINT('',(112.683014225,-41.082831132,31.759765259));
#5905=CARTESIAN_POINT('',(112.54413618,-41.274368962,31.759765259));
#5906=CARTESIAN_POINT('',(112.402656968,-41.462462908,31.759765259));
#5907=CARTESIAN_POINT('',(112.256296948,-41.650263345,31.759765259));
#5908=B_SPLINE_CURVE_WITH_KNOTS('',3,(#5898,#5899,#5900,#5901,#5902,#5903,#5904,#5905,#5906,#5907),.UNSPECIFIED.,.F.,.F.,(4,3,3,4),(0.,0.001420349,0.002130523,0.002840698),.UNSPECIFIED.);
#5909=EDGE_CURVE('',#5888,#5897,#5908,.T.);
#5910=ORIENTED_EDGE('',*,*,#5909,.T.);
#5911=CARTESIAN_POINT('',(110.764165593,-43.218185382,31.193251035));
#5912=CARTESIAN_POINT('',(111.01549474,-43.01048406,31.376695662));
#5913=CARTESIAN_POINT('',(111.274005988,-42.767487276,31.520813509));
#5914=CARTESIAN_POINT('',(111.526382978,-42.501253941,31.616570483));
#5915=CARTESIAN_POINT('',(111.778759968,-42.235020606,31.712327457));
#5916=CARTESIAN_POINT('',(112.023228326,-41.949323118,31.759765259));
#5917=CARTESIAN_POINT('',(112.256296945,-41.650263348,31.759765259));
#5918=B_SPLINE_CURVE_WITH_KNOTS('',3,(#5911,#5912,#5913,#5914,#5915,#5916,#5917),.UNSPECIFIED.,.F.,.F.,(4,3,4),(0.002666218,0.003799191,0.004932164),.UNSPECIFIED.);
#5919=EDGE_CURVE('',#5638,#5897,#5918,.T.);
#5920=ORIENTED_EDGE('',*,*,#5919,.F.);
#5921=ORIENTED_EDGE('',*,*,#5644,.T.);
#5922=ORIENTED_EDGE('',*,*,#5635,.F.);
#5923=EDGE_LOOP('',(#5886,#5895,#5910,#5920,#5921,#5922));
#5924=FACE_BOUND('',#5923,.T.);
#5925=ADVANCED_FACE('',(#5924),#5885,.F.);
#5926=CARTESIAN_POINT('',(102.660679994,-45.662068713,18.335131295));
#5927=CARTESIAN_POINT('',(102.660642097,-45.662077463,18.33511921));
#5928=CARTESIAN_POINT('',(102.6606042,-45.662086213,18.335107124));
#5929=CARTESIAN_POINT('',(102.660566303,-45.662094963,18.335095039));
#5930=CARTESIAN_POINT('',(102.660546327,-45.662099575,18.335088669));
#5931=CARTESIAN_POINT('',(102.660526351,-45.662104187,18.335082299));
#5932=CARTESIAN_POINT('',(102.660486397,-45.662113411,18.335069558));
#5933=CARTESIAN_POINT('',(102.660466421,-45.662118023,18.335063188));
#5934=CARTESIAN_POINT('',(102.660446444,-45.662122635,18.335056818));
#5935=CARTESIAN_POINT('',(102.660445379,-45.662122881,18.335056478));
#5936=CARTESIAN_POINT('',(102.660444314,-45.662123127,18.335056139));
#5937=CARTESIAN_POINT('',(102.660443249,-45.662123373,18.335055799));
#5938=CARTESIAN_POINT('',(102.67958613,-45.661226478,18.348032703));
#5939=CARTESIAN_POINT('',(102.676363964,-45.662005338,18.347073128));
#5940=CARTESIAN_POINT('',(102.673141798,-45.662784199,18.346113552));
#5941=CARTESIAN_POINT('',(102.669919632,-45.66356306,18.345153976));
#5942=CARTESIAN_POINT('',(102.668221168,-45.663973612,18.344648166));
#5943=CARTESIAN_POINT('',(102.666522696,-45.664384148,18.344142363));
#5944=CARTESIAN_POINT('',(102.66312574,-45.665205187,18.343130775));
#5945=CARTESIAN_POINT('',(102.661427255,-45.665615691,18.34262499));
#5946=CARTESIAN_POINT('',(102.659728764,-45.666026177,18.342119213));
#5947=CARTESIAN_POINT('',(102.659638203,-45.666048064,18.342092246));
#5948=CARTESIAN_POINT('',(102.659547642,-45.66606995,18.342065278));
#5949=CARTESIAN_POINT('',(102.65945708,-45.666091837,18.342038311));
#5950=CARTESIAN_POINT('',(102.693730886,-45.66116578,18.358979436));
#5951=CARTESIAN_POINT('',(102.688013106,-45.662613886,18.357365264));
#5952=CARTESIAN_POINT('',(102.682295327,-45.664061992,18.355751092));
#5953=CARTESIAN_POINT('',(102.676577547,-45.665510098,18.35413692));
#5954=CARTESIAN_POINT('',(102.673563598,-45.666273422,18.35328606));
#5955=CARTESIAN_POINT('',(102.670548872,-45.667034787,18.352436203));
#5956=CARTESIAN_POINT('',(102.66451787,-45.6685536,18.350738497));
#5957=CARTESIAN_POINT('',(102.661501596,-45.669311047,18.349890647));
#5958=CARTESIAN_POINT('',(102.658484548,-45.670066535,18.349043803));
#5959=CARTESIAN_POINT('',(102.658323683,-45.670106817,18.34899865));
#5960=CARTESIAN_POINT('',(102.658162818,-45.670147098,18.348953498));
#5961=CARTESIAN_POINT('',(102.658001954,-45.67018738,18.348908345));
#5962=CARTESIAN_POINT('',(102.719965419,-45.661635256,18.380568587));
#5963=CARTESIAN_POINT('',(102.709646056,-45.664326813,18.37773207));
#5964=CARTESIAN_POINT('',(102.699326694,-45.667018371,18.374895552));
#5965=CARTESIAN_POINT('',(102.689007332,-45.669709929,18.372059035));
#5966=CARTESIAN_POINT('',(102.683567801,-45.6711287,18.370563853));
#5967=CARTESIAN_POINT('',(102.678125373,-45.672540252,18.369072366));
#5968=CARTESIAN_POINT('',(102.667234768,-45.675348903,18.366096794));
#5969=CARTESIAN_POINT('',(102.661786592,-45.676746004,18.36461271));
#5970=CARTESIAN_POINT('',(102.656335566,-45.678135873,18.363132332));
#5971=CARTESIAN_POINT('',(102.656044925,-45.678209979,18.3630534));
#5972=CARTESIAN_POINT('',(102.655754284,-45.678284085,18.362974469));
#5973=CARTESIAN_POINT('',(102.655463643,-45.678358191,18.362895537));
#5974=CARTESIAN_POINT('',(102.730866007,-45.66227877,18.390509492));
#5975=CARTESIAN_POINT('',(102.718622988,-45.665513797,18.38718719));
#5976=CARTESIAN_POINT('',(102.706379968,-45.668748824,18.383864889));
#5977=CARTESIAN_POINT('',(102.694136949,-45.671983851,18.380542587));
#5978=CARTESIAN_POINT('',(102.687683422,-45.673689095,18.378791339));
#5979=CARTESIAN_POINT('',(102.681225699,-45.675383924,18.377045419));
#5980=CARTESIAN_POINT('',(102.668301945,-45.678752727,18.373564259));
#5981=CARTESIAN_POINT('',(102.661835914,-45.680426702,18.371829019));
#5982=CARTESIAN_POINT('',(102.655365768,-45.68209024,18.37009913));
#5983=CARTESIAN_POINT('',(102.655020789,-45.682178938,18.370006895));
#5984=CARTESIAN_POINT('',(102.65467581,-45.682267635,18.369914659));
#5985=CARTESIAN_POINT('',(102.65433083,-45.682356333,18.369822424));
#5986=CARTESIAN_POINT('',(102.76415293,-45.664111104,18.42080376));
#5987=CARTESIAN_POINT('',(102.746036916,-45.669022946,18.415989419));
#5988=CARTESIAN_POINT('',(102.727920901,-45.673934789,18.411175079));
#5989=CARTESIAN_POINT('',(102.709804886,-45.678846631,18.406360738));
#5990=CARTESIAN_POINT('',(102.700255592,-45.681435756,18.403823008));
#5991=CARTESIAN_POINT('',(102.69069723,-45.684002578,18.401296681));
#5992=CARTESIAN_POINT('',(102.671562623,-45.68909155,18.396266896));
#5993=CARTESIAN_POINT('',(102.661986378,-45.6916137,18.393763439));
#5994=CARTESIAN_POINT('',(102.652401317,-45.694113481,18.391271451));
#5995=CARTESIAN_POINT('',(102.651890255,-45.694246766,18.391138582));
#5996=CARTESIAN_POINT('',(102.651379193,-45.694380051,18.391005712));
#5997=CARTESIAN_POINT('',(102.65086813,-45.694513336,18.390872843));
#5998=CARTESIAN_POINT('',(102.784397022,-45.665663247,18.440382554));
#5999=CARTESIAN_POINT('',(102.762705003,-45.671638742,18.434676877));
#6000=CARTESIAN_POINT('',(102.741012985,-45.677614236,18.428971201));
#6001=CARTESIAN_POINT('',(102.719320967,-45.68358973,18.423265524));
#6002=CARTESIAN_POINT('',(102.707886694,-45.686739526,18.420257954));
#6003=CARTESIAN_POINT('',(102.696439022,-45.689856583,18.417267114));
#6004=CARTESIAN_POINT('',(102.673517326,-45.6960251,18.41131901));
#6005=CARTESIAN_POINT('',(102.662043304,-45.699076559,18.408361746));
#6006=CARTESIAN_POINT('',(102.650556334,-45.702095158,18.40542133));
#6007=CARTESIAN_POINT('',(102.649943865,-45.702256106,18.405264551));
#6008=CARTESIAN_POINT('',(102.649331395,-45.702417053,18.405107772));
#6009=CARTESIAN_POINT('',(102.648718926,-45.702578001,18.404950993));
#6010=CARTESIAN_POINT('',(102.841363516,-45.670956034,18.497905702));
#6011=CARTESIAN_POINT('',(102.809588934,-45.680021996,18.489728753));
#6012=CARTESIAN_POINT('',(102.777814352,-45.689087958,18.481551805));
#6013=CARTESIAN_POINT('',(102.74603977,-45.69815392,18.473374857));
#6014=CARTESIAN_POINT('',(102.729290787,-45.70293276,18.469064633));
#6015=CARTESIAN_POINT('',(102.712513191,-45.707642819,18.464789521));
#6016=CARTESIAN_POINT('',(102.678902145,-45.716924989,18.456309868));
#6017=CARTESIAN_POINT('',(102.662068695,-45.721497102,18.452105329));
#6018=CARTESIAN_POINT('',(102.645208006,-45.726000055,18.447936248));
#6019=CARTESIAN_POINT('',(102.644309017,-45.726240146,18.447713958));
#6020=CARTESIAN_POINT('',(102.643410029,-45.726480237,18.447491669));
#6021=CARTESIAN_POINT('',(102.64251104,-45.726720329,18.447269379));
#6022=CARTESIAN_POINT('',(102.874870408,-45.675213979,18.534842791));
#6023=CARTESIAN_POINT('',(102.837149655,-45.686224552,18.5252557));
#6024=CARTESIAN_POINT('',(102.799428903,-45.697235124,18.515668609));
#6025=CARTESIAN_POINT('',(102.76170815,-45.708245697,18.506081518));
#6026=CARTESIAN_POINT('',(102.741824828,-45.714049578,18.501027981));
#6027=CARTESIAN_POINT('',(102.72189974,-45.719754178,18.496025091));
#6028=CARTESIAN_POINT('',(102.681968437,-45.730964132,18.486121211));
#6029=CARTESIAN_POINT('',(102.661962223,-45.736469487,18.481220221));
#6030=CARTESIAN_POINT('',(102.641916654,-45.741874887,18.476370481));
#6031=CARTESIAN_POINT('',(102.640847852,-45.742163095,18.4761119));
#6032=CARTESIAN_POINT('',(102.63977905,-45.742451304,18.475853318));
#6033=CARTESIAN_POINT('',(102.638710248,-45.742739512,18.475594737));
#6034=CARTESIAN_POINT('',(102.969711333,-45.688743774,18.64396356));
#6035=CARTESIAN_POINT('',(102.915164656,-45.705476251,18.630440274));
#6036=CARTESIAN_POINT('',(102.860617979,-45.722208728,18.616916987));
#6037=CARTESIAN_POINT('',(102.806071302,-45.738941205,18.603393701));
#6038=CARTESIAN_POINT('',(102.777318717,-45.74776121,18.596265321));
#6039=CARTESIAN_POINT('',(102.748478162,-45.756377534,18.589240713));
#6040=CARTESIAN_POINT('',(102.690628143,-45.773200737,18.575400768));
#6041=CARTESIAN_POINT('',(102.661618679,-45.781407615,18.568585429));
#6042=CARTESIAN_POINT('',(102.632528298,-45.789408774,18.561875563));
#6043=CARTESIAN_POINT('',(102.630977239,-45.789835385,18.561517802));
#6044=CARTESIAN_POINT('',(102.62942618,-45.790261995,18.561160041));
#6045=CARTESIAN_POINT('',(102.627875121,-45.790688606,18.560802281));
#6046=CARTESIAN_POINT('',(103.025031011,-45.698845511,18.71433396));
#6047=CARTESIAN_POINT('',(102.960669045,-45.719231823,18.698598317));
#6048=CARTESIAN_POINT('',(102.89630708,-45.739618136,18.682862674));
#6049=CARTESIAN_POINT('',(102.831945115,-45.760004449,18.667127031));
#6050=CARTESIAN_POINT('',(102.798018706,-45.77075046,18.658832476));
#6051=CARTESIAN_POINT('',(102.763964568,-45.781206068,18.650685768));
#6052=CARTESIAN_POINT('',(102.695612975,-45.80153279,18.634690967));
#6053=CARTESIAN_POINT('',(102.661315519,-45.811403904,18.626842875));
#6054=CARTESIAN_POINT('',(102.626902512,-45.820981025,18.619145502));
#6055=CARTESIAN_POINT('',(102.625067658,-45.821491664,18.618735089));
#6056=CARTESIAN_POINT('',(102.623232804,-45.822002303,18.618324675));
#6057=CARTESIAN_POINT('',(102.62139795,-45.822512941,18.617914262));
#6058=CARTESIAN_POINT('',(103.181858473,-45.729837445,18.922970405));
#6059=CARTESIAN_POINT('',(103.089732184,-45.761123287,18.901059154));
#6060=CARTESIAN_POINT('',(102.997605896,-45.792409129,18.879147902));
#6061=CARTESIAN_POINT('',(102.905479607,-45.823694971,18.857236651));
#6062=CARTESIAN_POINT('',(102.856918098,-45.84018633,18.845686816));
#6063=CARTESIAN_POINT('',(102.808088069,-45.856092187,18.834434699));
#6064=CARTESIAN_POINT('',(102.70992556,-45.886721735,18.812533921));
#6065=CARTESIAN_POINT('',(102.660593081,-45.901445427,18.80188526));
#6066=CARTESIAN_POINT('',(102.611026841,-45.915572856,18.791542136));
#6067=CARTESIAN_POINT('',(102.608384038,-45.916326111,18.790990655));
#6068=CARTESIAN_POINT('',(102.605741234,-45.917079366,18.790439174));
#6069=CARTESIAN_POINT('',(102.603098431,-45.917832621,18.789887693));
#6070=CARTESIAN_POINT('',(103.273626078,-45.751536732,19.058548389));
#6071=CARTESIAN_POINT('',(103.165332526,-45.789986297,19.033169921));
#6072=CARTESIAN_POINT('',(103.057038975,-45.828435863,19.007791454));
#6073=CARTESIAN_POINT('',(102.948745423,-45.866885428,18.982412987));
#6074=CARTESIAN_POINT('',(102.891661844,-45.887152921,18.969035517));
#6075=CARTESIAN_POINT('',(102.834187107,-45.906591404,18.956079319));
#6076=CARTESIAN_POINT('',(102.718514391,-45.943790657,18.931022889));
#6077=CARTESIAN_POINT('',(102.660316415,-45.961551426,18.918922657));
#6078=CARTESIAN_POINT('',(102.601786702,-45.978464293,18.907256707));
#6079=CARTESIAN_POINT('',(102.598665979,-45.979366064,18.906634695));
#6080=CARTESIAN_POINT('',(102.595545255,-45.980267834,18.906012682));
#6081=CARTESIAN_POINT('',(102.592424532,-45.981169605,18.90539067));
#6082=CARTESIAN_POINT('',(103.53534391,-45.815868193,19.462382235));
#6083=CARTESIAN_POINT('',(103.381191837,-45.87611838,19.427241917));
#6084=CARTESIAN_POINT('',(103.227039763,-45.936368567,19.3921016));
#6085=CARTESIAN_POINT('',(103.07288769,-45.996618754,19.356961282));
#6086=CARTESIAN_POINT('',(102.991631217,-46.028377767,19.338438156));
#6087=CARTESIAN_POINT('',(102.909538319,-46.058475192,19.320758834));
#6088=CARTESIAN_POINT('',(102.743847132,-46.115286273,19.287124148));
#6089=CARTESIAN_POINT('',(102.660248855,-46.141999926,19.271168785));
#6090=CARTESIAN_POINT('',(102.575983079,-46.166994677,19.256091905));
#6091=CARTESIAN_POINT('',(102.571490144,-46.168327363,19.255288027));
#6092=CARTESIAN_POINT('',(102.56699721,-46.169660048,19.254484148));
#6093=CARTESIAN_POINT('',(102.562504275,-46.170992734,19.25368027));
#6094=CARTESIAN_POINT('',(103.69049438,-45.857976436,19.727323082));
#6095=CARTESIAN_POINT('',(103.509496928,-45.933132799,19.686595584));
#6096=CARTESIAN_POINT('',(103.328499475,-46.008289161,19.645868087));
#6097=CARTESIAN_POINT('',(103.147502023,-46.083445524,19.60514059));
#6098=CARTESIAN_POINT('',(103.052094843,-46.123061864,19.583672356));
#6099=CARTESIAN_POINT('',(102.955450862,-46.160324553,19.563399273));
#6100=CARTESIAN_POINT('',(102.759975593,-46.230034413,19.525303969));
#6101=CARTESIAN_POINT('',(102.661144328,-46.262481576,19.507481751));
#6102=CARTESIAN_POINT('',(102.561365536,-46.292473455,19.490911889));
#6103=CARTESIAN_POINT('',(102.556045469,-46.29407258,19.490028407));
#6104=CARTESIAN_POINT('',(102.550725402,-46.295671706,19.489144925));
#6105=CARTESIAN_POINT('',(102.545405335,-46.297270831,19.488261443));
#6106=CARTESIAN_POINT('',(104.136561917,-45.977648279,20.521624897));
#6107=CARTESIAN_POINT('',(103.879225768,-46.099131664,20.46454966));
#6108=CARTESIAN_POINT('',(103.621889618,-46.22061505,20.407474422));
#6109=CARTESIAN_POINT('',(103.364553468,-46.342098436,20.350399185));
#6110=CARTESIAN_POINT('',(103.228906717,-46.406134626,20.320313748));
#6111=CARTESIAN_POINT('',(103.090506879,-46.465417411,20.292643755));
#6112=CARTESIAN_POINT('',(102.809028289,-46.574127878,20.242301447));
#6113=CARTESIAN_POINT('',(102.66594969,-46.623555503,20.21962916));
#6114=CARTESIAN_POINT('',(102.520958611,-46.667909312,20.199524959));
#6115=CARTESIAN_POINT('',(102.513227887,-46.670274196,20.198453031));
#6116=CARTESIAN_POINT('',(102.505497164,-46.672639079,20.197381103));
#6117=CARTESIAN_POINT('',(102.49776644,-46.675003963,20.196309175));
#6118=CARTESIAN_POINT('',(104.405843414,-46.048816777,21.049472711));
#6119=CARTESIAN_POINT('',(104.103599096,-46.203248215,20.982146948));
#6120=CARTESIAN_POINT('',(103.801354777,-46.357679652,20.914821184));
#6121=CARTESIAN_POINT('',(103.499110459,-46.512111089,20.847495421));
#6122=CARTESIAN_POINT('',(103.339791763,-46.59351482,20.812006738));
#6123=CARTESIAN_POINT('',(103.176283134,-46.668125268,20.7799731));
#6124=CARTESIAN_POINT('',(102.842324532,-46.803119604,20.723097022));
#6125=CARTESIAN_POINT('',(102.671874902,-46.86350336,20.698254644));
#6126=CARTESIAN_POINT('',(102.498701626,-46.916510937,20.677119479));
#6127=CARTESIAN_POINT('',(102.489468267,-46.919337228,20.675992581));
#6128=CARTESIAN_POINT('',(102.480234907,-46.922163518,20.674865684));
#6129=CARTESIAN_POINT('',(102.471001548,-46.924989809,20.673738786));
#6130=CARTESIAN_POINT('',(104.916980505,-46.177691056,22.115549575));
#6131=CARTESIAN_POINT('',(104.531763956,-46.400276897,22.025239681));
#6132=CARTESIAN_POINT('',(104.146547406,-46.622862738,21.934929787));
#6133=CARTESIAN_POINT('',(103.761330857,-46.845448579,21.844619893));
#6134=CARTESIAN_POINT('',(103.558275929,-46.962777785,21.79701584));
#6135=CARTESIAN_POINT('',(103.347262762,-47.068635448,21.75525764));
#6136=CARTESIAN_POINT('',(102.912647654,-47.255751022,21.684090922));
#6137=CARTESIAN_POINT('',(102.689047451,-47.33700819,21.654682689));
#6138=CARTESIAN_POINT('',(102.46091529,-47.405326235,21.631683232));
#6139=CARTESIAN_POINT('',(102.448751599,-47.408968859,21.630456933));
#6140=CARTESIAN_POINT('',(102.436587908,-47.412611482,21.629230634));
#6141=CARTESIAN_POINT('',(102.424424217,-47.416254106,21.628004334));
#6142=CARTESIAN_POINT('',(105.157074245,-46.235630547,22.653664747));
#6143=CARTESIAN_POINT('',(104.734130137,-46.493401062,22.550668265));
#6144=CARTESIAN_POINT('',(104.311186028,-46.751171576,22.447671784));
#6145=CARTESIAN_POINT('',(103.888241919,-47.008942091,22.344675303));
#6146=CARTESIAN_POINT('',(103.665300081,-47.144817804,22.29038391));
#6147=CARTESIAN_POINT('',(103.432063274,-47.266579677,22.243290775));
#6148=CARTESIAN_POINT('',(102.949610481,-47.479490295,22.164422943));
#6149=CARTESIAN_POINT('',(102.700397465,-47.570637749,22.132648725));
#6150=CARTESIAN_POINT('',(102.44565586,-47.645579103,22.108847757));
#6151=CARTESIAN_POINT('',(102.43207339,-47.649574872,22.107578722));
#6152=CARTESIAN_POINT('',(102.418490921,-47.653570641,22.106309688));
#6153=CARTESIAN_POINT('',(102.404908451,-47.657566411,22.105040653));
#6154=CARTESIAN_POINT('',(105.602509159,-46.348908856,23.741240648));
#6155=CARTESIAN_POINT('',(105.11237586,-46.676518094,23.609306296));
#6156=CARTESIAN_POINT('',(104.62224256,-47.004127333,23.477371944));
#6157=CARTESIAN_POINT('',(104.132109261,-47.331736571,23.345437592));
#6158=CARTESIAN_POINT('',(103.87375073,-47.504425596,23.2758925));
#6159=CARTESIAN_POINT('',(103.599662712,-47.657531944,23.216361018));
#6160=CARTESIAN_POINT('',(103.027826983,-47.920240978,23.119011569));
#6161=CARTESIAN_POINT('',(102.730086882,-48.029840184,23.081194893));
#6162=CARTESIAN_POINT('',(102.424756222,-48.116127017,23.054773871));
#6163=CARTESIAN_POINT('',(102.408476414,-48.120727711,23.053365139));
#6164=CARTESIAN_POINT('',(102.392196606,-48.125328406,23.051956406));
#6165=CARTESIAN_POINT('',(102.375916798,-48.1299291,23.050547674));
#6166=CARTESIAN_POINT('',(105.807445129,-46.404240886,24.29064594));
#6167=CARTESIAN_POINT('',(105.28792834,-46.766504816,24.142464678));
#6168=CARTESIAN_POINT('',(104.768411551,-47.128768745,23.994283417));
#6169=CARTESIAN_POINT('',(104.248894762,-47.491032675,23.846102156));
#6170=CARTESIAN_POINT('',(103.975047638,-47.681988843,23.767993011));
#6171=CARTESIAN_POINT('',(103.682371218,-47.850539503,23.701357964));
#6172=CARTESIAN_POINT('',(103.069065357,-48.137264732,23.593226685));
#6173=CARTESIAN_POINT('',(102.748446987,-48.255434157,23.551732372));
#6174=CARTESIAN_POINT('',(102.419172492,-48.346454265,23.523492543));
#6175=CARTESIAN_POINT('',(102.401616032,-48.351307331,23.521986834));
#6176=CARTESIAN_POINT('',(102.384059572,-48.356160397,23.520481126));
#6177=CARTESIAN_POINT('',(102.366503111,-48.361013463,23.518975417));
#6178=CARTESIAN_POINT('',(106.172422448,-46.527308621,25.391684007));
#6179=CARTESIAN_POINT('',(105.603955965,-46.954987957,25.208467716));
#6180=CARTESIAN_POINT('',(105.035489483,-47.382667294,25.025251424));
#6181=CARTESIAN_POINT('',(104.467023001,-47.81034663,24.842035133));
#6182=CARTESIAN_POINT('',(104.167373568,-48.035784496,24.745458361));
#6183=CARTESIAN_POINT('',(103.842366474,-48.233537553,24.663149181));
#6184=CARTESIAN_POINT('',(103.155408878,-48.565316314,24.530536596));
#6185=CARTESIAN_POINT('',(102.793478916,-48.699332127,24.480237125));
#6186=CARTESIAN_POINT('',(102.420759937,-48.798637854,24.44700581));
#6187=CARTESIAN_POINT('',(102.400887077,-48.803932698,24.445233962));
#6188=CARTESIAN_POINT('',(102.381014217,-48.809227542,24.443462115));
#6189=CARTESIAN_POINT('',(102.361141357,-48.814522386,24.441690267));
#6190=CARTESIAN_POINT('',(106.332272225,-46.595104819,25.943073763));
#6191=CARTESIAN_POINT('',(105.744268017,-47.053531459,25.741110019));
#6192=CARTESIAN_POINT('',(105.156263808,-47.511958098,25.539146274));
#6193=CARTESIAN_POINT('',(104.5682596,-47.970384738,25.33718253));
#6194=CARTESIAN_POINT('',(104.258311462,-48.212030089,25.230723621));
#6195=CARTESIAN_POINT('',(103.919580692,-48.423540335,25.139863848));
#6196=CARTESIAN_POINT('',(103.200479857,-48.776368095,24.993590972));
#6197=CARTESIAN_POINT('',(102.820136363,-48.917672615,24.938183209));
#6198=CARTESIAN_POINT('',(102.427934619,-49.020550223,24.901799072));
#6199=CARTESIAN_POINT('',(102.407022965,-49.026035515,24.89985912));
#6200=CARTESIAN_POINT('',(102.386111311,-49.031520806,24.897919168));
#6201=CARTESIAN_POINT('',(102.365199657,-49.037006098,24.895979217));
#6202=CARTESIAN_POINT('',(106.487649711,-46.69184054,26.574053667));
#6203=CARTESIAN_POINT('',(105.88301731,-47.181389725,26.350418294));
#6204=CARTESIAN_POINT('',(105.278384908,-47.670938909,26.12678292));
#6205=CARTESIAN_POINT('',(104.673752507,-48.160488094,25.903147547));
#6206=CARTESIAN_POINT('',(104.355039334,-48.418538727,25.785265112));
#6207=CARTESIAN_POINT('',(104.003802887,-48.64413084,25.684334311));
#6208=CARTESIAN_POINT('',(103.25449111,-49.018704135,25.521607536));
#6209=CARTESIAN_POINT('',(102.856449779,-49.167668323,25.459818944));
#6210=CARTESIAN_POINT('',(102.445339838,-49.274449093,25.419206489));
#6211=CARTESIAN_POINT('',(102.423420025,-49.280142496,25.417041089));
#6212=CARTESIAN_POINT('',(102.401500212,-49.285835899,25.414875689));
#6213=CARTESIAN_POINT('',(102.379580399,-49.291529302,25.412710289));
#6214=CARTESIAN_POINT('',(106.508206942,-46.705429876,26.659952876));
#6215=CARTESIAN_POINT('',(105.901434657,-47.199127306,26.433363135));
#6216=CARTESIAN_POINT('',(105.294662371,-47.692824737,26.206773395));
#6217=CARTESIAN_POINT('',(104.687890086,-48.186522167,25.980183655));
#6218=CARTESIAN_POINT('',(104.368048939,-48.446759419,25.860743918));
#6219=CARTESIAN_POINT('',(104.015179344,-48.674232225,25.758436255));
#6220=CARTESIAN_POINT('',(103.26189743,-49.05171451,25.593452367));
#6221=CARTESIAN_POINT('',(102.86152013,-49.20170644,25.53078381));
#6222=CARTESIAN_POINT('',(102.447909739,-49.30901441,25.489582495));
#6223=CARTESIAN_POINT('',(102.425856605,-49.314735923,25.487385698));
#6224=CARTESIAN_POINT('',(102.403803472,-49.320457435,25.485188901));
#6225=CARTESIAN_POINT('',(102.381750338,-49.326178948,25.482992104));
#6226=CARTESIAN_POINT('',(106.52812491,-46.719455019,26.745661292));
#6227=CARTESIAN_POINT('',(105.919340122,-47.217196346,26.516124257));
#6228=CARTESIAN_POINT('',(105.310555334,-47.714937673,26.286587222));
#6229=CARTESIAN_POINT('',(104.701770547,-48.212678999,26.057050187));
#6230=CARTESIAN_POINT('',(104.380868573,-48.475047866,25.936056875));
#6231=CARTESIAN_POINT('',(104.026439606,-48.704358082,25.832371717));
#6232=CARTESIAN_POINT('',(103.269342398,-49.084688338,25.665121846));
#6233=CARTESIAN_POINT('',(102.866710197,-49.235690272,25.601565093));
#6234=CARTESIAN_POINT('',(102.450681194,-49.343521066,25.559763486));
#6235=CARTESIAN_POINT('',(102.428499103,-49.349270454,25.557534682));
#6236=CARTESIAN_POINT('',(102.406317013,-49.355019843,25.555305878));
#6237=CARTESIAN_POINT('',(102.384134922,-49.360769232,25.553077074));
#6238=B_SPLINE_SURFACE_WITH_KNOTS('',3,3,((#5926,#5927,#5928,#5929,#5930,#5931,#5932,#5933,#5934,#5935,#5936,#5937),(#5938,#5939,#5940,#5941,#5942,#5943,#5944,#5945,#5946,#5947,#5948,#5949),(#5950,#5951,#5952,#5953,#5954,#5955,#5956,#5957,#5958,#5959,#5960,#5961),(#5962,#5963,#5964,#5965,#5966,#5967,#5968,#5969,#5970,#5971,#5972,#5973),(#5974,#5975,#5976,#5977,#5978,#5979,#5980,#5981,#5982,#5983,#5984,#5985),(#5986,#5987,#5988,#5989,#5990,#5991,#5992,#5993,#5994,#5995,#5996,#5997),(#5998,#5999,#6000,#6001,#6002,#6003,#6004,#6005,#6006,#6007,#6008,#6009),(#6010,#6011,#6012,#6013,#6014,#6015,#6016,#6017,#6018,#6019,#6020,#6021),(#6022,#6023,#6024,#6025,#6026,#6027,#6028,#6029,#6030,#6031,#6032,#6033),(#6034,#6035,#6036,#6037,#6038,#6039,#6040,#6041,#6042,#6043,#6044,#6045),(#6046,#6047,#6048,#6049,#6050,#6051,#6052,#6053,#6054,#6055,#6056,#6057),(#6058,#6059,#6060,#6061,#6062,#6063,#6064,#6065,#6066,#6067,#6068,#6069),(#6070,#6071,#6072,#6073,#6074,#6075,#6076,#6077,#6078,#6079,#6080,#6081),(#6082,#6083,#6084,#6085,#6086,#6087,#6088,#6089,#6090,#6091,#6092,#6093),(#6094,#6095,#6096,#6097,#6098,#6099,#6100,#6101,#6102,#6103,#6104,#6105),(#6106,#6107,#6108,#6109,#6110,#6111,#6112,#6113,#6114,#6115,#6116,#6117),(#6118,#6119,#6120,#6121,#6122,#6123,#6124,#6125,#6126,#6127,#6128,#6129),(#6130,#6131,#6132,#6133,#6134,#6135,#6136,#6137,#6138,#6139,#6140,#6141),(#6142,#6143,#6144,#6145,#6146,#6147,#6148,#6149,#6150,#6151,#6152,#6153),(#6154,#6155,#6156,#6157,#6158,#6159,#6160,#6161,#6162,#6163,#6164,#6165),(#6166,#6167,#6168,#6169,#6170,#6171,#6172,#6173,#6174,#6175,#6176,#6177),(#6178,#6179,#6180,#6181,#6182,#6183,#6184,#6185,#6186,#6187,#6188,#6189),(#6190,#6191,#6192,#6193,#6194,#6195,#6196,#6197,#6198,#6199,#6200,#6201),(#6202,#6203,#6204,#6205,#6206,#6207,#6208,#6209,#6210,#6211,#6212,#6213),(#6214,#6215,#6216,#6217,#6218,#6219,#6220,#6221,#6222,#6223,#6224,#6225),(#6226,#6227,#6228,#6229,#6230,#6231,#6232,#6233,#6234,#6235,#6236,#6237)),.UNSPECIFIED.,.F.,.F.,.U.,(4,2,2,2,2,2,2,2,2,2,2,2,4),(4,3,2,3,4),(-0.000046862,-0.000022449,0.000002014,0.000050939,0.00014879,0.000344493,0.000735897,0.001518706,0.003084323,0.004649941,0.006215558,0.007781176,0.008028445),(-0.948552575,0.,0.5,1.,1.026659308),.UNSPECIFIED.);
#6239=CARTESIAN_POINT('',(104.479936348,-48.167704306,25.559765259));
#6240=CARTESIAN_POINT('',(104.523483343,-48.12778518,25.55976631));
#6241=CARTESIAN_POINT('',(104.567092652,-48.088185145,25.562914518));
#6242=CARTESIAN_POINT('',(104.610719781,-48.048856507,25.569225782));
#6243=B_SPLINE_CURVE_WITH_KNOTS('',3,(#6239,#6240,#6241,#6242),.UNSPECIFIED.,.F.,.F.,(4,4),(0.,0.000176971),.UNSPECIFIED.);
#6244=EDGE_CURVE('',#4333,#5680,#6243,.T.);
#6245=ORIENTED_EDGE('',*,*,#6244,.F.);
#6246=ORIENTED_EDGE('',*,*,#4345,.T.);
#6247=ORIENTED_EDGE('',*,*,#597,.F.);
#6248=ORIENTED_EDGE('',*,*,#573,.F.);
#6249=ORIENTED_EDGE('',*,*,#5720,.F.);
#6250=EDGE_LOOP('',(#6245,#6246,#6247,#6248,#6249));
#6251=FACE_BOUND('',#6250,.T.);
#6252=ADVANCED_FACE('',(#6251),#6238,.T.);
#6253=CARTESIAN_POINT('',(112.466701592,-38.084588695,17.859765259));
#6254=CARTESIAN_POINT('',(113.841591234,-39.301735182,31.759765259));
#6255=CARTESIAN_POINT('',(112.464203485,-38.082386872,17.859765259));
#6256=CARTESIAN_POINT('',(113.841408039,-39.299800308,31.759765259));
#6257=CARTESIAN_POINT('',(112.461705379,-38.080185049,17.859765259));
#6258=CARTESIAN_POINT('',(113.841224845,-39.297865434,31.759765259));
#6259=CARTESIAN_POINT('',(112.459207274,-38.077983226,17.859765259));
#6260=CARTESIAN_POINT('',(113.841041651,-39.29593056,31.759765259));
#6261=CARTESIAN_POINT('',(112.45920565,-38.077981795,17.859765259));
#6262=CARTESIAN_POINT('',(113.841041532,-39.295929303,31.759765259));
#6263=CARTESIAN_POINT('',(112.459204027,-38.077980364,17.859765259));
#6264=CARTESIAN_POINT('',(113.841041413,-39.295928045,31.759765259));
#6265=CARTESIAN_POINT('',(112.459202403,-38.077978933,17.859765259));
#6266=CARTESIAN_POINT('',(113.841041294,-39.295926788,31.759765259));
#6267=B_SPLINE_SURFACE_WITH_KNOTS('',3,1,((#6253,#6254),(#6255,#6256),(#6257,#6258),(#6259,#6260),(#6261,#6262),(#6263,#6264),(#6265,#6266)),.UNSPECIFIED.,.F.,.F.,.U.,(4,3,4),(2,2),(0.994971783,0.999997507,1.000000773),(0.,0.926666667),.UNSPECIFIED.);
#6268=ORIENTED_EDGE('',*,*,#3887,.F.);
#6269=CARTESIAN_POINT('',(113.841302046,-39.298680815,31.759765259));
#6270=CARTESIAN_POINT('',(113.841215128,-39.297762806,31.759765259));
#6271=CARTESIAN_POINT('',(113.841128211,-39.296844797,31.759765259));
#6272=CARTESIAN_POINT('',(113.841041294,-39.295926788,31.759765259));
#6273=B_SPLINE_CURVE_WITH_KNOTS('',3,(#6269,#6270,#6271,#6272),.UNSPECIFIED.,.F.,.F.,(4,4),(0.00002639,0.000029157),.UNSPECIFIED.);
#6274=EDGE_CURVE('',#3839,#5888,#6273,.T.);
#6275=ORIENTED_EDGE('',*,*,#6274,.T.);
#6276=ORIENTED_EDGE('',*,*,#5894,.F.);
#6277=EDGE_LOOP('',(#6268,#6275,#6276));
#6278=FACE_BOUND('',#6277,.T.);
#6279=ADVANCED_FACE('',(#6278),#6267,.F.);
#6280=CARTESIAN_POINT('',(104.398191987,-46.41098937,25.706746288));
#6281=CARTESIAN_POINT('',(104.48072066,-46.617428965,25.702334645));
#6282=CARTESIAN_POINT('',(105.189898795,-48.386120602,25.666652435));
#6283=CARTESIAN_POINT('',(104.646547287,-46.073822929,25.886949657));
#6284=CARTESIAN_POINT('',(104.735658952,-46.27995901,25.881312609));
#6285=CARTESIAN_POINT('',(105.501057109,-48.046088339,25.835017563));
#6286=CARTESIAN_POINT('',(104.894974371,-45.747510712,26.088102021));
#6287=CARTESIAN_POINT('',(104.990598112,-45.953314748,26.081443545));
#6288=CARTESIAN_POINT('',(105.811629723,-47.716638213,26.026291119));
#6289=CARTESIAN_POINT('',(105.142178118,-45.433812942,26.309253831));
#6290=CARTESIAN_POINT('',(105.244209027,-45.639258156,26.301784376));
#6291=CARTESIAN_POINT('',(106.119993565,-47.399546746,26.239584524));
#6292=CARTESIAN_POINT('',(105.614394956,-44.834480206,26.732043482));
#6293=CARTESIAN_POINT('',(105.728660705,-45.039235629,26.723025096));
#6294=CARTESIAN_POINT('',(106.70904403,-46.793688858,26.647379429));
#6295=CARTESIAN_POINT('',(106.082099973,-44.281291199,27.22780869));
#6296=CARTESIAN_POINT('',(106.208219003,-44.485260718,27.218011136));
#6297=CARTESIAN_POINT('',(107.289980439,-46.23305162,27.135533187));
#6298=CARTESIAN_POINT('',(106.536393331,-43.784776784,27.787125231));
#6299=CARTESIAN_POINT('',(106.673759723,-43.987879838,27.77733372));
#6300=CARTESIAN_POINT('',(107.851745916,-45.728313181,27.694766724));
#6301=CARTESIAN_POINT('',(106.990550589,-43.288385061,28.34676507));
#6302=CARTESIAN_POINT('',(107.139158024,-43.490618582,28.336981835));
#6303=CARTESIAN_POINT('',(108.413348066,-45.223661784,28.254356678));
#6304=CARTESIAN_POINT('',(107.431245668,-42.848747245,28.969909075));
#6305=CARTESIAN_POINT('',(107.590488855,-43.050032423,28.96092004));
#6306=CARTESIAN_POINT('',(108.955722493,-44.775002831,28.88498389));
#6307=CARTESIAN_POINT('',(107.850073358,-42.474220936,29.644706206));
#6308=CARTESIAN_POINT('',(108.019144928,-42.674497299,29.63728234));
#6309=CARTESIAN_POINT('',(109.468524812,-44.390869406,29.574653598));
#6310=CARTESIAN_POINT('',(107.967587871,-42.369142808,29.834147156));
#6311=CARTESIAN_POINT('',(108.139416841,-42.569135842,29.827163027));
#6312=CARTESIAN_POINT('',(109.612407952,-44.28309176,29.768274964));
#6313=CARTESIAN_POINT('',(108.083374941,-42.269198165,30.027649985));
#6314=CARTESIAN_POINT('',(108.257897684,-42.468903202,30.021166301));
#6315=CARTESIAN_POINT('',(109.753956073,-44.180402324,29.966540094));
#6316=CARTESIAN_POINT('',(108.197267366,-42.174516462,30.224909696));
#6317=CARTESIAN_POINT('',(108.374416469,-42.373929283,30.218986181));
#6318=CARTESIAN_POINT('',(109.892965663,-44.082934896,30.169134549));
#6319=B_SPLINE_SURFACE_WITH_KNOTS('',3,1,((#6280,#6281,#6282),(#6283,#6284,#6285),(#6286,#6287,#6288),(#6289,#6290,#6291),(#6292,#6293,#6294),(#6295,#6296,#6297),(#6298,#6299,#6300),(#6301,#6302,#6303),(#6304,#6305,#6306),(#6307,#6308,#6309),(#6310,#6311,#6312),(#6313,#6314,#6315),(#6316,#6317,#6318)),.UNSPECIFIED.,.F.,.F.,.U.,(4,3,3,3,4),(2,1,2),(0.119156482,0.25,0.5,0.75,0.820162319),(0.48464512,0.520777917,0.830471614),.UNSPECIFIED.);
#6320=CARTESIAN_POINT('',(104.411301801,-46.393230796,25.716183726));
#6321=VERTEX_POINT('',#6320);
#6322=CARTESIAN_POINT('',(104.411405382,-46.393190836,25.716327106));
#6323=CARTESIAN_POINT('',(104.586792477,-46.856258468,25.701517282));
#6324=CARTESIAN_POINT('',(104.765148891,-47.317789706,25.689599148));
#6325=CARTESIAN_POINT('',(104.946071476,-47.778014798,25.678920576));
#6326=B_SPLINE_CURVE_WITH_KNOTS('',3,(#6322,#6323,#6324,#6325),.UNSPECIFIED.,.F.,.F.,(4,4),(0.015875368,0.017358736),.UNSPECIFIED.);
#6327=EDGE_CURVE('',#6321,#5659,#6326,.T.);
#6328=ORIENTED_EDGE('',*,*,#6327,.T.);
#6329=ORIENTED_EDGE('',*,*,#5677,.T.);
#6330=CARTESIAN_POINT('',(108.89565124,-43.070934951,30.107524811));
#6331=VERTEX_POINT('',#6330);
#6332=CARTESIAN_POINT('',(109.877080354,-44.065057251,30.16965604));
#6333=CARTESIAN_POINT('',(109.550025437,-43.734075331,30.150104183));
#6334=CARTESIAN_POINT('',(109.222887386,-43.402721307,30.129495208));
#6335=CARTESIAN_POINT('',(108.895677891,-43.070915431,30.107652124));
#6336=B_SPLINE_CURVE_WITH_KNOTS('',3,(#6332,#6333,#6334,#6335),.UNSPECIFIED.,.F.,.F.,(4,4),(0.025911793,0.027295664),.UNSPECIFIED.);
#6337=EDGE_CURVE('',#5647,#6331,#6336,.T.);
#6338=ORIENTED_EDGE('',*,*,#6337,.T.);
#6339=CARTESIAN_POINT('',(108.895137777,-43.071330026,30.106717528));
#6340=VERTEX_POINT('',#6339);
#6341=CARTESIAN_POINT('',(108.895137777,-43.071330026,30.106717528));
#6342=CARTESIAN_POINT('',(108.895308944,-43.071198335,30.106986615));
#6343=CARTESIAN_POINT('',(108.895480098,-43.071066643,30.107255709));
#6344=CARTESIAN_POINT('',(108.89565124,-43.070934951,30.107524811));
#6345=B_SPLINE_CURVE_WITH_KNOTS('',3,(#6341,#6342,#6343,#6344),.UNSPECIFIED.,.F.,.F.,(4,4),(0.,0.000001035),.UNSPECIFIED.);
#6346=EDGE_CURVE('',#6340,#6331,#6345,.T.);
#6347=ORIENTED_EDGE('',*,*,#6346,.F.);
#6348=CARTESIAN_POINT('',(104.411301801,-46.393230796,25.716183726));
#6349=CARTESIAN_POINT('',(104.631505201,-46.239938088,25.847054213));
#6350=CARTESIAN_POINT('',(104.849138638,-46.089187594,25.9844327));
#6351=CARTESIAN_POINT('',(105.062686935,-45.938875092,26.128366612));
#6352=CARTESIAN_POINT('',(105.276235232,-45.788562591,26.272300524));
#6353=CARTESIAN_POINT('',(105.485950253,-45.638999227,26.422875572));
#6354=CARTESIAN_POINT('',(105.691312951,-45.489979238,26.580238634));
#6355=CARTESIAN_POINT('',(106.102038347,-45.19193926,26.894964757));
#6356=CARTESIAN_POINT('',(106.49354236,-44.897788829,27.235246335));
#6357=CARTESIAN_POINT('',(106.868898372,-44.613708665,27.602777972));
#6358=CARTESIAN_POINT('',(107.619610395,-44.045548336,28.337841246));
#6359=CARTESIAN_POINT('',(108.302669219,-43.527159176,29.175316835));
#6360=CARTESIAN_POINT('',(108.895137777,-43.071330026,30.106717528));
#6361=B_SPLINE_CURVE_WITH_KNOTS('',3,(#6348,#6349,#6350,#6351,#6352,#6353,#6354,#6355,#6356,#6357,#6358,#6359,#6360),.UNSPECIFIED.,.F.,.F.,(4,3,3,3,4),(0.003699744,0.004595623,0.005491502,0.007283259,0.010866775),.UNSPECIFIED.);
#6362=EDGE_CURVE('',#6321,#6340,#6361,.T.);
#6363=ORIENTED_EDGE('',*,*,#6362,.F.);
#6364=EDGE_LOOP('',(#6328,#6329,#6338,#6347,#6363));
#6365=FACE_BOUND('',#6364,.T.);
#6366=ADVANCED_FACE('',(#6365),#6319,.F.);
#6367=CARTESIAN_POINT('',(105.224758906,-49.791442049,25.659765259));
#6368=CARTESIAN_POINT('',(105.296016222,-49.758372748,25.659765589));
#6369=CARTESIAN_POINT('',(105.367272654,-49.725303859,25.666377926));
#6370=CARTESIAN_POINT('',(105.507790835,-49.660091789,25.692645684));
#6371=CARTESIAN_POINT('',(105.577051043,-49.627949327,25.712299763));
#6372=CARTESIAN_POINT('',(105.644347572,-49.596718139,25.738206952));
#6373=CARTESIAN_POINT('',(105.645693558,-49.59609349,25.738725117));
#6374=CARTESIAN_POINT('',(105.647039543,-49.595468841,25.739243282));
#6375=CARTESIAN_POINT('',(105.648385528,-49.594844192,25.739761447));
#6376=CARTESIAN_POINT('',(104.796771711,-48.869395529,25.659765259));
#6377=CARTESIAN_POINT('',(104.874484646,-48.833835417,25.659765479));
#6378=CARTESIAN_POINT('',(104.952196332,-48.79827588,25.667538269));
#6379=CARTESIAN_POINT('',(105.105100971,-48.728311386,25.698385785));
#6380=CARTESIAN_POINT('',(105.180291692,-48.693907459,25.72145884));
#6381=CARTESIAN_POINT('',(105.253006044,-48.660638617,25.75182218));
#6382=CARTESIAN_POINT('',(105.254460391,-48.659973213,25.752429472));
#6383=CARTESIAN_POINT('',(105.255914737,-48.659307809,25.753036764));
#6384=CARTESIAN_POINT('',(105.257369083,-48.658642405,25.753644055));
#6385=CARTESIAN_POINT('',(104.376763349,-47.943599041,25.659765259));
#6386=CARTESIAN_POINT('',(104.462107884,-47.904981086,25.659765319));
#6387=CARTESIAN_POINT('',(104.547450432,-47.866364034,25.669089471));
#6388=CARTESIAN_POINT('',(104.714830158,-47.790628292,25.70603601));
#6389=CARTESIAN_POINT('',(104.796863701,-47.753511256,25.733656125));
#6390=CARTESIAN_POINT('',(104.87565656,-47.717863183,25.769907192));
#6391=CARTESIAN_POINT('',(104.877232482,-47.717150192,25.770632243));
#6392=CARTESIAN_POINT('',(104.878808403,-47.716437202,25.771357294));
#6393=CARTESIAN_POINT('',(104.880384324,-47.715724211,25.772082344));
#6394=CARTESIAN_POINT('',(103.624326546,-46.269489911,25.659765259));
#6395=CARTESIAN_POINT('',(103.726278863,-46.223876179,25.659765331));
#6396=CARTESIAN_POINT('',(103.828225861,-46.178264829,25.673123757));
#6397=CARTESIAN_POINT('',(104.026395826,-46.089604542,25.72581384));
#6398=CARTESIAN_POINT('',(104.12260893,-46.046560022,25.765140676));
#6399=CARTESIAN_POINT('',(104.21325991,-46.006005408,25.816359009));
#6400=CARTESIAN_POINT('',(104.215073004,-46.005194283,25.817383417));
#6401=CARTESIAN_POINT('',(104.216886097,-46.004383157,25.818407826));
#6402=CARTESIAN_POINT('',(104.218699191,-46.003572032,25.819432234));
#6403=CARTESIAN_POINT('',(103.29070058,-45.521663694,25.659765259));
#6404=CARTESIAN_POINT('',(103.401093568,-45.472384479,25.659765325));
#6405=CARTESIAN_POINT('',(103.511479028,-45.423108621,25.675387927));
#6406=CARTESIAN_POINT('',(103.725063797,-45.327763676,25.736882529));
#6407=CARTESIAN_POINT('',(103.828249087,-45.281700841,25.782748084));
#6408=CARTESIAN_POINT('',(103.924474412,-45.238743893,25.842273718));
#6409=CARTESIAN_POINT('',(103.926398997,-45.237884719,25.843464279));
#6410=CARTESIAN_POINT('',(103.928323582,-45.237025545,25.84465484));
#6411=CARTESIAN_POINT('',(103.930248167,-45.236166371,25.845845401));
#6412=CARTESIAN_POINT('',(102.858807403,-44.555773249,25.659765259));
#6413=CARTESIAN_POINT('',(102.981593971,-44.500846386,25.659765333));
#6414=CARTESIAN_POINT('',(103.104366528,-44.445925789,25.67927385));
#6415=CARTESIAN_POINT('',(103.339814473,-44.34060134,25.755707772));
#6416=CARTESIAN_POINT('',(103.452463835,-44.290209129,25.81262143));
#6417=CARTESIAN_POINT('',(103.555428318,-44.244149234,25.885904181));
#6418=CARTESIAN_POINT('',(103.557487691,-44.243227999,25.887369896));
#6419=CARTESIAN_POINT('',(103.559547065,-44.242306763,25.888835611));
#6420=CARTESIAN_POINT('',(103.561606438,-44.241385528,25.890301325));
#6421=CARTESIAN_POINT('',(102.761117409,-44.337450601,25.659765259));
#6422=CARTESIAN_POINT('',(102.886804993,-44.281186171,25.659765282));
#6423=CARTESIAN_POINT('',(103.012476888,-44.224928761,25.680216425));
#6424=CARTESIAN_POINT('',(103.252997471,-44.117258347,25.76026636));
#6425=CARTESIAN_POINT('',(103.367817004,-44.065858388,25.819852031));
#6426=CARTESIAN_POINT('',(103.472274014,-44.0190967,25.896448591));
#6427=CARTESIAN_POINT('',(103.474363239,-44.018161428,25.897980585));
#6428=CARTESIAN_POINT('',(103.476452464,-44.017226156,25.899512579));
#6429=CARTESIAN_POINT('',(103.47854169,-44.016290884,25.901044572));
#6430=CARTESIAN_POINT('',(102.663305922,-44.119182794,25.659765259));
#6431=CARTESIAN_POINT('',(102.791990169,-44.061518161,25.659765208));
#6432=CARTESIAN_POINT('',(102.920656682,-44.003861471,25.681230408));
#6433=CARTESIAN_POINT('',(103.166357148,-43.893760097,25.765156644));
#6434=CARTESIAN_POINT('',(103.283358153,-43.84133017,25.827602824));
#6435=CARTESIAN_POINT('',(103.389246113,-43.793879568,25.907724495));
#6436=CARTESIAN_POINT('',(103.391363959,-43.792930517,25.909326994));
#6437=CARTESIAN_POINT('',(103.393481804,-43.791981467,25.910929492));
#6438=CARTESIAN_POINT('',(103.39559965,-43.791032416,25.912531991));
#6439=B_SPLINE_SURFACE_WITH_KNOTS('',3,3,((#6367,#6368,#6369,#6370,#6371,#6372,#6373,#6374,#6375),(#6376,#6377,#6378,#6379,#6380,#6381,#6382,#6383,#6384),(#6385,#6386,#6387,#6388,#6389,#6390,#6391,#6392,#6393),(#6394,#6395,#6396,#6397,#6398,#6399,#6400,#6401,#6402),(#6403,#6404,#6405,#6406,#6407,#6408,#6409,#6410,#6411),(#6412,#6413,#6414,#6415,#6416,#6417,#6418,#6419,#6420),(#6421,#6422,#6423,#6424,#6425,#6426,#6427,#6428,#6429),(#6430,#6431,#6432,#6433,#6434,#6435,#6436,#6437,#6438)),.UNSPECIFIED.,.F.,.F.,.U.,(4,2,2,4),(4,2,3,4),(0.012957573,0.01600455,0.018458991,0.019175904),(0.,0.5,0.999959276,1.009958869),.UNSPECIFIED.);
#6440=OFFSET_SURFACE('',#6439,0.1,.F.);
#6441=ORIENTED_EDGE('',*,*,#4354,.F.);
#6442=ORIENTED_EDGE('',*,*,#6244,.T.);
#6443=ORIENTED_EDGE('',*,*,#5686,.T.);
#6444=ORIENTED_EDGE('',*,*,#6327,.F.);
#6445=CARTESIAN_POINT('',(104.408833408,-46.394949744,25.714714973));
#6446=VERTEX_POINT('',#6445);
#6447=CARTESIAN_POINT('',(104.408833408,-46.394949744,25.714714973));
#6448=CARTESIAN_POINT('',(104.409657104,-46.394375781,25.715201893));
#6449=CARTESIAN_POINT('',(104.410480484,-46.393802324,25.715689942));
#6450=CARTESIAN_POINT('',(104.411303558,-46.393229347,25.716179071));
#6451=B_SPLINE_CURVE_WITH_KNOTS('',3,(#6447,#6448,#6449,#6450),.UNSPECIFIED.,.F.,.F.,(4,4),(0.,0.000003347),.UNSPECIFIED.);
#6452=EDGE_CURVE('',#6446,#6321,#6451,.T.);
#6453=ORIENTED_EDGE('',*,*,#6452,.F.);
#6454=CARTESIAN_POINT('',(103.878392832,-46.834215831,25.55976527));
#6455=CARTESIAN_POINT('',(103.963806023,-46.75154752,25.559779948));
#6456=CARTESIAN_POINT('',(104.051953662,-46.672231494,25.572268321));
#6457=CARTESIAN_POINT('',(104.141491922,-46.59819298,25.598078217));
#6458=CARTESIAN_POINT('',(104.231030183,-46.524154466,25.623888114));
#6459=CARTESIAN_POINT('',(104.32112929,-46.456063192,25.662869609));
#6460=CARTESIAN_POINT('',(104.408833408,-46.394949744,25.714714973));
#6461=B_SPLINE_CURVE_WITH_KNOTS('',3,(#6454,#6455,#6456,#6457,#6458,#6459,#6460),.UNSPECIFIED.,.F.,.F.,(4,3,4),(0.00100976,0.001366362,0.001722965),.UNSPECIFIED.);
#6462=EDGE_CURVE('',#4348,#6446,#6461,.T.);
#6463=ORIENTED_EDGE('',*,*,#6462,.F.);
#6464=EDGE_LOOP('',(#6441,#6442,#6443,#6444,#6453,#6463));
#6465=FACE_BOUND('',#6464,.T.);
#6466=ADVANCED_FACE('',(#6465),#6440,.F.);
#6467=CARTESIAN_POINT('',(113.401570135,-42.83246046,31.859765259));
#6468=CARTESIAN_POINT('',(113.39210896,-42.841237125,31.859765259));
#6469=CARTESIAN_POINT('',(113.382647785,-42.85001379,31.859765259));
#6470=CARTESIAN_POINT('',(113.37318661,-42.858790456,31.859765259));
#6471=CARTESIAN_POINT('',(113.373174115,-42.858802047,31.859765259));
#6472=CARTESIAN_POINT('',(113.373161619,-42.858813638,31.859765259));
#6473=CARTESIAN_POINT('',(113.373149124,-42.858825229,31.859765259));
#6474=CARTESIAN_POINT('',(113.373127795,-42.858845014,31.859765259));
#6475=CARTESIAN_POINT('',(113.373106464,-42.858864801,31.859765259));
#6476=CARTESIAN_POINT('',(113.373085134,-42.858884587,31.859765258));
#6477=CARTESIAN_POINT('',(113.136567194,-43.078284505,31.85975904));
#6478=CARTESIAN_POINT('',(112.900058148,-43.297676168,31.824929456));
#6479=CARTESIAN_POINT('',(112.437899341,-43.726385385,31.687216614));
#6480=CARTESIAN_POINT('',(112.212266999,-43.935686776,31.584332115));
#6481=CARTESIAN_POINT('',(111.782282124,-44.334548423,31.315238622));
#6482=CARTESIAN_POINT('',(111.577944885,-44.52409449,31.149039195));
#6483=CARTESIAN_POINT('',(111.199967847,-44.874708955,30.760968592));
#6484=CARTESIAN_POINT('',(111.026341494,-45.035764877,30.539111213));
#6485=CARTESIAN_POINT('',(110.872065731,-45.178869597,30.294526889));
#6486=CARTESIAN_POINT('',(110.872061041,-45.178873947,30.294519453));
#6487=CARTESIAN_POINT('',(110.872056351,-45.178878298,30.294512018));
#6488=CARTESIAN_POINT('',(110.872051661,-45.178882648,30.294504583));
#6489=CARTESIAN_POINT('',(110.87204697,-45.178886999,30.294497147));
#6490=CARTESIAN_POINT('',(110.87204228,-45.178891349,30.294489711));
#6491=CARTESIAN_POINT('',(110.87203759,-45.1788957,30.294482275));
#6492=CARTESIAN_POINT('',(110.865805059,-45.184677068,30.284600569));
#6493=CARTESIAN_POINT('',(110.859572527,-45.190458436,30.274718863));
#6494=CARTESIAN_POINT('',(110.853339996,-45.196239804,30.264837158));
#6495=CARTESIAN_POINT('',(112.704411371,-42.080081762,31.859765259));
#6496=CARTESIAN_POINT('',(112.694801789,-42.088957617,31.859765259));
#6497=CARTESIAN_POINT('',(112.685192207,-42.097833473,31.859765259));
#6498=CARTESIAN_POINT('',(112.675582626,-42.106709328,31.859765259));
#6499=CARTESIAN_POINT('',(112.675569935,-42.10672105,31.859765259));
#6500=CARTESIAN_POINT('',(112.675557245,-42.106732773,31.859765259));
#6501=CARTESIAN_POINT('',(112.675544554,-42.106744495,31.859765259));
#6502=CARTESIAN_POINT('',(112.675522891,-42.106764504,31.859765259));
#6503=CARTESIAN_POINT('',(112.675501228,-42.106784516,31.859765259));
#6504=CARTESIAN_POINT('',(112.675479565,-42.106804526,31.859765258));
#6505=CARTESIAN_POINT('',(112.43526726,-42.328689991,31.859758898));
#6506=CARTESIAN_POINT('',(112.19506446,-42.550566674,31.823975822));
#6507=CARTESIAN_POINT('',(111.725983002,-42.983857952,31.682536261));
#6508=CARTESIAN_POINT('',(111.497122948,-43.195255355,31.576878771));
#6509=CARTESIAN_POINT('',(111.061579277,-43.597562024,31.300675647));
#6510=CARTESIAN_POINT('',(110.854911985,-43.788456203,31.130140354));
#6511=CARTESIAN_POINT('',(110.47353487,-44.140720285,30.732241971));
#6512=CARTESIAN_POINT('',(110.298839347,-44.302076973,30.50489378));
#6513=CARTESIAN_POINT('',(110.144257875,-44.444851299,30.254505912));
#6514=CARTESIAN_POINT('',(110.144253176,-44.44485564,30.254498299));
#6515=CARTESIAN_POINT('',(110.144248476,-44.44485998,30.254490688));
#6516=CARTESIAN_POINT('',(110.144243777,-44.444864321,30.254483076));
#6517=CARTESIAN_POINT('',(110.144239077,-44.444868661,30.254475464));
#6518=CARTESIAN_POINT('',(110.144234378,-44.444873002,30.254467852));
#6519=CARTESIAN_POINT('',(110.144229678,-44.444877342,30.25446024));
#6520=CARTESIAN_POINT('',(110.137984523,-44.450645421,30.244344654));
#6521=CARTESIAN_POINT('',(110.131739368,-44.4564135,30.234229068));
#6522=CARTESIAN_POINT('',(110.125494213,-44.462181579,30.224113482));
#6523=CARTESIAN_POINT('',(112.009762128,-41.32539823,31.859765259));
#6524=CARTESIAN_POINT('',(111.999988997,-41.334381604,31.859765259));
#6525=CARTESIAN_POINT('',(111.990215865,-41.343364978,31.859765259));
#6526=CARTESIAN_POINT('',(111.980442734,-41.352348352,31.859765259));
#6527=CARTESIAN_POINT('',(111.980429827,-41.352360216,31.859765259));
#6528=CARTESIAN_POINT('',(111.980416921,-41.352372079,31.859765259));
#6529=CARTESIAN_POINT('',(111.980404014,-41.352383943,31.859765259));
#6530=CARTESIAN_POINT('',(111.980381983,-41.352404194,31.859765259));
#6531=CARTESIAN_POINT('',(111.980359951,-41.352424445,31.859765259));
#6532=CARTESIAN_POINT('',(111.980337919,-41.352444696,31.859765258));
#6533=CARTESIAN_POINT('',(111.736037448,-41.577001881,31.859758735));
#6534=CARTESIAN_POINT('',(111.491747205,-41.801549661,31.822910579));
#6535=CARTESIAN_POINT('',(111.015023056,-42.239744928,31.677311992));
#6536=CARTESIAN_POINT('',(110.782609159,-42.453374016,31.568560855));
#6537=CARTESIAN_POINT('',(110.340982793,-42.859301744,31.284438638));
#6538=CARTESIAN_POINT('',(110.13178787,-43.051584251,31.109078835));
#6539=CARTESIAN_POINT('',(109.746792124,-43.405448356,30.700271549));
#6540=CARTESIAN_POINT('',(109.571006604,-43.567015885,30.466840292));
#6541=CARTESIAN_POINT('',(109.416202107,-43.709294739,30.210045634));
#6542=CARTESIAN_POINT('',(109.4161974,-43.709299064,30.210037827));
#6543=CARTESIAN_POINT('',(109.416192694,-43.70930339,30.21003002));
#6544=CARTESIAN_POINT('',(109.416187988,-43.709307715,30.210022214));
#6545=CARTESIAN_POINT('',(109.416183282,-43.709312041,30.210014407));
#6546=CARTESIAN_POINT('',(109.416178576,-43.709316366,30.2100066));
#6547=CARTESIAN_POINT('',(109.41617387,-43.709320692,30.209998793));
#6548=CARTESIAN_POINT('',(109.409920077,-43.715068838,30.199624079));
#6549=CARTESIAN_POINT('',(109.403666284,-43.720816984,30.189249366));
#6550=CARTESIAN_POINT('',(109.397412491,-43.72656513,30.178874652));
#6551=CARTESIAN_POINT('',(110.605148606,-39.786335675,31.859765259));
#6552=CARTESIAN_POINT('',(110.595000669,-39.795553776,31.859765259));
#6553=CARTESIAN_POINT('',(110.584852731,-39.804771877,31.859765259));
#6554=CARTESIAN_POINT('',(110.574704794,-39.813989978,31.859765259));
#6555=CARTESIAN_POINT('',(110.574691392,-39.814002152,31.859765259));
#6556=CARTESIAN_POINT('',(110.57467799,-39.814014327,31.859765259));
#6557=CARTESIAN_POINT('',(110.574664588,-39.814026502,31.859765259));
#6558=CARTESIAN_POINT('',(110.574641711,-39.814047284,31.859765259));
#6559=CARTESIAN_POINT('',(110.574618834,-39.814068067,31.859765259));
#6560=CARTESIAN_POINT('',(110.574595956,-39.81408885,31.859765258));
#6561=CARTESIAN_POINT('',(110.320919466,-40.044538189,31.859758294));
#6562=CARTESIAN_POINT('',(110.067255022,-40.274976581,31.820439861));
#6563=CARTESIAN_POINT('',(109.573056152,-40.723923375,31.66520693));
#6564=CARTESIAN_POINT('',(109.332545253,-40.942410396,31.549292535));
#6565=CARTESIAN_POINT('',(108.877173139,-41.356079136,31.246872626));
#6566=CARTESIAN_POINT('',(108.662332512,-41.551242146,31.060380772));
#6567=CARTESIAN_POINT('',(108.269464909,-41.908119544,30.626483208));
#6568=CARTESIAN_POINT('',(108.091455702,-42.069817786,30.379097098));
#6569=CARTESIAN_POINT('',(107.936480079,-42.210588117,30.107674442));
#6570=CARTESIAN_POINT('',(107.936475367,-42.210592397,30.10766619));
#6571=CARTESIAN_POINT('',(107.936470656,-42.210596676,30.107657939));
#6572=CARTESIAN_POINT('',(107.936465945,-42.210600955,30.107649687));
#6573=CARTESIAN_POINT('',(107.936461233,-42.210605235,30.107641436));
#6574=CARTESIAN_POINT('',(107.936456522,-42.210609514,30.107633184));
#6575=CARTESIAN_POINT('',(107.93645181,-42.210613794,30.107624933));
#6576=CARTESIAN_POINT('',(107.930190708,-42.216300812,30.096659534));
#6577=CARTESIAN_POINT('',(107.923929607,-42.221987829,30.085694134));
#6578=CARTESIAN_POINT('',(107.917668505,-42.227674847,30.074728735));
#6579=CARTESIAN_POINT('',(109.895456812,-39.001720799,31.859765259));
#6580=CARTESIAN_POINT('',(109.885095346,-39.011069138,31.859765259));
#6581=CARTESIAN_POINT('',(109.874733879,-39.020417476,31.859765259));
#6582=CARTESIAN_POINT('',(109.864372413,-39.029765815,31.859765259));
#6583=CARTESIAN_POINT('',(109.864358729,-39.029778161,31.859765259));
#6584=CARTESIAN_POINT('',(109.864345046,-39.029790507,31.859765259));
#6585=CARTESIAN_POINT('',(109.864331362,-39.029802853,31.859765259));
#6586=CARTESIAN_POINT('',(109.864308004,-39.029823927,31.859765259));
#6587=CARTESIAN_POINT('',(109.864284646,-39.029845002,31.859765259));
#6588=CARTESIAN_POINT('',(109.864261288,-39.029866077,31.859765258));
#6589=CARTESIAN_POINT('',(109.60525241,-39.263553532,31.859757912));
#6590=CARTESIAN_POINT('',(109.346256701,-39.497229099,31.819021353));
#6591=CARTESIAN_POINT('',(108.842145085,-39.952052801,31.658263368));
#6592=CARTESIAN_POINT('',(108.597054848,-40.173177761,31.538242566));
#6593=CARTESIAN_POINT('',(108.133963083,-40.590978624,31.22535177));
#6594=CARTESIAN_POINT('',(107.915983989,-40.787634271,31.032496908));
#6595=CARTESIAN_POINT('',(107.518843897,-41.145910737,30.584296437));
#6596=CARTESIAN_POINT('',(107.339702152,-41.307514175,30.328972508));
#6597=CARTESIAN_POINT('',(107.184792067,-41.447248201,30.049262434));
#6598=CARTESIAN_POINT('',(107.184787357,-41.447252449,30.04925393));
#6599=CARTESIAN_POINT('',(107.184782648,-41.447256697,30.049245427));
#6600=CARTESIAN_POINT('',(107.184777939,-41.447260945,30.049236923));
#6601=CARTESIAN_POINT('',(107.184773229,-41.447265193,30.04922842));
#6602=CARTESIAN_POINT('',(107.18476852,-41.447269441,30.049219917));
#6603=CARTESIAN_POINT('',(107.18476381,-41.447273689,30.049211413));
#6604=CARTESIAN_POINT('',(107.178505366,-41.452918846,30.037911131));
#6605=CARTESIAN_POINT('',(107.172246923,-41.458564004,30.02661085));
#6606=CARTESIAN_POINT('',(107.165988479,-41.464209161,30.015310568));
#6607=CARTESIAN_POINT('',(108.768784047,-37.740026315,31.859765259));
#6608=CARTESIAN_POINT('',(108.758022782,-37.749602569,31.859765259));
#6609=CARTESIAN_POINT('',(108.747261516,-37.759178824,31.859765259));
#6610=CARTESIAN_POINT('',(108.73650025,-37.768755078,31.859765259));
#6611=CARTESIAN_POINT('',(108.736486038,-37.768767725,31.859765259));
#6612=CARTESIAN_POINT('',(108.736471827,-37.768780372,31.859765259));
#6613=CARTESIAN_POINT('',(108.736457615,-37.768793019,31.859765259));
#6614=CARTESIAN_POINT('',(108.736433356,-37.768814607,31.859765259));
#6615=CARTESIAN_POINT('',(108.736409096,-37.768836196,31.859765259));
#6616=CARTESIAN_POINT('',(108.736384837,-37.768857785,31.859765258));
#6617=CARTESIAN_POINT('',(108.467383305,-38.008245759,31.859757426));
#6618=CARTESIAN_POINT('',(108.198397297,-38.247619916,31.816326833));
#6619=CARTESIAN_POINT('',(107.675794689,-38.712689218,31.645091994));
#6620=CARTESIAN_POINT('',(107.422208297,-38.938357476,31.517289577));
#6621=CARTESIAN_POINT('',(106.944974368,-39.363048038,31.184621135));
#6622=CARTESIAN_POINT('',(106.721353152,-39.562046914,30.979773447));
#6623=CARTESIAN_POINT('',(106.316876907,-39.921982435,30.504750016));
#6624=CARTESIAN_POINT('',(106.136044191,-40.082899221,30.234600457));
#6625=CARTESIAN_POINT('',(105.981782754,-40.220167562,29.939527437));
#6626=CARTESIAN_POINT('',(105.981778064,-40.220171735,29.939518466));
#6627=CARTESIAN_POINT('',(105.981773375,-40.220175908,29.939509496));
#6628=CARTESIAN_POINT('',(105.981768685,-40.220180081,29.939500526));
#6629=CARTESIAN_POINT('',(105.981763995,-40.220184254,29.939491555));
#6630=CARTESIAN_POINT('',(105.981759306,-40.220188428,29.939482585));
#6631=CARTESIAN_POINT('',(105.981754616,-40.220192601,29.939473614));
#6632=CARTESIAN_POINT('',(105.97552275,-40.225738756,29.927552737));
#6633=CARTESIAN_POINT('',(105.969290885,-40.23128491,29.91563186));
#6634=CARTESIAN_POINT('',(105.963059019,-40.236831065,29.903710984));
#6635=CARTESIAN_POINT('',(108.348513107,-37.265804659,31.859765259));
#6636=CARTESIAN_POINT('',(108.337589801,-37.275471019,31.859765259));
#6637=CARTESIAN_POINT('',(108.326666496,-37.28513738,31.859765259));
#6638=CARTESIAN_POINT('',(108.31574319,-37.294803741,31.859765259));
#6639=CARTESIAN_POINT('',(108.315728764,-37.294816507,31.859765259));
#6640=CARTESIAN_POINT('',(108.315714338,-37.294829273,31.859765259));
#6641=CARTESIAN_POINT('',(108.315699912,-37.294842039,31.859765259));
#6642=CARTESIAN_POINT('',(108.315675288,-37.29486383,31.859765259));
#6643=CARTESIAN_POINT('',(108.315650661,-37.294885622,31.859765259));
#6644=CARTESIAN_POINT('',(108.315626036,-37.294907414,31.859765258));
#6645=CARTESIAN_POINT('',(108.042563865,-37.536546808,31.859757227));
#6646=CARTESIAN_POINT('',(107.769518225,-37.778171566,31.815225275));
#6647=CARTESIAN_POINT('',(107.239416432,-38.247268207,31.639710682));
#6648=CARTESIAN_POINT('',(106.982392422,-38.474711632,31.5087304));
#6649=CARTESIAN_POINT('',(106.499468337,-38.902049798,31.167996187));
#6650=CARTESIAN_POINT('',(106.273596233,-39.101919775,30.958261972));
#6651=CARTESIAN_POINT('',(105.866256398,-39.462356718,30.472332615));
#6652=CARTESIAN_POINT('',(105.68481227,-39.622902788,30.196165592));
#6653=CARTESIAN_POINT('',(105.530907028,-39.759074277,29.894877185));
#6654=CARTESIAN_POINT('',(105.530902349,-39.759078417,29.894868025));
#6655=CARTESIAN_POINT('',(105.53089767,-39.759082557,29.894858866));
#6656=CARTESIAN_POINT('',(105.530892991,-39.759086697,29.894849706));
#6657=CARTESIAN_POINT('',(105.530888312,-39.759090836,29.894840547));
#6658=CARTESIAN_POINT('',(105.530883634,-39.759094976,29.894831388));
#6659=CARTESIAN_POINT('',(105.530878955,-39.759099116,29.894822228));
#6660=CARTESIAN_POINT('',(105.524661707,-39.764600752,29.88265019));
#6661=CARTESIAN_POINT('',(105.518444459,-39.770102389,29.870478151));
#6662=CARTESIAN_POINT('',(105.512227212,-39.775604025,29.858306113));
#6663=CARTESIAN_POINT('',(107.93063131,-36.789491811,31.859765259));
#6664=CARTESIAN_POINT('',(107.91952552,-36.799254336,31.859765259));
#6665=CARTESIAN_POINT('',(107.90841973,-36.80901686,31.859765259));
#6666=CARTESIAN_POINT('',(107.89731394,-36.818779385,31.859765259));
#6667=CARTESIAN_POINT('',(107.897299273,-36.818792278,31.859765259));
#6668=CARTESIAN_POINT('',(107.897284607,-36.81880517,31.859765259));
#6669=CARTESIAN_POINT('',(107.897269941,-36.818818063,31.859765259));
#6670=CARTESIAN_POINT('',(107.897244907,-36.818840071,31.859765259));
#6671=CARTESIAN_POINT('',(107.89721987,-36.818862079,31.859765259));
#6672=CARTESIAN_POINT('',(107.897194835,-36.818884086,31.859765258));
#6673=CARTESIAN_POINT('',(107.619587879,-37.062919491,31.859757003));
#6674=CARTESIAN_POINT('',(107.341998685,-37.30693928,31.813981242));
#6675=CARTESIAN_POINT('',(106.803533093,-37.780286601,31.633640359));
#6676=CARTESIAN_POINT('',(106.542691198,-38.009583798,31.49907828));
#6677=CARTESIAN_POINT('',(106.053510361,-38.439604821,31.149276178));
#6678=CARTESIAN_POINT('',(105.825201393,-38.640302296,30.934057587));
#6679=CARTESIAN_POINT('',(105.414885773,-39.000992971,30.435936084));
#6680=CARTESIAN_POINT('',(105.232904265,-39.160964068,30.153063691));
#6681=CARTESIAN_POINT('',(105.079575025,-39.295747128,29.844890669));
#6682=CARTESIAN_POINT('',(105.079570363,-39.295751226,29.8448813));
#6683=CARTESIAN_POINT('',(105.079565702,-39.295755323,29.844871931));
#6684=CARTESIAN_POINT('',(105.079561041,-39.29575942,29.844862563));
#6685=CARTESIAN_POINT('',(105.079556379,-39.295763518,29.844853194));
#6686=CARTESIAN_POINT('',(105.079551718,-39.295767615,29.844843825));
#6687=CARTESIAN_POINT('',(105.079547057,-39.295771713,29.844834456));
#6688=CARTESIAN_POINT('',(105.073353065,-39.301216871,29.832384014));
#6689=CARTESIAN_POINT('',(105.067159073,-39.30666203,29.819933571));
#6690=CARTESIAN_POINT('',(105.060965081,-39.312107188,29.807483129));
#6691=B_SPLINE_SURFACE_WITH_KNOTS('',3,3,((#6467,#6468,#6469,#6470,#6471,#6472,#6473,#6474,#6475,#6476,#6477,#6478,#6479,#6480,#6481,#6482,#6483,#6484,#6485,#6486,#6487,#6488,#6489,#6490,#6491,#6492,
#6493,#6494),(#6495,#6496,#6497,#6498,#6499,#6500,#6501,#6502,#6503,#6504,#6505,#6506,#6507,#6508,#6509,#6510,#6511,#6512,#6513,#6514,#6515,#6516,#6517,#6518,#6519,#6520,
#6521,#6522),(#6523,#6524,#6525,#6526,#6527,#6528,#6529,#6530,#6531,#6532,#6533,#6534,#6535,#6536,#6537,#6538,#6539,#6540,#6541,#6542,#6543,#6544,#6545,#6546,#6547,#6548,
#6549,#6550),(#6551,#6552,#6553,#6554,#6555,#6556,#6557,#6558,#6559,#6560,#6561,#6562,#6563,#6564,#6565,#6566,#6567,#6568,#6569,#6570,#6571,#6572,#6573,#6574,#6575,#6576,
#6577,#6578),(#6579,#6580,#6581,#6582,#6583,#6584,#6585,#6586,#6587,#6588,#6589,#6590,#6591,#6592,#6593,#6594,#6595,#6596,#6597,#6598,#6599,#6600,#6601,#6602,#6603,#6604,
#6605,#6606),(#6607,#6608,#6609,#6610,#6611,#6612,#6613,#6614,#6615,#6616,#6617,#6618,#6619,#6620,#6621,#6622,#6623,#6624,#6625,#6626,#6627,#6628,#6629,#6630,#6631,#6632,
#6633,#6634),(#6635,#6636,#6637,#6638,#6639,#6640,#6641,#6642,#6643,#6644,#6645,#6646,#6647,#6648,#6649,#6650,#6651,#6652,#6653,#6654,#6655,#6656,#6657,#6658,#6659,#6660,
#6661,#6662),(#6663,#6664,#6665,#6666,#6667,#6668,#6669,#6670,#6671,#6672,#6673,#6674,#6675,#6676,#6677,#6678,#6679,#6680,#6681,#6682,#6683,#6684,#6685,#6686,#6687,#6688,
#6689,#6690)),.UNSPECIFIED.,.F.,.F.,.U.,(4,2,2,4),(4,3,3,3,2,2,2,3,3,3,4),(0.024429806,0.027507191,0.03068144,0.032582827),(-0.010013491,-0.000013207,0.,0.000022544,0.25,0.5,0.75,1.,1.000007601,1.000015201,1.010115488),.UNSPECIFIED.);
#6692=OFFSET_SURFACE('',#6691,-0.1,.F.);
#6693=CARTESIAN_POINT('',(109.814784423,-42.199399238,31.187359921));
#6694=VERTEX_POINT('',#6693);
#6695=CARTESIAN_POINT('',(109.814784423,-42.199399238,31.187359921));
#6696=CARTESIAN_POINT('',(109.651432884,-42.379551768,31.05005869));
#6697=CARTESIAN_POINT('',(109.491157781,-42.54442198,30.889551367));
#6698=CARTESIAN_POINT('',(109.336725879,-42.690820068,30.708138495));
#6699=CARTESIAN_POINT('',(109.182293976,-42.837218155,30.526725622));
#6700=CARTESIAN_POINT('',(109.034213973,-42.964311849,30.325402492));
#6701=CARTESIAN_POINT('',(108.895649345,-43.070936445,30.107526861));
#6702=B_SPLINE_CURVE_WITH_KNOTS('',3,(#6695,#6696,#6697,#6698,#6699,#6700,#6701),.UNSPECIFIED.,.F.,.F.,(4,3,4),(0.002064579,0.002902647,0.003740714),.UNSPECIFIED.);
#6703=EDGE_CURVE('',#6694,#6331,#6702,.T.);
#6704=ORIENTED_EDGE('',*,*,#6703,.T.);
#6705=ORIENTED_EDGE('',*,*,#6337,.F.);
#6706=ORIENTED_EDGE('',*,*,#5656,.F.);
#6707=ORIENTED_EDGE('',*,*,#5919,.T.);
#6708=CARTESIAN_POINT('',(111.311115889,-40.619974378,31.759765259));
#6709=VERTEX_POINT('',#6708);
#6710=CARTESIAN_POINT('',(111.311115834,-40.619974318,31.759765259));
#6711=CARTESIAN_POINT('',(111.625528487,-40.963995839,31.759765259));
#6712=CARTESIAN_POINT('',(111.94061838,-41.307399777,31.759765259));
#6713=CARTESIAN_POINT('',(112.256296914,-41.650263308,31.759765259));
#6714=B_SPLINE_CURVE_WITH_KNOTS('',3,(#6710,#6711,#6712,#6713),.UNSPECIFIED.,.F.,.F.,(4,4),(0.029756946,0.031155096),.UNSPECIFIED.);
#6715=EDGE_CURVE('',#6709,#5897,#6714,.T.);
#6716=ORIENTED_EDGE('',*,*,#6715,.F.);
#6717=CARTESIAN_POINT('',(109.814784423,-42.199399238,31.187359921));
#6718=CARTESIAN_POINT('',(109.942247334,-42.093952101,31.281051921));
#6719=CARTESIAN_POINT('',(110.070902168,-41.980114928,31.364195536));
#6720=CARTESIAN_POINT('',(110.198353205,-41.859788667,31.435466125));
#6721=CARTESIAN_POINT('',(110.325804243,-41.739462406,31.506736714));
#6722=CARTESIAN_POINT('',(110.452686047,-41.612225814,31.566645793));
#6723=CARTESIAN_POINT('',(110.579202817,-41.478191312,31.61501314));
#6724=CARTESIAN_POINT('',(110.705719587,-41.344156809,31.663380487));
#6725=CARTESIAN_POINT('',(110.830083978,-41.205269541,31.699460309));
#6726=CARTESIAN_POINT('',(110.952406634,-41.061767532,31.72358755));
#6727=CARTESIAN_POINT('',(111.07472929,-40.918265523,31.747714791));
#6728=CARTESIAN_POINT('',(111.194661424,-40.770313028,31.759764671));
#6729=CARTESIAN_POINT('',(111.311115889,-40.619974378,31.759765259));
#6730=B_SPLINE_CURVE_WITH_KNOTS('',3,(#6717,#6718,#6719,#6720,#6721,#6722,#6723,#6724,#6725,#6726,#6727,#6728,#6729),.UNSPECIFIED.,.F.,.F.,(4,3,3,3,4),(0.009299637,0.009870137,0.010440638,0.011011139,0.01158164),.UNSPECIFIED.);
#6731=EDGE_CURVE('',#6694,#6709,#6730,.T.);
#6732=ORIENTED_EDGE('',*,*,#6731,.F.);
#6733=EDGE_LOOP('',(#6704,#6705,#6706,#6707,#6716,#6732));
#6734=FACE_BOUND('',#6733,.T.);
#6735=ADVANCED_FACE('',(#6734),#6692,.T.);
#6736=CARTESIAN_POINT('',(115.170251313,-22.451369543,27.859765259));
#6737=DIRECTION('',(1.,0.,0.));
#6738=DIRECTION('',(0.,0.,-1.));
#6739=AXIS2_PLACEMENT_3D('',#6736,#6737,#6738);
#6740=CYLINDRICAL_SURFACE('',#6739,3.9);
#6741=ORIENTED_EDGE('',*,*,#3486,.F.);
#6742=ORIENTED_EDGE('',*,*,#4663,.T.);
#6743=CARTESIAN_POINT('',(119.137423189,-22.451369543,31.759765259));
#6744=DIRECTION('',(-1.,0.,0.));
#6745=VECTOR('',#6744,1.095741056);
#6746=LINE('',#6743,#6745);
#6747=EDGE_CURVE('',#3800,#4620,#6746,.T.);
#6748=ORIENTED_EDGE('',*,*,#6747,.F.);
#6749=ORIENTED_EDGE('',*,*,#3836,.T.);
#6750=ORIENTED_EDGE('',*,*,#4757,.F.);
#6751=EDGE_LOOP('',(#6741,#6742,#6748,#6749,#6750));
#6752=FACE_BOUND('',#6751,.T.);
#6753=ADVANCED_FACE('',(#6752),#6740,.T.);
#6754=CARTESIAN_POINT('',(109.322612996,-42.734418893,29.66680612));
#6755=CARTESIAN_POINT('',(109.314809576,-42.740423254,29.654624792));
#6756=CARTESIAN_POINT('',(109.306659066,-42.746670521,29.641872054));
#6757=CARTESIAN_POINT('',(109.293882401,-42.75645608,29.621919027));
#6758=CARTESIAN_POINT('',(109.28953156,-42.759787095,29.615130786));
#6759=CARTESIAN_POINT('',(109.282862203,-42.764894286,29.604747521));
#6760=CARTESIAN_POINT('',(109.28061523,-42.766615126,29.60125295));
#6761=CARTESIAN_POINT('',(109.276072588,-42.770094915,29.59419774));
#6762=CARTESIAN_POINT('',(109.27371596,-42.771900609,29.590542814));
#6763=CARTESIAN_POINT('',(109.269012857,-42.77550533,29.583260086));
#6764=CARTESIAN_POINT('',(109.266695781,-42.777281284,29.579675832));
#6765=CARTESIAN_POINT('',(109.261931311,-42.780932947,29.572312233));
#6766=CARTESIAN_POINT('',(109.259547789,-42.782759728,29.568631918));
#6767=CARTESIAN_POINT('',(109.252393366,-42.788242917,29.557595423));
#6768=CARTESIAN_POINT('',(109.247618605,-42.791902172,29.550243694));
#6769=CARTESIAN_POINT('',(109.233278899,-42.8028913,29.528206307));
#6770=CARTESIAN_POINT('',(109.223698531,-42.81023254,29.513538447));
#6771=CARTESIAN_POINT('',(109.194895823,-42.832301573,29.469606008));
#6772=CARTESIAN_POINT('',(109.175611874,-42.847074671,29.440412571));
#6773=CARTESIAN_POINT('',(109.117514323,-42.891573998,29.353116413));
#6774=CARTESIAN_POINT('',(109.078454999,-42.921480236,29.295297847));
#6775=CARTESIAN_POINT('',(108.9602999,-43.01190927,29.122975298));
#6776=CARTESIAN_POINT('',(108.880226958,-43.073142345,29.009604526));
#6777=CARTESIAN_POINT('',(108.636145656,-43.259604295,28.673995045));
#6778=CARTESIAN_POINT('',(108.468298319,-43.387577811,28.456288971));
#6779=CARTESIAN_POINT('',(108.122457086,-43.650544806,28.03258786));
#6780=CARTESIAN_POINT('',(107.944375346,-43.785656517,27.826517194));
#6781=CARTESIAN_POINT('',(107.580399331,-44.061774494,27.428035234));
#6782=CARTESIAN_POINT('',(107.394371955,-44.203026525,27.235372815));
#6783=CARTESIAN_POINT('',(107.013899465,-44.490973332,26.863016292));
#6784=CARTESIAN_POINT('',(106.819476648,-44.637601201,26.683350942));
#6785=CARTESIAN_POINT('',(106.421480636,-44.934637188,26.336740613));
#6786=CARTESIAN_POINT('',(106.218471586,-45.084583244,26.170312869));
#6787=CARTESIAN_POINT('',(105.80459818,-45.385446004,25.851212814));
#6788=CARTESIAN_POINT('',(105.593491251,-45.536343702,25.6984105));
#6789=CARTESIAN_POINT('',(105.271128035,-45.763701741,25.479024696));
#6790=CARTESIAN_POINT('',(105.162734095,-45.839686217,25.407523426));
#6791=CARTESIAN_POINT('',(104.998845444,-45.954103117,25.302677466));
#6792=CARTESIAN_POINT('',(104.944000453,-45.992314808,25.268130391));
#6793=CARTESIAN_POINT('',(104.861425691,-46.049757909,25.216909022));
#6794=CARTESIAN_POINT('',(104.833849555,-46.068926534,25.199935106));
#6795=CARTESIAN_POINT('',(104.792410502,-46.097712907,25.174623648));
#6796=CARTESIAN_POINT('',(104.778585009,-46.107313936,25.166211398));
#6797=CARTESIAN_POINT('',(104.757828311,-46.121724105,25.153630326));
#6798=CARTESIAN_POINT('',(104.750906334,-46.126528931,25.149442853));
#6799=CARTESIAN_POINT('',(104.737056266,-46.136141497,25.141080334));
#6800=CARTESIAN_POINT('',(104.730009139,-46.141031875,25.136833796));
#6801=CARTESIAN_POINT('',(104.716901738,-46.15012646,25.12894994));
#6802=CARTESIAN_POINT('',(104.710797584,-46.154359313,25.125280599));
#6803=CARTESIAN_POINT('',(104.698303068,-46.163019417,25.117776294));
#6804=CARTESIAN_POINT('',(104.692032087,-46.16736388,25.114013204));
#6805=CARTESIAN_POINT('',(104.673071221,-46.180495321,25.102649369));
#6806=CARTESIAN_POINT('',(104.658733177,-46.190416401,25.094063953));
#6807=CARTESIAN_POINT('',(104.642569665,-46.201683443,25.08461226));
#6808=CARTESIAN_POINT('',(109.161658387,-42.531048607,29.666155096));
#6809=CARTESIAN_POINT('',(109.153953927,-42.536974163,29.654124863));
#6810=CARTESIAN_POINT('',(109.145865147,-42.543172513,29.641468849));
#6811=CARTESIAN_POINT('',(109.133126115,-42.552928234,29.621578282));
#6812=CARTESIAN_POINT('',(109.12877863,-42.556256587,29.614797121));
#6813=CARTESIAN_POINT('',(109.122100382,-42.561370817,29.604403986));
#6814=CARTESIAN_POINT('',(109.119848123,-42.563095844,29.600902711));
#6815=CARTESIAN_POINT('',(109.115290219,-42.566587725,29.59382731));
#6816=CARTESIAN_POINT('',(109.112917151,-42.568406453,29.590149419));
#6817=CARTESIAN_POINT('',(109.108201797,-42.572020885,29.582851344));
#6818=CARTESIAN_POINT('',(109.10589193,-42.573791118,29.579279038));
#6819=CARTESIAN_POINT('',(109.101128316,-42.577442097,29.571919427));
#6820=CARTESIAN_POINT('',(109.098745227,-42.579268532,29.56824111));
#6821=CARTESIAN_POINT('',(109.091592111,-42.584750677,29.557210625));
#6822=CARTESIAN_POINT('',(109.086818238,-42.588409222,29.549862921));
#6823=CARTESIAN_POINT('',(109.072481243,-42.599396186,29.527837663));
#6824=CARTESIAN_POINT('',(109.062902745,-42.606735934,29.513177961));
#6825=CARTESIAN_POINT('',(109.034105839,-42.628800339,29.469270215));
#6826=CARTESIAN_POINT('',(109.014826011,-42.643570154,29.44009353));
#6827=CARTESIAN_POINT('',(108.956741602,-42.688059023,29.352848477));
#6828=CARTESIAN_POINT('',(108.917692069,-42.717957483,29.29506512));
#6829=CARTESIAN_POINT('',(108.799569523,-42.8083607,29.122851484));
#6830=CARTESIAN_POINT('',(108.719522513,-42.869573264,29.009557713));
#6831=CARTESIAN_POINT('',(108.475532278,-43.055963385,28.674191385));
#6832=CARTESIAN_POINT('',(108.30776994,-43.18387012,28.456671605));
#6833=CARTESIAN_POINT('',(107.962110071,-43.446695345,28.033337902));
#6834=CARTESIAN_POINT('',(107.784094315,-43.581755847,27.827409046));
#6835=CARTESIAN_POINT('',(107.42011597,-43.857876267,27.429057462));
#6836=CARTESIAN_POINT('',(107.234123007,-43.999101598,27.236499583));
#6837=CARTESIAN_POINT('',(106.853966284,-44.28680354,26.864579844));
#6838=CARTESIAN_POINT('',(106.659864674,-44.433182035,26.685283572));
#6839=CARTESIAN_POINT('',(106.262856685,-44.729462038,26.339658375));
#6840=CARTESIAN_POINT('',(106.060468162,-44.878936558,26.173809188));
#6841=CARTESIAN_POINT('',(105.648265864,-45.178554694,25.856117658));
#6842=CARTESIAN_POINT('',(105.43802838,-45.328816745,25.703999681));
#6843=CARTESIAN_POINT('',(105.116751557,-45.555391017,25.485435895));
#6844=CARTESIAN_POINT('',(105.008648914,-45.631167069,25.414152156));
#6845=CARTESIAN_POINT('',(104.845144101,-45.745310353,25.309590916));
#6846=CARTESIAN_POINT('',(104.790415084,-45.783439606,25.275129675));
#6847=CARTESIAN_POINT('',(104.707996007,-45.840772268,25.224023994));
#6848=CARTESIAN_POINT('',(104.68046872,-45.859906282,25.207086465));
#6849=CARTESIAN_POINT('',(104.639098335,-45.888644056,25.181826395));
#6850=CARTESIAN_POINT('',(104.625294963,-45.898229438,25.173430744));
#6851=CARTESIAN_POINT('',(104.604570293,-45.912616965,25.160873777));
#6852=CARTESIAN_POINT('',(104.597658799,-45.917414382,25.156694208));
#6853=CARTESIAN_POINT('',(104.583829312,-45.927012406,25.148347234));
#6854=CARTESIAN_POINT('',(104.576779461,-45.931904795,25.144101166));
#6855=CARTESIAN_POINT('',(104.563715786,-45.940968333,25.136245567));
#6856=CARTESIAN_POINT('',(104.557653146,-45.945171661,25.132601251));
#6857=CARTESIAN_POINT('',(104.545210831,-45.953794708,25.125129714));
#6858=CARTESIAN_POINT('',(104.53896342,-45.958122454,25.121381574));
#6859=CARTESIAN_POINT('',(104.520057562,-45.971214934,25.110053803));
#6860=CARTESIAN_POINT('',(104.505570811,-45.981241478,25.101387306));
#6861=CARTESIAN_POINT('',(104.489062418,-45.992755612,25.091751572));
#6862=B_SPLINE_SURFACE_WITH_KNOTS('',1,3,((#6754,#6755,#6756,#6757,#6758,#6759,#6760,#6761,#6762,#6763,#6764,#6765,#6766,#6767,#6768,#6769,#6770,#6771,#6772,#6773,#6774,#6775,#6776,#6777,#6778,#6779,
#6780,#6781,#6782,#6783,#6784,#6785,#6786,#6787,#6788,#6789,#6790,#6791,#6792,#6793,#6794,#6795,#6796,#6797,#6798,#6799,#6800,#6801,#6802,#6803,#6804,
#6805,#6806,#6807),(#6808,#6809,#6810,#6811,#6812,#6813,#6814,#6815,#6816,#6817,#6818,#6819,#6820,#6821,#6822,#6823,#6824,#6825,#6826,#6827,#6828,#6829,#6830,#6831,#6832,#6833,
#6834,#6835,#6836,#6837,#6838,#6839,#6840,#6841,#6842,#6843,#6844,#6845,#6846,#6847,#6848,#6849,#6850,#6851,#6852,#6853,#6854,#6855,#6856,#6857,#6858,
#6859,#6860,#6861)),.UNSPECIFIED.,.F.,.F.,.U.,(2,2),(4,2,2,2,2,2,2,2,2,2,2,2,2,2,2,2,2,2,2,2,2,2,2,2,2,2,
4),(0.,0.324196804),(0.138087793,0.142113915,0.144126975,0.145133506,0.146140036,0.147228513,0.14831699,0.150493943,0.154847851,0.163555666,0.180971296,0.215802557,0.285465077,0.355127598,0.424790119,0.49445264,0.56411516,0.633777681,0.668608942,0.686024572,0.694732387,0.699086294,0.701263248,0.703440202,0.705452006,0.70746381,
0.711487418),.UNSPECIFIED.);
#6863=ORIENTED_EDGE('',*,*,#5022,.T.);
#6864=CARTESIAN_POINT('',(104.642569665,-46.201683443,25.08461226));
#6865=VERTEX_POINT('',#6864);
#6866=CARTESIAN_POINT('',(104.642569665,-46.201683443,25.08461226));
#6867=DIRECTION('',(-0.591875235,0.805559417,0.02752692));
#6868=VECTOR('',#6867,0.259357443);
#6869=LINE('',#6866,#6868);
#6870=EDGE_CURVE('',#6865,#4986,#6869,.T.);
#6871=ORIENTED_EDGE('',*,*,#6870,.F.);
#6872=CARTESIAN_POINT('',(109.322612996,-42.734418893,29.66680612));
#6873=VERTEX_POINT('',#6872);
#6874=CARTESIAN_POINT('',(109.322612996,-42.734418893,29.66680612));
#6875=CARTESIAN_POINT('',(109.314809576,-42.740423254,29.654624792));
#6876=CARTESIAN_POINT('',(109.306659066,-42.746670521,29.641872054));
#6877=CARTESIAN_POINT('',(109.293882401,-42.75645608,29.621919027));
#6878=CARTESIAN_POINT('',(109.28953156,-42.759787095,29.615130786));
#6879=CARTESIAN_POINT('',(109.282862203,-42.764894286,29.604747521));
#6880=CARTESIAN_POINT('',(109.28061523,-42.766615126,29.60125295));
#6881=CARTESIAN_POINT('',(109.276072588,-42.770094915,29.59419774));
#6882=CARTESIAN_POINT('',(109.27371596,-42.771900609,29.590542814));
#6883=CARTESIAN_POINT('',(109.269012857,-42.77550533,29.583260086));
#6884=CARTESIAN_POINT('',(109.266695781,-42.777281284,29.579675832));
#6885=CARTESIAN_POINT('',(109.261931311,-42.780932947,29.572312233));
#6886=CARTESIAN_POINT('',(109.259547789,-42.782759728,29.568631918));
#6887=CARTESIAN_POINT('',(109.252393366,-42.788242917,29.557595423));
#6888=CARTESIAN_POINT('',(109.247618605,-42.791902172,29.550243694));
#6889=CARTESIAN_POINT('',(109.233278899,-42.8028913,29.528206307));
#6890=CARTESIAN_POINT('',(109.223698531,-42.81023254,29.513538447));
#6891=CARTESIAN_POINT('',(109.194895823,-42.832301573,29.469606008));
#6892=CARTESIAN_POINT('',(109.175611874,-42.847074671,29.440412571));
#6893=CARTESIAN_POINT('',(109.117514323,-42.891573998,29.353116413));
#6894=CARTESIAN_POINT('',(109.078454999,-42.921480236,29.295297847));
#6895=CARTESIAN_POINT('',(108.9602999,-43.01190927,29.122975298));
#6896=CARTESIAN_POINT('',(108.880226958,-43.073142345,29.009604526));
#6897=CARTESIAN_POINT('',(108.636145656,-43.259604295,28.673995045));
#6898=CARTESIAN_POINT('',(108.468298319,-43.387577811,28.456288971));
#6899=CARTESIAN_POINT('',(108.122457086,-43.650544806,28.03258786));
#6900=CARTESIAN_POINT('',(107.944375346,-43.785656517,27.826517194));
#6901=CARTESIAN_POINT('',(107.580399331,-44.061774494,27.428035234));
#6902=CARTESIAN_POINT('',(107.394371955,-44.203026525,27.235372815));
#6903=CARTESIAN_POINT('',(107.013899465,-44.490973332,26.863016292));
#6904=CARTESIAN_POINT('',(106.819476648,-44.637601201,26.683350942));
#6905=CARTESIAN_POINT('',(106.421480636,-44.934637188,26.336740613));
#6906=CARTESIAN_POINT('',(106.218471586,-45.084583244,26.170312869));
#6907=CARTESIAN_POINT('',(105.80459818,-45.385446004,25.851212814));
#6908=CARTESIAN_POINT('',(105.593491251,-45.536343702,25.6984105));
#6909=CARTESIAN_POINT('',(105.271128035,-45.763701741,25.479024696));
#6910=CARTESIAN_POINT('',(105.162734095,-45.839686217,25.407523426));
#6911=CARTESIAN_POINT('',(104.998845444,-45.954103117,25.302677466));
#6912=CARTESIAN_POINT('',(104.944000453,-45.992314808,25.268130391));
#6913=CARTESIAN_POINT('',(104.861425691,-46.049757909,25.216909022));
#6914=CARTESIAN_POINT('',(104.833849555,-46.068926534,25.199935106));
#6915=CARTESIAN_POINT('',(104.792410502,-46.097712907,25.174623648));
#6916=CARTESIAN_POINT('',(104.778585009,-46.107313936,25.166211398));
#6917=CARTESIAN_POINT('',(104.757828311,-46.121724105,25.153630326));
#6918=CARTESIAN_POINT('',(104.750906334,-46.126528931,25.149442853));
#6919=CARTESIAN_POINT('',(104.737056266,-46.136141497,25.141080334));
#6920=CARTESIAN_POINT('',(104.730009139,-46.141031875,25.136833796));
#6921=CARTESIAN_POINT('',(104.716901738,-46.15012646,25.12894994));
#6922=CARTESIAN_POINT('',(104.710797584,-46.154359313,25.125280599));
#6923=CARTESIAN_POINT('',(104.698303068,-46.163019417,25.117776294));
#6924=CARTESIAN_POINT('',(104.692032087,-46.16736388,25.114013204));
#6925=CARTESIAN_POINT('',(104.673071221,-46.180495321,25.102649369));
#6926=CARTESIAN_POINT('',(104.658733177,-46.190416401,25.094063953));
#6927=CARTESIAN_POINT('',(104.642569665,-46.201683443,25.08461226));
#6928=B_SPLINE_CURVE_WITH_KNOTS('',3,(#6874,#6875,#6876,#6877,#6878,#6879,#6880,#6881,#6882,#6883,#6884,#6885,#6886,#6887,#6888,#6889,#6890,#6891,#6892,#6893,#6894,#6895,#6896,#6897,#6898,#6899,
#6900,#6901,#6902,#6903,#6904,#6905,#6906,#6907,#6908,#6909,#6910,#6911,#6912,#6913,#6914,#6915,#6916,#6917,#6918,#6919,#6920,#6921,#6922,#6923,#6924,
#6925,#6926,#6927),.UNSPECIFIED.,.F.,.F.,(4,2,2,2,2,2,2,2,2,2,2,2,2,2,2,2,2,2,2,2,2,2,2,2,2,2,
4),(0.138087793,0.142113915,0.144126975,0.145133506,0.146140036,0.147228513,0.14831699,0.150493943,0.154847851,0.163555666,0.180971296,0.215802557,0.285465077,0.355127598,0.424790119,0.49445264,0.56411516,0.633777681,0.668608942,0.686024572,0.694732387,0.699086294,0.701263248,0.703440202,0.705452006,0.70746381,
0.711487418),.UNSPECIFIED.);
#6929=EDGE_CURVE('',#6873,#6865,#6928,.T.);
#6930=ORIENTED_EDGE('',*,*,#6929,.F.);
#6931=CARTESIAN_POINT('',(109.322612996,-42.734418893,29.66680612));
#6932=DIRECTION('',(-0.620589897,0.784131289,-0.002510145));
#6933=VECTOR('',#6932,0.244797741);
#6934=LINE('',#6931,#6933);
#6935=EDGE_CURVE('',#6873,#4998,#6934,.T.);
#6936=ORIENTED_EDGE('',*,*,#6935,.T.);
#6937=EDGE_LOOP('',(#6863,#6871,#6930,#6936));
#6938=FACE_BOUND('',#6937,.T.);
#6939=ADVANCED_FACE('',(#6938),#6862,.T.);
#6940=CARTESIAN_POINT('',(104.642569665,-46.201683443,25.08461226));
#6941=CARTESIAN_POINT('',(104.626436188,-46.21292955,25.07517813));
#6942=CARTESIAN_POINT('',(104.60845599,-46.225540239,25.064864899));
#6943=CARTESIAN_POINT('',(104.578804461,-46.246665343,25.04864073));
#6944=CARTESIAN_POINT('',(104.568881328,-46.253786587,25.043332254));
#6945=CARTESIAN_POINT('',(104.549017122,-46.268145892,25.032948448));
#6946=CARTESIAN_POINT('',(104.538981899,-46.275452851,25.027825899));
#6947=CARTESIAN_POINT('',(104.51752549,-46.291187026,25.017131644));
#6948=CARTESIAN_POINT('',(104.506148979,-46.299596749,25.011617659));
#6949=CARTESIAN_POINT('',(104.483200993,-46.316692384,25.000799464));
#6950=CARTESIAN_POINT('',(104.471728733,-46.325305683,24.995544866));
#6951=CARTESIAN_POINT('',(104.437322264,-46.35133761,24.980240863));
#6952=CARTESIAN_POINT('',(104.414398401,-46.368948151,24.970651073));
#6953=CARTESIAN_POINT('',(104.345707171,-46.422517633,24.943697076));
#6954=CARTESIAN_POINT('',(104.300004041,-46.459226076,24.9281405));
#6955=CARTESIAN_POINT('',(104.209070614,-46.534436987,24.901828436));
#6956=CARTESIAN_POINT('',(104.16406507,-46.572753001,24.891132459));
#6957=CARTESIAN_POINT('',(104.09731949,-46.631203614,24.878580523));
#6958=CARTESIAN_POINT('',(104.07520135,-46.65084735,24.87498021));
#6959=CARTESIAN_POINT('',(104.042235591,-46.680539445,24.870438492));
#6960=CARTESIAN_POINT('',(104.031282226,-46.69047457,24.869067753));
#6961=CARTESIAN_POINT('',(104.009448514,-46.71041825,24.8666103));
#6962=CARTESIAN_POINT('',(103.998683743,-46.72031969,24.865533467));
#6963=CARTESIAN_POINT('',(103.978369291,-46.73913878,24.863762008));
#6964=CARTESIAN_POINT('',(103.968876679,-46.747988603,24.863042889));
#6965=CARTESIAN_POINT('',(103.950218838,-46.765493378,24.86184246));
#6966=CARTESIAN_POINT('',(103.940946095,-46.774248011,24.861351965));
#6967=CARTESIAN_POINT('',(103.913366303,-46.800446368,24.860199196));
#6968=CARTESIAN_POINT('',(103.896672441,-46.81651629,24.85990406));
#6969=CARTESIAN_POINT('',(103.881683936,-46.831023116,24.859779002));
#6970=CARTESIAN_POINT('',(104.470779716,-45.967872322,25.092601863));
#6971=CARTESIAN_POINT('',(104.454263515,-45.979392678,25.082963619));
#6972=CARTESIAN_POINT('',(104.435674633,-45.992440663,25.072326245));
#6973=CARTESIAN_POINT('',(104.404783627,-46.014472433,25.055479448));
#6974=CARTESIAN_POINT('',(104.394442606,-46.021901485,25.049965954));
#6975=CARTESIAN_POINT('',(104.373739677,-46.036882948,25.039180731));
#6976=CARTESIAN_POINT('',(104.363272178,-46.04451284,25.033856506));
#6977=CARTESIAN_POINT('',(104.340916478,-46.060923409,25.022753368));
#6978=CARTESIAN_POINT('',(104.329078138,-46.069683242,25.017035744));
#6979=CARTESIAN_POINT('',(104.305180552,-46.087504104,25.005810863));
#6980=CARTESIAN_POINT('',(104.29323258,-46.096483456,25.00035873));
#6981=CARTESIAN_POINT('',(104.25739589,-46.123624198,24.984479382));
#6982=CARTESIAN_POINT('',(104.233514437,-46.141988142,24.974529026));
#6983=CARTESIAN_POINT('',(104.161935171,-46.197863599,24.946561454));
#6984=CARTESIAN_POINT('',(104.114285606,-46.236170801,24.930419574));
#6985=CARTESIAN_POINT('',(104.019404322,-46.314720785,24.903122592));
#6986=CARTESIAN_POINT('',(103.972433731,-46.354746343,24.892035714));
#6987=CARTESIAN_POINT('',(103.902742783,-46.41583252,24.879044336));
#6988=CARTESIAN_POINT('',(103.879643299,-46.436366624,24.875322154));
#6989=CARTESIAN_POINT('',(103.845204913,-46.467413703,24.870634452));
#6990=CARTESIAN_POINT('',(103.83376057,-46.477803732,24.869221199));
#6991=CARTESIAN_POINT('',(103.810944478,-46.498664019,24.866691082));
#6992=CARTESIAN_POINT('',(103.799703469,-46.509012806,24.865584799));
#6993=CARTESIAN_POINT('',(103.778449339,-46.528721038,24.863767665));
#6994=CARTESIAN_POINT('',(103.768502545,-46.538003289,24.863031569));
#6995=CARTESIAN_POINT('',(103.748972283,-46.556344033,24.861808664));
#6996=CARTESIAN_POINT('',(103.739267199,-46.565515566,24.861312029));
#6997=CARTESIAN_POINT('',(103.710410434,-46.592952799,24.860155364));
#6998=CARTESIAN_POINT('',(103.693068662,-46.609660897,24.859875494));
#6999=CARTESIAN_POINT('',(103.677639903,-46.624602929,24.859762858));
#7000=B_SPLINE_SURFACE_WITH_KNOTS('',1,3,((#6940,#6941,#6942,#6943,#6944,#6945,#6946,#6947,#6948,#6949,#6950,#6951,#6952,#6953,#6954,#6955,#6956,#6957,#6958,#6959,#6960,#6961,#6962,#6963,#6964,#6965,
#6966,#6967,#6968,#6969),(#6970,#6971,#6972,#6973,#6974,#6975,#6976,#6977,#6978,#6979,#6980,#6981,#6982,#6983,#6984,#6985,#6986,#6987,#6988,#6989,#6990,#6991,#6992,#6993,#6994,#6995,
#6996,#6997,#6998,#6999)),.UNSPECIFIED.,.F.,.F.,.U.,(2,2),(4,2,2,2,2,2,2,2,2,2,2,2,2,2,4),(0.,0.36280862),(0.711487418,0.715510019,0.717522044,0.719534068,0.721890871,0.724247673,0.728961279,0.73838849,0.747815701,0.752529306,0.754886109,0.757242912,0.759255218,0.761267525,0.765291508),.UNSPECIFIED.);
#7001=ORIENTED_EDGE('',*,*,#4995,.T.);
#7002=CARTESIAN_POINT('',(103.881683936,-46.831023116,24.859779002));
#7003=VERTEX_POINT('',#7002);
#7004=CARTESIAN_POINT('',(103.881683936,-46.831023116,24.859779002));
#7005=DIRECTION('',(-0.703001599,0.711188265,-0.000055621));
#7006=VECTOR('',#7005,0.290246896);
#7007=LINE('',#7004,#7006);
#7008=EDGE_CURVE('',#7003,#4977,#7007,.T.);
#7009=ORIENTED_EDGE('',*,*,#7008,.F.);
#7010=CARTESIAN_POINT('',(104.642569665,-46.201683443,25.08461226));
#7011=CARTESIAN_POINT('',(104.626436188,-46.21292955,25.07517813));
#7012=CARTESIAN_POINT('',(104.60845599,-46.225540239,25.064864899));
#7013=CARTESIAN_POINT('',(104.578804461,-46.246665343,25.04864073));
#7014=CARTESIAN_POINT('',(104.568881328,-46.253786587,25.043332254));
#7015=CARTESIAN_POINT('',(104.549017122,-46.268145892,25.032948448));
#7016=CARTESIAN_POINT('',(104.538981899,-46.275452851,25.027825899));
#7017=CARTESIAN_POINT('',(104.51752549,-46.291187026,25.017131644));
#7018=CARTESIAN_POINT('',(104.506148979,-46.299596749,25.011617659));
#7019=CARTESIAN_POINT('',(104.483200993,-46.316692384,25.000799464));
#7020=CARTESIAN_POINT('',(104.471728733,-46.325305683,24.995544866));
#7021=CARTESIAN_POINT('',(104.437322264,-46.35133761,24.980240863));
#7022=CARTESIAN_POINT('',(104.414398401,-46.368948151,24.970651073));
#7023=CARTESIAN_POINT('',(104.345707171,-46.422517633,24.943697076));
#7024=CARTESIAN_POINT('',(104.300004041,-46.459226076,24.9281405));
#7025=CARTESIAN_POINT('',(104.209070614,-46.534436987,24.901828436));
#7026=CARTESIAN_POINT('',(104.16406507,-46.572753001,24.891132459));
#7027=CARTESIAN_POINT('',(104.09731949,-46.631203614,24.878580523));
#7028=CARTESIAN_POINT('',(104.07520135,-46.65084735,24.87498021));
#7029=CARTESIAN_POINT('',(104.042235591,-46.680539445,24.870438492));
#7030=CARTESIAN_POINT('',(104.031282226,-46.69047457,24.869067753));
#7031=CARTESIAN_POINT('',(104.009448514,-46.71041825,24.8666103));
#7032=CARTESIAN_POINT('',(103.998683743,-46.72031969,24.865533467));
#7033=CARTESIAN_POINT('',(103.978369291,-46.73913878,24.863762008));
#7034=CARTESIAN_POINT('',(103.968876679,-46.747988603,24.863042889));
#7035=CARTESIAN_POINT('',(103.950218838,-46.765493378,24.86184246));
#7036=CARTESIAN_POINT('',(103.940946095,-46.774248011,24.861351965));
#7037=CARTESIAN_POINT('',(103.913366303,-46.800446368,24.860199196));
#7038=CARTESIAN_POINT('',(103.896672441,-46.81651629,24.85990406));
#7039=CARTESIAN_POINT('',(103.881683936,-46.831023116,24.859779002));
#7040=B_SPLINE_CURVE_WITH_KNOTS('',3,(#7010,#7011,#7012,#7013,#7014,#7015,#7016,#7017,#7018,#7019,#7020,#7021,#7022,#7023,#7024,#7025,#7026,#7027,#7028,#7029,#7030,#7031,#7032,#7033,#7034,#7035,
#7036,#7037,#7038,#7039),.UNSPECIFIED.,.F.,.F.,(4,2,2,2,2,2,2,2,2,2,2,2,2,2,4),(0.711487418,0.715510019,0.717522044,0.719534068,0.721890871,0.724247673,0.728961279,0.73838849,0.747815701,0.752529306,0.754886109,0.757242912,0.759255218,0.761267525,0.765291508),.UNSPECIFIED.);
#7041=EDGE_CURVE('',#6865,#7003,#7040,.T.);
#7042=ORIENTED_EDGE('',*,*,#7041,.F.);
#7043=ORIENTED_EDGE('',*,*,#6870,.T.);
#7044=EDGE_LOOP('',(#7001,#7009,#7042,#7043));
#7045=FACE_BOUND('',#7044,.T.);
#7046=ADVANCED_FACE('',(#7045),#7000,.T.);
#7047=CARTESIAN_POINT('',(103.881683936,-46.831023116,24.859779002));
#7048=CARTESIAN_POINT('',(103.866670135,-46.845554424,24.859653732));
#7049=CARTESIAN_POINT('',(103.853335859,-46.858550039,24.859698027));
#7050=CARTESIAN_POINT('',(103.835662258,-46.875774732,24.859735239));
#7051=CARTESIAN_POINT('',(103.829819232,-46.88147084,24.859745846));
#7052=CARTESIAN_POINT('',(103.818184579,-46.892814493,24.85976086));
#7053=CARTESIAN_POINT('',(103.812505346,-46.898352398,24.859765171));
#7054=CARTESIAN_POINT('',(103.802253569,-46.908349323,24.859765325));
#7055=CARTESIAN_POINT('',(103.797703195,-46.912787851,24.859765259));
#7056=CARTESIAN_POINT('',(103.788759367,-46.921514674,24.859765259));
#7057=CARTESIAN_POINT('',(103.784288014,-46.925878898,24.859765259));
#7058=CARTESIAN_POINT('',(103.77087574,-46.938973943,24.859765259));
#7059=CARTESIAN_POINT('',(103.761936605,-46.94770714,24.859765259));
#7060=CARTESIAN_POINT('',(103.735127194,-46.973915749,24.859765259));
#7061=CARTESIAN_POINT('',(103.717264605,-46.991400496,24.859765259));
#7062=CARTESIAN_POINT('',(103.67561073,-47.032227737,24.859765259));
#7063=CARTESIAN_POINT('',(103.651908957,-47.055495404,24.859765259));
#7064=CARTESIAN_POINT('',(103.628060828,-47.07895628,24.859765259));
#7065=CARTESIAN_POINT('',(103.669444528,-46.616312117,24.859762209));
#7066=CARTESIAN_POINT('',(103.653969711,-46.631299113,24.85964987));
#7067=CARTESIAN_POINT('',(103.640391921,-46.644537747,24.859703481));
#7068=CARTESIAN_POINT('',(103.622660434,-46.661820057,24.859739618));
#7069=CARTESIAN_POINT('',(103.616804347,-46.66752917,24.859749582));
#7070=CARTESIAN_POINT('',(103.60515023,-46.678892204,24.859763008));
#7071=CARTESIAN_POINT('',(103.599479717,-46.684421425,24.859765748));
#7072=CARTESIAN_POINT('',(103.589201174,-46.694445007,24.859764892));
#7073=CARTESIAN_POINT('',(103.584618239,-46.698915969,24.859765259));
#7074=CARTESIAN_POINT('',(103.575630039,-46.70768701,24.859765259));
#7075=CARTESIAN_POINT('',(103.571136388,-46.712073461,24.859765259));
#7076=CARTESIAN_POINT('',(103.557656883,-46.725235545,24.859765259));
#7077=CARTESIAN_POINT('',(103.54867248,-46.73401391,24.859765259));
#7078=CARTESIAN_POINT('',(103.521725905,-46.760359466,24.859765259));
#7079=CARTESIAN_POINT('',(103.503764316,-46.777943188,24.859765259));
#7080=CARTESIAN_POINT('',(103.461901989,-46.818979097,24.859765259));
#7081=CARTESIAN_POINT('',(103.438091807,-46.842371364,24.859765259));
#7082=CARTESIAN_POINT('',(103.414079874,-46.865980857,24.859765259));
#7083=B_SPLINE_SURFACE_WITH_KNOTS('',1,3,((#7047,#7048,#7049,#7050,#7051,#7052,#7053,#7054,#7055,#7056,#7057,#7058,#7059,#7060,#7061,#7062,#7063,#7064),(#7065,#7066,#7067,#7068,#7069,#7070,#7071,#7072,#7073,#7074,#7075,#7076,#7077,#7078,#7079,#7080,#7081,#7082)),.UNSPECIFIED.,.F.,.F.,.U.,(2,2),(4,2,2,2,2,2,2,2,4),(0.,0.377380733),(0.765291508,0.769316179,0.7713284,0.77334062,0.774850675,0.776360731,0.779380842,0.785421063,0.79347673),.UNSPECIFIED.);
#7084=ORIENTED_EDGE('',*,*,#4983,.T.);
#7085=ORIENTED_EDGE('',*,*,#5286,.T.);
#7086=CARTESIAN_POINT('',(103.628060828,-47.07895628,24.859765259));
#7087=VERTEX_POINT('',#7086);
#7088=CARTESIAN_POINT('',(103.628060828,-47.07895628,24.859765259));
#7089=DIRECTION('',(-0.708770133,0.705439508,-0.));
#7090=VECTOR('',#7089,0.301904587);
#7091=LINE('',#7088,#7090);
#7092=EDGE_CURVE('',#7087,#5267,#7091,.T.);
#7093=ORIENTED_EDGE('',*,*,#7092,.F.);
#7094=CARTESIAN_POINT('',(103.881683936,-46.831023116,24.859779002));
#7095=CARTESIAN_POINT('',(103.866670135,-46.845554424,24.859653732));
#7096=CARTESIAN_POINT('',(103.853335859,-46.858550039,24.859698027));
#7097=CARTESIAN_POINT('',(103.835662258,-46.875774732,24.859735239));
#7098=CARTESIAN_POINT('',(103.829819232,-46.88147084,24.859745846));
#7099=CARTESIAN_POINT('',(103.818184579,-46.892814493,24.85976086));
#7100=CARTESIAN_POINT('',(103.812505346,-46.898352398,24.859765171));
#7101=CARTESIAN_POINT('',(103.802253569,-46.908349323,24.859765325));
#7102=CARTESIAN_POINT('',(103.797703195,-46.912787851,24.859765259));
#7103=CARTESIAN_POINT('',(103.788759367,-46.921514674,24.859765259));
#7104=CARTESIAN_POINT('',(103.784288014,-46.925878898,24.859765259));
#7105=CARTESIAN_POINT('',(103.77087574,-46.938973943,24.859765259));
#7106=CARTESIAN_POINT('',(103.761936605,-46.94770714,24.859765259));
#7107=CARTESIAN_POINT('',(103.735127194,-46.973915749,24.859765259));
#7108=CARTESIAN_POINT('',(103.717264605,-46.991400496,24.859765259));
#7109=CARTESIAN_POINT('',(103.67561073,-47.032227737,24.859765259));
#7110=CARTESIAN_POINT('',(103.651908957,-47.055495404,24.859765259));
#7111=CARTESIAN_POINT('',(103.628060828,-47.07895628,24.859765259));
#7112=B_SPLINE_CURVE_WITH_KNOTS('',3,(#7094,#7095,#7096,#7097,#7098,#7099,#7100,#7101,#7102,#7103,#7104,#7105,#7106,#7107,#7108,#7109,#7110,#7111),.UNSPECIFIED.,.F.,.F.,(4,2,2,2,2,2,2,2,4),(0.765291508,0.769316179,0.7713284,0.77334062,0.774850675,0.776360731,0.779380842,0.785421063,0.79347673),.UNSPECIFIED.);
#7113=EDGE_CURVE('',#7003,#7087,#7112,.T.);
#7114=ORIENTED_EDGE('',*,*,#7113,.F.);
#7115=ORIENTED_EDGE('',*,*,#7008,.T.);
#7116=EDGE_LOOP('',(#7084,#7085,#7093,#7114,#7115));
#7117=FACE_BOUND('',#7116,.T.);
#7118=ADVANCED_FACE('',(#7117),#7083,.T.);
#7119=CARTESIAN_POINT('',(103.344552775,-46.796780477,24.859765259));
#7120=DIRECTION('',(0.,0.,1.));
#7121=DIRECTION('',(1.,0.,0.));
#7122=AXIS2_PLACEMENT_3D('',#7119,#7120,#7121);
#7123=PLANE('',#7122);
#7124=ORIENTED_EDGE('',*,*,#4881,.T.);
#7125=ORIENTED_EDGE('',*,*,#850,.T.);
#7126=CARTESIAN_POINT('',(91.681854075,-51.152217504,24.859765259));
#7127=VERTEX_POINT('',#7126);
#7128=CARTESIAN_POINT('',(91.681854075,-51.152217504,24.859765259));
#7129=DIRECTION('',(-0.301686672,0.953407128,0.));
#7130=VECTOR('',#7129,0.382259119);
#7131=LINE('',#7128,#7130);
#7132=EDGE_CURVE('',#7127,#832,#7131,.T.);
#7133=ORIENTED_EDGE('',*,*,#7132,.F.);
#7134=CARTESIAN_POINT('',(92.853629157,-50.991019579,24.859765259));
#7135=VERTEX_POINT('',#7134);
#7136=CARTESIAN_POINT('',(92.853629157,-50.991019579,24.859765259));
#7137=DIRECTION('',(-0.990669842,-0.136283767,0.));
#7138=VECTOR('',#7137,1.182810896);
#7139=LINE('',#7136,#7138);
#7140=EDGE_CURVE('',#7135,#7127,#7139,.T.);
#7141=ORIENTED_EDGE('',*,*,#7140,.F.);
#7142=CARTESIAN_POINT('',(93.650820532,-50.814072824,24.859765259));
#7143=VERTEX_POINT('',#7142);
#7144=CARTESIAN_POINT('',(93.650820532,-50.814072824,24.859765259));
#7145=CARTESIAN_POINT('',(93.390405941,-50.894871027,24.859765259));
#7146=CARTESIAN_POINT('',(93.123742297,-50.953860991,24.859765259));
#7147=CARTESIAN_POINT('',(92.853629157,-50.991019579,24.859765259));
#7148=B_SPLINE_CURVE_WITH_KNOTS('',3,(#7144,#7145,#7146,#7147),.UNSPECIFIED.,.F.,.F.,(4,4),(-0.000436522,0.000380861),.UNSPECIFIED.);
#7149=EDGE_CURVE('',#7143,#7135,#7148,.T.);
#7150=ORIENTED_EDGE('',*,*,#7149,.F.);
#7151=CARTESIAN_POINT('',(101.368012431,-48.419634604,24.859765259));
#7152=CARTESIAN_POINT('',(98.795615131,-49.217780677,24.859765259));
#7153=CARTESIAN_POINT('',(96.223217831,-50.01592675,24.859765259));
#7154=CARTESIAN_POINT('',(93.650820532,-50.814072824,24.859765259));
#7155=B_SPLINE_CURVE_WITH_KNOTS('',3,(#7151,#7152,#7153,#7154),.UNSPECIFIED.,.F.,.F.,(4,4),(0.002127202,0.010207325),.UNSPECIFIED.);
#7156=EDGE_CURVE('',#4393,#7143,#7155,.T.);
#7157=ORIENTED_EDGE('',*,*,#7156,.F.);
#7158=ORIENTED_EDGE('',*,*,#4399,.F.);
#7159=CARTESIAN_POINT('',(103.628060828,-47.07895628,24.859765259));
#7160=CARTESIAN_POINT('',(103.47545869,-47.229080417,24.859765259));
#7161=CARTESIAN_POINT('',(103.315132607,-47.369980476,24.859765259));
#7162=CARTESIAN_POINT('',(103.146939028,-47.501485025,24.859765259));
#7163=CARTESIAN_POINT('',(102.978745449,-47.632989574,24.859765259));
#7164=CARTESIAN_POINT('',(102.802399168,-47.755184781,24.859765259));
#7165=CARTESIAN_POINT('',(102.619973173,-47.866049318,24.859765259));
#7166=CARTESIAN_POINT('',(102.437547178,-47.976913855,24.859765259));
#7167=CARTESIAN_POINT('',(102.24794672,-48.077128291,24.859765259));
#7168=CARTESIAN_POINT('',(102.053346972,-48.16520082,24.859765259));
#7169=CARTESIAN_POINT('',(101.858747224,-48.253273348,24.859765259));
#7170=CARTESIAN_POINT('',(101.659286652,-48.329260004,24.859765259));
#7171=CARTESIAN_POINT('',(101.45478457,-48.39271153,24.859765259));
#7172=B_SPLINE_CURVE_WITH_KNOTS('',3,(#7159,#7160,#7161,#7162,#7163,#7164,#7165,#7166,#7167,#7168,#7169,#7170,#7171),.UNSPECIFIED.,.F.,.F.,(4,3,3,3,4),(0.,0.000640142,0.001280284,0.001920426,0.002560568),.UNSPECIFIED.);
#7173=EDGE_CURVE('',#7087,#4391,#7172,.T.);
#7174=ORIENTED_EDGE('',*,*,#7173,.F.);
#7175=ORIENTED_EDGE('',*,*,#7092,.T.);
#7176=ORIENTED_EDGE('',*,*,#5279,.T.);
#7177=EDGE_LOOP('',(#7124,#7125,#7133,#7141,#7150,#7157,#7158,#7174,#7175,#7176));
#7178=FACE_BOUND('',#7177,.T.);
#7179=ADVANCED_FACE('',(#7178),#7123,.T.);
#7180=CARTESIAN_POINT('',(110.107327505,-41.989587878,30.587149193));
#7181=CARTESIAN_POINT('',(110.106409101,-41.990600859,30.586377157));
#7182=CARTESIAN_POINT('',(110.105490698,-41.991613841,30.585605122));
#7183=CARTESIAN_POINT('',(110.103963041,-41.993298817,30.584320932));
#7184=CARTESIAN_POINT('',(110.103353787,-41.993970812,30.583808777));
#7185=CARTESIAN_POINT('',(110.10213528,-41.995314801,30.582784467));
#7186=CARTESIAN_POINT('',(110.101473371,-41.996044896,30.582228094));
#7187=CARTESIAN_POINT('',(110.100354343,-41.997279119,30.581287316));
#7188=CARTESIAN_POINT('',(110.099898337,-41.997781969,30.580903734));
#7189=CARTESIAN_POINT('',(110.098879969,-41.998904661,30.580046477));
#7190=CARTESIAN_POINT('',(110.098370808,-41.999465845,30.579617571));
#7191=CARTESIAN_POINT('',(110.096843396,-42.001148908,30.578330018));
#7192=CARTESIAN_POINT('',(110.095825214,-42.002270299,30.57747054));
#7193=CARTESIAN_POINT('',(110.092770961,-42.005632506,30.574888781));
#7194=CARTESIAN_POINT('',(110.09073518,-42.007871358,30.573163179));
#7195=CARTESIAN_POINT('',(110.084629088,-42.014579958,30.56797316));
#7196=CARTESIAN_POINT('',(110.080560025,-42.019041754,30.564495528));
#7197=CARTESIAN_POINT('',(110.068358511,-42.032394575,30.554010373));
#7198=CARTESIAN_POINT('',(110.060231733,-42.041253038,30.546950589));
#7199=CARTESIAN_POINT('',(110.035879495,-42.067692244,30.525567065));
#7200=CARTESIAN_POINT('',(110.019682131,-42.085136786,30.511039118));
#7201=CARTESIAN_POINT('',(109.971245493,-42.136878975,30.466678582));
#7202=CARTESIAN_POINT('',(109.939179051,-42.17056694,30.436085958));
#7203=CARTESIAN_POINT('',(109.843839647,-42.26901057,30.341435828));
#7204=CARTESIAN_POINT('',(109.781309103,-42.331280052,30.274415324));
#7205=CARTESIAN_POINT('',(109.658341963,-42.449049974,30.132530854));
#7206=CARTESIAN_POINT('',(109.59761271,-42.504815871,30.057303142));
#7207=CARTESIAN_POINT('',(109.508874478,-42.582661684,29.939497986));
#7208=CARTESIAN_POINT('',(109.479608784,-42.607714777,29.899303042));
#7209=CARTESIAN_POINT('',(109.436304472,-42.64385118,29.83778426));
#7210=CARTESIAN_POINT('',(109.421966499,-42.655658108,29.81707068));
#7211=CARTESIAN_POINT('',(109.400615026,-42.673002933,29.785703425));
#7212=CARTESIAN_POINT('',(109.393523782,-42.678723617,29.775198194));
#7213=CARTESIAN_POINT('',(109.382927064,-42.687212312,29.75936791));
#7214=CARTESIAN_POINT('',(109.379401516,-42.690026489,29.754079075));
#7215=CARTESIAN_POINT('',(109.374123389,-42.694224554,29.746127938));
#7216=CARTESIAN_POINT('',(109.372365713,-42.695620043,29.743474577));
#7217=CARTESIAN_POINT('',(109.368853785,-42.698403268,29.738161932));
#7218=CARTESIAN_POINT('',(109.367039585,-42.699838353,29.735411641));
#7219=CARTESIAN_POINT('',(109.363670132,-42.70249896,29.730293047));
#7220=CARTESIAN_POINT('',(109.36209548,-42.703739597,29.727894104));
#7221=CARTESIAN_POINT('',(109.358783467,-42.706343843,29.72283569));
#7222=CARTESIAN_POINT('',(109.357107238,-42.70765919,29.720269141));
#7223=CARTESIAN_POINT('',(109.352017272,-42.711645536,29.712457773));
#7224=CARTESIAN_POINT('',(109.34854228,-42.714356796,29.707101207));
#7225=CARTESIAN_POINT('',(109.337866743,-42.722658052,29.690587747));
#7226=CARTESIAN_POINT('',(109.330415956,-42.728414887,29.678986728));
#7227=CARTESIAN_POINT('',(109.322612996,-42.734418893,29.66680612));
#7228=CARTESIAN_POINT('',(109.932305131,-41.816174731,30.562511333));
#7229=CARTESIAN_POINT('',(109.931386727,-41.817187712,30.561739298));
#7230=CARTESIAN_POINT('',(109.930468323,-41.818200694,30.560967263));
#7231=CARTESIAN_POINT('',(109.928940666,-41.81988567,30.559683072));
#7232=CARTESIAN_POINT('',(109.928331413,-41.820557665,30.559170917));
#7233=CARTESIAN_POINT('',(109.927112906,-41.821901654,30.558146607));
#7234=CARTESIAN_POINT('',(109.926444109,-41.82263948,30.557584738));
#7235=CARTESIAN_POINT('',(109.925338928,-41.823858159,30.55665501));
#7236=CARTESIAN_POINT('',(109.924903799,-41.824337575,30.556288094));
#7237=CARTESIAN_POINT('',(109.923913263,-41.825429036,30.555453078));
#7238=CARTESIAN_POINT('',(109.923418017,-41.82597461,30.555035299));
#7239=CARTESIAN_POINT('',(109.921932345,-41.827610857,30.55378115));
#7240=CARTESIAN_POINT('',(109.920941985,-41.828701059,30.552943968));
#7241=CARTESIAN_POINT('',(109.917971182,-41.831969759,30.550429184));
#7242=CARTESIAN_POINT('',(109.915991013,-41.834146356,30.548748345));
#7243=CARTESIAN_POINT('',(109.9100517,-41.840668434,30.543692953));
#7244=CARTESIAN_POINT('',(109.906093744,-41.845006207,30.540305524));
#7245=CARTESIAN_POINT('',(109.894225333,-41.857987914,30.53009235));
#7246=CARTESIAN_POINT('',(109.886320334,-41.86660024,30.523215714));
#7247=CARTESIAN_POINT('',(109.862632719,-41.892304678,30.502387231));
#7248=CARTESIAN_POINT('',(109.846877484,-41.909264228,30.488236768));
#7249=CARTESIAN_POINT('',(109.799765601,-41.959564703,30.445032134));
#7250=CARTESIAN_POINT('',(109.768582523,-41.992306675,30.41524356));
#7251=CARTESIAN_POINT('',(109.675882039,-42.087971319,30.323096802));
#7252=CARTESIAN_POINT('',(109.615090613,-42.148472036,30.257860789));
#7253=CARTESIAN_POINT('',(109.495565703,-42.262870258,30.119786759));
#7254=CARTESIAN_POINT('',(109.43651649,-42.317055694,30.046558799));
#7255=CARTESIAN_POINT('',(109.350249783,-42.392675061,29.93190851));
#7256=CARTESIAN_POINT('',(109.321792595,-42.417016609,29.892781773));
#7257=CARTESIAN_POINT('',(109.279684385,-42.452125291,29.832897508));
#7258=CARTESIAN_POINT('',(109.265742044,-42.463596513,29.812733765));
#7259=CARTESIAN_POINT('',(109.244979531,-42.480447931,29.782198887));
#7260=CARTESIAN_POINT('',(109.238083858,-42.486005839,29.771972386));
#7261=CARTESIAN_POINT('',(109.227779389,-42.494252893,29.756562118));
#7262=CARTESIAN_POINT('',(109.224351073,-42.496986943,29.751413609));
#7263=CARTESIAN_POINT('',(109.219218518,-42.501065448,29.743673444));
#7264=CARTESIAN_POINT('',(109.217509319,-42.502421187,29.741090489));
#7265=CARTESIAN_POINT('',(109.214094256,-42.505125124,29.735918814));
#7266=CARTESIAN_POINT('',(109.212322572,-42.506525456,29.73323066));
#7267=CARTESIAN_POINT('',(109.209061038,-42.509098031,29.728269485));
#7268=CARTESIAN_POINT('',(109.207549782,-42.510287059,29.725962989));
#7269=CARTESIAN_POINT('',(109.204347981,-42.512801766,29.721066));
#7270=CARTESIAN_POINT('',(109.202724566,-42.514074293,29.718577035));
#7271=CARTESIAN_POINT('',(109.197786209,-42.517937931,29.710988972));
#7272=CARTESIAN_POINT('',(109.19440318,-42.520575052,29.70576868));
#7273=CARTESIAN_POINT('',(109.183976513,-42.528676214,29.689625836));
#7274=CARTESIAN_POINT('',(109.176655627,-42.534329376,29.678220928));
#7275=CARTESIAN_POINT('',(109.168947149,-42.540258145,29.666184577));
#7276=B_SPLINE_SURFACE_WITH_KNOTS('',1,3,((#7180,#7181,#7182,#7183,#7184,#7185,#7186,#7187,#7188,#7189,#7190,#7191,#7192,#7193,#7194,#7195,#7196,#7197,#7198,#7199,#7200,#7201,#7202,#7203,#7204,#7205,
#7206,#7207,#7208,#7209,#7210,#7211,#7212,#7213,#7214,#7215,#7216,#7217,#7218,#7219,#7220,#7221,#7222,#7223,#7224,#7225,#7226,#7227),(#7228,#7229,#7230,#7231,#7232,#7233,#7234,#7235,#7236,#7237,#7238,#7239,#7240,#7241,#7242,#7243,#7244,#7245,#7246,#7247,#7248,#7249,#7250,#7251,#7252,#7253,
#7254,#7255,#7256,#7257,#7258,#7259,#7260,#7261,#7262,#7263,#7264,#7265,#7266,#7267,#7268,#7269,#7270,#7271,#7272,#7273,#7274,#7275)),.UNSPECIFIED.,.F.,.F.,.U.,(2,2),(4,2,2,2,2,2,2,2,2,2,2,2,2,2,2,2,2,2,2,2,2,2,2,4),(0.,0.309515688),(-0.000881565,-0.000502685,-0.000251342,0.,0.000253976,0.000507953,0.001015906,0.002031811,0.004063623,0.008127246,0.016254492,0.032508984,0.065017968,0.097526951,0.113781443,0.121908689,0.125972312,0.128004124,0.129020029,0.130035935,0.131042417,0.1320489,0.134061864,0.138087793),.UNSPECIFIED.);
#7277=ORIENTED_EDGE('',*,*,#5034,.T.);
#7278=ORIENTED_EDGE('',*,*,#6935,.F.);
#7279=CARTESIAN_POINT('',(110.099094203,-41.998668467,30.580226781));
#7280=VERTEX_POINT('',#7279);
#7281=CARTESIAN_POINT('',(110.099094202,-41.998668467,30.580226784));
#7282=CARTESIAN_POINT('',(110.098683343,-41.999121373,30.579880832));
#7283=CARTESIAN_POINT('',(110.098272499,-41.999574172,30.5795347));
#7284=CARTESIAN_POINT('',(110.096843396,-42.001148908,30.578330018));
#7285=CARTESIAN_POINT('',(110.095825214,-42.002270299,30.57747054));
#7286=CARTESIAN_POINT('',(110.092770961,-42.005632506,30.574888781));
#7287=CARTESIAN_POINT('',(110.09073518,-42.007871358,30.573163179));
#7288=CARTESIAN_POINT('',(110.084629088,-42.014579958,30.56797316));
#7289=CARTESIAN_POINT('',(110.080560025,-42.019041754,30.564495528));
#7290=CARTESIAN_POINT('',(110.068358511,-42.032394575,30.554010373));
#7291=CARTESIAN_POINT('',(110.060231733,-42.041253038,30.546950589));
#7292=CARTESIAN_POINT('',(110.035879495,-42.067692244,30.525567065));
#7293=CARTESIAN_POINT('',(110.019682131,-42.085136786,30.511039118));
#7294=CARTESIAN_POINT('',(109.971245493,-42.136878975,30.466678582));
#7295=CARTESIAN_POINT('',(109.939179051,-42.17056694,30.436085958));
#7296=CARTESIAN_POINT('',(109.843839647,-42.26901057,30.341435828));
#7297=CARTESIAN_POINT('',(109.781309103,-42.331280052,30.274415324));
#7298=CARTESIAN_POINT('',(109.658341963,-42.449049974,30.132530854));
#7299=CARTESIAN_POINT('',(109.59761271,-42.504815871,30.057303142));
#7300=CARTESIAN_POINT('',(109.508874478,-42.582661684,29.939497986));
#7301=CARTESIAN_POINT('',(109.479608784,-42.607714777,29.899303042));
#7302=CARTESIAN_POINT('',(109.436304472,-42.64385118,29.83778426));
#7303=CARTESIAN_POINT('',(109.421966499,-42.655658108,29.81707068));
#7304=CARTESIAN_POINT('',(109.400615026,-42.673002933,29.785703425));
#7305=CARTESIAN_POINT('',(109.393523782,-42.678723617,29.775198194));
#7306=CARTESIAN_POINT('',(109.382927064,-42.687212312,29.75936791));
#7307=CARTESIAN_POINT('',(109.379401516,-42.690026489,29.754079075));
#7308=CARTESIAN_POINT('',(109.374123389,-42.694224554,29.746127938));
#7309=CARTESIAN_POINT('',(109.372365713,-42.695620043,29.743474577));
#7310=CARTESIAN_POINT('',(109.368853785,-42.698403268,29.738161932));
#7311=CARTESIAN_POINT('',(109.367039585,-42.699838353,29.735411641));
#7312=CARTESIAN_POINT('',(109.363670132,-42.70249896,29.730293047));
#7313=CARTESIAN_POINT('',(109.36209548,-42.703739597,29.727894104));
#7314=CARTESIAN_POINT('',(109.358783467,-42.706343843,29.72283569));
#7315=CARTESIAN_POINT('',(109.357107238,-42.70765919,29.720269141));
#7316=CARTESIAN_POINT('',(109.352017272,-42.711645536,29.712457773));
#7317=CARTESIAN_POINT('',(109.34854228,-42.714356796,29.707101207));
#7318=CARTESIAN_POINT('',(109.337866743,-42.722658052,29.690587747));
#7319=CARTESIAN_POINT('',(109.330415956,-42.728414887,29.678986728));
#7320=CARTESIAN_POINT('',(109.322612996,-42.734418893,29.66680612));
#7321=B_SPLINE_CURVE_WITH_KNOTS('',3,(#7281,#7282,#7283,#7284,#7285,#7286,#7287,#7288,#7289,#7290,#7291,#7292,#7293,#7294,#7295,#7296,#7297,#7298,#7299,#7300,#7301,#7302,#7303,#7304,#7305,#7306,
#7307,#7308,#7309,#7310,#7311,#7312,#7313,#7314,#7315,#7316,#7317,#7318,#7319,#7320),.UNSPECIFIED.,.F.,.F.,(4,2,2,2,2,2,2,2,2,2,2,2,2,2,2,2,2,2,2,4),(0.000303017,0.000507953,0.001015906,0.002031811,0.004063623,0.008127246,0.016254492,0.032508984,0.065017968,0.097526951,0.113781443,0.121908689,0.125972312,0.128004124,0.129020029,0.130035935,0.131042417,0.1320489,0.134061864,0.138087793),.UNSPECIFIED.);
#7322=EDGE_CURVE('',#7280,#6873,#7321,.T.);
#7323=ORIENTED_EDGE('',*,*,#7322,.F.);
#7324=CARTESIAN_POINT('',(109.970679453,-41.854196224,30.567913278));
#7325=CARTESIAN_POINT('',(110.013483993,-41.902353937,30.572017991));
#7326=CARTESIAN_POINT('',(110.05628852,-41.95051146,30.576125062));
#7327=CARTESIAN_POINT('',(110.099093757,-41.998668837,30.580226449));
#7328=B_SPLINE_CURVE_WITH_KNOTS('',3,(#7324,#7325,#7326,#7327),.UNSPECIFIED.,.F.,.F.,(4,4),(0.000607819,0.000801505),.UNSPECIFIED.);
#7329=EDGE_CURVE('',#5484,#7280,#7328,.T.);
#7330=ORIENTED_EDGE('',*,*,#7329,.F.);
#7331=ORIENTED_EDGE('',*,*,#5490,.F.);
#7332=EDGE_LOOP('',(#7277,#7278,#7323,#7330,#7331));
#7333=FACE_BOUND('',#7332,.T.);
#7334=ADVANCED_FACE('',(#7333),#7276,.T.);
#7335=CARTESIAN_POINT('',(115.170251313,-31.668560676,31.759765259));
#7336=DIRECTION('',(0.,0.,-1.));
#7337=DIRECTION('',(-1.,0.,0.));
#7338=AXIS2_PLACEMENT_3D('',#7335,#7336,#7337);
#7339=PLANE('',#7338);
#7340=ORIENTED_EDGE('',*,*,#1719,.F.);
#7341=ORIENTED_EDGE('',*,*,#4473,.F.);
#7342=CARTESIAN_POINT('',(111.311115889,-40.619974378,31.759765259));
#7343=CARTESIAN_POINT('',(111.311520489,-40.619452052,31.759765259));
#7344=CARTESIAN_POINT('',(111.311925051,-40.618929696,31.759765259));
#7345=CARTESIAN_POINT('',(111.312329573,-40.618407309,31.759765259));
#7346=B_SPLINE_CURVE_WITH_KNOTS('',3,(#7342,#7343,#7344,#7345),.UNSPECIFIED.,.F.,.F.,(4,4),(0.,0.000001982),.UNSPECIFIED.);
#7347=EDGE_CURVE('',#6709,#4467,#7346,.T.);
#7348=ORIENTED_EDGE('',*,*,#7347,.F.);
#7349=ORIENTED_EDGE('',*,*,#6715,.T.);
#7350=ORIENTED_EDGE('',*,*,#5909,.F.);
#7351=ORIENTED_EDGE('',*,*,#6274,.F.);
#7352=ORIENTED_EDGE('',*,*,#3875,.F.);
#7353=ORIENTED_EDGE('',*,*,#6747,.T.);
#7354=ORIENTED_EDGE('',*,*,#4626,.T.);
#7355=EDGE_LOOP('',(#7340,#7341,#7348,#7349,#7350,#7351,#7352,#7353,#7354));
#7356=FACE_BOUND('',#7355,.T.);
#7357=ADVANCED_FACE('',(#7356),#7339,.F.);
#7358=CARTESIAN_POINT('',(103.878670568,-46.833947024,25.560108848));
#7359=CARTESIAN_POINT('',(103.866323069,-46.845897716,25.560005826));
#7360=CARTESIAN_POINT('',(103.854218149,-46.857689958,25.560039398));
#7361=CARTESIAN_POINT('',(103.83635579,-46.875098614,25.560077007));
#7362=CARTESIAN_POINT('',(103.830408677,-46.880896169,25.560087817));
#7363=CARTESIAN_POINT('',(103.81852189,-46.892485603,25.560103157));
#7364=CARTESIAN_POINT('',(103.812596209,-46.898263796,25.560107602));
#7365=CARTESIAN_POINT('',(103.802185382,-46.908415814,25.56010776));
#7366=CARTESIAN_POINT('',(103.797703195,-46.912787851,25.560107692));
#7367=CARTESIAN_POINT('',(103.788759367,-46.921514674,25.560107692));
#7368=CARTESIAN_POINT('',(103.784288014,-46.925878898,25.560107692));
#7369=CARTESIAN_POINT('',(103.77087574,-46.938973943,25.560107692));
#7370=CARTESIAN_POINT('',(103.761936605,-46.94770714,25.560107692));
#7371=CARTESIAN_POINT('',(103.735127194,-46.973915749,25.560107692));
#7372=CARTESIAN_POINT('',(103.717264605,-46.991400496,25.560107692));
#7373=CARTESIAN_POINT('',(103.67561073,-47.032227737,25.560107692));
#7374=CARTESIAN_POINT('',(103.651908957,-47.055495404,25.560107692));
#7375=CARTESIAN_POINT('',(103.628060828,-47.07895628,25.560107692));
#7376=CARTESIAN_POINT('',(103.881683936,-46.831023116,24.859779002));
#7377=CARTESIAN_POINT('',(103.866670135,-46.845554424,24.859653732));
#7378=CARTESIAN_POINT('',(103.853335859,-46.858550039,24.859698027));
#7379=CARTESIAN_POINT('',(103.835662258,-46.875774732,24.859735239));
#7380=CARTESIAN_POINT('',(103.829819232,-46.88147084,24.859745846));
#7381=CARTESIAN_POINT('',(103.818184579,-46.892814493,24.85976086));
#7382=CARTESIAN_POINT('',(103.812505346,-46.898352398,24.859765171));
#7383=CARTESIAN_POINT('',(103.802253569,-46.908349323,24.859765325));
#7384=CARTESIAN_POINT('',(103.797703195,-46.912787851,24.859765259));
#7385=CARTESIAN_POINT('',(103.788759367,-46.921514674,24.859765259));
#7386=CARTESIAN_POINT('',(103.784288014,-46.925878898,24.859765259));
#7387=CARTESIAN_POINT('',(103.77087574,-46.938973943,24.859765259));
#7388=CARTESIAN_POINT('',(103.761936605,-46.94770714,24.859765259));
#7389=CARTESIAN_POINT('',(103.735127194,-46.973915749,24.859765259));
#7390=CARTESIAN_POINT('',(103.717264605,-46.991400496,24.859765259));
#7391=CARTESIAN_POINT('',(103.67561073,-47.032227737,24.859765259));
#7392=CARTESIAN_POINT('',(103.651908957,-47.055495404,24.859765259));
#7393=CARTESIAN_POINT('',(103.628060828,-47.07895628,24.859765259));
#7394=B_SPLINE_SURFACE_WITH_KNOTS('',1,3,((#7358,#7359,#7360,#7361,#7362,#7363,#7364,#7365,#7366,#7367,#7368,#7369,#7370,#7371,#7372,#7373,#7374,#7375),(#7376,#7377,#7378,#7379,#7380,#7381,#7382,#7383,#7384,#7385,#7386,#7387,#7388,#7389,#7390,#7391,#7392,#7393)),.UNSPECIFIED.,.F.,.F.,.U.,(2,2),(4,2,2,2,2,2,2,2,4),(0.124571959,1.),(0.765291508,0.769316179,0.7713284,0.77334062,0.774850675,0.776360731,0.779380842,0.785421063,0.79347673),.UNSPECIFIED.);
#7395=CARTESIAN_POINT('',(103.878672033,-46.833945603,25.559768365));
#7396=DIRECTION('',(0.004302706,0.00417497,-0.999982028));
#7397=VECTOR('',#7396,0.700001944);
#7398=LINE('',#7395,#7397);
#7399=EDGE_CURVE('',#4348,#7003,#7398,.T.);
#7400=ORIENTED_EDGE('',*,*,#7399,.T.);
#7401=ORIENTED_EDGE('',*,*,#7113,.T.);
#7402=CARTESIAN_POINT('',(103.628060828,-47.07895628,25.559765259));
#7403=DIRECTION('',(0.,-0.,-1.));
#7404=VECTOR('',#7403,0.7);
#7405=LINE('',#7402,#7404);
#7406=EDGE_CURVE('',#4357,#7087,#7405,.T.);
#7407=ORIENTED_EDGE('',*,*,#7406,.F.);
#7408=ORIENTED_EDGE('',*,*,#4363,.F.);
#7409=EDGE_LOOP('',(#7400,#7401,#7407,#7408));
#7410=FACE_BOUND('',#7409,.T.);
#7411=ADVANCED_FACE('',(#7410),#7394,.T.);
#7412=CARTESIAN_POINT('',(103.628060826,-47.078956282,25.559765259));
#7413=CARTESIAN_POINT('',(103.551635337,-47.15414075,25.559765259));
#7414=CARTESIAN_POINT('',(103.473075836,-47.22717429,25.559765259));
#7415=CARTESIAN_POINT('',(103.312671306,-47.368037247,25.559765259));
#7416=CARTESIAN_POINT('',(103.230706203,-47.435988932,25.559765259));
#7417=CARTESIAN_POINT('',(102.979554447,-47.63236011,25.559765259));
#7418=CARTESIAN_POINT('',(102.805133207,-47.753326307,25.559765259));
#7419=CARTESIAN_POINT('',(102.442011012,-47.974394148,25.559765259));
#7420=CARTESIAN_POINT('',(102.253315189,-48.074506873,25.559765259));
#7421=CARTESIAN_POINT('',(101.861029899,-48.252428286,25.559765259));
#7422=CARTESIAN_POINT('',(101.659693304,-48.329133831,25.559765259));
#7423=CARTESIAN_POINT('',(101.454784567,-48.392711531,25.559765259));
#7424=CARTESIAN_POINT('',(103.628060826,-47.078956282,24.859765259));
#7425=CARTESIAN_POINT('',(103.551635337,-47.15414075,24.859765259));
#7426=CARTESIAN_POINT('',(103.473075836,-47.22717429,24.859765259));
#7427=CARTESIAN_POINT('',(103.312671306,-47.368037247,24.859765259));
#7428=CARTESIAN_POINT('',(103.230706203,-47.435988932,24.859765259));
#7429=CARTESIAN_POINT('',(102.979554447,-47.63236011,24.859765259));
#7430=CARTESIAN_POINT('',(102.805133207,-47.753326307,24.859765259));
#7431=CARTESIAN_POINT('',(102.442011012,-47.974394148,24.859765259));
#7432=CARTESIAN_POINT('',(102.253315189,-48.074506873,24.859765259));
#7433=CARTESIAN_POINT('',(101.861029899,-48.252428286,24.859765259));
#7434=CARTESIAN_POINT('',(101.659693304,-48.329133831,24.859765259));
#7435=CARTESIAN_POINT('',(101.454784567,-48.392711531,24.859765259));
#7436=B_SPLINE_SURFACE_WITH_KNOTS('',1,3,((#7412,#7413,#7414,#7415,#7416,#7417,#7418,#7419,#7420,#7421,#7422,#7423),(#7424,#7425,#7426,#7427,#7428,#7429,#7430,#7431,#7432,#7433,#7434,#7435)),.UNSPECIFIED.,.F.,.F.,.U.,(2,2),(4,2,2,2,2,4),(0.125,1.),(0.793476731,0.819292139,0.845107548,0.896738365,0.948369183,1.),.UNSPECIFIED.);
#7437=ORIENTED_EDGE('',*,*,#7406,.T.);
#7438=ORIENTED_EDGE('',*,*,#7173,.T.);
#7439=ORIENTED_EDGE('',*,*,#4412,.F.);
#7440=ORIENTED_EDGE('',*,*,#4376,.F.);
#7441=EDGE_LOOP('',(#7437,#7438,#7439,#7440));
#7442=FACE_BOUND('',#7441,.T.);
#7443=ADVANCED_FACE('',(#7442),#7436,.T.);
#7444=CARTESIAN_POINT('',(109.814667025,-42.199482388,31.187608647));
#7445=CARTESIAN_POINT('',(109.814136989,-42.200066959,31.187162981));
#7446=CARTESIAN_POINT('',(109.813615229,-42.20064231,31.186724072));
#7447=CARTESIAN_POINT('',(109.812486137,-42.20188707,31.185773607));
#7448=CARTESIAN_POINT('',(109.811883892,-42.202550848,31.185266289));
#7449=CARTESIAN_POINT('',(109.810077262,-42.204541581,31.183743367));
#7450=CARTESIAN_POINT('',(109.808872983,-42.205867934,31.182726798));
#7451=CARTESIAN_POINT('',(109.805260577,-42.20984457,31.179673234));
#7452=CARTESIAN_POINT('',(109.802852881,-42.212492436,31.177632383));
#7453=CARTESIAN_POINT('',(109.795631585,-42.220426279,31.17149447));
#7454=CARTESIAN_POINT('',(109.790819777,-42.225702506,31.167382047));
#7455=CARTESIAN_POINT('',(109.776392064,-42.241491582,31.154983849));
#7456=CARTESIAN_POINT('',(109.766783872,-42.25196483,31.146637143));
#7457=CARTESIAN_POINT('',(109.737994503,-42.283221421,31.121357409));
#7458=CARTESIAN_POINT('',(109.718848531,-42.30384161,31.104184759));
#7459=CARTESIAN_POINT('',(109.661586277,-42.365011704,31.051741317));
#7460=CARTESIAN_POINT('',(109.62364789,-42.404868786,31.015547157));
#7461=CARTESIAN_POINT('',(109.510800355,-42.521390611,30.903515487));
#7462=CARTESIAN_POINT('',(109.43673699,-42.595146481,30.824137739));
#7463=CARTESIAN_POINT('',(109.290987424,-42.734735923,30.655965973));
#7464=CARTESIAN_POINT('',(109.219138818,-42.800711595,30.56696251));
#7465=CARTESIAN_POINT('',(109.1140273,-42.892920915,30.427420874));
#7466=CARTESIAN_POINT('',(109.079392309,-42.92257015,30.379850806));
#7467=CARTESIAN_POINT('',(109.028125465,-42.965351123,30.307020308));
#7468=CARTESIAN_POINT('',(109.011150529,-42.979329533,30.282497233));
#7469=CARTESIAN_POINT('',(108.985868841,-42.999867066,30.245356131));
#7470=CARTESIAN_POINT('',(108.97747173,-43.006641231,30.232916348));
#7471=CARTESIAN_POINT('',(108.964922454,-43.016694062,30.214169163));
#7472=CARTESIAN_POINT('',(108.960747093,-43.020026936,30.207905516));
#7473=CARTESIAN_POINT('',(108.954495801,-43.02499903,30.19848837));
#7474=CARTESIAN_POINT('',(108.952413995,-43.026651859,30.195345708));
#7475=CARTESIAN_POINT('',(108.948254324,-43.029948425,30.189053193));
#7476=CARTESIAN_POINT('',(108.94616893,-43.031598136,30.185891993));
#7477=CARTESIAN_POINT('',(108.942051412,-43.034849408,30.179636968));
#7478=CARTESIAN_POINT('',(108.940017729,-43.036451686,30.176538996));
#7479=CARTESIAN_POINT('',(108.93593507,-43.039661544,30.170303842));
#7480=CARTESIAN_POINT('',(108.933893691,-43.041263151,30.16717828));
#7481=CARTESIAN_POINT('',(108.927768336,-43.046059606,30.157778532));
#7482=CARTESIAN_POINT('',(108.923683157,-43.049246068,30.151481272));
#7483=CARTESIAN_POINT('',(108.911414287,-43.058784747,30.132504339));
#7484=CARTESIAN_POINT('',(108.903217325,-43.065116154,30.119739453));
#7485=CARTESIAN_POINT('',(108.894979654,-43.071454649,30.106880251));
#7486=CARTESIAN_POINT('',(110.10071005,-41.99688679,30.581586352));
#7487=CARTESIAN_POINT('',(110.10023923,-41.997406054,30.581190481));
#7488=CARTESIAN_POINT('',(110.099834535,-41.997852307,30.580850026));
#7489=CARTESIAN_POINT('',(110.098879969,-41.998904661,30.580046477));
#7490=CARTESIAN_POINT('',(110.098370808,-41.999465845,30.579617571));
#7491=CARTESIAN_POINT('',(110.096843396,-42.001148908,30.578330018));
#7492=CARTESIAN_POINT('',(110.095825214,-42.002270299,30.57747054));
#7493=CARTESIAN_POINT('',(110.092770961,-42.005632506,30.574888781));
#7494=CARTESIAN_POINT('',(110.09073518,-42.007871358,30.573163179));
#7495=CARTESIAN_POINT('',(110.084629088,-42.014579958,30.56797316));
#7496=CARTESIAN_POINT('',(110.080560025,-42.019041754,30.564495528));
#7497=CARTESIAN_POINT('',(110.068358511,-42.032394575,30.554010373));
#7498=CARTESIAN_POINT('',(110.060231733,-42.041253038,30.546950589));
#7499=CARTESIAN_POINT('',(110.035879495,-42.067692244,30.525567065));
#7500=CARTESIAN_POINT('',(110.019682131,-42.085136786,30.511039118));
#7501=CARTESIAN_POINT('',(109.971245493,-42.136878975,30.466678582));
#7502=CARTESIAN_POINT('',(109.939179051,-42.17056694,30.436085958));
#7503=CARTESIAN_POINT('',(109.843839647,-42.26901057,30.341435828));
#7504=CARTESIAN_POINT('',(109.781309103,-42.331280052,30.274415324));
#7505=CARTESIAN_POINT('',(109.658341963,-42.449049974,30.132530854));
#7506=CARTESIAN_POINT('',(109.59761271,-42.504815871,30.057303142));
#7507=CARTESIAN_POINT('',(109.508874478,-42.582661684,29.939497986));
#7508=CARTESIAN_POINT('',(109.479608784,-42.607714777,29.899303042));
#7509=CARTESIAN_POINT('',(109.436304472,-42.64385118,29.83778426));
#7510=CARTESIAN_POINT('',(109.421966499,-42.655658108,29.81707068));
#7511=CARTESIAN_POINT('',(109.400615026,-42.673002933,29.785703425));
#7512=CARTESIAN_POINT('',(109.393523782,-42.678723617,29.775198194));
#7513=CARTESIAN_POINT('',(109.382927064,-42.687212312,29.75936791));
#7514=CARTESIAN_POINT('',(109.379401516,-42.690026489,29.754079075));
#7515=CARTESIAN_POINT('',(109.374123389,-42.694224554,29.746127938));
#7516=CARTESIAN_POINT('',(109.372365713,-42.695620043,29.743474577));
#7517=CARTESIAN_POINT('',(109.368853785,-42.698403268,29.738161932));
#7518=CARTESIAN_POINT('',(109.367039585,-42.699838353,29.735411641));
#7519=CARTESIAN_POINT('',(109.363670132,-42.70249896,29.730293047));
#7520=CARTESIAN_POINT('',(109.36209548,-42.703739597,29.727894104));
#7521=CARTESIAN_POINT('',(109.358783467,-42.706343843,29.72283569));
#7522=CARTESIAN_POINT('',(109.357107238,-42.70765919,29.720269141));
#7523=CARTESIAN_POINT('',(109.352017272,-42.711645536,29.712457773));
#7524=CARTESIAN_POINT('',(109.34854228,-42.714356796,29.707101207));
#7525=CARTESIAN_POINT('',(109.337866743,-42.722658052,29.690587747));
#7526=CARTESIAN_POINT('',(109.330415956,-42.728414887,29.678986728));
#7527=CARTESIAN_POINT('',(109.322612996,-42.734418893,29.66680612));
#7528=B_SPLINE_SURFACE_WITH_KNOTS('',1,3,((#7444,#7445,#7446,#7447,#7448,#7449,#7450,#7451,#7452,#7453,#7454,#7455,#7456,#7457,#7458,#7459,#7460,#7461,#7462,#7463,#7464,#7465,#7466,#7467,#7468,#7469,
#7470,#7471,#7472,#7473,#7474,#7475,#7476,#7477,#7478,#7479,#7480,#7481,#7482,#7483,#7484,#7485),(#7486,#7487,#7488,#7489,#7490,#7491,#7492,#7493,#7494,#7495,#7496,#7497,#7498,#7499,#7500,#7501,#7502,#7503,#7504,#7505,#7506,#7507,#7508,#7509,#7510,#7511,
#7512,#7513,#7514,#7515,#7516,#7517,#7518,#7519,#7520,#7521,#7522,#7523,#7524,#7525,#7526,#7527)),.UNSPECIFIED.,.F.,.F.,.U.,(2,2),(4,2,2,2,2,2,2,2,2,2,2,2,2,2,2,2,2,2,2,2,4),(0.124885171,1.),(0.000031824,0.000253976,0.000507953,0.001015906,0.002031811,0.004063623,0.008127246,0.016254492,0.032508984,0.065017968,0.097526951,0.113781443,0.121908689,0.125972312,0.128004124,0.129020029,0.130035935,0.131042417,0.1320489,0.134061864,0.138087793),.UNSPECIFIED.);
#7529=CARTESIAN_POINT('',(110.099094202,-41.998668467,30.580226784));
#7530=CARTESIAN_POINT('',(110.004324225,-42.065579031,30.782604371));
#7531=CARTESIAN_POINT('',(109.90955423,-42.132489304,30.984982046));
#7532=CARTESIAN_POINT('',(109.814784423,-42.199399238,31.187359921));
#7533=B_SPLINE_CURVE_WITH_KNOTS('',3,(#7529,#7530,#7531,#7532),.UNSPECIFIED.,.F.,.F.,(4,4),(-0.,0.000699811),.UNSPECIFIED.);
#7534=EDGE_CURVE('',#7280,#6694,#7533,.T.);
#7535=ORIENTED_EDGE('',*,*,#7534,.F.);
#7536=ORIENTED_EDGE('',*,*,#7322,.T.);
#7537=CARTESIAN_POINT('',(108.895137777,-43.071330026,30.106717528));
#7538=DIRECTION('',(0.610824614,0.481416474,-0.628594837));
#7539=VECTOR('',#7538,0.699832996);
#7540=LINE('',#7537,#7539);
#7541=EDGE_CURVE('',#6340,#6873,#7540,.T.);
#7542=ORIENTED_EDGE('',*,*,#7541,.F.);
#7543=ORIENTED_EDGE('',*,*,#6346,.T.);
#7544=ORIENTED_EDGE('',*,*,#6703,.F.);
#7545=EDGE_LOOP('',(#7535,#7536,#7542,#7543,#7544));
#7546=FACE_BOUND('',#7545,.T.);
#7547=ADVANCED_FACE('',(#7546),#7528,.T.);
#7548=CARTESIAN_POINT('',(111.312305641,-40.618389824,31.760067933));
#7549=CARTESIAN_POINT('',(111.312305559,-40.618389929,31.760067933));
#7550=CARTESIAN_POINT('',(111.312305478,-40.618390035,31.760067933));
#7551=CARTESIAN_POINT('',(111.312305396,-40.61839014,31.760067932));
#7552=CARTESIAN_POINT('',(111.302210036,-40.631434104,31.760023281));
#7553=CARTESIAN_POINT('',(111.292134562,-40.644408882,31.759934048));
#7554=CARTESIAN_POINT('',(111.277046634,-40.663762241,31.759684715));
#7555=CARTESIAN_POINT('',(111.272021543,-40.67019523,31.759582378));
#7556=CARTESIAN_POINT('',(111.261979074,-40.683024155,31.759331284));
#7557=CARTESIAN_POINT('',(111.256975318,-40.689402744,31.759182911));
#7558=CARTESIAN_POINT('',(111.248441836,-40.700256336,31.758883755));
#7559=CARTESIAN_POINT('',(111.244914385,-40.704736362,31.758749251));
#7560=CARTESIAN_POINT('',(111.237871987,-40.713667645,31.758459427));
#7561=CARTESIAN_POINT('',(111.23434781,-40.718130622,31.758303711));
#7562=CARTESIAN_POINT('',(111.223766437,-40.731511441,31.757804157));
#7563=CARTESIAN_POINT('',(111.216700396,-40.74042117,31.757427909));
#7564=CARTESIAN_POINT('',(111.195467598,-40.767116933,31.756169549));
#7565=CARTESIAN_POINT('',(111.181266163,-40.784869545,31.755157818));
#7566=CARTESIAN_POINT('',(111.13852875,-40.83798591,31.751604285));
#7567=CARTESIAN_POINT('',(111.109859658,-40.873208196,31.748544138));
#7568=CARTESIAN_POINT('',(111.023364707,-40.978247045,31.737291501));
#7569=CARTESIAN_POINT('',(110.965051173,-41.047435566,31.727026762));
#7570=CARTESIAN_POINT('',(110.788518018,-41.251993066,31.687954835));
#7571=CARTESIAN_POINT('',(110.668718111,-41.384340713,31.650873993));
#7572=CARTESIAN_POINT('',(110.42672932,-41.638434942,31.554695167));
#7573=CARTESIAN_POINT('',(110.304468994,-41.760182391,31.495676168));
#7574=CARTESIAN_POINT('',(110.059429932,-41.99028403,31.356807629));
#7575=CARTESIAN_POINT('',(109.936649449,-42.098582634,31.276948829));
#7576=CARTESIAN_POINT('',(109.814775883,-42.199405261,31.187378321));
#7577=CARTESIAN_POINT('',(111.367375105,-40.658626625,31.063573621));
#7578=CARTESIAN_POINT('',(111.367375029,-40.658626723,31.063573621));
#7579=CARTESIAN_POINT('',(111.367374953,-40.658626821,31.063573621));
#7580=CARTESIAN_POINT('',(111.367374877,-40.658626919,31.06357362));
#7581=CARTESIAN_POINT('',(111.358004791,-40.670733774,31.063532177));
#7582=CARTESIAN_POINT('',(111.348940075,-40.682404259,31.063450068));
#7583=CARTESIAN_POINT('',(111.335801547,-40.699254296,31.063232804));
#7584=CARTESIAN_POINT('',(111.331498491,-40.704761718,31.063144808));
#7585=CARTESIAN_POINT('',(111.323045657,-40.715558249,31.06293338));
#7586=CARTESIAN_POINT('',(111.319004756,-40.720708882,31.062813705));
#7587=CARTESIAN_POINT('',(111.311906791,-40.729736626,31.062564841));
#7588=CARTESIAN_POINT('',(111.308840759,-40.733630766,31.062448146));
#7589=CARTESIAN_POINT('',(111.302850908,-40.741227192,31.062201639));
#7590=CARTESIAN_POINT('',(111.299853454,-40.745023136,31.062069197));
#7591=CARTESIAN_POINT('',(111.290853596,-40.756404033,31.061644307));
#7592=CARTESIAN_POINT('',(111.284843694,-40.763982052,31.061324296));
#7593=CARTESIAN_POINT('',(111.266784728,-40.786687396,31.060254032));
#7594=CARTESIAN_POINT('',(111.254706398,-40.801786004,31.059393549));
#7595=CARTESIAN_POINT('',(111.218360125,-40.846959131,31.056371426));
#7596=CARTESIAN_POINT('',(111.19398089,-40.876910933,31.053769088));
#7597=CARTESIAN_POINT('',(111.12044432,-40.966213238,31.044202282));
#7598=CARTESIAN_POINT('',(111.070888157,-41.025010342,31.03547763));
#7599=CARTESIAN_POINT('',(110.920994502,-41.198699404,31.002301797));
#7600=CARTESIAN_POINT('',(110.81952977,-41.310782701,30.970881817));
#7601=CARTESIAN_POINT('',(110.614890809,-41.525658671,30.88954771));
#7602=CARTESIAN_POINT('',(110.511261708,-41.628853625,30.839523498));
#7603=CARTESIAN_POINT('',(110.304102355,-41.823384684,30.722122155));
#7604=CARTESIAN_POINT('',(110.200299662,-41.914944619,30.654608304));
#7605=CARTESIAN_POINT('',(110.097224713,-42.000215667,30.578853763));
#7606=B_SPLINE_SURFACE_WITH_KNOTS('',1,3,((#7548,#7549,#7550,#7551,#7552,#7553,#7554,#7555,#7556,#7557,#7558,#7559,#7560,#7561,#7562,#7563,#7564,#7565,#7566,#7567,#7568,#7569,#7570,#7571,#7572,#7573,
#7574,#7575,#7576),(#7577,#7578,#7579,#7580,#7581,#7582,#7583,#7584,#7585,#7586,#7587,#7588,#7589,#7590,#7591,#7592,#7593,#7594,#7595,#7596,#7597,#7598,#7599,#7600,#7601,#7602,
#7603,#7604,#7605)),.UNSPECIFIED.,.F.,.F.,.U.,(2,2),(4,3,2,2,2,2,2,2,2,2,2,2,2,4),(0.125217909,1.),(0.543939733,0.543939812,0.553719958,0.558610031,0.563500105,0.56691026,0.570320416,0.577140726,0.590781348,0.618062592,0.672625079,0.781750052,0.890875026,0.999921883),.UNSPECIFIED.);
#7607=ORIENTED_EDGE('',*,*,#4509,.T.);
#7608=CARTESIAN_POINT('',(111.367374877,-40.658626919,31.06357362));
#7609=CARTESIAN_POINT('',(111.358004791,-40.670733774,31.063532177));
#7610=CARTESIAN_POINT('',(111.348940075,-40.682404259,31.063450068));
#7611=CARTESIAN_POINT('',(111.335801547,-40.699254296,31.063232804));
#7612=CARTESIAN_POINT('',(111.331498491,-40.704761718,31.063144808));
#7613=CARTESIAN_POINT('',(111.323045657,-40.715558249,31.06293338));
#7614=CARTESIAN_POINT('',(111.319004756,-40.720708882,31.062813705));
#7615=CARTESIAN_POINT('',(111.311906791,-40.729736626,31.062564841));
#7616=CARTESIAN_POINT('',(111.308840759,-40.733630766,31.062448146));
#7617=CARTESIAN_POINT('',(111.302850908,-40.741227192,31.062201639));
#7618=CARTESIAN_POINT('',(111.299853454,-40.745023136,31.062069197));
#7619=CARTESIAN_POINT('',(111.290853596,-40.756404033,31.061644307));
#7620=CARTESIAN_POINT('',(111.284843694,-40.763982052,31.061324296));
#7621=CARTESIAN_POINT('',(111.266784728,-40.786687396,31.060254032));
#7622=CARTESIAN_POINT('',(111.254706398,-40.801786004,31.059393549));
#7623=CARTESIAN_POINT('',(111.218360125,-40.846959131,31.056371426));
#7624=CARTESIAN_POINT('',(111.19398089,-40.876910933,31.053769088));
#7625=CARTESIAN_POINT('',(111.12044432,-40.966213238,31.044202282));
#7626=CARTESIAN_POINT('',(111.070888157,-41.025010342,31.03547763));
#7627=CARTESIAN_POINT('',(110.920994502,-41.198699404,31.002301797));
#7628=CARTESIAN_POINT('',(110.81952977,-41.310782701,30.970881817));
#7629=CARTESIAN_POINT('',(110.614890809,-41.525658671,30.88954771));
#7630=CARTESIAN_POINT('',(110.511261708,-41.628853625,30.839523498));
#7631=CARTESIAN_POINT('',(110.355836563,-41.774804158,30.751440964));
#7632=CARTESIAN_POINT('',(110.303975472,-41.822023032,30.719875514));
#7633=CARTESIAN_POINT('',(110.226240251,-41.890634477,30.669302376));
#7634=CARTESIAN_POINT('',(110.200342824,-41.913130942,30.651910031));
#7635=CARTESIAN_POINT('',(110.161546251,-41.94629587,30.625036883));
#7636=CARTESIAN_POINT('',(110.14862232,-41.957254221,30.615948401));
#7637=CARTESIAN_POINT('',(110.129252334,-41.97354449,30.602121744));
#7638=CARTESIAN_POINT('',(110.122798327,-41.978950043,30.597480537));
#7639=CARTESIAN_POINT('',(110.113121729,-41.987021265,30.590470523));
#7640=CARTESIAN_POINT('',(110.109896933,-41.989705489,30.588125817));
#7641=CARTESIAN_POINT('',(110.105060898,-41.993722514,30.584596744));
#7642=CARTESIAN_POINT('',(110.10344908,-41.995059971,30.583418384));
#7643=CARTESIAN_POINT('',(110.101031649,-41.997063824,30.581647843));
#7644=CARTESIAN_POINT('',(110.100225888,-41.997731386,30.581057164));
#7645=CARTESIAN_POINT('',(110.099310165,-41.998489657,30.580385264));
#7646=CARTESIAN_POINT('',(110.099201721,-41.998579448,30.580305686));
#7647=CARTESIAN_POINT('',(110.099094205,-41.998668466,30.580226778));
#7648=B_SPLINE_CURVE_WITH_KNOTS('',3,(#7608,#7609,#7610,#7611,#7612,#7613,#7614,#7615,#7616,#7617,#7618,#7619,#7620,#7621,#7622,#7623,#7624,#7625,#7626,#7627,#7628,#7629,#7630,#7631,#7632,#7633,
#7634,#7635,#7636,#7637,#7638,#7639,#7640,#7641,#7642,#7643,#7644,#7645,#7646,#7647),.UNSPECIFIED.,.F.,.F.,(4,2,2,2,2,2,2,2,2,2,2,2,2,2,2,2,2,2,2,4),(0.543939812,0.553719958,0.558610031,0.563500105,0.56691026,0.570320416,0.577140726,0.590781348,0.618062592,0.672625079,0.781750052,0.890875026,0.945437513,0.972718757,0.986359378,0.993179689,0.996589845,0.998294922,0.999147461,0.999263868),.UNSPECIFIED.);
#7649=EDGE_CURVE('',#4477,#7280,#7648,.T.);
#7650=ORIENTED_EDGE('',*,*,#7649,.T.);
#7651=ORIENTED_EDGE('',*,*,#7534,.T.);
#7652=ORIENTED_EDGE('',*,*,#6731,.T.);
#7653=ORIENTED_EDGE('',*,*,#7347,.T.);
#7654=EDGE_LOOP('',(#7607,#7650,#7651,#7652,#7653));
#7655=FACE_BOUND('',#7654,.T.);
#7656=ADVANCED_FACE('',(#7655),#7606,.T.);
#7657=CARTESIAN_POINT('',(108.895041935,-43.071405563,30.106816158));
#7658=CARTESIAN_POINT('',(108.886803925,-43.07774432,30.093956425));
#7659=CARTESIAN_POINT('',(108.878530763,-43.084085837,30.081011059));
#7660=CARTESIAN_POINT('',(108.866036069,-43.093654156,30.061499361));
#7661=CARTESIAN_POINT('',(108.861857001,-43.096852933,30.054979857));
#7662=CARTESIAN_POINT('',(108.855562927,-43.101671692,30.045181661));
#7663=CARTESIAN_POINT('',(108.85346066,-43.103281372,30.041912436));
#7664=CARTESIAN_POINT('',(108.849246913,-43.106508704,30.035368427));
#7665=CARTESIAN_POINT('',(108.84712778,-43.10813225,30.032081878));
#7666=CARTESIAN_POINT('',(108.842738525,-43.111496407,30.025285168));
#7667=CARTESIAN_POINT('',(108.840472703,-43.113233083,30.0217801));
#7668=CARTESIAN_POINT('',(108.835922692,-43.116720377,30.014747952));
#7669=CARTESIAN_POINT('',(108.833646447,-43.11846494,30.011233279));
#7670=CARTESIAN_POINT('',(108.826813993,-43.12370137,30.000693458));
#7671=CARTESIAN_POINT('',(108.822254067,-43.127195981,29.99367251));
#7672=CARTESIAN_POINT('',(108.808559423,-43.137690773,29.972626458));
#7673=CARTESIAN_POINT('',(108.79940984,-43.144701912,29.958618143));
#7674=CARTESIAN_POINT('',(108.771901689,-43.165779038,29.916660276));
#7675=CARTESIAN_POINT('',(108.753483715,-43.179888733,29.888777802));
#7676=CARTESIAN_POINT('',(108.697992615,-43.222391671,29.805398042));
#7677=CARTESIAN_POINT('',(108.660682308,-43.250958764,29.750168418));
#7678=CARTESIAN_POINT('',(108.547806193,-43.337347571,29.585544969));
#7679=CARTESIAN_POINT('',(108.471295184,-43.39585681,29.477216576));
#7680=CARTESIAN_POINT('',(108.238009562,-43.574071578,29.156451051));
#7681=CARTESIAN_POINT('',(108.077485342,-43.696461837,28.948237343));
#7682=CARTESIAN_POINT('',(107.746568623,-43.948080692,28.542820727));
#7683=CARTESIAN_POINT('',(107.576081135,-44.077430591,28.345534033));
#7684=CARTESIAN_POINT('',(107.227546287,-44.341834655,27.963957107));
#7685=CARTESIAN_POINT('',(107.049350877,-44.477140044,27.77940127));
#7686=CARTESIAN_POINT('',(106.68472496,-44.753093951,27.422553291));
#7687=CARTESIAN_POINT('',(106.498282785,-44.893703964,27.250256104));
#7688=CARTESIAN_POINT('',(106.116369433,-45.178737,26.917651984));
#7689=CARTESIAN_POINT('',(105.921438276,-45.322718187,26.757839434));
#7690=CARTESIAN_POINT('',(105.523727566,-45.611831575,26.451200961));
#7691=CARTESIAN_POINT('',(105.320756574,-45.756915052,26.304281815));
#7692=CARTESIAN_POINT('',(105.010613079,-45.975654698,26.093212201));
#7693=CARTESIAN_POINT('',(104.906301635,-46.04877736,26.024403428));
#7694=CARTESIAN_POINT('',(104.748553783,-46.158907038,25.923486009));
#7695=CARTESIAN_POINT('',(104.695757819,-46.195691126,25.890229567));
#7696=CARTESIAN_POINT('',(104.616258427,-46.250994812,25.840915871));
#7697=CARTESIAN_POINT('',(104.589707721,-46.269450631,25.824573133));
#7698=CARTESIAN_POINT('',(104.54980712,-46.29716828,25.800201383));
#7699=CARTESIAN_POINT('',(104.536494497,-46.30641315,25.792101192));
#7700=CARTESIAN_POINT('',(104.516507154,-46.320289188,25.779986447));
#7701=CARTESIAN_POINT('',(104.509841638,-46.32491599,25.775954122));
#7702=CARTESIAN_POINT('',(104.496504509,-46.334172548,25.767901311));
#7703=CARTESIAN_POINT('',(104.489817967,-46.338812706,25.763871945));
#7704=CARTESIAN_POINT('',(104.47700376,-46.347703855,25.756164446));
#7705=CARTESIAN_POINT('',(104.470873016,-46.351955157,25.752479103));
#7706=CARTESIAN_POINT('',(104.458574262,-46.360479521,25.745092391));
#7707=CARTESIAN_POINT('',(104.452421137,-46.364742296,25.741400057));
#7708=CARTESIAN_POINT('',(104.433938715,-46.377542383,25.730322968));
#7709=CARTESIAN_POINT('',(104.421398866,-46.386220917,25.722824309));
#7710=CARTESIAN_POINT('',(104.408601244,-46.395141711,25.715340837));
#7711=CARTESIAN_POINT('',(109.322612996,-42.734418893,29.66680612));
#7712=CARTESIAN_POINT('',(109.314809576,-42.740423254,29.654624792));
#7713=CARTESIAN_POINT('',(109.306659066,-42.746670521,29.641872054));
#7714=CARTESIAN_POINT('',(109.293882401,-42.75645608,29.621919027));
#7715=CARTESIAN_POINT('',(109.28953156,-42.759787095,29.615130786));
#7716=CARTESIAN_POINT('',(109.282862203,-42.764894286,29.604747521));
#7717=CARTESIAN_POINT('',(109.28061523,-42.766615126,29.60125295));
#7718=CARTESIAN_POINT('',(109.276072588,-42.770094915,29.59419774));
#7719=CARTESIAN_POINT('',(109.27371596,-42.771900609,29.590542814));
#7720=CARTESIAN_POINT('',(109.269012857,-42.77550533,29.583260086));
#7721=CARTESIAN_POINT('',(109.266695781,-42.777281284,29.579675832));
#7722=CARTESIAN_POINT('',(109.261931311,-42.780932947,29.572312233));
#7723=CARTESIAN_POINT('',(109.259547789,-42.782759728,29.568631918));
#7724=CARTESIAN_POINT('',(109.252393366,-42.788242917,29.557595423));
#7725=CARTESIAN_POINT('',(109.247618605,-42.791902172,29.550243694));
#7726=CARTESIAN_POINT('',(109.233278899,-42.8028913,29.528206307));
#7727=CARTESIAN_POINT('',(109.223698531,-42.81023254,29.513538447));
#7728=CARTESIAN_POINT('',(109.194895823,-42.832301573,29.469606008));
#7729=CARTESIAN_POINT('',(109.175611874,-42.847074671,29.440412571));
#7730=CARTESIAN_POINT('',(109.117514323,-42.891573998,29.353116413));
#7731=CARTESIAN_POINT('',(109.078454999,-42.921480236,29.295297847));
#7732=CARTESIAN_POINT('',(108.9602999,-43.01190927,29.122975298));
#7733=CARTESIAN_POINT('',(108.880226958,-43.073142345,29.009604526));
#7734=CARTESIAN_POINT('',(108.636145656,-43.259604295,28.673995045));
#7735=CARTESIAN_POINT('',(108.468298319,-43.387577811,28.456288971));
#7736=CARTESIAN_POINT('',(108.122457086,-43.650544806,28.03258786));
#7737=CARTESIAN_POINT('',(107.944375346,-43.785656517,27.826517194));
#7738=CARTESIAN_POINT('',(107.580399331,-44.061774494,27.428035234));
#7739=CARTESIAN_POINT('',(107.394371955,-44.203026525,27.235372815));
#7740=CARTESIAN_POINT('',(107.013899465,-44.490973332,26.863016292));
#7741=CARTESIAN_POINT('',(106.819476648,-44.637601201,26.683350942));
#7742=CARTESIAN_POINT('',(106.421480636,-44.934637188,26.336740613));
#7743=CARTESIAN_POINT('',(106.218471586,-45.084583244,26.170312869));
#7744=CARTESIAN_POINT('',(105.80459818,-45.385446004,25.851212814));
#7745=CARTESIAN_POINT('',(105.593491251,-45.536343702,25.6984105));
#7746=CARTESIAN_POINT('',(105.271128035,-45.763701741,25.479024696));
#7747=CARTESIAN_POINT('',(105.162734095,-45.839686217,25.407523426));
#7748=CARTESIAN_POINT('',(104.998845444,-45.954103117,25.302677466));
#7749=CARTESIAN_POINT('',(104.944000453,-45.992314808,25.268130391));
#7750=CARTESIAN_POINT('',(104.861425691,-46.049757909,25.216909022));
#7751=CARTESIAN_POINT('',(104.833849555,-46.068926534,25.199935106));
#7752=CARTESIAN_POINT('',(104.792410502,-46.097712907,25.174623648));
#7753=CARTESIAN_POINT('',(104.778585009,-46.107313936,25.166211398));
#7754=CARTESIAN_POINT('',(104.757828311,-46.121724105,25.153630326));
#7755=CARTESIAN_POINT('',(104.750906334,-46.126528931,25.149442853));
#7756=CARTESIAN_POINT('',(104.737056266,-46.136141497,25.141080334));
#7757=CARTESIAN_POINT('',(104.730009139,-46.141031875,25.136833796));
#7758=CARTESIAN_POINT('',(104.716901738,-46.15012646,25.12894994));
#7759=CARTESIAN_POINT('',(104.710797584,-46.154359313,25.125280599));
#7760=CARTESIAN_POINT('',(104.698303068,-46.163019417,25.117776294));
#7761=CARTESIAN_POINT('',(104.692032087,-46.16736388,25.114013204));
#7762=CARTESIAN_POINT('',(104.673071221,-46.180495321,25.102649369));
#7763=CARTESIAN_POINT('',(104.658733177,-46.190416401,25.094063953));
#7764=CARTESIAN_POINT('',(104.642569665,-46.201683443,25.08461226));
#7765=B_SPLINE_SURFACE_WITH_KNOTS('',1,3,((#7657,#7658,#7659,#7660,#7661,#7662,#7663,#7664,#7665,#7666,#7667,#7668,#7669,#7670,#7671,#7672,#7673,#7674,#7675,#7676,#7677,#7678,#7679,#7680,#7681,#7682,
#7683,#7684,#7685,#7686,#7687,#7688,#7689,#7690,#7691,#7692,#7693,#7694,#7695,#7696,#7697,#7698,#7699,#7700,#7701,#7702,#7703,#7704,#7705,#7706,#7707,
#7708,#7709,#7710),(#7711,#7712,#7713,#7714,#7715,#7716,#7717,#7718,#7719,#7720,#7721,#7722,#7723,#7724,#7725,#7726,#7727,#7728,#7729,#7730,#7731,#7732,#7733,#7734,#7735,#7736,
#7737,#7738,#7739,#7740,#7741,#7742,#7743,#7744,#7745,#7746,#7747,#7748,#7749,#7750,#7751,#7752,#7753,#7754,#7755,#7756,#7757,#7758,#7759,#7760,#7761,
#7762,#7763,#7764)),.UNSPECIFIED.,.F.,.F.,.U.,(2,2),(4,2,2,2,2,2,2,2,2,2,2,2,2,2,2,2,2,2,2,2,2,2,2,2,2,2,
4),(0.125012624,1.),(0.138087793,0.142113915,0.144126975,0.145133506,0.146140036,0.147228513,0.14831699,0.150493943,0.154847851,0.163555666,0.180971296,0.215802557,0.285465077,0.355127598,0.424790119,0.49445264,0.56411516,0.633777681,0.668608942,0.686024572,0.694732387,0.699086294,0.701263248,0.703440202,0.705452006,0.70746381,
0.711487418),.UNSPECIFIED.);
#7766=ORIENTED_EDGE('',*,*,#6362,.T.);
#7767=ORIENTED_EDGE('',*,*,#7541,.T.);
#7768=ORIENTED_EDGE('',*,*,#6929,.T.);
#7769=CARTESIAN_POINT('',(104.408833408,-46.394949744,25.714714973));
#7770=DIRECTION('',(0.334245425,0.276372941,-0.901053824));
#7771=VECTOR('',#7770,0.69929531);
#7772=LINE('',#7769,#7771);
#7773=EDGE_CURVE('',#6446,#6865,#7772,.T.);
#7774=ORIENTED_EDGE('',*,*,#7773,.F.);
#7775=ORIENTED_EDGE('',*,*,#6452,.T.);
#7776=EDGE_LOOP('',(#7766,#7767,#7768,#7774,#7775));
#7777=FACE_BOUND('',#7776,.T.);
#7778=ADVANCED_FACE('',(#7777),#7765,.T.);
#7779=CARTESIAN_POINT('',(104.408599244,-46.395143365,25.71534623));
#7780=CARTESIAN_POINT('',(104.395808351,-46.404059467,25.707866692));
#7781=CARTESIAN_POINT('',(104.382756908,-46.413220252,25.700400703));
#7782=CARTESIAN_POINT('',(104.362793416,-46.427443127,25.689477451));
#7783=CARTESIAN_POINT('',(104.35612466,-46.432228878,25.685910051));
#7784=CARTESIAN_POINT('',(104.342772176,-46.441880891,25.678930219));
#7785=CARTESIAN_POINT('',(104.336076733,-46.446755751,25.675511963));
#7786=CARTESIAN_POINT('',(104.321568732,-46.457394613,25.668280969));
#7787=CARTESIAN_POINT('',(104.313756134,-46.463169394,25.664493431));
#7788=CARTESIAN_POINT('',(104.298088916,-46.47484103,25.65710756));
#7789=CARTESIAN_POINT('',(104.29024676,-46.480728796,25.65351553));
#7790=CARTESIAN_POINT('',(104.266702169,-46.498542573,25.643042907));
#7791=CARTESIAN_POINT('',(104.250981603,-46.51061906,25.636465755));
#7792=CARTESIAN_POINT('',(104.203807229,-46.547408268,25.617954869));
#7793=CARTESIAN_POINT('',(104.172339037,-46.572681935,25.60724084));
#7794=CARTESIAN_POINT('',(104.109692801,-46.624496536,25.589113838));
#7795=CARTESIAN_POINT('',(104.078465562,-46.651077723,25.581683388));
#7796=CARTESIAN_POINT('',(104.031967528,-46.691796829,25.572939163));
#7797=CARTESIAN_POINT('',(104.016525806,-46.705510701,25.570424898));
#7798=CARTESIAN_POINT('',(103.993475607,-46.726271831,25.56724926));
#7799=CARTESIAN_POINT('',(103.985810932,-46.733223932,25.566290013));
#7800=CARTESIAN_POINT('',(103.970523355,-46.747188115,25.564569351));
#7801=CARTESIAN_POINT('',(103.962914919,-46.754186746,25.563809088));
#7802=CARTESIAN_POINT('',(103.94879925,-46.767263316,25.562578122));
#7803=CARTESIAN_POINT('',(103.942293247,-46.773328885,25.562085664));
#7804=CARTESIAN_POINT('',(103.929347578,-46.785474318,25.561252758));
#7805=CARTESIAN_POINT('',(103.922894493,-46.791566592,25.560911103));
#7806=CARTESIAN_POINT('',(103.90360724,-46.809887756,25.560104953));
#7807=CARTESIAN_POINT('',(103.891015742,-46.821998578,25.559865297));
#7808=CARTESIAN_POINT('',(103.878672059,-46.833945577,25.559762307));
#7809=CARTESIAN_POINT('',(104.642569648,-46.201683457,25.084612306));
#7810=CARTESIAN_POINT('',(104.626436171,-46.212929564,25.075178176));
#7811=CARTESIAN_POINT('',(104.608455973,-46.225540253,25.064864946));
#7812=CARTESIAN_POINT('',(104.578804445,-46.246665356,25.048640777));
#7813=CARTESIAN_POINT('',(104.568881312,-46.2537866,25.0433323));
#7814=CARTESIAN_POINT('',(104.549017107,-46.268145905,25.032948495));
#7815=CARTESIAN_POINT('',(104.538981884,-46.275452864,25.027825946));
#7816=CARTESIAN_POINT('',(104.517525475,-46.291187038,25.017131692));
#7817=CARTESIAN_POINT('',(104.506148965,-46.299596761,25.011617706));
#7818=CARTESIAN_POINT('',(104.483200979,-46.316692395,25.000799511));
#7819=CARTESIAN_POINT('',(104.47172872,-46.325305694,24.995544914));
#7820=CARTESIAN_POINT('',(104.437322252,-46.351337621,24.980240911));
#7821=CARTESIAN_POINT('',(104.41439839,-46.368948161,24.970651122));
#7822=CARTESIAN_POINT('',(104.345707161,-46.422517642,24.943697125));
#7823=CARTESIAN_POINT('',(104.300004032,-46.459226084,24.92814055));
#7824=CARTESIAN_POINT('',(104.209070607,-46.534436994,24.901828486));
#7825=CARTESIAN_POINT('',(104.164065064,-46.572753007,24.89113251));
#7826=CARTESIAN_POINT('',(104.097319485,-46.631203618,24.878580574));
#7827=CARTESIAN_POINT('',(104.075201346,-46.650847354,24.874980261));
#7828=CARTESIAN_POINT('',(104.042235587,-46.680539448,24.870438543));
#7829=CARTESIAN_POINT('',(104.031282223,-46.690474573,24.869067804));
#7830=CARTESIAN_POINT('',(104.009448511,-46.710418253,24.866610351));
#7831=CARTESIAN_POINT('',(103.998683741,-46.720319692,24.865533518));
#7832=CARTESIAN_POINT('',(103.978369289,-46.739138782,24.863762059));
#7833=CARTESIAN_POINT('',(103.968876677,-46.747988605,24.86304294));
#7834=CARTESIAN_POINT('',(103.950218837,-46.76549338,24.861842511));
#7835=CARTESIAN_POINT('',(103.940946093,-46.774248013,24.861352016));
#7836=CARTESIAN_POINT('',(103.913366303,-46.800446369,24.860199247));
#7837=CARTESIAN_POINT('',(103.89667244,-46.81651629,24.859904111));
#7838=CARTESIAN_POINT('',(103.881683935,-46.831023116,24.859779053));
#7839=B_SPLINE_SURFACE_WITH_KNOTS('',1,3,((#7779,#7780,#7781,#7782,#7783,#7784,#7785,#7786,#7787,#7788,#7789,#7790,#7791,#7792,#7793,#7794,#7795,#7796,#7797,#7798,#7799,#7800,#7801,#7802,#7803,#7804,
#7805,#7806,#7807,#7808),(#7809,#7810,#7811,#7812,#7813,#7814,#7815,#7816,#7817,#7818,#7819,#7820,#7821,#7822,#7823,#7824,#7825,#7826,#7827,#7828,#7829,#7830,#7831,#7832,#7833,#7834,
#7835,#7836,#7837,#7838)),.UNSPECIFIED.,.F.,.F.,.U.,(2,2),(4,2,2,2,2,2,2,2,2,2,2,2,2,2,4),(0.125005143,0.999999936),(0.711487418,0.715510019,0.717522044,0.719534068,0.721890871,0.724247673,0.728961279,0.73838849,0.747815701,0.752529306,0.754886109,0.757242912,0.759255218,0.761267525,0.765291508),.UNSPECIFIED.);
#7840=ORIENTED_EDGE('',*,*,#6462,.T.);
#7841=ORIENTED_EDGE('',*,*,#7773,.T.);
#7842=ORIENTED_EDGE('',*,*,#7041,.T.);
#7843=ORIENTED_EDGE('',*,*,#7399,.F.);
#7844=EDGE_LOOP('',(#7840,#7841,#7842,#7843));
#7845=FACE_BOUND('',#7844,.T.);
#7846=ADVANCED_FACE('',(#7845),#7839,.T.);
#7847=CARTESIAN_POINT('',(112.918456864,-38.343705457,31.063571105));
#7848=CARTESIAN_POINT('',(112.694062214,-38.731770843,31.063571105));
#7849=CARTESIAN_POINT('',(112.457982064,-39.113219279,31.063571105));
#7850=CARTESIAN_POINT('',(112.08515709,-39.673139134,31.063571105));
#7851=CARTESIAN_POINT('',(111.957767684,-39.857700163,31.063571105));
#7852=CARTESIAN_POINT('',(111.762177,-40.13130486,31.063571105));
#7853=CARTESIAN_POINT('',(111.696228723,-40.221967388,31.063571105));
#7854=CARTESIAN_POINT('',(111.59619921,-40.357138794,31.063571105));
#7855=CARTESIAN_POINT('',(111.562671523,-40.402058865,31.063571105));
#7856=CARTESIAN_POINT('',(111.512105715,-40.469231648,31.063571105));
#7857=CARTESIAN_POINT('',(111.495204733,-40.491588021,31.063571105));
#7858=CARTESIAN_POINT('',(111.469785002,-40.525070534,31.063571105));
#7859=CARTESIAN_POINT('',(111.461300382,-40.536222698,31.063571105));
#7860=CARTESIAN_POINT('',(111.448556427,-40.552937904,31.063571105));
#7861=CARTESIAN_POINT('',(111.444305604,-40.558507466,31.063571105));
#7862=CARTESIAN_POINT('',(111.43579829,-40.56964224,31.063571105));
#7863=CARTESIAN_POINT('',(111.431630631,-40.575091411,31.063571007));
#7864=CARTESIAN_POINT('',(111.422092013,-40.58754969,31.063571221));
#7865=CARTESIAN_POINT('',(111.416760211,-40.594506148,31.063576976));
#7866=CARTESIAN_POINT('',(111.40646886,-40.607916658,31.063591244));
#7867=CARTESIAN_POINT('',(111.401400018,-40.614513434,31.063599652));
#7868=CARTESIAN_POINT('',(111.38642343,-40.633977871,31.06361613));
#7869=CARTESIAN_POINT('',(111.37674541,-40.646519487,31.063615066));
#7870=CARTESIAN_POINT('',(111.367374877,-40.658626919,31.06357362));
#7871=CARTESIAN_POINT('',(112.744298323,-38.245446484,31.043997108));
#7872=CARTESIAN_POINT('',(112.521869798,-38.63002719,31.043997108));
#7873=CARTESIAN_POINT('',(112.287951798,-39.007884282,31.043997108));
#7874=CARTESIAN_POINT('',(111.91876055,-39.562219582,31.043997108));
#7875=CARTESIAN_POINT('',(111.792611665,-39.744942238,31.043997108));
#7876=CARTESIAN_POINT('',(111.598910901,-40.015843121,31.043997108));
#7877=CARTESIAN_POINT('',(111.533598182,-40.105612216,31.043997108));
#7878=CARTESIAN_POINT('',(111.4345302,-40.239455094,31.043997108));
#7879=CARTESIAN_POINT('',(111.401324389,-40.283934259,31.043997108));
#7880=CARTESIAN_POINT('',(111.351243421,-40.350448568,31.043997108));
#7881=CARTESIAN_POINT('',(111.33450439,-40.372585932,31.043997108));
#7882=CARTESIAN_POINT('',(111.30932809,-40.40574065,31.043997108));
#7883=CARTESIAN_POINT('',(111.300924698,-40.416783668,31.043997108));
#7884=CARTESIAN_POINT('',(111.288302711,-40.433335335,31.043997108));
#7885=CARTESIAN_POINT('',(111.284092565,-40.438850415,31.043997108));
#7886=CARTESIAN_POINT('',(111.275666646,-40.449876282,31.043997108));
#7887=CARTESIAN_POINT('',(111.271545503,-40.455263356,31.043996616));
#7888=CARTESIAN_POINT('',(111.262083538,-40.467619148,31.043997696));
#7889=CARTESIAN_POINT('',(111.256784267,-40.474532042,31.044004512));
#7890=CARTESIAN_POINT('',(111.246582373,-40.487823279,31.044019277));
#7891=CARTESIAN_POINT('',(111.241563338,-40.494353776,31.044027606));
#7892=CARTESIAN_POINT('',(111.226751474,-40.513599488,31.044042954));
#7893=CARTESIAN_POINT('',(111.21720367,-40.52596877,31.044039969));
#7894=CARTESIAN_POINT('',(111.207984043,-40.537877513,31.043995373));
#7895=B_SPLINE_SURFACE_WITH_KNOTS('',1,3,((#7847,#7848,#7849,#7850,#7851,#7852,#7853,#7854,#7855,#7856,#7857,#7858,#7859,#7860,#7861,#7862,#7863,#7864,#7865,#7866,#7867,#7868,#7869,#7870),(#7871,#7872,#7873,#7874,#7875,#7876,#7877,#7878,#7879,#7880,#7881,#7882,#7883,#7884,#7885,#7886,#7887,#7888,#7889,#7890,#7891,#7892,#7893,#7894)),.UNSPECIFIED.,.F.,.F.,.U.,(2,2),(4,2,2,2,2,2,2,2,2,2,2,4),(0.,0.25115099),(0.,0.26218929,0.393283935,0.458831258,0.491604919,0.50799175,0.516185165,0.520281873,0.524378581,0.529268888,0.534159196,0.543939812),.UNSPECIFIED.);
#7896=CARTESIAN_POINT('',(111.367374877,-40.658626919,31.06357362));
#7897=DIRECTION('',(-0.793301839,0.600980141,-0.097442613));
#7898=VECTOR('',#7897,0.200920792);
#7899=LINE('',#7896,#7898);
#7900=EDGE_CURVE('',#4477,#5493,#7899,.T.);
#7901=ORIENTED_EDGE('',*,*,#7900,.F.);
#7902=ORIENTED_EDGE('',*,*,#4503,.F.);
#7903=ORIENTED_EDGE('',*,*,#1916,.T.);
#7904=ORIENTED_EDGE('',*,*,#5521,.F.);
#7905=EDGE_LOOP('',(#7901,#7902,#7903,#7904));
#7906=FACE_BOUND('',#7905,.T.);
#7907=ADVANCED_FACE('',(#7906),#7895,.T.);
#7908=CARTESIAN_POINT('',(111.367374877,-40.658626919,31.06357362));
#7909=CARTESIAN_POINT('',(111.35800479,-40.670733774,31.063532177));
#7910=CARTESIAN_POINT('',(111.348940075,-40.682404259,31.063450068));
#7911=CARTESIAN_POINT('',(111.335801546,-40.699254296,31.063232804));
#7912=CARTESIAN_POINT('',(111.33149849,-40.704761718,31.063144808));
#7913=CARTESIAN_POINT('',(111.323045657,-40.715558249,31.06293338));
#7914=CARTESIAN_POINT('',(111.319004756,-40.720708882,31.062813705));
#7915=CARTESIAN_POINT('',(111.31190679,-40.729736626,31.062564841));
#7916=CARTESIAN_POINT('',(111.308840759,-40.733630766,31.062448146));
#7917=CARTESIAN_POINT('',(111.302850908,-40.741227192,31.062201639));
#7918=CARTESIAN_POINT('',(111.299853454,-40.745023136,31.062069197));
#7919=CARTESIAN_POINT('',(111.290853596,-40.756404033,31.061644307));
#7920=CARTESIAN_POINT('',(111.284843694,-40.763982052,31.061324296));
#7921=CARTESIAN_POINT('',(111.266784728,-40.786687396,31.060254032));
#7922=CARTESIAN_POINT('',(111.254706398,-40.801786004,31.059393549));
#7923=CARTESIAN_POINT('',(111.218360125,-40.84695913,31.056371426));
#7924=CARTESIAN_POINT('',(111.193980889,-40.876910933,31.053769088));
#7925=CARTESIAN_POINT('',(111.12044432,-40.966213238,31.044202282));
#7926=CARTESIAN_POINT('',(111.070888157,-41.025010342,31.03547763));
#7927=CARTESIAN_POINT('',(110.920994502,-41.198699404,31.002301797));
#7928=CARTESIAN_POINT('',(110.81952977,-41.3107827,30.970881817));
#7929=CARTESIAN_POINT('',(110.614890809,-41.52565867,30.88954771));
#7930=CARTESIAN_POINT('',(110.511261708,-41.628853625,30.839523498));
#7931=CARTESIAN_POINT('',(110.355836563,-41.774804158,30.751440964));
#7932=CARTESIAN_POINT('',(110.303975472,-41.822023032,30.719875514));
#7933=CARTESIAN_POINT('',(110.226240251,-41.890634477,30.669302376));
#7934=CARTESIAN_POINT('',(110.200342824,-41.913130941,30.651910031));
#7935=CARTESIAN_POINT('',(110.16154625,-41.94629587,30.625036883));
#7936=CARTESIAN_POINT('',(110.14862232,-41.95725422,30.615948401));
#7937=CARTESIAN_POINT('',(110.129252333,-41.97354449,30.602121744));
#7938=CARTESIAN_POINT('',(110.122798326,-41.978950042,30.597480537));
#7939=CARTESIAN_POINT('',(110.113121729,-41.987021265,30.590470523));
#7940=CARTESIAN_POINT('',(110.109896933,-41.989705489,30.588125817));
#7941=CARTESIAN_POINT('',(110.105060898,-41.993722514,30.584596744));
#7942=CARTESIAN_POINT('',(110.103449079,-41.995059971,30.583418384));
#7943=CARTESIAN_POINT('',(110.101031649,-41.997063824,30.581647843));
#7944=CARTESIAN_POINT('',(110.100225888,-41.997731386,30.581057164));
#7945=CARTESIAN_POINT('',(110.098614467,-41.999065733,30.579874805));
#7946=CARTESIAN_POINT('',(110.09789293,-41.999662891,30.579344901));
#7947=CARTESIAN_POINT('',(110.096365117,-42.000926756,30.578221959));
#7948=CARTESIAN_POINT('',(110.095606393,-42.001554339,30.577664202));
#7949=CARTESIAN_POINT('',(110.094209589,-42.002709766,30.576637456));
#7950=CARTESIAN_POINT('',(110.093511187,-42.003287479,30.576124083));
#7951=CARTESIAN_POINT('',(110.092670871,-42.003982583,30.575506393));
#7952=CARTESIAN_POINT('',(110.092528957,-42.004099973,30.575402077));
#7953=CARTESIAN_POINT('',(110.092387043,-42.004217364,30.57529776));
#7954=CARTESIAN_POINT('',(111.205800898,-40.536223632,31.043727214));
#7955=CARTESIAN_POINT('',(111.196583778,-40.548129086,31.043682577));
#7956=CARTESIAN_POINT('',(111.187692944,-40.55957141,31.043596797));
#7957=CARTESIAN_POINT('',(111.174847039,-40.576039343,31.043374736));
#7958=CARTESIAN_POINT('',(111.170646825,-40.581412755,31.04328526));
#7959=CARTESIAN_POINT('',(111.162410358,-40.591928044,31.043071352));
#7960=CARTESIAN_POINT('',(111.158490024,-40.596922372,31.042950447));
#7961=CARTESIAN_POINT('',(111.151581939,-40.605704463,31.042700899));
#7962=CARTESIAN_POINT('',(111.148584471,-40.609509994,31.042584468));
#7963=CARTESIAN_POINT('',(111.142741441,-40.61691698,31.042338629));
#7964=CARTESIAN_POINT('',(111.139817479,-40.620618234,31.042206749));
#7965=CARTESIAN_POINT('',(111.131038344,-40.631715158,31.04178423));
#7966=CARTESIAN_POINT('',(111.125175919,-40.639103988,31.041466714));
#7967=CARTESIAN_POINT('',(111.107560371,-40.66124214,31.040406683));
#7968=CARTESIAN_POINT('',(111.095778969,-40.675963122,31.039556684));
#7969=CARTESIAN_POINT('',(111.060327469,-40.720004875,31.036577053));
#7970=CARTESIAN_POINT('',(111.036550062,-40.749204434,31.034017761));
#7971=CARTESIAN_POINT('',(110.96483521,-40.836256086,31.02462478));
#7972=CARTESIAN_POINT('',(110.916515174,-40.893560815,31.016075546));
#7973=CARTESIAN_POINT('',(110.770397116,-41.062798584,30.983610719));
#7974=CARTESIAN_POINT('',(110.67152925,-41.171958906,30.952905976));
#7975=CARTESIAN_POINT('',(110.472311325,-41.381038947,30.873561594));
#7976=CARTESIAN_POINT('',(110.37149146,-41.481377971,30.824804842));
#7977=CARTESIAN_POINT('',(110.220447131,-41.623132463,30.739083712));
#7978=CARTESIAN_POINT('',(110.170045777,-41.668995171,30.708366632));
#7979=CARTESIAN_POINT('',(110.094467462,-41.735662513,30.659136024));
#7980=CARTESIAN_POINT('',(110.069285253,-41.757524345,30.642203809));
#7981=CARTESIAN_POINT('',(110.031555749,-41.789757097,30.616039312));
#7982=CARTESIAN_POINT('',(110.018986549,-41.800408018,30.607190124));
#7983=CARTESIAN_POINT('',(110.000147205,-41.816242049,30.593726973));
#7984=CARTESIAN_POINT('',(109.993869837,-41.821496339,30.589207693));
#7985=CARTESIAN_POINT('',(109.984457833,-41.82934189,30.582381707));
#7986=CARTESIAN_POINT('',(109.981321174,-41.831951093,30.580098533));
#7987=CARTESIAN_POINT('',(109.976617253,-41.835855893,30.576662041));
#7988=CARTESIAN_POINT('',(109.975049457,-41.837155992,30.575514588));
#7989=CARTESIAN_POINT('',(109.972698038,-41.839103885,30.573790479));
#7990=CARTESIAN_POINT('',(109.971914277,-41.839752806,30.573215288));
#7991=CARTESIAN_POINT('',(109.970346848,-41.841049897,30.572063931));
#7992=CARTESIAN_POINT('',(109.969658298,-41.841619139,30.571557303));
#7993=CARTESIAN_POINT('',(109.968149364,-41.84286703,30.570447688));
#7994=CARTESIAN_POINT('',(109.967382755,-41.843501285,30.569884365));
#7995=CARTESIAN_POINT('',(109.965985951,-41.844656711,30.568857619));
#7996=CARTESIAN_POINT('',(109.965287549,-41.845234425,30.568344246));
#7997=CARTESIAN_POINT('',(109.964447233,-41.845929528,30.567726556));
#7998=CARTESIAN_POINT('',(109.964305319,-41.846046919,30.56762224));
#7999=CARTESIAN_POINT('',(109.964163405,-41.846164309,30.567517923));
#8000=B_SPLINE_SURFACE_WITH_KNOTS('',1,3,((#7908,#7909,#7910,#7911,#7912,#7913,#7914,#7915,#7916,#7917,#7918,#7919,#7920,#7921,#7922,#7923,#7924,#7925,#7926,#7927,#7928,#7929,#7930,#7931,#7932,#7933,
#7934,#7935,#7936,#7937,#7938,#7939,#7940,#7941,#7942,#7943,#7944,#7945,#7946,#7947,#7948,#7949,#7950,#7951,#7952,#7953),(#7954,#7955,#7956,#7957,#7958,#7959,#7960,#7961,#7962,#7963,#7964,#7965,#7966,#7967,#7968,#7969,#7970,#7971,#7972,#7973,#7974,#7975,#7976,#7977,#7978,#7979,
#7980,#7981,#7982,#7983,#7984,#7985,#7986,#7987,#7988,#7989,#7990,#7991,#7992,#7993,#7994,#7995,#7996,#7997,#7998,#7999)),.UNSPECIFIED.,.F.,.F.,.U.,(2,2),(4,2,2,2,2,2,2,2,2,2,2,2,2,2,2,2,2,2,2,2,2,2,4),(0.,0.254590957),(0.543939812,0.553719958,0.558610031,0.563500105,0.56691026,0.570320416,0.577140726,0.590781348,0.618062592,0.672625079,0.781750052,0.890875026,0.945437513,0.972718757,0.986359378,0.993179689,0.996589845,0.998294922,0.999147461,1.,1.000611405,1.00122281,1.001347047),.UNSPECIFIED.);
#8001=ORIENTED_EDGE('',*,*,#7329,.T.);
#8002=ORIENTED_EDGE('',*,*,#7649,.F.);
#8003=ORIENTED_EDGE('',*,*,#7900,.T.);
#8004=ORIENTED_EDGE('',*,*,#5508,.F.);
#8005=EDGE_LOOP('',(#8001,#8002,#8003,#8004));
#8006=FACE_BOUND('',#8005,.T.);
#8007=ADVANCED_FACE('',(#8006),#8000,.T.);
#8008=CARTESIAN_POINT('',(118.259942646,-19.250721241,18.461742539));
#8009=CARTESIAN_POINT('',(118.266818776,-19.250721241,19.926654823));
#8010=CARTESIAN_POINT('',(118.273613625,-19.250721241,21.389250531));
#8011=CARTESIAN_POINT('',(118.284177808,-19.250721241,23.68651256));
#8012=CARTESIAN_POINT('',(118.287989359,-19.250721241,24.520220935));
#8013=CARTESIAN_POINT('',(118.293681553,-19.250721241,25.772504526));
#8014=CARTESIAN_POINT('',(118.295574762,-19.250721241,26.190219227));
#8015=CARTESIAN_POINT('',(118.298408944,-19.250721241,26.817350601));
#8016=CARTESIAN_POINT('',(118.299352733,-19.250721241,27.026487613));
#8017=CARTESIAN_POINT('',(118.300767089,-19.250721241,27.340349095));
#8018=CARTESIAN_POINT('',(118.30123832,-19.250721241,27.444995583));
#8019=CARTESIAN_POINT('',(118.301944845,-19.250721241,27.602006322));
#8020=CARTESIAN_POINT('',(118.3021803,-19.250721241,27.65435007));
#8021=CARTESIAN_POINT('',(118.302651104,-19.250721241,27.75905157));
#8022=CARTESIAN_POINT('',(118.302886905,-19.250691473,27.811409338));
#8023=CARTESIAN_POINT('',(118.303121751,-19.250721241,27.863774247));
#8024=CARTESIAN_POINT('',(118.189388172,-19.253367987,18.459084649));
#8025=CARTESIAN_POINT('',(118.196264387,-19.253367987,19.923994672));
#8026=CARTESIAN_POINT('',(118.20305932,-19.253367987,21.386588133));
#8027=CARTESIAN_POINT('',(118.213623635,-19.253367987,23.683846685));
#8028=CARTESIAN_POINT('',(118.217435233,-19.253367987,24.51755381));
#8029=CARTESIAN_POINT('',(118.223127497,-19.253367987,25.769835543));
#8030=CARTESIAN_POINT('',(118.22502073,-19.253367987,26.187549629));
#8031=CARTESIAN_POINT('',(118.227854946,-19.253367987,26.814680085));
#8032=CARTESIAN_POINT('',(118.228798747,-19.253367987,27.023816792));
#8033=CARTESIAN_POINT('',(118.23021312,-19.253367987,27.337677818));
#8034=CARTESIAN_POINT('',(118.230684357,-19.253367987,27.442324154));
#8035=CARTESIAN_POINT('',(118.231390891,-19.253367987,27.599334666));
#8036=CARTESIAN_POINT('',(118.231626348,-19.253367987,27.651678338));
#8037=CARTESIAN_POINT('',(118.232097158,-19.253367987,27.756379687));
#8038=CARTESIAN_POINT('',(118.232332635,-19.253359837,27.808737457));
#8039=CARTESIAN_POINT('',(118.232567811,-19.253367987,27.861102213));
#8040=B_SPLINE_SURFACE_WITH_KNOTS('',1,3,((#8008,#8009,#8010,#8011,#8012,#8013,#8014,#8015,#8016,#8017,#8018,#8019,#8020,#8021,#8022,#8023),(#8024,#8025,#8026,#8027,#8028,#8029,#8030,#8031,#8032,#8033,#8034,#8035,#8036,#8037,#8038,#8039)),.UNSPECIFIED.,.F.,.F.,.U.,(2,2),(4,2,2,2,2,2,2,4),(0.,0.088317639),(0.018377097,0.151246978,0.226870467,0.264682212,0.283588084,0.29304102,0.297767488,0.302493956),.UNSPECIFIED.);
#8041=CARTESIAN_POINT('',(118.303121751,-19.250721241,27.863774247));
#8042=DIRECTION('',(-0.998582226,-0.037460607,-0.03781853));
#8043=VECTOR('',#8042,0.051598636);
#8044=LINE('',#8041,#8043);
#8045=EDGE_CURVE('',#3453,#1332,#8044,.T.);
#8046=ORIENTED_EDGE('',*,*,#8045,.F.);
#8047=ORIENTED_EDGE('',*,*,#3471,.F.);
#8048=CARTESIAN_POINT('',(118.189400378,-19.253367992,18.461685042));
#8049=DIRECTION('',(0.999296535,0.037493606,0.000815219));
#8050=VECTOR('',#8049,0.070593116);
#8051=LINE('',#8048,#8050);
#8052=EDGE_CURVE('',#1368,#3444,#8051,.T.);
#8053=ORIENTED_EDGE('',*,*,#8052,.F.);
#8054=ORIENTED_EDGE('',*,*,#1374,.F.);
#8055=EDGE_LOOP('',(#8046,#8047,#8053,#8054));
#8056=FACE_BOUND('',#8055,.T.);
#8057=ADVANCED_FACE('',(#8056),#8040,.T.);
#8058=CARTESIAN_POINT('',(118.303121747,-19.250721241,27.863774247));
#8059=CARTESIAN_POINT('',(118.303240164,-19.250736251,27.890178342));
#8060=CARTESIAN_POINT('',(118.303352843,-19.251111583,27.916527481));
#8061=CARTESIAN_POINT('',(118.303568375,-19.252468655,27.969126958));
#8062=CARTESIAN_POINT('',(118.303670948,-19.253469107,27.995377285));
#8063=CARTESIAN_POINT('',(118.303962986,-19.257434519,28.073996918));
#8064=CARTESIAN_POINT('',(118.304136791,-19.261363101,28.126234872));
#8065=CARTESIAN_POINT('',(118.304441989,-19.271791531,28.23045173));
#8066=CARTESIAN_POINT('',(118.304573391,-19.278291389,28.282430743));
#8067=CARTESIAN_POINT('',(118.304792936,-19.293877486,28.38621985));
#8068=CARTESIAN_POINT('',(118.304881269,-19.302983157,28.438130212));
#8069=CARTESIAN_POINT('',(118.305012863,-19.323731517,28.541466901));
#8070=CARTESIAN_POINT('',(118.305054575,-19.335436044,28.59310537));
#8071=CARTESIAN_POINT('',(118.305082377,-19.361239379,28.69518163));
#8072=CARTESIAN_POINT('',(118.305068685,-19.375369096,28.745780399));
#8073=CARTESIAN_POINT('',(118.304932562,-19.421353304,28.896130636));
#8074=CARTESIAN_POINT('',(118.304716743,-19.456740006,28.994302051));
#8075=CARTESIAN_POINT('',(118.303942051,-19.537063415,29.187111589));
#8076=CARTESIAN_POINT('',(118.30338462,-19.581878694,29.281453166));
#8077=CARTESIAN_POINT('',(118.30219248,-19.656381303,29.420219233));
#8078=CARTESIAN_POINT('',(118.301735547,-19.68242085,29.465989191));
#8079=CARTESIAN_POINT('',(118.300683306,-19.73687261,29.556407667));
#8080=CARTESIAN_POINT('',(118.300085348,-19.765406225,29.601238134));
#8081=CARTESIAN_POINT('',(118.298742266,-19.824285983,29.688874105));
#8082=CARTESIAN_POINT('',(118.297995344,-19.854774579,29.731932603));
#8083=CARTESIAN_POINT('',(118.29633876,-19.917510272,29.816067193));
#8084=CARTESIAN_POINT('',(118.295427875,-19.94981879,29.857235946));
#8085=CARTESIAN_POINT('',(118.292416186,-20.049628312,29.978174093));
#8086=CARTESIAN_POINT('',(118.290034662,-20.120073736,30.055446001));
#8087=CARTESIAN_POINT('',(118.284360651,-20.268833561,30.203452743));
#8088=CARTESIAN_POINT('',(118.281077667,-20.346859703,30.273845216));
#8089=CARTESIAN_POINT('',(118.275315436,-20.469882929,30.374213647));
#8090=CARTESIAN_POINT('',(118.273254251,-20.511884027,30.406775957));
#8091=CARTESIAN_POINT('',(118.268885528,-20.596787176,30.469306872));
#8092=CARTESIAN_POINT('',(118.266569922,-20.639869057,30.499424326));
#8093=CARTESIAN_POINT('',(118.254272579,-20.858770318,30.644601012));
#8094=CARTESIAN_POINT('',(118.24224712,-21.043045845,30.742376696));
#8095=CARTESIAN_POINT('',(118.22376865,-21.286506029,30.842399465));
#8096=CARTESIAN_POINT('',(118.219910832,-21.335713322,30.861219083));
#8097=CARTESIAN_POINT('',(118.211832846,-21.435447999,30.896560283));
#8098=CARTESIAN_POINT('',(118.207631061,-21.485739893,30.912990024));
#8099=CARTESIAN_POINT('',(118.194610335,-21.636911675,30.958307697));
#8100=CARTESIAN_POINT('',(118.185357634,-21.738366335,30.983354334));
#8101=CARTESIAN_POINT('',(118.165587865,-21.943402809,31.023549824));
#8102=CARTESIAN_POINT('',(118.155114552,-22.04652319,31.038638035));
#8103=CARTESIAN_POINT('',(118.138452771,-22.202231952,31.053689182));
#8104=CARTESIAN_POINT('',(118.13273792,-22.25432864,31.057445578));
#8105=CARTESIAN_POINT('',(118.123908924,-22.332831855,31.061176275));
#8106=CARTESIAN_POINT('',(118.120923147,-22.359059296,31.062102423));
#8107=CARTESIAN_POINT('',(118.114863304,-22.411644747,31.063316486));
#8108=CARTESIAN_POINT('',(118.111788625,-22.438002673,31.063585967));
#8109=CARTESIAN_POINT('',(118.10866971,-22.464431556,31.063571104));
#8110=CARTESIAN_POINT('',(118.214006252,-19.254064302,27.860399245));
#8111=CARTESIAN_POINT('',(118.214124705,-19.2540657,27.886765079));
#8112=CARTESIAN_POINT('',(118.214237954,-19.254392552,27.913076049));
#8113=CARTESIAN_POINT('',(118.214454128,-19.255685947,27.965599818));
#8114=CARTESIAN_POINT('',(118.214557034,-19.256654037,27.991812543));
#8115=CARTESIAN_POINT('',(118.21485011,-19.260520858,28.07032024));
#8116=CARTESIAN_POINT('',(118.215024655,-19.264381704,28.122484729));
#8117=CARTESIAN_POINT('',(118.21533143,-19.274671043,28.226557526));
#8118=CARTESIAN_POINT('',(118.215463667,-19.281099549,28.278465944));
#8119=CARTESIAN_POINT('',(118.215684975,-19.296539801,28.382117221));
#8120=CARTESIAN_POINT('',(118.215774193,-19.305571742,28.433961675));
#8121=CARTESIAN_POINT('',(118.215907809,-19.326167006,28.537165008));
#8122=CARTESIAN_POINT('',(118.21595072,-19.33779225,28.588734917));
#8123=CARTESIAN_POINT('',(118.215981108,-19.363433118,28.69067598));
#8124=CARTESIAN_POINT('',(118.215968856,-19.377479888,28.741207089));
#8125=CARTESIAN_POINT('',(118.215837492,-19.423208913,28.89135459));
#8126=CARTESIAN_POINT('',(118.215625612,-19.458414933,28.989386767));
#8127=CARTESIAN_POINT('',(118.214860622,-19.538354804,29.181912896));
#8128=CARTESIAN_POINT('',(118.214309187,-19.582963425,29.276105061));
#8129=CARTESIAN_POINT('',(118.213128115,-19.657131893,29.414639631));
#8130=CARTESIAN_POINT('',(118.21267527,-19.683055396,29.46033021));
#8131=CARTESIAN_POINT('',(118.211632126,-19.737263588,29.550585809));
#8132=CARTESIAN_POINT('',(118.211039177,-19.765670442,29.595332861));
#8133=CARTESIAN_POINT('',(118.20970701,-19.824287954,29.682800751));
#8134=CARTESIAN_POINT('',(118.208965944,-19.854642228,29.72577516));
#8135=CARTESIAN_POINT('',(118.207322326,-19.917095275,29.809737265));
#8136=CARTESIAN_POINT('',(118.206418493,-19.949256723,29.85081852));
#8137=CARTESIAN_POINT('',(118.203429808,-20.048607923,29.971492312));
#8138=CARTESIAN_POINT('',(118.201066034,-20.118725979,30.048585991));
#8139=CARTESIAN_POINT('',(118.195433367,-20.266784242,30.196239466));
#8140=CARTESIAN_POINT('',(118.192174463,-20.34442881,30.266452631));
#8141=CARTESIAN_POINT('',(118.186454375,-20.4668347,30.366558014));
#8142=CARTESIAN_POINT('',(118.184408115,-20.508624205,30.399034449));
#8143=CARTESIAN_POINT('',(118.180071283,-20.593090547,30.461397503));
#8144=CARTESIAN_POINT('',(118.177772489,-20.635949014,30.49143394));
#8145=CARTESIAN_POINT('',(118.165564364,-20.853705213,30.636217784));
#8146=CARTESIAN_POINT('',(118.153626756,-21.036965984,30.733727189));
#8147=CARTESIAN_POINT('',(118.135279884,-21.279076342,30.833525244));
#8148=CARTESIAN_POINT('',(118.131449621,-21.328007693,30.852305265));
#8149=CARTESIAN_POINT('',(118.123429134,-21.427181554,30.887578718));
#8150=CARTESIAN_POINT('',(118.119257062,-21.477190657,30.903980724));
#8151=CARTESIAN_POINT('',(118.106328251,-21.627508748,30.949234316));
#8152=CARTESIAN_POINT('',(118.097140609,-21.728386106,30.974264167));
#8153=CARTESIAN_POINT('',(118.077508008,-21.932262128,31.014477682));
#8154=CARTESIAN_POINT('',(118.067107884,-22.034790063,31.029601018));
#8155=CARTESIAN_POINT('',(118.050562346,-22.189599972,31.044748444));
#8156=CARTESIAN_POINT('',(118.044887292,-22.241395593,31.048544095));
#8157=CARTESIAN_POINT('',(118.036119414,-22.319446661,31.052344496));
#8158=CARTESIAN_POINT('',(118.033154245,-22.345523295,31.053295678));
#8159=CARTESIAN_POINT('',(118.027136066,-22.397807222,31.054563393));
#8160=CARTESIAN_POINT('',(118.024083081,-22.424014444,31.054878534));
#8161=CARTESIAN_POINT('',(118.020984785,-22.450292775,31.054877016));
#8162=B_SPLINE_SURFACE_WITH_KNOTS('',1,3,((#8058,#8059,#8060,#8061,#8062,#8063,#8064,#8065,#8066,#8067,#8068,#8069,#8070,#8071,#8072,#8073,#8074,#8075,#8076,#8077,#8078,#8079,#8080,#8081,#8082,#8083,
#8084,#8085,#8086,#8087,#8088,#8089,#8090,#8091,#8092,#8093,#8094,#8095,#8096,#8097,#8098,#8099,#8100,#8101,#8102,#8103,#8104,#8105,#8106,#8107,#8108,
#8109),(#8110,#8111,#8112,#8113,#8114,#8115,#8116,#8117,#8118,#8119,#8120,#8121,#8122,#8123,#8124,#8125,#8126,#8127,#8128,#8129,#8130,#8131,#8132,#8133,#8134,#8135,
#8136,#8137,#8138,#8139,#8140,#8141,#8142,#8143,#8144,#8145,#8146,#8147,#8148,#8149,#8150,#8151,#8152,#8153,#8154,#8155,#8156,#8157,#8158,#8159,#8160,
#8161)),.UNSPECIFIED.,.F.,.F.,.U.,(2,2),(4,2,2,2,2,2,2,2,2,2,2,2,2,2,2,2,2,2,2,2,2,2,2,2,2,4),(0.000000005,0.11155253),(0.302493956,0.305464998,0.30843604,0.314378123,0.320320206,0.32626229,0.332204373,0.338146457,0.350030623,0.36191479,0.367856873,0.373798957,0.37974104,0.385683124,0.39756729,0.409451457,0.41539354,0.421335624,0.445103957,0.451046041,0.456988124,0.468872291,0.480756458,0.486698541,0.489669583,0.492640624),.UNSPECIFIED.);
#8163=ORIENTED_EDGE('',*,*,#1974,.F.);
#8164=ORIENTED_EDGE('',*,*,#4719,.F.);
#8165=ORIENTED_EDGE('',*,*,#8045,.T.);
#8166=ORIENTED_EDGE('',*,*,#1365,.F.);
#8167=EDGE_LOOP('',(#8163,#8164,#8165,#8166));
#8168=FACE_BOUND('',#8167,.T.);
#8169=ADVANCED_FACE('',(#8168),#8162,.T.);
#8170=CARTESIAN_POINT('',(95.529700722,-63.738778055,24.659765259));
#8171=DIRECTION('',(-0.301686694,0.953407121,0.));
#8172=DIRECTION('',(-0.953407121,-0.301686694,0.));
#8173=AXIS2_PLACEMENT_3D('',#8170,#8171,#8172);
#8174=CYLINDRICAL_SURFACE('',#8173,0.9);
#8175=CARTESIAN_POINT('',(90.670576124,-51.291336272,24.859765259));
#8176=VERTEX_POINT('',#8175);
#8177=CARTESIAN_POINT('',(90.670576124,-51.291336272,24.859765259));
#8178=CARTESIAN_POINT('',(90.706589002,-51.335426555,24.95204929));
#8179=CARTESIAN_POINT('',(90.755196328,-51.373898662,25.039317732));
#8180=CARTESIAN_POINT('',(90.816943722,-51.404892481,25.122038408));
#8181=CARTESIAN_POINT('',(90.878691116,-51.435886299,25.204759084));
#8182=CARTESIAN_POINT('',(90.95256995,-51.458408803,25.280882908));
#8183=CARTESIAN_POINT('',(91.03664853,-51.469789297,25.345991577));
#8184=CARTESIAN_POINT('',(91.078687821,-51.475479544,25.378545911));
#8185=CARTESIAN_POINT('',(91.124144973,-51.4784469,25.408891549));
#8186=CARTESIAN_POINT('',(91.171108267,-51.478401428,25.435269157));
#8187=CARTESIAN_POINT('',(91.218071561,-51.478355955,25.461646765));
#8188=CARTESIAN_POINT('',(91.266463376,-51.475390031,25.484156535));
#8189=CARTESIAN_POINT('',(91.316372613,-51.469661154,25.502620167));
#8190=CARTESIAN_POINT('',(91.366281851,-51.463932277,25.5210838));
#8191=CARTESIAN_POINT('',(91.418273269,-51.455306816,25.535584884));
#8192=CARTESIAN_POINT('',(91.470383502,-51.444348977,25.545226462));
#8193=CARTESIAN_POINT('',(91.522493735,-51.433391139,25.55486804));
#8194=CARTESIAN_POINT('',(91.574649227,-51.420184635,25.559765259));
#8195=CARTESIAN_POINT('',(91.626964534,-51.405133407,25.559765259));
#8196=B_SPLINE_CURVE_WITH_KNOTS('',3,(#8177,#8178,#8179,#8180,#8181,#8182,#8183,#8184,#8185,#8186,#8187,#8188,#8189,#8190,#8191,#8192,#8193,#8194,#8195),.UNSPECIFIED.,.F.,.F.,(4,3,3,3,3,3,4),(0.,0.000321013,0.000642025,0.000802532,0.000963038,0.001123544,0.001284051),.UNSPECIFIED.);
#8197=EDGE_CURVE('',#8176,#4308,#8196,.T.);
#8198=ORIENTED_EDGE('',*,*,#8197,.F.);
#8199=CARTESIAN_POINT('',(90.614303689,-51.188093472,24.659765265));
#8200=CARTESIAN_POINT('',(90.625691366,-51.22408144,24.727437676));
#8201=CARTESIAN_POINT('',(90.6446331,-51.258691301,24.794454469));
#8202=CARTESIAN_POINT('',(90.670576124,-51.291336272,24.859765259));
#8203=B_SPLINE_CURVE_WITH_KNOTS('',3,(#8199,#8200,#8201,#8202),.UNSPECIFIED.,.F.,.F.,(4,4),(0.,0.000232393),.UNSPECIFIED.);
#8204=EDGE_CURVE('',#2217,#8176,#8203,.T.);
#8205=ORIENTED_EDGE('',*,*,#8204,.F.);
#8206=ORIENTED_EDGE('',*,*,#3981,.F.);
#8207=ORIENTED_EDGE('',*,*,#4045,.F.);
#8208=ORIENTED_EDGE('',*,*,#4320,.F.);
#8209=EDGE_LOOP('',(#8198,#8205,#8206,#8207,#8208));
#8210=FACE_BOUND('',#8209,.T.);
#8211=ADVANCED_FACE('',(#8210),#8174,.T.);
#8212=CARTESIAN_POINT('',(101.368012477,-48.41963459,25.559765259));
#8213=CARTESIAN_POINT('',(98.682666787,-49.252825527,25.559765259));
#8214=CARTESIAN_POINT('',(95.997321098,-50.086016464,25.559765259));
#8215=CARTESIAN_POINT('',(93.311975409,-50.919207402,25.559765259));
#8216=CARTESIAN_POINT('',(101.368012477,-48.41963459,24.859765259));
#8217=CARTESIAN_POINT('',(98.682666787,-49.252825527,24.859765259));
#8218=CARTESIAN_POINT('',(95.997321098,-50.086016464,24.859765259));
#8219=CARTESIAN_POINT('',(93.311975409,-50.919207402,24.859765259));
#8220=B_SPLINE_SURFACE_WITH_KNOTS('',1,3,((#8212,#8213,#8214,#8215),(#8216,#8217,#8218,#8219)),.UNSPECIFIED.,.F.,.F.,.U.,(2,2),(4,4),(0.125,1.),(1.007287983,1.683914052),.UNSPECIFIED.);
#8221=ORIENTED_EDGE('',*,*,#4405,.F.);
#8222=ORIENTED_EDGE('',*,*,#7156,.T.);
#8223=CARTESIAN_POINT('',(93.311975021,-50.919207522,25.559765044));
#8224=CARTESIAN_POINT('',(93.428983209,-50.882903058,25.328602404));
#8225=CARTESIAN_POINT('',(93.543411711,-50.847398542,25.095969506));
#8226=CARTESIAN_POINT('',(93.650817616,-50.814073728,24.85976377));
#8227=B_SPLINE_CURVE_WITH_KNOTS('',3,(#8223,#8224,#8225,#8226),.UNSPECIFIED.,.F.,.F.,(4,4),(0.000094435,0.000879295),.UNSPECIFIED.);
#8228=EDGE_CURVE('',#4290,#7143,#8227,.T.);
#8229=ORIENTED_EDGE('',*,*,#8228,.F.);
#8230=ORIENTED_EDGE('',*,*,#4296,.F.);
#8231=EDGE_LOOP('',(#8221,#8222,#8229,#8230));
#8232=FACE_BOUND('',#8231,.T.);
#8233=ADVANCED_FACE('',(#8232),#8220,.T.);
#8234=CARTESIAN_POINT('',(53.971129757,68.023326874,24.489765259));
#8235=DIRECTION('',(-0.301686672,0.953407128,0.));
#8236=DIRECTION('',(-0.953407128,-0.301686672,0.));
#8237=AXIS2_PLACEMENT_3D('',#8234,#8235,#8236);
#8238=CYLINDRICAL_SURFACE('',#8237,0.37);
#8239=ORIENTED_EDGE('',*,*,#841,.T.);
#8240=ORIENTED_EDGE('',*,*,#2118,.F.);
#8241=CARTESIAN_POINT('',(91.318645213,-51.093705186,24.659765265));
#8242=CARTESIAN_POINT('',(91.357713965,-51.119381485,24.716797156));
#8243=CARTESIAN_POINT('',(91.410093019,-51.138969369,24.766093587));
#8244=CARTESIAN_POINT('',(91.473166116,-51.149833205,24.802173342));
#8245=CARTESIAN_POINT('',(91.536239212,-51.16069704,24.838253097));
#8246=CARTESIAN_POINT('',(91.608530801,-51.162304059,24.859764646));
#8247=CARTESIAN_POINT('',(91.681850951,-51.152217933,24.859765259));
#8248=B_SPLINE_CURVE_WITH_KNOTS('',3,(#8241,#8242,#8243,#8244,#8245,#8246,#8247),.UNSPECIFIED.,.F.,.F.,(4,3,4),(0.,0.000220495,0.00044099),.UNSPECIFIED.);
#8249=EDGE_CURVE('',#2107,#7127,#8248,.T.);
#8250=ORIENTED_EDGE('',*,*,#8249,.T.);
#8251=ORIENTED_EDGE('',*,*,#7132,.T.);
#8252=EDGE_LOOP('',(#8239,#8240,#8250,#8251));
#8253=FACE_BOUND('',#8252,.T.);
#8254=ADVANCED_FACE('',(#8253),#8238,.T.);
#8255=CARTESIAN_POINT('',(90.783382666,-51.647833828,25.559765384));
#8256=CARTESIAN_POINT('',(93.210214138,-50.949629027,25.559765384));
#8257=CARTESIAN_POINT('',(90.745780486,-51.52900131,25.326432009));
#8258=CARTESIAN_POINT('',(93.209439498,-50.947180967,25.326432009));
#8259=CARTESIAN_POINT('',(90.708178305,-51.410168791,25.093098634));
#8260=CARTESIAN_POINT('',(93.208664858,-50.944732906,25.093098634));
#8261=CARTESIAN_POINT('',(90.670576124,-51.291336272,24.859765259));
#8262=CARTESIAN_POINT('',(93.207890218,-50.942284845,24.859765259));
#8263=B_SPLINE_SURFACE_WITH_KNOTS('',3,1,((#8255,#8256),(#8257,#8258),(#8259,#8260),(#8261,#8262)),.UNSPECIFIED.,.F.,.F.,.U.,(4,4),(2,2),(0.124999843,1.),(0.045371721,0.980333766),.UNSPECIFIED.);
#8264=ORIENTED_EDGE('',*,*,#4314,.T.);
#8265=CARTESIAN_POINT('',(92.853627877,-50.991019702,24.859764623));
#8266=CARTESIAN_POINT('',(92.960574508,-50.994526133,25.077636415));
#8267=CARTESIAN_POINT('',(93.083934178,-50.983189924,25.31421339));
#8268=CARTESIAN_POINT('',(93.210708005,-50.94949238,25.560245338));
#8269=B_SPLINE_CURVE_WITH_KNOTS('',3,(#8265,#8266,#8267,#8268),.UNSPECIFIED.,.F.,.F.,(4,4),(0.000044627,0.000511254),.UNSPECIFIED.);
#8270=EDGE_CURVE('',#7135,#4299,#8269,.T.);
#8271=ORIENTED_EDGE('',*,*,#8270,.F.);
#8272=ORIENTED_EDGE('',*,*,#7140,.T.);
#8273=CARTESIAN_POINT('',(90.670576124,-51.291336272,24.859765259));
#8274=DIRECTION('',(0.990669842,0.136283767,0.));
#8275=VECTOR('',#8274,1.020802197);
#8276=LINE('',#8273,#8275);
#8277=EDGE_CURVE('',#8176,#7127,#8276,.T.);
#8278=ORIENTED_EDGE('',*,*,#8277,.F.);
#8279=ORIENTED_EDGE('',*,*,#8197,.T.);
#8280=EDGE_LOOP('',(#8264,#8271,#8272,#8278,#8279));
#8281=FACE_BOUND('',#8280,.T.);
#8282=ADVANCED_FACE('',(#8281),#8263,.F.);
#8283=CARTESIAN_POINT('',(90.614303689,-51.188093472,24.659765265));
#8284=CARTESIAN_POINT('',(90.646512729,-51.294646608,24.859765259));
#8285=CARTESIAN_POINT('',(90.849084197,-51.15663071,24.659765265));
#8286=CARTESIAN_POINT('',(90.877668999,-51.262847066,24.859765259));
#8287=CARTESIAN_POINT('',(91.083864705,-51.125167948,24.659765265));
#8288=CARTESIAN_POINT('',(91.108825268,-51.231047525,24.859765259));
#8289=CARTESIAN_POINT('',(91.318645213,-51.093705186,24.659765265));
#8290=CARTESIAN_POINT('',(91.339981537,-51.199247983,24.859765259));
#8291=CARTESIAN_POINT('',(91.434389436,-51.078194388,24.659765265));
#8292=CARTESIAN_POINT('',(91.45393905,-51.183571156,24.859765259));
#8293=CARTESIAN_POINT('',(91.550133659,-51.06268359,24.659765265));
#8294=CARTESIAN_POINT('',(91.567896562,-51.16789433,24.859765259));
#8295=CARTESIAN_POINT('',(91.665877882,-51.047172793,24.659765265));
#8296=CARTESIAN_POINT('',(91.681854075,-51.152217504,24.859765259));
#8297=B_SPLINE_SURFACE_WITH_KNOTS('',3,1,((#8283,#8284),(#8285,#8286),(#8287,#8288),(#8289,#8290),(#8291,#8292),(#8293,#8294),(#8295,#8296)),.UNSPECIFIED.,.F.,.F.,.U.,(4,3,4),(2,2),(0.125000103,1.,1.43136538),(0.,1.),.UNSPECIFIED.);
#8298=ORIENTED_EDGE('',*,*,#8204,.T.);
#8299=ORIENTED_EDGE('',*,*,#8277,.T.);
#8300=ORIENTED_EDGE('',*,*,#8249,.F.);
#8301=ORIENTED_EDGE('',*,*,#2229,.F.);
#8302=EDGE_LOOP('',(#8298,#8299,#8300,#8301));
#8303=FACE_BOUND('',#8302,.T.);
#8304=ADVANCED_FACE('',(#8303),#8297,.F.);
#8305=CARTESIAN_POINT('',(93.210259954,-50.949586263,25.559819047));
#8306=CARTESIAN_POINT('',(93.215042958,-50.948495977,25.562407499));
#8307=CARTESIAN_POINT('',(93.245317383,-50.93939778,25.579198008));
#8308=CARTESIAN_POINT('',(93.254779904,-50.936855297,25.58437969));
#8309=CARTESIAN_POINT('',(93.285001292,-50.927576747,25.601171785));
#8310=CARTESIAN_POINT('',(93.289678202,-50.926125627,25.603763419));
#8311=CARTESIAN_POINT('',(93.141002959,-50.967906098,25.42470742));
#8312=CARTESIAN_POINT('',(93.158027004,-50.964074286,25.433905715));
#8313=CARTESIAN_POINT('',(93.218030574,-50.946544064,25.467080363));
#8314=CARTESIAN_POINT('',(93.251703601,-50.937545815,25.485497717));
#8315=CARTESIAN_POINT('',(93.311513819,-50.919350614,25.518679269));
#8316=CARTESIAN_POINT('',(93.328151113,-50.914188508,25.527891397));
#8317=CARTESIAN_POINT('',(93.071396866,-50.980078877,25.291021715));
#8318=CARTESIAN_POINT('',(93.121163465,-50.96922899,25.317805099));
#8319=CARTESIAN_POINT('',(93.170656755,-50.957315915,25.344617768));
#8320=CARTESIAN_POINT('',(93.269045108,-50.931379758,25.398272333));
#8321=CARTESIAN_POINT('',(93.317940178,-50.917356676,25.425114232));
#8322=CARTESIAN_POINT('',(93.366510402,-50.902286638,25.45195613));
#8323=CARTESIAN_POINT('',(92.923781639,-50.994007378,25.002350303));
#8324=CARTESIAN_POINT('',(93.013344171,-50.98141037,25.048460659));
#8325=CARTESIAN_POINT('',(93.102262826,-50.965237235,25.094801428));
#8326=CARTESIAN_POINT('',(93.278373635,-50.925821924,25.187713941));
#8327=CARTESIAN_POINT('',(93.365565727,-50.902579764,25.234285652));
#8328=CARTESIAN_POINT('',(93.451679179,-50.875861076,25.280857379));
#8329=CARTESIAN_POINT('',(92.847751013,-50.992886755,24.849937443));
#8330=CARTESIAN_POINT('',(92.958367536,-50.981962188,24.905281479));
#8331=CARTESIAN_POINT('',(93.068168558,-50.965493329,24.961069254));
#8332=CARTESIAN_POINT('',(93.285281774,-50.921608817,25.073090018));
#8333=CARTESIAN_POINT('',(93.392593803,-50.894193203,25.129322918));
#8334=CARTESIAN_POINT('',(93.498241646,-50.861413667,25.185555867));
#8335=CARTESIAN_POINT('',(92.724194275,-50.980812968,24.59033954));
#8336=CARTESIAN_POINT('',(92.869888017,-50.975675733,24.659507742));
#8337=CARTESIAN_POINT('',(93.014744176,-50.960957489,24.729680863));
#8338=CARTESIAN_POINT('',(93.300729133,-50.912573813,24.871039706));
#8339=CARTESIAN_POINT('',(93.441856998,-50.878908543,24.942224966));
#8340=CARTESIAN_POINT('',(93.580120363,-50.836009437,25.013410466));
#8341=CARTESIAN_POINT('',(92.673816414,-50.97195977,24.480061116));
#8342=CARTESIAN_POINT('',(92.834132474,-50.970361773,24.554419522));
#8343=CARTESIAN_POINT('',(92.993698128,-50.957216535,24.630091855));
#8344=CARTESIAN_POINT('',(93.308594972,-50.908066322,24.782762539));
#8345=CARTESIAN_POINT('',(93.463924675,-50.872061587,24.85976016));
#8346=CARTESIAN_POINT('',(93.615805067,-50.824937284,24.936758151));
#8347=CARTESIAN_POINT('',(92.627188343,-50.960798277,24.373604148));
#8348=CARTESIAN_POINT('',(92.801266789,-50.963355796,24.452399278));
#8349=CARTESIAN_POINT('',(92.974789775,-50.952308997,24.532861164));
#8350=CARTESIAN_POINT('',(93.3171711,-50.903232842,24.695470665));
#8351=CARTESIAN_POINT('',(93.486027033,-50.865203832,24.777617139));
#8352=CARTESIAN_POINT('',(93.650819177,-50.814073274,24.859764191));
#8353=B_SPLINE_SURFACE_WITH_KNOTS('',3,3,((#8305,#8306,#8307,#8308,#8309,#8310),(#8311,#8312,#8313,#8314,#8315,#8316),(#8317,#8318,#8319,#8320,#8321,#8322),(#8323,#8324,#8325,#8326,#8327,#8328),(#8329,#8330,#8331,#8332,#8333,#8334),(#8335,#8336,#8337,#8338,#8339,#8340),(#8341,#8342,#8343,#8344,#8345,#8346),(#8347,#8348,#8349,#8350,#8351,#8352)),.UNSPECIFIED.,.F.,.F.,.U.,(4,2,2,4),(4,2,4),(0.000044627,0.000302333,0.000623455,0.000879295),(0.,0.5,1.),.UNSPECIFIED.);
#8354=ORIENTED_EDGE('',*,*,#4305,.T.);
#8355=ORIENTED_EDGE('',*,*,#8228,.T.);
#8356=ORIENTED_EDGE('',*,*,#7149,.T.);
#8357=ORIENTED_EDGE('',*,*,#8270,.T.);
#8358=EDGE_LOOP('',(#8354,#8355,#8356,#8357));
#8359=FACE_BOUND('',#8358,.T.);
#8360=ADVANCED_FACE('',(#8359),#8353,.F.);
#8361=CARTESIAN_POINT('',(84.982355795,10.80598806,18.459765259));
#8362=DIRECTION('',(0.,0.,1.));
#8363=DIRECTION('',(1.,0.,0.));
#8364=AXIS2_PLACEMENT_3D('',#8361,#8362,#8363);
#8365=PLANE('',#8364);
#8366=ORIENTED_EDGE('',*,*,#3091,.F.);
#8367=ORIENTED_EDGE('',*,*,#2072,.F.);
#8368=ORIENTED_EDGE('',*,*,#877,.F.);
#8369=EDGE_LOOP('',(#8366,#8367,#8368));
#8370=FACE_BOUND('',#8369,.T.);
#8371=ADVANCED_FACE('',(#8370),#8365,.F.);
#8372=CARTESIAN_POINT('',(84.982355795,10.80598806,18.459765259));
#8373=DIRECTION('',(0.,0.,1.));
#8374=DIRECTION('',(1.,0.,0.));
#8375=AXIS2_PLACEMENT_3D('',#8372,#8373,#8374);
#8376=PLANE('',#8375);
#8377=ORIENTED_EDGE('',*,*,#1443,.T.);
#8378=CARTESIAN_POINT('',(115.440922212,-30.428954534,18.459765259));
#8379=DIRECTION('',(0.899271584,-0.437390692,0.));
#8380=VECTOR('',#8379,0.249080048);
#8381=LINE('',#8378,#8380);
#8382=EDGE_CURVE('',#1425,#3242,#8381,.T.);
#8383=ORIENTED_EDGE('',*,*,#8382,.T.);
#8384=ORIENTED_EDGE('',*,*,#3254,.F.);
#8385=CARTESIAN_POINT('',(114.612567797,-32.694883453,18.459765259));
#8386=DIRECTION('',(-0.899271584,0.437390692,0.));
#8387=VECTOR('',#8386,0.242203237);
#8388=LINE('',#8385,#8387);
#8389=EDGE_CURVE('',#3233,#1434,#8388,.T.);
#8390=ORIENTED_EDGE('',*,*,#8389,.T.);
#8391=EDGE_LOOP('',(#8377,#8383,#8384,#8390));
#8392=FACE_BOUND('',#8391,.T.);
#8393=ADVANCED_FACE('',(#8392),#8376,.F.);
#8394=CARTESIAN_POINT('',(118.100267965,-20.327481904,18.459765259));
#8395=CARTESIAN_POINT('',(118.06103732,-19.258184174,18.461580324));
#8396=CARTESIAN_POINT('',(118.06103732,-19.258184169,18.461580324));
#8397=CARTESIAN_POINT('',(118.176947141,-20.326973973,18.459765259));
#8398=CARTESIAN_POINT('',(118.127339096,-19.255696531,18.461634412));
#8399=CARTESIAN_POINT('',(118.127339095,-19.255696526,18.461634412));
#8400=CARTESIAN_POINT('',(118.253626317,-20.326466042,18.459765259));
#8401=CARTESIAN_POINT('',(118.193640871,-19.253208888,18.461688501));
#8402=CARTESIAN_POINT('',(118.193640871,-19.253208884,18.461688501));
#8403=CARTESIAN_POINT('',(118.330305493,-20.325958111,18.459765259));
#8404=CARTESIAN_POINT('',(118.259942647,-19.250721246,18.461742589));
#8405=CARTESIAN_POINT('',(118.259942646,-19.250721241,18.461742589));
#8406=CARTESIAN_POINT('',(118.330699232,-20.325955503,18.459765259));
#8407=CARTESIAN_POINT('',(118.260283099,-19.250708472,18.461742867));
#8408=CARTESIAN_POINT('',(118.260283099,-19.250708467,18.461742867));
#8409=CARTESIAN_POINT('',(118.331092971,-20.325952895,18.459765259));
#8410=CARTESIAN_POINT('',(118.260623551,-19.250695698,18.461743145));
#8411=CARTESIAN_POINT('',(118.260623551,-19.250695694,18.461743145));
#8412=CARTESIAN_POINT('',(118.33148671,-20.325950287,18.459765259));
#8413=CARTESIAN_POINT('',(118.260964003,-19.250682924,18.461743423));
#8414=CARTESIAN_POINT('',(118.260964003,-19.25068292,18.461743423));
#8415=B_SPLINE_SURFACE_WITH_KNOTS('',3,1,((#8394,#8395,#8396),(#8397,#8398,#8399),(#8400,#8401,#8402),(#8403,#8404,#8405),(#8406,#8407,#8408),(#8409,#8410,#8411),(#8412,#8413,#8414)),.UNSPECIFIED.,.F.,.F.,.U.,(4,3,4),(2,1,2),(0.751851056,1.,1.001274217),(0.,1.,1.000000004179),.UNSPECIFIED.);
#8416=ORIENTED_EDGE('',*,*,#1383,.T.);
#8417=ORIENTED_EDGE('',*,*,#8052,.T.);
#8418=CARTESIAN_POINT('',(118.319010681,-20.136265056,18.460114218));
#8419=VERTEX_POINT('',#8418);
#8420=CARTESIAN_POINT('',(118.319010684,-20.136265056,18.460114218));
#8421=CARTESIAN_POINT('',(118.299322328,-19.841083719,18.460657219));
#8422=CARTESIAN_POINT('',(118.27963397,-19.545902381,18.461200038));
#8423=CARTESIAN_POINT('',(118.25994561,-19.250721043,18.461742592));
#8424=B_SPLINE_CURVE_WITH_KNOTS('',3,(#8420,#8421,#8422,#8423),.UNSPECIFIED.,.F.,.F.,(4,4),(-0.000120353,0.00076716),.UNSPECIFIED.);
#8425=EDGE_CURVE('',#8419,#3444,#8424,.T.);
#8426=ORIENTED_EDGE('',*,*,#8425,.F.);
#8427=CARTESIAN_POINT('',(118.327102033,-20.325979331,18.459765259));
#8428=CARTESIAN_POINT('',(118.325921411,-20.262676561,18.459881511));
#8429=CARTESIAN_POINT('',(118.3232243,-20.199438469,18.459998007));
#8430=CARTESIAN_POINT('',(118.319010684,-20.136265056,18.460114218));
#8431=B_SPLINE_CURVE_WITH_KNOTS('',3,(#8427,#8428,#8429,#8430),.UNSPECIFIED.,.F.,.F.,(4,4),(0.,0.000189887),.UNSPECIFIED.);
#8432=EDGE_CURVE('',#3288,#8419,#8431,.T.);
#8433=ORIENTED_EDGE('',*,*,#8432,.F.);
#8434=ORIENTED_EDGE('',*,*,#3293,.F.);
#8435=EDGE_LOOP('',(#8416,#8417,#8426,#8433,#8434));
#8436=FACE_BOUND('',#8435,.T.);
#8437=ADVANCED_FACE('',(#8436),#8415,.F.);
#8438=CARTESIAN_POINT('',(118.319056613,-20.13695366,18.460112949));
#8439=CARTESIAN_POINT('',(118.259945636,-19.250721134,18.461746844));
#8440=CARTESIAN_POINT('',(118.25994563,-19.250721043,18.461746844));
#8441=CARTESIAN_POINT('',(118.319056607,-20.13695366,18.460111528));
#8442=CARTESIAN_POINT('',(118.25994563,-19.250721134,18.461745415));
#8443=CARTESIAN_POINT('',(118.259945623,-19.250721043,18.461745415));
#8444=CARTESIAN_POINT('',(118.319056602,-20.13695366,18.460110108));
#8445=CARTESIAN_POINT('',(118.259945623,-19.250721134,18.461743985));
#8446=CARTESIAN_POINT('',(118.259945617,-19.250721043,18.461743985));
#8447=CARTESIAN_POINT('',(118.319056597,-20.13695366,18.460108687));
#8448=CARTESIAN_POINT('',(118.259945616,-19.250721134,18.461742556));
#8449=CARTESIAN_POINT('',(118.25994561,-19.250721043,18.461742556));
#8450=CARTESIAN_POINT('',(118.31829219,-20.136957837,18.260694418));
#8451=CARTESIAN_POINT('',(118.259001161,-19.250721251,18.261095096));
#8452=CARTESIAN_POINT('',(118.259001155,-19.25072116,18.261095096));
#8453=CARTESIAN_POINT('',(118.318012648,-20.136958803,18.060582582));
#8454=CARTESIAN_POINT('',(118.258056706,-19.250721367,18.060447636));
#8455=CARTESIAN_POINT('',(118.2580567,-19.250721276,18.060447636));
#8456=CARTESIAN_POINT('',(118.318217971,-20.136956559,17.859773178));
#8457=CARTESIAN_POINT('',(118.257112251,-19.250721483,17.859800176));
#8458=CARTESIAN_POINT('',(118.257112245,-19.250721392,17.859800176));
#8459=B_SPLINE_SURFACE_WITH_KNOTS('',3,1,((#8438,#8439,#8440),(#8441,#8442,#8443),(#8444,#8445,#8446),(#8447,#8448,#8449),(#8450,#8451,#8452),(#8453,#8454,#8455),(#8456,#8457,#8458)),.UNSPECIFIED.,.F.,.F.,.U.,(4,3,4),(2,1,2),(-0.000007124,0.,1.),(0.175772647,1.,1.000000084),.UNSPECIFIED.);
#8460=ORIENTED_EDGE('',*,*,#8425,.T.);
#8461=ORIENTED_EDGE('',*,*,#3450,.F.);
#8462=ORIENTED_EDGE('',*,*,#4179,.F.);
#8463=CARTESIAN_POINT('',(118.319010668,-20.136265066,18.460109957));
#8464=CARTESIAN_POINT('',(118.318265037,-20.136957982,18.253647658));
#8465=CARTESIAN_POINT('',(118.317918749,-20.135580752,18.066338978));
#8466=CARTESIAN_POINT('',(118.317855949,-20.131706031,17.859772835));
#8467=B_SPLINE_CURVE_WITH_KNOTS('',3,(#8463,#8464,#8465,#8466),.UNSPECIFIED.,.F.,.F.,(4,4),(0.002393194,0.003012609),.UNSPECIFIED.);
#8468=EDGE_CURVE('',#8419,#4168,#8467,.T.);
#8469=ORIENTED_EDGE('',*,*,#8468,.F.);
#8470=EDGE_LOOP('',(#8460,#8461,#8462,#8469));
#8471=FACE_BOUND('',#8470,.T.);
#8472=ADVANCED_FACE('',(#8471),#8459,.F.);
#8473=CARTESIAN_POINT('',(118.306711948,-20.808045164,18.465025216));
#8474=CARTESIAN_POINT('',(118.329822577,-20.585005815,18.463392833));
#8475=CARTESIAN_POINT('',(118.333942276,-20.36000145,18.461809837));
#8476=CARTESIAN_POINT('',(118.319011857,-20.136264738,18.460298973));
#8477=CARTESIAN_POINT('',(118.306659845,-20.808034391,18.444326719));
#8478=CARTESIAN_POINT('',(118.329758892,-20.585019304,18.442680927));
#8479=CARTESIAN_POINT('',(118.333871209,-20.360040417,18.441082595));
#8480=CARTESIAN_POINT('',(118.318937725,-20.136329309,18.439554682));
#8481=CARTESIAN_POINT('',(118.306610323,-20.808040258,18.424092892));
#8482=CARTESIAN_POINT('',(118.329699384,-20.585042551,18.422423279));
#8483=CARTESIAN_POINT('',(118.33380471,-20.360082077,18.420796963));
#8484=CARTESIAN_POINT('',(118.31886734,-20.136389627,18.4192373));
#8485=CARTESIAN_POINT('',(118.306505715,-20.808071486,18.376244184));
#8486=CARTESIAN_POINT('',(118.329576199,-20.585082198,18.374601214));
#8487=CARTESIAN_POINT('',(118.333664551,-20.360131872,18.372994394));
#8488=CARTESIAN_POINT('',(118.318712062,-20.136450855,18.371446799));
#8489=CARTESIAN_POINT('',(118.306452054,-20.80811489,18.348861853));
#8490=CARTESIAN_POINT('',(118.329516386,-20.58510224,18.347233807));
#8491=CARTESIAN_POINT('',(118.333594682,-20.360128913,18.345637814));
#8492=CARTESIAN_POINT('',(118.318628367,-20.136426229,18.344096794));
#8493=CARTESIAN_POINT('',(118.306314139,-20.808280937,18.266722206));
#8494=CARTESIAN_POINT('',(118.329366078,-20.585161191,18.265130217));
#8495=CARTESIAN_POINT('',(118.333413923,-20.360080999,18.26355794));
#8496=CARTESIAN_POINT('',(118.31839948,-20.136276234,18.26202798));
#8497=CARTESIAN_POINT('',(118.306250557,-20.808462403,18.211970226));
#8498=CARTESIAN_POINT('',(118.329306161,-20.585197638,18.210395853));
#8499=CARTESIAN_POINT('',(118.333333028,-20.359970916,18.208832934));
#8500=CARTESIAN_POINT('',(118.31827319,-20.13602436,18.207303967));
#8501=CARTESIAN_POINT('',(118.306175678,-20.809015503,18.102477709));
#8502=CARTESIAN_POINT('',(118.329268465,-20.585278722,18.100931269));
#8503=CARTESIAN_POINT('',(118.333251899,-20.359572796,18.09937961));
#8504=CARTESIAN_POINT('',(118.318068396,-20.135160398,18.097845163));
#8505=CARTESIAN_POINT('',(118.306165184,-20.80937916,18.047714469));
#8506=CARTESIAN_POINT('',(118.32929019,-20.585323516,18.046184369));
#8507=CARTESIAN_POINT('',(118.333251269,-20.359293235,18.044640747));
#8508=CARTESIAN_POINT('',(118.317990998,-20.13456493,18.043105979));
#8509=CARTESIAN_POINT('',(118.306190326,-20.810040697,17.96554285));
#8510=CARTESIAN_POINT('',(118.329383028,-20.585387114,17.964039954));
#8511=CARTESIAN_POINT('',(118.333309072,-20.3587479,17.962511053));
#8512=CARTESIAN_POINT('',(118.317911242,-20.133426016,17.960978427));
#8513=CARTESIAN_POINT('',(118.30620552,-20.81028054,17.938147511));
#8514=CARTESIAN_POINT('',(118.329424015,-20.585407708,17.936654247));
#8515=CARTESIAN_POINT('',(118.33333813,-20.358545121,17.935130812));
#8516=CARTESIAN_POINT('',(118.317890711,-20.133005429,17.933599454));
#8517=CARTESIAN_POINT('',(118.306241242,-20.810698253,17.893755147));
#8518=CARTESIAN_POINT('',(118.329506596,-20.585438602,17.892278228));
#8519=CARTESIAN_POINT('',(118.33340089,-20.358181786,17.89076438));
#8520=CARTESIAN_POINT('',(118.317867065,-20.132257611,17.889235784));
#8521=CARTESIAN_POINT('',(118.306258033,-20.81086731,17.876873137));
#8522=CARTESIAN_POINT('',(118.329543177,-20.585449274,17.875331772));
#8523=CARTESIAN_POINT('',(118.333429842,-20.358030993,17.87375033));
#8524=CARTESIAN_POINT('',(118.317861001,-20.131949325,17.872152017));
#8525=CARTESIAN_POINT('',(118.306276338,-20.811047986,17.859765323));
#8526=CARTESIAN_POINT('',(118.329582108,-20.585465907,17.858173178));
#8527=CARTESIAN_POINT('',(118.333460985,-20.357880363,17.856538913));
#8528=CARTESIAN_POINT('',(118.317855974,-20.131635538,17.854886546));
#8529=B_SPLINE_SURFACE_WITH_KNOTS('',3,3,((#8473,#8474,#8475,#8476),(#8477,#8478,#8479,#8480),(#8481,#8482,#8483,#8484),(#8485,#8486,#8487,#8488),(#8489,#8490,#8491,#8492),(#8493,#8494,#8495,#8496),(#8497,#8498,#8499,#8500),(#8501,#8502,#8503,#8504),(#8505,#8506,#8507,#8508),(#8509,#8510,#8511,#8512),(#8513,#8514,#8515,#8516),(#8517,#8518,#8519,#8520),(#8521,#8522,#8523,#8524),(#8525,#8526,#8527,#8528)),.UNSPECIFIED.,.F.,.F.,.U.,(4,2,2,2,2,2,4),(4,4),(0.002393194,0.002456484,0.002541191,0.002710603,0.002880016,0.002964722,0.003017253),(0.,1.),.UNSPECIFIED.);
#8530=ORIENTED_EDGE('',*,*,#3300,.T.);
#8531=ORIENTED_EDGE('',*,*,#8432,.T.);
#8532=ORIENTED_EDGE('',*,*,#8468,.T.);
#8533=ORIENTED_EDGE('',*,*,#4174,.T.);
#8534=ORIENTED_EDGE('',*,*,#2961,.T.);
#8535=EDGE_LOOP('',(#8530,#8531,#8532,#8533,#8534));
#8536=FACE_BOUND('',#8535,.T.);
#8537=ADVANCED_FACE('',(#8536),#8529,.F.);
#8538=CARTESIAN_POINT('',(119.800053768,-30.992347816,18.366193803));
#8539=DIRECTION('',(0.,-0.,1.));
#8540=DIRECTION('',(-0.899271584,0.437390692,0.));
#8541=AXIS2_PLACEMENT_3D('',#8538,#8539,#8540);
#8542=PLANE('',#8541);
#8543=CARTESIAN_POINT('',(114.996297852,-29.32308777,18.366193803));
#8544=VERTEX_POINT('',#8543);
#8545=CARTESIAN_POINT('',(115.990608908,-29.806704076,18.366193803));
#8546=DIRECTION('',(-0.899271584,0.437390692,0.));
#8547=VECTOR('',#8546,1.10568495);
#8548=LINE('',#8545,#8547);
#8549=EDGE_CURVE('',#2928,#8544,#8548,.T.);
#8550=ORIENTED_EDGE('',*,*,#8549,.F.);
#8551=ORIENTED_EDGE('',*,*,#3270,.T.);
#8552=CARTESIAN_POINT('',(114.646385298,-30.042505037,18.366193803));
#8553=VERTEX_POINT('',#8552);
#8554=CARTESIAN_POINT('',(115.664904343,-30.537895705,18.366193803));
#8555=DIRECTION('',(-0.899271584,0.437390692,0.));
#8556=VECTOR('',#8555,1.132604503);
#8557=LINE('',#8554,#8556);
#8558=EDGE_CURVE('',#3257,#8553,#8557,.T.);
#8559=ORIENTED_EDGE('',*,*,#8558,.T.);
#8560=CARTESIAN_POINT('',(114.646385298,-30.042505037,18.366193803));
#8561=DIRECTION('',(0.437390692,0.899271584,-0.));
#8562=VECTOR('',#8561,0.8);
#8563=LINE('',#8560,#8562);
#8564=EDGE_CURVE('',#8553,#8544,#8563,.T.);
#8565=ORIENTED_EDGE('',*,*,#8564,.T.);
#8566=EDGE_LOOP('',(#8550,#8551,#8559,#8565));
#8567=FACE_BOUND('',#8566,.T.);
#8568=ADVANCED_FACE('',(#8567),#8542,.F.);
#8569=COLOUR_RGB('',0.239215687,0.235294119,0.235294119);
#8570=FILL_AREA_STYLE_COLOUR('',#8569);
#8571=FILL_AREA_STYLE('',(#8570));
#8572=SURFACE_STYLE_FILL_AREA(#8571);
#8573=SURFACE_SIDE_STYLE('',(#8572));
#8574=SURFACE_STYLE_USAGE(.BOTH.,#8573);
#8575=PRESENTATION_STYLE_ASSIGNMENT((#8574));
#8576=OVER_RIDING_STYLED_ITEM('',(#8575),#8568,#26);
#8577=CARTESIAN_POINT('',(117.525622167,-35.668560054,18.366193803));
#8578=DIRECTION('',(-0.,0.,-1.));
#8579=DIRECTION('',(0.899271584,-0.437390692,-0.));
#8580=AXIS2_PLACEMENT_3D('',#8577,#8578,#8579);
#8581=PLANE('',#8580);
#8582=ORIENTED_EDGE('',*,*,#3230,.F.);
#8583=CARTESIAN_POINT('',(113.246735082,-32.920174107,18.366193803));
#8584=VERTEX_POINT('',#8583);
#8585=CARTESIAN_POINT('',(114.223971872,-33.395485774,18.366193803));
#8586=DIRECTION('',(-0.899271584,0.437390692,0.));
#8587=VECTOR('',#8586,1.086698175);
#8588=LINE('',#8585,#8587);
#8589=EDGE_CURVE('',#3215,#8584,#8588,.T.);
#8590=ORIENTED_EDGE('',*,*,#8589,.T.);
#8591=CARTESIAN_POINT('',(113.596647636,-32.200756839,18.366193803));
#8592=VERTEX_POINT('',#8591);
#8593=CARTESIAN_POINT('',(113.596647636,-32.200756839,18.366193803));
#8594=DIRECTION('',(-0.437390692,-0.899271584,0.));
#8595=VECTOR('',#8594,0.8);
#8596=LINE('',#8593,#8595);
#8597=EDGE_CURVE('',#8592,#8584,#8596,.T.);
#8598=ORIENTED_EDGE('',*,*,#8597,.F.);
#8599=CARTESIAN_POINT('',(114.612566676,-32.694882908,18.366193803));
#8600=DIRECTION('',(-0.899271584,0.437390692,0.));
#8601=VECTOR('',#8600,1.129713267);
#8602=LINE('',#8599,#8601);
#8603=EDGE_CURVE('',#3224,#8592,#8602,.T.);
#8604=ORIENTED_EDGE('',*,*,#8603,.F.);
#8605=EDGE_LOOP('',(#8582,#8590,#8598,#8604));
#8606=FACE_BOUND('',#8605,.T.);
#8607=ADVANCED_FACE('',(#8606),#8581,.T.);
#8608=OVER_RIDING_STYLED_ITEM('',(#8575),#8607,#26);
#8609=CARTESIAN_POINT('',(119.537619352,-31.531910767,18.566193803));
#8610=DIRECTION('',(-0.437390692,-0.899271584,-0.));
#8611=DIRECTION('',(-0.899271584,0.437390692,0.));
#8612=AXIS2_PLACEMENT_3D('',#8609,#8610,#8611);
#8613=PLANE('',#8612);
#8614=ORIENTED_EDGE('',*,*,#1413,.F.);
#8615=ORIENTED_EDGE('',*,*,#3284,.T.);
#8616=ORIENTED_EDGE('',*,*,#2934,.T.);
#8617=ORIENTED_EDGE('',*,*,#8549,.T.);
#8618=CARTESIAN_POINT('',(114.951334273,-29.301218235,17.866193803));
#8619=VERTEX_POINT('',#8618);
#8620=CARTESIAN_POINT('',(114.996297852,-29.32308777,18.366193803));
#8621=DIRECTION('',(-0.089480867,0.043522001,-0.99503719));
#8622=VECTOR('',#8621,0.502493781);
#8623=LINE('',#8620,#8622);
#8624=EDGE_CURVE('',#8544,#8619,#8623,.T.);
#8625=ORIENTED_EDGE('',*,*,#8624,.T.);
#8626=CARTESIAN_POINT('',(114.591625639,-29.126261958,17.866193803));
#8627=VERTEX_POINT('',#8626);
#8628=CARTESIAN_POINT('',(114.951334273,-29.301218235,17.866193803));
#8629=DIRECTION('',(-0.899271584,0.437390692,0.));
#8630=VECTOR('',#8629,0.4);
#8631=LINE('',#8628,#8630);
#8632=EDGE_CURVE('',#8619,#8627,#8631,.T.);
#8633=ORIENTED_EDGE('',*,*,#8632,.T.);
#8634=CARTESIAN_POINT('',(114.141989847,-28.907566612,18.366193803));
#8635=VERTEX_POINT('',#8634);
#8636=CARTESIAN_POINT('',(114.141989847,-28.907566612,18.366193803));
#8637=DIRECTION('',(0.635881035,-0.309281925,-0.707106781));
#8638=VECTOR('',#8637,0.707106781);
#8639=LINE('',#8636,#8638);
#8640=EDGE_CURVE('',#8635,#8627,#8639,.T.);
#8641=ORIENTED_EDGE('',*,*,#8640,.F.);
#8642=CARTESIAN_POINT('',(114.141989847,-28.907566612,18.966193802));
#8643=VERTEX_POINT('',#8642);
#8644=CARTESIAN_POINT('',(114.141989847,-28.907566612,18.966193802));
#8645=DIRECTION('',(-0.,0.,-1.));
#8646=VECTOR('',#8645,0.599999999);
#8647=LINE('',#8644,#8646);
#8648=EDGE_CURVE('',#8643,#8635,#8647,.T.);
#8649=ORIENTED_EDGE('',*,*,#8648,.F.);
#8650=CARTESIAN_POINT('',(115.792870973,-29.710527644,19.103878663));
#8651=DIRECTION('',(-0.896753003,0.436165697,-0.074789948));
#8652=VECTOR('',#8651,1.840954109);
#8653=LINE('',#8650,#8652);
#8654=EDGE_CURVE('',#1407,#8643,#8653,.T.);
#8655=ORIENTED_EDGE('',*,*,#8654,.F.);
#8656=EDGE_LOOP('',(#8614,#8615,#8616,#8617,#8625,#8633,#8641,#8649,#8655));
#8657=FACE_BOUND('',#8656,.T.);
#8658=ADVANCED_FACE('',(#8657),#8613,.F.);
#8659=OVER_RIDING_STYLED_ITEM('',(#8575),#8658,#26);
#8660=CARTESIAN_POINT('',(115.68054762,-30.545504334,18.156193803));
#8661=DIRECTION('',(-0.437390692,-0.899271584,-0.));
#8662=DIRECTION('',(0.,-0.,1.));
#8663=AXIS2_PLACEMENT_3D('',#8660,#8661,#8662);
#8664=PLANE('',#8663);
#8665=ORIENTED_EDGE('',*,*,#8382,.F.);
#8666=ORIENTED_EDGE('',*,*,#1431,.T.);
#8667=CARTESIAN_POINT('',(113.792077293,-29.626983879,18.966193803));
#8668=VERTEX_POINT('',#8667);
#8669=CARTESIAN_POINT('',(115.477118594,-30.44655985,19.106727653));
#8670=DIRECTION('',(-0.896753003,0.436165697,-0.074789948));
#8671=VECTOR('',#8670,1.879047291);
#8672=LINE('',#8669,#8671);
#8673=EDGE_CURVE('',#1416,#8668,#8672,.T.);
#8674=ORIENTED_EDGE('',*,*,#8673,.T.);
#8675=CARTESIAN_POINT('',(113.792077293,-29.626983879,18.866193803));
#8676=VERTEX_POINT('',#8675);
#8677=CARTESIAN_POINT('',(113.792077293,-29.626983879,18.866193803));
#8678=DIRECTION('',(0.,-0.,1.));
#8679=VECTOR('',#8678,0.1);
#8680=LINE('',#8677,#8679);
#8681=EDGE_CURVE('',#8676,#8668,#8680,.T.);
#8682=ORIENTED_EDGE('',*,*,#8681,.F.);
#8683=CARTESIAN_POINT('',(114.691348877,-30.064374572,18.866193803));
#8684=VERTEX_POINT('',#8683);
#8685=CARTESIAN_POINT('',(114.691348877,-30.064374572,18.866193803));
#8686=DIRECTION('',(-0.899271584,0.437390692,0.));
#8687=VECTOR('',#8686,1.);
#8688=LINE('',#8685,#8687);
#8689=EDGE_CURVE('',#8684,#8676,#8688,.T.);
#8690=ORIENTED_EDGE('',*,*,#8689,.F.);
#8691=CARTESIAN_POINT('',(114.691348877,-30.064374572,18.866193803));
#8692=DIRECTION('',(-0.089480867,0.043522001,-0.99503719));
#8693=VECTOR('',#8692,0.502493781);
#8694=LINE('',#8691,#8693);
#8695=EDGE_CURVE('',#8684,#8553,#8694,.T.);
#8696=ORIENTED_EDGE('',*,*,#8695,.T.);
#8697=ORIENTED_EDGE('',*,*,#8558,.F.);
#8698=ORIENTED_EDGE('',*,*,#3263,.F.);
#8699=EDGE_LOOP('',(#8665,#8666,#8674,#8682,#8690,#8696,#8697,#8698));
#8700=FACE_BOUND('',#8699,.T.);
#8701=ADVANCED_FACE('',(#8700),#8664,.T.);
#8702=OVER_RIDING_STYLED_ITEM('',(#8575),#8701,#26);
#8703=CARTESIAN_POINT('',(117.788056583,-35.128997103,18.566193803));
#8704=DIRECTION('',(-0.437390692,-0.899271584,-0.));
#8705=DIRECTION('',(-0.899271584,0.437390692,0.));
#8706=AXIS2_PLACEMENT_3D('',#8703,#8704,#8705);
#8707=PLANE('',#8706);
#8708=ORIENTED_EDGE('',*,*,#3316,.F.);
#8709=ORIENTED_EDGE('',*,*,#1470,.T.);
#8710=CARTESIAN_POINT('',(112.392427077,-32.504652949,18.966193803));
#8711=VERTEX_POINT('',#8710);
#8712=CARTESIAN_POINT('',(114.060601624,-33.316025212,19.105320951));
#8713=DIRECTION('',(-0.896753003,0.436165697,-0.074789948));
#8714=VECTOR('',#8713,1.860238595);
#8715=LINE('',#8712,#8714);
#8716=EDGE_CURVE('',#1455,#8711,#8715,.T.);
#8717=ORIENTED_EDGE('',*,*,#8716,.T.);
#8718=CARTESIAN_POINT('',(112.392427077,-32.504652949,18.366193803));
#8719=VERTEX_POINT('',#8718);
#8720=CARTESIAN_POINT('',(112.392427077,-32.504652949,18.966193803));
#8721=DIRECTION('',(-0.,0.,-1.));
#8722=VECTOR('',#8721,0.6);
#8723=LINE('',#8720,#8722);
#8724=EDGE_CURVE('',#8711,#8719,#8723,.T.);
#8725=ORIENTED_EDGE('',*,*,#8724,.T.);
#8726=CARTESIAN_POINT('',(112.842062869,-32.723348295,17.866193803));
#8727=VERTEX_POINT('',#8726);
#8728=CARTESIAN_POINT('',(112.842062869,-32.723348295,17.866193803));
#8729=DIRECTION('',(-0.635881035,0.309281925,0.707106781));
#8730=VECTOR('',#8729,0.707106781);
#8731=LINE('',#8728,#8730);
#8732=EDGE_CURVE('',#8727,#8719,#8731,.T.);
#8733=ORIENTED_EDGE('',*,*,#8732,.F.);
#8734=CARTESIAN_POINT('',(113.201771503,-32.898304572,17.866193803));
#8735=VERTEX_POINT('',#8734);
#8736=CARTESIAN_POINT('',(113.201771503,-32.898304572,17.866193803));
#8737=DIRECTION('',(-0.899271584,0.437390692,0.));
#8738=VECTOR('',#8737,0.4);
#8739=LINE('',#8736,#8738);
#8740=EDGE_CURVE('',#8735,#8727,#8739,.T.);
#8741=ORIENTED_EDGE('',*,*,#8740,.F.);
#8742=CARTESIAN_POINT('',(113.201771503,-32.898304572,17.866193803));
#8743=DIRECTION('',(0.089480867,-0.043522001,0.99503719));
#8744=VECTOR('',#8743,0.502493781);
#8745=LINE('',#8742,#8744);
#8746=EDGE_CURVE('',#8735,#8584,#8745,.T.);
#8747=ORIENTED_EDGE('',*,*,#8746,.T.);
#8748=ORIENTED_EDGE('',*,*,#8589,.F.);
#8749=ORIENTED_EDGE('',*,*,#3221,.F.);
#8750=EDGE_LOOP('',(#8708,#8709,#8717,#8725,#8733,#8741,#8747,#8748,#8749));
#8751=FACE_BOUND('',#8750,.T.);
#8752=ADVANCED_FACE('',(#8751),#8707,.T.);
#8753=OVER_RIDING_STYLED_ITEM('',(#8575),#8752,#26);
#8754=CARTESIAN_POINT('',(114.630809958,-32.703756136,18.156193803));
#8755=DIRECTION('',(0.437390692,0.899271584,0.));
#8756=DIRECTION('',(-0.,0.,-1.));
#8757=AXIS2_PLACEMENT_3D('',#8754,#8755,#8756);
#8758=PLANE('',#8757);
#8759=CARTESIAN_POINT('',(112.742339631,-31.785235682,18.966193802));
#8760=VERTEX_POINT('',#8759);
#8761=CARTESIAN_POINT('',(114.443386039,-32.612596269,19.108062489));
#8762=DIRECTION('',(-0.896753003,0.436165697,-0.074789948));
#8763=VECTOR('',#8762,1.896895133);
#8764=LINE('',#8761,#8763);
#8765=EDGE_CURVE('',#1446,#8760,#8764,.T.);
#8766=ORIENTED_EDGE('',*,*,#8765,.F.);
#8767=ORIENTED_EDGE('',*,*,#1452,.T.);
#8768=ORIENTED_EDGE('',*,*,#8389,.F.);
#8769=ORIENTED_EDGE('',*,*,#3239,.F.);
#8770=ORIENTED_EDGE('',*,*,#8603,.T.);
#8771=CARTESIAN_POINT('',(113.641611215,-32.222626374,18.866193803));
#8772=VERTEX_POINT('',#8771);
#8773=CARTESIAN_POINT('',(113.641611215,-32.222626374,18.866193803));
#8774=DIRECTION('',(-0.089480867,0.043522001,-0.99503719));
#8775=VECTOR('',#8774,0.502493781);
#8776=LINE('',#8773,#8775);
#8777=EDGE_CURVE('',#8772,#8592,#8776,.T.);
#8778=ORIENTED_EDGE('',*,*,#8777,.F.);
#8779=CARTESIAN_POINT('',(112.742339631,-31.785235682,18.866193803));
#8780=VERTEX_POINT('',#8779);
#8781=CARTESIAN_POINT('',(113.641611215,-32.222626374,18.866193803));
#8782=DIRECTION('',(-0.899271584,0.437390692,0.));
#8783=VECTOR('',#8782,1.);
#8784=LINE('',#8781,#8783);
#8785=EDGE_CURVE('',#8772,#8780,#8784,.T.);
#8786=ORIENTED_EDGE('',*,*,#8785,.T.);
#8787=CARTESIAN_POINT('',(112.742339631,-31.785235682,18.866193803));
#8788=DIRECTION('',(0.,-0.,1.));
#8789=VECTOR('',#8788,0.099999999);
#8790=LINE('',#8787,#8789);
#8791=EDGE_CURVE('',#8780,#8760,#8790,.T.);
#8792=ORIENTED_EDGE('',*,*,#8791,.T.);
#8793=EDGE_LOOP('',(#8766,#8767,#8768,#8769,#8770,#8778,#8786,#8792));
#8794=FACE_BOUND('',#8793,.T.);
#8795=ADVANCED_FACE('',(#8794),#8758,.T.);
#8796=OVER_RIDING_STYLED_ITEM('',(#8575),#8795,#26);
#8797=CARTESIAN_POINT('',(118.487881691,-33.690162569,18.566193803));
#8798=DIRECTION('',(0.437390692,0.899271584,0.));
#8799=DIRECTION('',(0.899271584,-0.437390692,-0.));
#8800=AXIS2_PLACEMENT_3D('',#8797,#8798,#8799);
#8801=PLANE('',#8800);
#8802=ORIENTED_EDGE('',*,*,#1180,.F.);
#8803=CARTESIAN_POINT('',(113.092252185,-31.065818414,18.966193803));
#8804=VERTEX_POINT('',#8803);
#8805=CARTESIAN_POINT('',(114.808851702,-31.900743774,19.109359634));
#8806=DIRECTION('',(-0.896753003,0.436165697,-0.074789948));
#8807=VECTOR('',#8806,1.914238938);
#8808=LINE('',#8805,#8807);
#8809=EDGE_CURVE('',#1163,#8804,#8808,.T.);
#8810=ORIENTED_EDGE('',*,*,#8809,.T.);
#8811=CARTESIAN_POINT('',(113.092252185,-31.065818414,18.866193803));
#8812=VERTEX_POINT('',#8811);
#8813=CARTESIAN_POINT('',(113.092252185,-31.065818414,18.866193803));
#8814=DIRECTION('',(0.,-0.,1.));
#8815=VECTOR('',#8814,0.1);
#8816=LINE('',#8813,#8815);
#8817=EDGE_CURVE('',#8812,#8804,#8816,.T.);
#8818=ORIENTED_EDGE('',*,*,#8817,.F.);
#8819=CARTESIAN_POINT('',(113.991523769,-31.503209107,18.866193803));
#8820=VERTEX_POINT('',#8819);
#8821=CARTESIAN_POINT('',(113.991523769,-31.503209107,18.866193803));
#8822=DIRECTION('',(-0.899271584,0.437390692,0.));
#8823=VECTOR('',#8822,1.);
#8824=LINE('',#8821,#8823);
#8825=EDGE_CURVE('',#8820,#8812,#8824,.T.);
#8826=ORIENTED_EDGE('',*,*,#8825,.F.);
#8827=CARTESIAN_POINT('',(113.955552906,-31.485713479,18.466193803));
#8828=VERTEX_POINT('',#8827);
#8829=CARTESIAN_POINT('',(113.991523769,-31.503209107,18.866193803));
#8830=DIRECTION('',(-0.089480867,0.043522001,-0.99503719));
#8831=VECTOR('',#8830,0.401995025);
#8832=LINE('',#8829,#8831);
#8833=EDGE_CURVE('',#8820,#8828,#8832,.T.);
#8834=ORIENTED_EDGE('',*,*,#8833,.T.);
#8835=CARTESIAN_POINT('',(114.764861011,-31.879347436,18.466193803));
#8836=DIRECTION('',(-0.899271584,0.437390692,0.));
#8837=VECTOR('',#8836,0.899959611);
#8838=LINE('',#8835,#8837);
#8839=EDGE_CURVE('',#1174,#8828,#8838,.T.);
#8840=ORIENTED_EDGE('',*,*,#8839,.F.);
#8841=EDGE_LOOP('',(#8802,#8810,#8818,#8826,#8834,#8840));
#8842=FACE_BOUND('',#8841,.T.);
#8843=ADVANCED_FACE('',(#8842),#8801,.F.);
#8844=OVER_RIDING_STYLED_ITEM('',(#8575),#8843,#26);
#8845=CARTESIAN_POINT('',(118.837794244,-32.970745301,18.566193803));
#8846=DIRECTION('',(-0.437390692,-0.899271584,-0.));
#8847=DIRECTION('',(-0.899271584,0.437390692,0.));
#8848=AXIS2_PLACEMENT_3D('',#8845,#8846,#8847);
#8849=PLANE('',#8848);
#8850=ORIENTED_EDGE('',*,*,#1196,.F.);
#8851=CARTESIAN_POINT('',(114.30546546,-30.766296212,18.466193803));
#8852=VERTEX_POINT('',#8851);
#8853=CARTESIAN_POINT('',(115.110947383,-31.158069178,18.466193803));
#8854=DIRECTION('',(-0.899271584,0.437390692,0.));
#8855=VECTOR('',#8854,0.895704854);
#8856=LINE('',#8853,#8855);
#8857=EDGE_CURVE('',#1183,#8852,#8856,.T.);
#8858=ORIENTED_EDGE('',*,*,#8857,.T.);
#8859=CARTESIAN_POINT('',(114.341436323,-30.783791839,18.866193803));
#8860=VERTEX_POINT('',#8859);
#8861=CARTESIAN_POINT('',(114.30546546,-30.766296212,18.466193803));
#8862=DIRECTION('',(0.089480867,-0.043522001,0.99503719));
#8863=VECTOR('',#8862,0.401995025);
#8864=LINE('',#8861,#8863);
#8865=EDGE_CURVE('',#8852,#8860,#8864,.T.);
#8866=ORIENTED_EDGE('',*,*,#8865,.T.);
#8867=CARTESIAN_POINT('',(113.442164739,-30.346401147,18.866193803));
#8868=VERTEX_POINT('',#8867);
#8869=CARTESIAN_POINT('',(114.341436323,-30.783791839,18.866193803));
#8870=DIRECTION('',(-0.899271584,0.437390692,0.));
#8871=VECTOR('',#8870,1.);
#8872=LINE('',#8869,#8871);
#8873=EDGE_CURVE('',#8860,#8868,#8872,.T.);
#8874=ORIENTED_EDGE('',*,*,#8873,.T.);
#8875=CARTESIAN_POINT('',(113.442164739,-30.346401147,18.966193802));
#8876=VERTEX_POINT('',#8875);
#8877=CARTESIAN_POINT('',(113.442164739,-30.346401147,18.866193803));
#8878=DIRECTION('',(0.,-0.,1.));
#8879=VECTOR('',#8878,0.099999999);
#8880=LINE('',#8877,#8879);
#8881=EDGE_CURVE('',#8868,#8876,#8880,.T.);
#8882=ORIENTED_EDGE('',*,*,#8881,.T.);
#8883=CARTESIAN_POINT('',(115.150753285,-31.177430104,19.10869151));
#8884=DIRECTION('',(-0.896753003,0.436165697,-0.074789948));
#8885=VECTOR('',#8884,1.90530563);
#8886=LINE('',#8883,#8885);
#8887=EDGE_CURVE('',#1165,#8876,#8886,.T.);
#8888=ORIENTED_EDGE('',*,*,#8887,.F.);
#8889=EDGE_LOOP('',(#8850,#8858,#8866,#8874,#8882,#8888));
#8890=FACE_BOUND('',#8889,.T.);
#8891=ADVANCED_FACE('',(#8890),#8849,.F.);
#8892=OVER_RIDING_STYLED_ITEM('',(#8575),#8891,#26);
#8893=CARTESIAN_POINT('',(114.166480046,-31.143500473,17.866193803));
#8894=DIRECTION('',(0.,-0.,1.));
#8895=DIRECTION('',(-0.899271584,0.437390692,0.));
#8896=AXIS2_PLACEMENT_3D('',#8893,#8894,#8895);
#8897=PLANE('',#8896);
#8898=ORIENTED_EDGE('',*,*,#8632,.F.);
#8899=CARTESIAN_POINT('',(114.951334273,-29.301218235,17.866193803));
#8900=DIRECTION('',(-0.437390692,-0.899271584,0.));
#8901=VECTOR('',#8900,4.);
#8902=LINE('',#8899,#8901);
#8903=EDGE_CURVE('',#8619,#8735,#8902,.T.);
#8904=ORIENTED_EDGE('',*,*,#8903,.T.);
#8905=ORIENTED_EDGE('',*,*,#8740,.T.);
#8906=CARTESIAN_POINT('',(114.591625639,-29.126261958,17.866193803));
#8907=DIRECTION('',(-0.437390692,-0.899271584,-0.));
#8908=VECTOR('',#8907,4.);
#8909=LINE('',#8906,#8908);
#8910=EDGE_CURVE('',#8627,#8727,#8909,.T.);
#8911=ORIENTED_EDGE('',*,*,#8910,.F.);
#8912=EDGE_LOOP('',(#8898,#8904,#8905,#8911));
#8913=FACE_BOUND('',#8912,.T.);
#8914=ADVANCED_FACE('',(#8913),#8897,.F.);
#8915=OVER_RIDING_STYLED_ITEM('',(#8575),#8914,#26);
#8916=CARTESIAN_POINT('',(113.716844254,-30.924805127,17.866193803));
#8917=DIRECTION('',(0.635881035,-0.309281925,0.707106781));
#8918=DIRECTION('',(-0.437390692,-0.899271584,-0.));
#8919=AXIS2_PLACEMENT_3D('',#8916,#8917,#8918);
#8920=PLANE('',#8919);
#8921=ORIENTED_EDGE('',*,*,#8640,.T.);
#8922=ORIENTED_EDGE('',*,*,#8910,.T.);
#8923=ORIENTED_EDGE('',*,*,#8732,.T.);
#8924=CARTESIAN_POINT('',(112.392427077,-32.504652949,18.366193803));
#8925=DIRECTION('',(0.437390692,0.899271584,0.));
#8926=VECTOR('',#8925,4.);
#8927=LINE('',#8924,#8926);
#8928=EDGE_CURVE('',#8719,#8635,#8927,.T.);
#8929=ORIENTED_EDGE('',*,*,#8928,.T.);
#8930=EDGE_LOOP('',(#8921,#8922,#8923,#8929));
#8931=FACE_BOUND('',#8930,.T.);
#8932=ADVANCED_FACE('',(#8931),#8920,.F.);
#8933=OVER_RIDING_STYLED_ITEM('',(#8575),#8932,#26);
#8934=CARTESIAN_POINT('',(74.659837161,-57.597499515,18.866193803));
#8935=DIRECTION('',(0.,-0.,1.));
#8936=DIRECTION('',(0.437390692,0.899271584,-0.));
#8937=AXIS2_PLACEMENT_3D('',#8934,#8935,#8936);
#8938=PLANE('',#8937);
#8939=CARTESIAN_POINT('',(114.341436323,-30.783791839,18.866193803));
#8940=DIRECTION('',(0.437390692,0.899271584,-0.));
#8941=VECTOR('',#8940,0.8);
#8942=LINE('',#8939,#8941);
#8943=EDGE_CURVE('',#8860,#8684,#8942,.T.);
#8944=ORIENTED_EDGE('',*,*,#8943,.T.);
#8945=ORIENTED_EDGE('',*,*,#8689,.T.);
#8946=CARTESIAN_POINT('',(113.442164739,-30.346401147,18.866193803));
#8947=DIRECTION('',(0.437390692,0.899271584,0.));
#8948=VECTOR('',#8947,0.8);
#8949=LINE('',#8946,#8948);
#8950=EDGE_CURVE('',#8868,#8676,#8949,.T.);
#8951=ORIENTED_EDGE('',*,*,#8950,.F.);
#8952=ORIENTED_EDGE('',*,*,#8873,.F.);
#8953=EDGE_LOOP('',(#8944,#8945,#8951,#8952));
#8954=FACE_BOUND('',#8953,.T.);
#8955=ADVANCED_FACE('',(#8954),#8938,.T.);
#8956=OVER_RIDING_STYLED_ITEM('',(#8575),#8955,#26);
#8957=CARTESIAN_POINT('',(69.769697694,-112.242530103,-25.66184696));
#8958=DIRECTION('',(-0.89480867,0.435220006,0.099503719));
#8959=DIRECTION('',(-0.437390692,-0.899271584,0.));
#8960=AXIS2_PLACEMENT_3D('',#8957,#8958,#8959);
#8961=PLANE('',#8960);
#8962=ORIENTED_EDGE('',*,*,#8777,.T.);
#8963=ORIENTED_EDGE('',*,*,#8597,.T.);
#8964=ORIENTED_EDGE('',*,*,#8746,.F.);
#8965=ORIENTED_EDGE('',*,*,#8903,.F.);
#8966=ORIENTED_EDGE('',*,*,#8624,.F.);
#8967=ORIENTED_EDGE('',*,*,#8564,.F.);
#8968=ORIENTED_EDGE('',*,*,#8695,.F.);
#8969=ORIENTED_EDGE('',*,*,#8943,.F.);
#8970=ORIENTED_EDGE('',*,*,#8865,.F.);
#8971=CARTESIAN_POINT('',(113.955552906,-31.485713479,18.466193803));
#8972=DIRECTION('',(0.437390692,0.899271584,-0.));
#8973=VECTOR('',#8972,0.8);
#8974=LINE('',#8971,#8973);
#8975=EDGE_CURVE('',#8828,#8852,#8974,.T.);
#8976=ORIENTED_EDGE('',*,*,#8975,.F.);
#8977=ORIENTED_EDGE('',*,*,#8833,.F.);
#8978=CARTESIAN_POINT('',(113.641611215,-32.222626374,18.866193803));
#8979=DIRECTION('',(0.437390692,0.899271584,-0.));
#8980=VECTOR('',#8979,0.8);
#8981=LINE('',#8978,#8980);
#8982=EDGE_CURVE('',#8772,#8820,#8981,.T.);
#8983=ORIENTED_EDGE('',*,*,#8982,.F.);
#8984=EDGE_LOOP('',(#8962,#8963,#8964,#8965,#8966,#8967,#8968,#8969,#8970,#8976,#8977,#8983));
#8985=FACE_BOUND('',#8984,.T.);
#8986=ADVANCED_FACE('',(#8985),#8961,.F.);
#8987=OVER_RIDING_STYLED_ITEM('',(#8575),#8986,#26);
#8988=CARTESIAN_POINT('',(74.659837161,-57.597499515,18.866193803));
#8989=DIRECTION('',(0.,-0.,1.));
#8990=DIRECTION('',(0.437390692,0.899271584,-0.));
#8991=AXIS2_PLACEMENT_3D('',#8988,#8989,#8990);
#8992=PLANE('',#8991);
#8993=ORIENTED_EDGE('',*,*,#8982,.T.);
#8994=ORIENTED_EDGE('',*,*,#8825,.T.);
#8995=CARTESIAN_POINT('',(112.742339631,-31.785235682,18.866193803));
#8996=DIRECTION('',(0.437390692,0.899271584,0.));
#8997=VECTOR('',#8996,0.8);
#8998=LINE('',#8995,#8997);
#8999=EDGE_CURVE('',#8780,#8812,#8998,.T.);
#9000=ORIENTED_EDGE('',*,*,#8999,.F.);
#9001=ORIENTED_EDGE('',*,*,#8785,.F.);
#9002=EDGE_LOOP('',(#8993,#8994,#9000,#9001));
#9003=FACE_BOUND('',#9002,.T.);
#9004=ADVANCED_FACE('',(#9003),#8992,.T.);
#9005=OVER_RIDING_STYLED_ITEM('',(#8575),#9004,#26);
#9006=CARTESIAN_POINT('',(113.981892183,-6.915885844,18.233974221));
#9007=DIRECTION('',(-0.067256475,0.032712427,0.99719931));
#9008=DIRECTION('',(0.896753003,-0.436165697,0.074789948));
#9009=AXIS2_PLACEMENT_3D('',#9006,#9007,#9008);
#9010=PLANE('',#9009);
#9011=ORIENTED_EDGE('',*,*,#8673,.F.);
#9012=ORIENTED_EDGE('',*,*,#1422,.T.);
#9013=ORIENTED_EDGE('',*,*,#8654,.T.);
#9014=CARTESIAN_POINT('',(113.792077293,-29.626983879,18.966193803));
#9015=DIRECTION('',(0.437390692,0.899271584,0.));
#9016=VECTOR('',#9015,0.8);
#9017=LINE('',#9014,#9016);
#9018=EDGE_CURVE('',#8668,#8643,#9017,.T.);
#9019=ORIENTED_EDGE('',*,*,#9018,.F.);
#9020=EDGE_LOOP('',(#9011,#9012,#9013,#9019));
#9021=FACE_BOUND('',#9020,.T.);
#9022=ADVANCED_FACE('',(#9021),#9010,.T.);
#9023=OVER_RIDING_STYLED_ITEM('',(#8575),#9022,#26);
#9024=CARTESIAN_POINT('',(113.981892183,-6.915885844,18.233974221));
#9025=DIRECTION('',(-0.067256475,0.032712427,0.99719931));
#9026=DIRECTION('',(0.896753003,-0.436165697,0.074789948));
#9027=AXIS2_PLACEMENT_3D('',#9024,#9025,#9026);
#9028=PLANE('',#9027);
#9029=ORIENTED_EDGE('',*,*,#8716,.F.);
#9030=ORIENTED_EDGE('',*,*,#1461,.T.);
#9031=ORIENTED_EDGE('',*,*,#8765,.T.);
#9032=CARTESIAN_POINT('',(112.392427077,-32.504652949,18.966193803));
#9033=DIRECTION('',(0.437390692,0.899271584,0.));
#9034=VECTOR('',#9033,0.8);
#9035=LINE('',#9032,#9034);
#9036=EDGE_CURVE('',#8711,#8760,#9035,.T.);
#9037=ORIENTED_EDGE('',*,*,#9036,.F.);
#9038=EDGE_LOOP('',(#9029,#9030,#9031,#9037));
#9039=FACE_BOUND('',#9038,.T.);
#9040=ADVANCED_FACE('',(#9039),#9028,.T.);
#9041=OVER_RIDING_STYLED_ITEM('',(#8575),#9040,#26);
#9042=CARTESIAN_POINT('',(95.303936846,-67.638445114,-34.246591627));
#9043=DIRECTION('',(0.899271584,-0.437390692,-0.));
#9044=DIRECTION('',(0.437390692,0.899271584,0.));
#9045=AXIS2_PLACEMENT_3D('',#9042,#9043,#9044);
#9046=PLANE('',#9045);
#9047=ORIENTED_EDGE('',*,*,#8724,.F.);
#9048=ORIENTED_EDGE('',*,*,#9036,.T.);
#9049=ORIENTED_EDGE('',*,*,#8791,.F.);
#9050=ORIENTED_EDGE('',*,*,#8999,.T.);
#9051=ORIENTED_EDGE('',*,*,#8817,.T.);
#9052=CARTESIAN_POINT('',(113.092252185,-31.065818414,18.966193803));
#9053=DIRECTION('',(0.437390692,0.899271584,0.));
#9054=VECTOR('',#9053,0.8);
#9055=LINE('',#9052,#9054);
#9056=EDGE_CURVE('',#8804,#8876,#9055,.T.);
#9057=ORIENTED_EDGE('',*,*,#9056,.T.);
#9058=ORIENTED_EDGE('',*,*,#8881,.F.);
#9059=ORIENTED_EDGE('',*,*,#8950,.T.);
#9060=ORIENTED_EDGE('',*,*,#8681,.T.);
#9061=ORIENTED_EDGE('',*,*,#9018,.T.);
#9062=ORIENTED_EDGE('',*,*,#8648,.T.);
#9063=ORIENTED_EDGE('',*,*,#8928,.F.);
#9064=EDGE_LOOP('',(#9047,#9048,#9049,#9050,#9051,#9057,#9058,#9059,#9060,#9061,#9062,#9063));
#9065=FACE_BOUND('',#9064,.T.);
#9066=ADVANCED_FACE('',(#9065),#9046,.F.);
#9067=OVER_RIDING_STYLED_ITEM('',(#8575),#9066,#26);
#9068=CARTESIAN_POINT('',(113.981892183,-6.915885844,18.233974221));
#9069=DIRECTION('',(-0.067256475,0.032712427,0.99719931));
#9070=DIRECTION('',(0.896753003,-0.436165697,0.074789948));
#9071=AXIS2_PLACEMENT_3D('',#9068,#9069,#9070);
#9072=PLANE('',#9071);
#9073=ORIENTED_EDGE('',*,*,#8809,.F.);
#9074=ORIENTED_EDGE('',*,*,#1171,.T.);
#9075=ORIENTED_EDGE('',*,*,#8887,.T.);
#9076=ORIENTED_EDGE('',*,*,#9056,.F.);
#9077=EDGE_LOOP('',(#9073,#9074,#9075,#9076));
#9078=FACE_BOUND('',#9077,.T.);
#9079=ADVANCED_FACE('',(#9078),#9072,.T.);
#9080=OVER_RIDING_STYLED_ITEM('',(#8575),#9079,#26);
#9081=CARTESIAN_POINT('',(97.060979092,-82.316265076,18.466193803));
#9082=DIRECTION('',(0.,-0.,1.));
#9083=DIRECTION('',(0.437390692,0.899271584,-0.));
#9084=AXIS2_PLACEMENT_3D('',#9081,#9082,#9083);
#9085=PLANE('',#9084);
#9086=ORIENTED_EDGE('',*,*,#1189,.F.);
#9087=ORIENTED_EDGE('',*,*,#8839,.T.);
#9088=ORIENTED_EDGE('',*,*,#8975,.T.);
#9089=ORIENTED_EDGE('',*,*,#8857,.F.);
#9090=EDGE_LOOP('',(#9086,#9087,#9088,#9089));
#9091=FACE_BOUND('',#9090,.T.);
#9092=ADVANCED_FACE('',(#9091),#9085,.F.);
#9093=OVER_RIDING_STYLED_ITEM('',(#8575),#9092,#26);
#9094=CARTESIAN_POINT('',(83.62280558,-27.874089144,10.599383487));
#9095=DIRECTION('',(0.932248778,0.359269036,0.042871613));
#9096=DIRECTION('',(0.317813963,-0.75646747,-0.571621598));
#9097=AXIS2_PLACEMENT_3D('',#9094,#9095,#9096);
#9098=PLANE('',#9097);
#9099=ORIENTED_EDGE('',*,*,#739,.F.);
#9100=CARTESIAN_POINT('',(90.142252032,-46.050122682,21.150422419));
#9101=VERTEX_POINT('',#9100);
#9102=CARTESIAN_POINT('',(90.900882115,-47.855829944,19.785946997));
#9103=DIRECTION('',(-0.317813963,0.75646747,0.571621598));
#9104=VECTOR('',#9103,2.387025659);
#9105=LINE('',#9102,#9104);
#9106=EDGE_CURVE('',#722,#9101,#9105,.T.);
#9107=ORIENTED_EDGE('',*,*,#9106,.T.);
#9108=CARTESIAN_POINT('',(90.280600001,-46.487337669,21.805939692));
#9109=VERTEX_POINT('',#9108);
#9110=CARTESIAN_POINT('',(90.280600001,-46.487337669,21.805939692));
#9111=DIRECTION('',(-0.17293496,0.546518734,-0.819396591));
#9112=VECTOR('',#9111,0.8);
#9113=LINE('',#9110,#9112);
#9114=EDGE_CURVE('',#9109,#9101,#9113,.T.);
#9115=ORIENTED_EDGE('',*,*,#9114,.F.);
#9116=CARTESIAN_POINT('',(91.021307261,-48.250384645,20.473700343));
#9117=DIRECTION('',(-0.317813963,0.75646747,0.571621598));
#9118=VECTOR('',#9117,2.330631581);
#9119=LINE('',#9116,#9118);
#9120=EDGE_CURVE('',#733,#9109,#9119,.T.);
#9121=ORIENTED_EDGE('',*,*,#9120,.F.);
#9122=EDGE_LOOP('',(#9099,#9107,#9115,#9121));
#9123=FACE_BOUND('',#9122,.T.);
#9124=ADVANCED_FACE('',(#9123),#9098,.T.);
#9125=OVER_RIDING_STYLED_ITEM('',(#8575),#9124,#26);
#9126=CARTESIAN_POINT('',(83.62280558,-27.874089144,10.599383487));
#9127=DIRECTION('',(0.932248778,0.359269036,0.042871613));
#9128=DIRECTION('',(0.317813963,-0.75646747,-0.571621598));
#9129=AXIS2_PLACEMENT_3D('',#9126,#9127,#9128);
#9130=PLANE('',#9129);
#9131=ORIENTED_EDGE('',*,*,#811,.F.);
#9132=CARTESIAN_POINT('',(90.695643903,-47.79898263,23.77249151));
#9133=VERTEX_POINT('',#9132);
#9134=CARTESIAN_POINT('',(91.381276694,-49.430940203,22.539309341));
#9135=DIRECTION('',(-0.317813963,0.75646747,0.571621598));
#9136=VECTOR('',#9135,2.157340053);
#9137=LINE('',#9134,#9136);
#9138=EDGE_CURVE('',#796,#9133,#9137,.T.);
#9139=ORIENTED_EDGE('',*,*,#9138,.T.);
#9140=CARTESIAN_POINT('',(90.833991872,-48.236197617,24.428008783));
#9141=VERTEX_POINT('',#9140);
#9142=CARTESIAN_POINT('',(90.833991872,-48.236197617,24.428008783));
#9143=DIRECTION('',(-0.17293496,0.546518734,-0.819396591));
#9144=VECTOR('',#9143,0.8);
#9145=LINE('',#9142,#9144);
#9146=EDGE_CURVE('',#9141,#9133,#9145,.T.);
#9147=ORIENTED_EDGE('',*,*,#9146,.F.);
#9148=CARTESIAN_POINT('',(91.50128141,-49.824494189,23.227818874));
#9149=DIRECTION('',(-0.317813963,0.75646747,0.571621598));
#9150=VECTOR('',#9149,2.099623096);
#9151=LINE('',#9148,#9150);
#9152=EDGE_CURVE('',#805,#9141,#9151,.T.);
#9153=ORIENTED_EDGE('',*,*,#9152,.F.);
#9154=EDGE_LOOP('',(#9131,#9139,#9147,#9153));
#9155=FACE_BOUND('',#9154,.T.);
#9156=ADVANCED_FACE('',(#9155),#9130,.T.);
#9157=OVER_RIDING_STYLED_ITEM('',(#8575),#9156,#26);
#9158=CARTESIAN_POINT('',(83.62280558,-27.874089144,10.599383487));
#9159=DIRECTION('',(0.932248778,0.359269036,0.042871613));
#9160=DIRECTION('',(0.317813963,-0.75646747,-0.571621598));
#9161=AXIS2_PLACEMENT_3D('',#9158,#9159,#9160);
#9162=PLANE('',#9161);
#9163=ORIENTED_EDGE('',*,*,#775,.F.);
#9164=CARTESIAN_POINT('',(90.418947968,-46.924552656,22.461456965));
#9165=VERTEX_POINT('',#9164);
#9166=CARTESIAN_POINT('',(91.141424136,-48.644205609,21.162008135));
#9167=DIRECTION('',(-0.317813963,0.75646747,0.571621598));
#9168=VECTOR('',#9167,2.27326755);
#9169=LINE('',#9166,#9168);
#9170=EDGE_CURVE('',#760,#9165,#9169,.T.);
#9171=ORIENTED_EDGE('',*,*,#9170,.T.);
#9172=CARTESIAN_POINT('',(90.557295937,-47.361767643,23.116974238));
#9173=VERTEX_POINT('',#9172);
#9174=CARTESIAN_POINT('',(90.557295937,-47.361767643,23.116974238));
#9175=DIRECTION('',(-0.17293496,0.546518734,-0.819396591));
#9176=VECTOR('',#9175,0.8);
#9177=LINE('',#9174,#9176);
#9178=EDGE_CURVE('',#9173,#9165,#9177,.T.);
#9179=ORIENTED_EDGE('',*,*,#9178,.F.);
#9180=CARTESIAN_POINT('',(91.261368184,-49.037615194,21.850626783));
#9181=DIRECTION('',(-0.317813963,0.75646747,0.571621598));
#9182=VECTOR('',#9181,2.215359704);
#9183=LINE('',#9180,#9182);
#9184=EDGE_CURVE('',#769,#9173,#9183,.T.);
#9185=ORIENTED_EDGE('',*,*,#9184,.F.);
#9186=EDGE_LOOP('',(#9163,#9171,#9179,#9185));
#9187=FACE_BOUND('',#9186,.T.);
#9188=ADVANCED_FACE('',(#9187),#9162,.T.);
#9189=OVER_RIDING_STYLED_ITEM('',(#8575),#9188,#26);
#9190=CARTESIAN_POINT('',(91.244095344,-50.858108661,17.711060248));
#9191=DIRECTION('',(0.17293496,-0.546518734,0.819396591));
#9192=DIRECTION('',(-0.247201027,0.781218552,0.573227029));
#9193=AXIS2_PLACEMENT_3D('',#9190,#9191,#9192);
#9194=PLANE('',#9193);
#9195=ORIENTED_EDGE('',*,*,#9106,.F.);
#9196=ORIENTED_EDGE('',*,*,#730,.T.);
#9197=ORIENTED_EDGE('',*,*,#2063,.T.);
#9198=ORIENTED_EDGE('',*,*,#2201,.T.);
#9199=CARTESIAN_POINT('',(89.805048732,-46.973292309,20.605856746));
#9200=VERTEX_POINT('',#9199);
#9201=CARTESIAN_POINT('',(90.160795811,-48.097544183,19.780925541));
#9202=DIRECTION('',(-0.247201027,0.781218552,0.573227029));
#9203=VECTOR('',#9202,1.439100327);
#9204=LINE('',#9201,#9203);
#9205=EDGE_CURVE('',#2195,#9200,#9204,.T.);
#9206=ORIENTED_EDGE('',*,*,#9205,.T.);
#9207=CARTESIAN_POINT('',(89.315985117,-47.085074718,20.6345181));
#9208=VERTEX_POINT('',#9207);
#9209=CARTESIAN_POINT('',(89.805048732,-46.973292309,20.605856746));
#9210=DIRECTION('',(-0.973272971,-0.222455307,0.057038228));
#9211=VECTOR('',#9210,0.502493781);
#9212=LINE('',#9209,#9211);
#9213=EDGE_CURVE('',#9200,#9208,#9212,.T.);
#9214=ORIENTED_EDGE('',*,*,#9213,.T.);
#9215=CARTESIAN_POINT('',(89.217104706,-46.772587297,20.863808912));
#9216=VERTEX_POINT('',#9215);
#9217=CARTESIAN_POINT('',(89.315985117,-47.085074718,20.6345181));
#9218=DIRECTION('',(-0.247201027,0.781218552,0.573227029));
#9219=VECTOR('',#9218,0.4);
#9220=LINE('',#9217,#9219);
#9221=EDGE_CURVE('',#9208,#9216,#9220,.T.);
#9222=ORIENTED_EDGE('',*,*,#9221,.T.);
#9223=CARTESIAN_POINT('',(89.570207756,-46.231134685,21.150422423));
#9224=VERTEX_POINT('',#9223);
#9225=CARTESIAN_POINT('',(89.570207756,-46.231134685,21.150422423));
#9226=DIRECTION('',(-0.499363123,-0.765729627,-0.405332715));
#9227=VECTOR('',#9226,0.707106781);
#9228=LINE('',#9225,#9227);
#9229=EDGE_CURVE('',#9224,#9216,#9228,.T.);
#9230=ORIENTED_EDGE('',*,*,#9229,.F.);
#9231=CARTESIAN_POINT('',(90.142252032,-46.050122682,21.150422419));
#9232=DIRECTION('',(-0.953407128,-0.301686672,0.000000006));
#9233=VECTOR('',#9232,0.599999999);
#9234=LINE('',#9231,#9233);
#9235=EDGE_CURVE('',#9101,#9224,#9234,.T.);
#9236=ORIENTED_EDGE('',*,*,#9235,.F.);
#9237=EDGE_LOOP('',(#9195,#9196,#9197,#9198,#9206,#9214,#9222,#9230,#9236));
#9238=FACE_BOUND('',#9237,.T.);
#9239=ADVANCED_FACE('',(#9238),#9194,.F.);
#9240=OVER_RIDING_STYLED_ITEM('',(#8575),#9239,#26);
#9241=CARTESIAN_POINT('',(90.027462384,-48.372262832,20.602162937));
#9242=DIRECTION('',(0.17293496,-0.546518734,0.819396591));
#9243=DIRECTION('',(0.953407128,0.301686672,-0.000000006));
#9244=AXIS2_PLACEMENT_3D('',#9241,#9242,#9243);
#9245=PLANE('',#9244);
#9246=ORIENTED_EDGE('',*,*,#748,.F.);
#9247=ORIENTED_EDGE('',*,*,#9120,.T.);
#9248=CARTESIAN_POINT('',(90.185259288,-46.517506336,21.805939693));
#9249=VERTEX_POINT('',#9248);
#9250=CARTESIAN_POINT('',(90.185259288,-46.517506336,21.805939693));
#9251=DIRECTION('',(0.953407128,0.301686672,-0.000000006));
#9252=VECTOR('',#9251,0.1);
#9253=LINE('',#9250,#9252);
#9254=EDGE_CURVE('',#9249,#9109,#9253,.T.);
#9255=ORIENTED_EDGE('',*,*,#9254,.F.);
#9256=CARTESIAN_POINT('',(90.432460315,-47.298724888,21.232712664));
#9257=VERTEX_POINT('',#9256);
#9258=CARTESIAN_POINT('',(90.432460315,-47.298724888,21.232712664));
#9259=DIRECTION('',(-0.247201027,0.781218552,0.573227029));
#9260=VECTOR('',#9259,1.);
#9261=LINE('',#9258,#9260);
#9262=EDGE_CURVE('',#9257,#9249,#9261,.T.);
#9263=ORIENTED_EDGE('',*,*,#9262,.F.);
#9264=CARTESIAN_POINT('',(89.9433967,-47.410507296,21.261374018));
#9265=VERTEX_POINT('',#9264);
#9266=CARTESIAN_POINT('',(90.432460315,-47.298724888,21.232712664));
#9267=DIRECTION('',(-0.973272971,-0.222455307,0.057038228));
#9268=VECTOR('',#9267,0.502493781);
#9269=LINE('',#9266,#9268);
#9270=EDGE_CURVE('',#9257,#9265,#9269,.T.);
#9271=ORIENTED_EDGE('',*,*,#9270,.T.);
#9272=CARTESIAN_POINT('',(90.292393989,-48.513428105,20.452094698));
#9273=DIRECTION('',(-0.247201027,0.781218552,0.573227029));
#9274=VECTOR('',#9273,1.411795466);
#9275=LINE('',#9272,#9274);
#9276=EDGE_CURVE('',#2285,#9265,#9275,.T.);
#9277=ORIENTED_EDGE('',*,*,#9276,.F.);
#9278=ORIENTED_EDGE('',*,*,#2291,.F.);
#9279=ORIENTED_EDGE('',*,*,#2166,.F.);
#9280=EDGE_LOOP('',(#9246,#9247,#9255,#9263,#9271,#9277,#9278,#9279));
#9281=FACE_BOUND('',#9280,.T.);
#9282=ADVANCED_FACE('',(#9281),#9245,.T.);
#9283=OVER_RIDING_STYLED_ITEM('',(#8575),#9282,#26);
#9284=CARTESIAN_POINT('',(91.935835183,-53.044183596,20.988646613));
#9285=DIRECTION('',(0.17293496,-0.546518734,0.819396591));
#9286=DIRECTION('',(-0.247201027,0.781218552,0.573227029));
#9287=AXIS2_PLACEMENT_3D('',#9284,#9285,#9286);
#9288=PLANE('',#9287);
#9289=ORIENTED_EDGE('',*,*,#820,.F.);
#9290=ORIENTED_EDGE('',*,*,#9152,.T.);
#9291=CARTESIAN_POINT('',(90.261947595,-48.41720962,24.428008787));
#9292=VERTEX_POINT('',#9291);
#9293=CARTESIAN_POINT('',(90.833991872,-48.236197617,24.428008783));
#9294=DIRECTION('',(-0.953407128,-0.301686672,0.000000006));
#9295=VECTOR('',#9294,0.6);
#9296=LINE('',#9293,#9295);
#9297=EDGE_CURVE('',#9141,#9292,#9296,.T.);
#9298=ORIENTED_EDGE('',*,*,#9297,.T.);
#9299=CARTESIAN_POINT('',(89.908844545,-48.958662232,24.141395276));
#9300=VERTEX_POINT('',#9299);
#9301=CARTESIAN_POINT('',(89.908844545,-48.958662232,24.141395276));
#9302=DIRECTION('',(0.499363123,0.765729627,0.405332715));
#9303=VECTOR('',#9302,0.707106781);
#9304=LINE('',#9301,#9303);
#9305=EDGE_CURVE('',#9300,#9292,#9304,.T.);
#9306=ORIENTED_EDGE('',*,*,#9305,.F.);
#9307=CARTESIAN_POINT('',(90.007724956,-49.271149653,23.912104464));
#9308=VERTEX_POINT('',#9307);
#9309=CARTESIAN_POINT('',(90.007724956,-49.271149653,23.912104464));
#9310=DIRECTION('',(-0.247201027,0.781218552,0.573227029));
#9311=VECTOR('',#9310,0.4);
#9312=LINE('',#9309,#9311);
#9313=EDGE_CURVE('',#9308,#9300,#9312,.T.);
#9314=ORIENTED_EDGE('',*,*,#9313,.F.);
#9315=CARTESIAN_POINT('',(90.496788571,-49.159367244,23.88344311));
#9316=VERTEX_POINT('',#9315);
#9317=CARTESIAN_POINT('',(90.007724956,-49.271149653,23.912104464));
#9318=DIRECTION('',(0.973272971,0.222455307,-0.057038228));
#9319=VECTOR('',#9318,0.502493781);
#9320=LINE('',#9317,#9319);
#9321=EDGE_CURVE('',#9308,#9316,#9320,.T.);
#9322=ORIENTED_EDGE('',*,*,#9321,.T.);
#9323=CARTESIAN_POINT('',(90.818786701,-50.176963796,23.136771328));
#9324=DIRECTION('',(-0.247201027,0.781218552,0.573227029));
#9325=VECTOR('',#9324,1.30257602);
#9326=LINE('',#9323,#9325);
#9327=EDGE_CURVE('',#2233,#9316,#9326,.T.);
#9328=ORIENTED_EDGE('',*,*,#9327,.F.);
#9329=ORIENTED_EDGE('',*,*,#2239,.F.);
#9330=ORIENTED_EDGE('',*,*,#2104,.F.);
#9331=EDGE_LOOP('',(#9289,#9290,#9298,#9306,#9314,#9322,#9328,#9329,#9330));
#9332=FACE_BOUND('',#9331,.T.);
#9333=ADVANCED_FACE('',(#9332),#9288,.T.);
#9334=OVER_RIDING_STYLED_ITEM('',(#8575),#9333,#26);
#9335=CARTESIAN_POINT('',(90.442506287,-49.683907793,22.568714755));
#9336=DIRECTION('',(-0.17293496,0.546518734,-0.819396591));
#9337=DIRECTION('',(-0.953407128,-0.301686672,0.000000006));
#9338=AXIS2_PLACEMENT_3D('',#9335,#9336,#9337);
#9339=PLANE('',#9338);
#9340=ORIENTED_EDGE('',*,*,#802,.F.);
#9341=ORIENTED_EDGE('',*,*,#2142,.F.);
#9342=ORIENTED_EDGE('',*,*,#2255,.F.);
#9343=CARTESIAN_POINT('',(90.358440603,-48.722152257,23.227925837));
#9344=VERTEX_POINT('',#9343);
#9345=CARTESIAN_POINT('',(90.687188523,-49.761079873,22.465602171));
#9346=DIRECTION('',(-0.247201027,0.781218552,0.573227029));
#9347=VECTOR('',#9346,1.329880881);
#9348=LINE('',#9345,#9347);
#9349=EDGE_CURVE('',#2242,#9344,#9348,.T.);
#9350=ORIENTED_EDGE('',*,*,#9349,.T.);
#9351=CARTESIAN_POINT('',(90.847504219,-48.610369849,23.199264482));
#9352=VERTEX_POINT('',#9351);
#9353=CARTESIAN_POINT('',(90.847504219,-48.610369849,23.199264482));
#9354=DIRECTION('',(-0.973272971,-0.222455307,0.057038228));
#9355=VECTOR('',#9354,0.502493781);
#9356=LINE('',#9353,#9355);
#9357=EDGE_CURVE('',#9352,#9344,#9356,.T.);
#9358=ORIENTED_EDGE('',*,*,#9357,.F.);
#9359=CARTESIAN_POINT('',(90.600303192,-47.829151297,23.772491511));
#9360=VERTEX_POINT('',#9359);
#9361=CARTESIAN_POINT('',(90.847504219,-48.610369849,23.199264482));
#9362=DIRECTION('',(-0.247201027,0.781218552,0.573227029));
#9363=VECTOR('',#9362,1.);
#9364=LINE('',#9361,#9363);
#9365=EDGE_CURVE('',#9352,#9360,#9364,.T.);
#9366=ORIENTED_EDGE('',*,*,#9365,.T.);
#9367=CARTESIAN_POINT('',(90.600303192,-47.829151297,23.772491511));
#9368=DIRECTION('',(0.953407128,0.301686672,-0.000000006));
#9369=VECTOR('',#9368,0.099999999);
#9370=LINE('',#9367,#9369);
#9371=EDGE_CURVE('',#9360,#9133,#9370,.T.);
#9372=ORIENTED_EDGE('',*,*,#9371,.T.);
#9373=ORIENTED_EDGE('',*,*,#9138,.F.);
#9374=EDGE_LOOP('',(#9340,#9341,#9342,#9350,#9358,#9366,#9372,#9373));
#9375=FACE_BOUND('',#9374,.T.);
#9376=ADVANCED_FACE('',(#9375),#9339,.T.);
#9377=OVER_RIDING_STYLED_ITEM('',(#8575),#9376,#26);
#9378=CARTESIAN_POINT('',(91.659139248,-52.169753622,19.677612067));
#9379=DIRECTION('',(-0.17293496,0.546518734,-0.819396591));
#9380=DIRECTION('',(0.247201027,-0.781218552,-0.573227029));
#9381=AXIS2_PLACEMENT_3D('',#9378,#9379,#9380);
#9382=PLANE('',#9381);
#9383=ORIENTED_EDGE('',*,*,#2149,.T.);
#9384=ORIENTED_EDGE('',*,*,#784,.T.);
#9385=ORIENTED_EDGE('',*,*,#9184,.T.);
#9386=CARTESIAN_POINT('',(90.461955224,-47.39193631,23.116974238));
#9387=VERTEX_POINT('',#9386);
#9388=CARTESIAN_POINT('',(90.461955224,-47.39193631,23.116974238));
#9389=DIRECTION('',(0.953407128,0.301686672,-0.000000006));
#9390=VECTOR('',#9389,0.1);
#9391=LINE('',#9388,#9390);
#9392=EDGE_CURVE('',#9387,#9173,#9391,.T.);
#9393=ORIENTED_EDGE('',*,*,#9392,.F.);
#9394=CARTESIAN_POINT('',(90.709156251,-48.173154862,22.543747209));
#9395=VERTEX_POINT('',#9394);
#9396=CARTESIAN_POINT('',(90.709156251,-48.173154862,22.543747209));
#9397=DIRECTION('',(-0.247201027,0.781218552,0.573227029));
#9398=VECTOR('',#9397,1.);
#9399=LINE('',#9396,#9398);
#9400=EDGE_CURVE('',#9395,#9387,#9399,.T.);
#9401=ORIENTED_EDGE('',*,*,#9400,.F.);
#9402=CARTESIAN_POINT('',(90.317905359,-48.262580789,22.566676293));
#9403=VERTEX_POINT('',#9402);
#9404=CARTESIAN_POINT('',(90.709156251,-48.173154862,22.543747209));
#9405=DIRECTION('',(-0.973272971,-0.222455307,0.057038228));
#9406=VECTOR('',#9405,0.401995025);
#9407=LINE('',#9404,#9406);
#9408=EDGE_CURVE('',#9395,#9403,#9407,.T.);
#9409=ORIENTED_EDGE('',*,*,#9408,.T.);
#9410=CARTESIAN_POINT('',(90.653030758,-49.321662873,21.789564081));
#9411=DIRECTION('',(-0.247201027,0.781218552,0.573227029));
#9412=VECTOR('',#9411,1.355679639);
#9413=LINE('',#9410,#9412);
#9414=EDGE_CURVE('',#2259,#9403,#9413,.T.);
#9415=ORIENTED_EDGE('',*,*,#9414,.F.);
#9416=ORIENTED_EDGE('',*,*,#2265,.T.);
#9417=EDGE_LOOP('',(#9383,#9384,#9385,#9393,#9401,#9409,#9415,#9416));
#9418=FACE_BOUND('',#9417,.T.);
#9419=ADVANCED_FACE('',(#9418),#9382,.F.);
#9420=OVER_RIDING_STYLED_ITEM('',(#8575),#9419,#26);
#9421=CARTESIAN_POINT('',(91.52079128,-51.732538635,19.022094794));
#9422=DIRECTION('',(0.17293496,-0.546518734,0.819396591));
#9423=DIRECTION('',(-0.247201027,0.781218552,0.573227029));
#9424=AXIS2_PLACEMENT_3D('',#9421,#9422,#9423);
#9425=PLANE('',#9424);
#9426=ORIENTED_EDGE('',*,*,#9170,.F.);
#9427=ORIENTED_EDGE('',*,*,#766,.T.);
#9428=ORIENTED_EDGE('',*,*,#2180,.T.);
#9429=ORIENTED_EDGE('',*,*,#2281,.T.);
#9430=CARTESIAN_POINT('',(90.179557391,-47.825365802,21.91115902));
#9431=VERTEX_POINT('',#9430);
#9432=CARTESIAN_POINT('',(90.521075324,-48.904649932,21.119223353));
#9433=DIRECTION('',(-0.247201027,0.781218552,0.573227029));
#9434=VECTOR('',#9433,1.381539299);
#9435=LINE('',#9432,#9434);
#9436=EDGE_CURVE('',#2268,#9431,#9435,.T.);
#9437=ORIENTED_EDGE('',*,*,#9436,.T.);
#9438=CARTESIAN_POINT('',(90.570808283,-47.735939875,21.888229937));
#9439=VERTEX_POINT('',#9438);
#9440=CARTESIAN_POINT('',(90.179557391,-47.825365802,21.91115902));
#9441=DIRECTION('',(0.973272971,0.222455307,-0.057038228));
#9442=VECTOR('',#9441,0.401995025);
#9443=LINE('',#9440,#9442);
#9444=EDGE_CURVE('',#9431,#9439,#9443,.T.);
#9445=ORIENTED_EDGE('',*,*,#9444,.T.);
#9446=CARTESIAN_POINT('',(90.323607256,-46.954721323,22.461456965));
#9447=VERTEX_POINT('',#9446);
#9448=CARTESIAN_POINT('',(90.570808283,-47.735939875,21.888229937));
#9449=DIRECTION('',(-0.247201027,0.781218552,0.573227029));
#9450=VECTOR('',#9449,1.);
#9451=LINE('',#9448,#9450);
#9452=EDGE_CURVE('',#9439,#9447,#9451,.T.);
#9453=ORIENTED_EDGE('',*,*,#9452,.T.);
#9454=CARTESIAN_POINT('',(90.323607256,-46.954721323,22.461456965));
#9455=DIRECTION('',(0.953407128,0.301686672,-0.000000006));
#9456=VECTOR('',#9455,0.099999999);
#9457=LINE('',#9454,#9456);
#9458=EDGE_CURVE('',#9447,#9165,#9457,.T.);
#9459=ORIENTED_EDGE('',*,*,#9458,.T.);
#9460=EDGE_LOOP('',(#9426,#9427,#9428,#9429,#9437,#9445,#9453,#9459));
#9461=FACE_BOUND('',#9460,.T.);
#9462=ADVANCED_FACE('',(#9461),#9425,.F.);
#9463=OVER_RIDING_STYLED_ITEM('',(#8575),#9462,#26);
#9464=CARTESIAN_POINT('',(90.949652943,-50.590534755,17.219422295));
#9465=DIRECTION('',(0.953407128,0.301686672,-0.000000006));
#9466=DIRECTION('',(-0.247201027,0.781218552,0.573227029));
#9467=AXIS2_PLACEMENT_3D('',#9464,#9465,#9466);
#9468=PLANE('',#9467);
#9469=ORIENTED_EDGE('',*,*,#9205,.F.);
#9470=ORIENTED_EDGE('',*,*,#2298,.T.);
#9471=ORIENTED_EDGE('',*,*,#9276,.T.);
#9472=CARTESIAN_POINT('',(89.9433967,-47.410507296,21.261374018));
#9473=DIRECTION('',(-0.17293496,0.546518734,-0.819396591));
#9474=VECTOR('',#9473,0.8);
#9475=LINE('',#9472,#9474);
#9476=EDGE_CURVE('',#9265,#9200,#9475,.T.);
#9477=ORIENTED_EDGE('',*,*,#9476,.T.);
#9478=EDGE_LOOP('',(#9469,#9470,#9471,#9477));
#9479=FACE_BOUND('',#9478,.T.);
#9480=ADVANCED_FACE('',(#9479),#9468,.F.);
#9481=OVER_RIDING_STYLED_ITEM('',(#8575),#9480,#26);
#9482=CARTESIAN_POINT('',(91.848914734,-53.432432171,21.480284568));
#9483=DIRECTION('',(-0.953407128,-0.301686672,0.000000006));
#9484=DIRECTION('',(0.247201027,-0.781218552,-0.573227029));
#9485=AXIS2_PLACEMENT_3D('',#9482,#9483,#9484);
#9486=PLANE('',#9485);
#9487=ORIENTED_EDGE('',*,*,#2248,.F.);
#9488=ORIENTED_EDGE('',*,*,#9327,.T.);
#9489=CARTESIAN_POINT('',(90.358440603,-48.722152257,23.227925837));
#9490=DIRECTION('',(0.17293496,-0.546518734,0.819396591));
#9491=VECTOR('',#9490,0.8);
#9492=LINE('',#9489,#9491);
#9493=EDGE_CURVE('',#9344,#9316,#9492,.T.);
#9494=ORIENTED_EDGE('',*,*,#9493,.F.);
#9495=ORIENTED_EDGE('',*,*,#9349,.F.);
#9496=EDGE_LOOP('',(#9487,#9488,#9494,#9495));
#9497=FACE_BOUND('',#9496,.T.);
#9498=ADVANCED_FACE('',(#9497),#9486,.T.);
#9499=OVER_RIDING_STYLED_ITEM('',(#8575),#9498,#26);
#9500=CARTESIAN_POINT('',(101.241046951,-82.782504155,62.041116993));
#9501=DIRECTION('',(0.953407128,0.301686672,-0.000000006));
#9502=DIRECTION('',(-0.17293496,0.546518734,-0.819396591));
#9503=AXIS2_PLACEMENT_3D('',#9500,#9501,#9502);
#9504=PLANE('',#9503);
#9505=ORIENTED_EDGE('',*,*,#9436,.F.);
#9506=ORIENTED_EDGE('',*,*,#2274,.T.);
#9507=ORIENTED_EDGE('',*,*,#9414,.T.);
#9508=CARTESIAN_POINT('',(90.317905359,-48.262580789,22.566676293));
#9509=DIRECTION('',(-0.17293496,0.546518734,-0.819396591));
#9510=VECTOR('',#9509,0.8);
#9511=LINE('',#9508,#9510);
#9512=EDGE_CURVE('',#9403,#9431,#9511,.T.);
#9513=ORIENTED_EDGE('',*,*,#9512,.T.);
#9514=EDGE_LOOP('',(#9505,#9506,#9507,#9513));
#9515=FACE_BOUND('',#9514,.T.);
#9516=ADVANCED_FACE('',(#9515),#9504,.F.);
#9517=OVER_RIDING_STYLED_ITEM('',(#8575),#9516,#26);
#9518=CARTESIAN_POINT('',(89.686575139,-48.25623404,22.215988579));
#9519=DIRECTION('',(0.953407128,0.301686672,-0.000000006));
#9520=DIRECTION('',(-0.247201027,0.781218552,0.573227029));
#9521=AXIS2_PLACEMENT_3D('',#9518,#9519,#9520);
#9522=PLANE('',#9521);
#9523=ORIENTED_EDGE('',*,*,#9221,.F.);
#9524=CARTESIAN_POINT('',(89.315985117,-47.085074718,20.6345181));
#9525=DIRECTION('',(0.17293496,-0.546518734,0.819396591));
#9526=VECTOR('',#9525,4.);
#9527=LINE('',#9524,#9526);
#9528=EDGE_CURVE('',#9208,#9308,#9527,.T.);
#9529=ORIENTED_EDGE('',*,*,#9528,.T.);
#9530=ORIENTED_EDGE('',*,*,#9313,.T.);
#9531=CARTESIAN_POINT('',(89.217104706,-46.772587297,20.863808912));
#9532=DIRECTION('',(0.17293496,-0.546518734,0.819396591));
#9533=VECTOR('',#9532,4.);
#9534=LINE('',#9531,#9533);
#9535=EDGE_CURVE('',#9216,#9300,#9534,.T.);
#9536=ORIENTED_EDGE('',*,*,#9535,.F.);
#9537=EDGE_LOOP('',(#9523,#9529,#9530,#9536));
#9538=FACE_BOUND('',#9537,.T.);
#9539=ADVANCED_FACE('',(#9538),#9522,.F.);
#9540=OVER_RIDING_STYLED_ITEM('',(#8575),#9539,#26);
#9541=CARTESIAN_POINT('',(89.562974625,-47.865624765,22.502602094));
#9542=DIRECTION('',(0.848958168,-0.339080244,-0.405332724));
#9543=DIRECTION('',(0.17293496,-0.546518734,0.819396591));
#9544=AXIS2_PLACEMENT_3D('',#9541,#9542,#9543);
#9545=PLANE('',#9544);
#9546=ORIENTED_EDGE('',*,*,#9229,.T.);
#9547=ORIENTED_EDGE('',*,*,#9535,.T.);
#9548=ORIENTED_EDGE('',*,*,#9305,.T.);
#9549=CARTESIAN_POINT('',(90.261947595,-48.41720962,24.428008787));
#9550=DIRECTION('',(-0.17293496,0.546518734,-0.819396591));
#9551=VECTOR('',#9550,4.);
#9552=LINE('',#9549,#9551);
#9553=EDGE_CURVE('',#9292,#9224,#9552,.T.);
#9554=ORIENTED_EDGE('',*,*,#9553,.T.);
#9555=EDGE_LOOP('',(#9546,#9547,#9548,#9554));
#9556=FACE_BOUND('',#9555,.T.);
#9557=ADVANCED_FACE('',(#9556),#9545,.F.);
#9558=OVER_RIDING_STYLED_ITEM('',(#8575),#9557,#26);
#9559=CARTESIAN_POINT('',(91.820213509,-51.684379264,69.60041962));
#9560=DIRECTION('',(0.953407128,0.301686672,-0.000000006));
#9561=DIRECTION('',(-0.17293496,0.546518734,-0.819396591));
#9562=AXIS2_PLACEMENT_3D('',#9559,#9560,#9561);
#9563=PLANE('',#9562);
#9564=CARTESIAN_POINT('',(90.570808283,-47.735939875,21.888229937));
#9565=DIRECTION('',(-0.17293496,0.546518734,-0.819396591));
#9566=VECTOR('',#9565,0.8);
#9567=LINE('',#9564,#9566);
#9568=EDGE_CURVE('',#9439,#9257,#9567,.T.);
#9569=ORIENTED_EDGE('',*,*,#9568,.T.);
#9570=ORIENTED_EDGE('',*,*,#9262,.T.);
#9571=CARTESIAN_POINT('',(90.323607256,-46.954721323,22.461456965));
#9572=DIRECTION('',(-0.17293496,0.546518734,-0.819396591));
#9573=VECTOR('',#9572,0.8);
#9574=LINE('',#9571,#9573);
#9575=EDGE_CURVE('',#9447,#9249,#9574,.T.);
#9576=ORIENTED_EDGE('',*,*,#9575,.F.);
#9577=ORIENTED_EDGE('',*,*,#9452,.F.);
#9578=EDGE_LOOP('',(#9569,#9570,#9576,#9577));
#9579=FACE_BOUND('',#9578,.T.);
#9580=ADVANCED_FACE('',(#9579),#9563,.T.);
#9581=OVER_RIDING_STYLED_ITEM('',(#8575),#9580,#26);
#9582=CARTESIAN_POINT('',(63.056227727,-108.379795638,100.438742048));
#9583=DIRECTION('',(-0.15110666,0.807360459,0.570382212));
#9584=DIRECTION('',(0.17293496,-0.546518734,0.819396591));
#9585=AXIS2_PLACEMENT_3D('',#9582,#9583,#9584);
#9586=PLANE('',#9585);
#9587=ORIENTED_EDGE('',*,*,#9357,.T.);
#9588=ORIENTED_EDGE('',*,*,#9493,.T.);
#9589=ORIENTED_EDGE('',*,*,#9321,.F.);
#9590=ORIENTED_EDGE('',*,*,#9528,.F.);
#9591=ORIENTED_EDGE('',*,*,#9213,.F.);
#9592=ORIENTED_EDGE('',*,*,#9476,.F.);
#9593=ORIENTED_EDGE('',*,*,#9270,.F.);
#9594=ORIENTED_EDGE('',*,*,#9568,.F.);
#9595=ORIENTED_EDGE('',*,*,#9444,.F.);
#9596=ORIENTED_EDGE('',*,*,#9512,.F.);
#9597=ORIENTED_EDGE('',*,*,#9408,.F.);
#9598=CARTESIAN_POINT('',(90.847504219,-48.610369849,23.199264482));
#9599=DIRECTION('',(-0.17293496,0.546518734,-0.819396591));
#9600=VECTOR('',#9599,0.8);
#9601=LINE('',#9598,#9600);
#9602=EDGE_CURVE('',#9352,#9395,#9601,.T.);
#9603=ORIENTED_EDGE('',*,*,#9602,.F.);
#9604=EDGE_LOOP('',(#9587,#9588,#9589,#9590,#9591,#9592,#9593,#9594,#9595,#9596,#9597,#9603));
#9605=FACE_BOUND('',#9604,.T.);
#9606=ADVANCED_FACE('',(#9605),#9586,.F.);
#9607=OVER_RIDING_STYLED_ITEM('',(#8575),#9606,#26);
#9608=CARTESIAN_POINT('',(91.820213509,-51.684379264,69.60041962));
#9609=DIRECTION('',(0.953407128,0.301686672,-0.000000006));
#9610=DIRECTION('',(-0.17293496,0.546518734,-0.819396591));
#9611=AXIS2_PLACEMENT_3D('',#9608,#9609,#9610);
#9612=PLANE('',#9611);
#9613=ORIENTED_EDGE('',*,*,#9602,.T.);
#9614=ORIENTED_EDGE('',*,*,#9400,.T.);
#9615=CARTESIAN_POINT('',(90.600303192,-47.829151297,23.772491511));
#9616=DIRECTION('',(-0.17293496,0.546518734,-0.819396591));
#9617=VECTOR('',#9616,0.8);
#9618=LINE('',#9615,#9617);
#9619=EDGE_CURVE('',#9360,#9387,#9618,.T.);
#9620=ORIENTED_EDGE('',*,*,#9619,.F.);
#9621=ORIENTED_EDGE('',*,*,#9365,.F.);
#9622=EDGE_LOOP('',(#9613,#9614,#9620,#9621));
#9623=FACE_BOUND('',#9622,.T.);
#9624=ADVANCED_FACE('',(#9623),#9612,.T.);
#9625=OVER_RIDING_STYLED_ITEM('',(#8575),#9624,#26);
#9626=CARTESIAN_POINT('',(46.856967848,-85.641817721,56.441151803));
#9627=DIRECTION('',(0.247201027,-0.781218552,-0.573227029));
#9628=DIRECTION('',(-0.17293496,0.546518734,-0.819396591));
#9629=AXIS2_PLACEMENT_3D('',#9626,#9627,#9628);
#9630=PLANE('',#9629);
#9631=ORIENTED_EDGE('',*,*,#9297,.F.);
#9632=ORIENTED_EDGE('',*,*,#9146,.T.);
#9633=ORIENTED_EDGE('',*,*,#9371,.F.);
#9634=ORIENTED_EDGE('',*,*,#9619,.T.);
#9635=ORIENTED_EDGE('',*,*,#9392,.T.);
#9636=ORIENTED_EDGE('',*,*,#9178,.T.);
#9637=ORIENTED_EDGE('',*,*,#9458,.F.);
#9638=ORIENTED_EDGE('',*,*,#9575,.T.);
#9639=ORIENTED_EDGE('',*,*,#9254,.T.);
#9640=ORIENTED_EDGE('',*,*,#9114,.T.);
#9641=ORIENTED_EDGE('',*,*,#9235,.T.);
#9642=ORIENTED_EDGE('',*,*,#9553,.F.);
#9643=EDGE_LOOP('',(#9631,#9632,#9633,#9634,#9635,#9636,#9637,#9638,#9639,#9640,#9641,#9642));
#9644=FACE_BOUND('',#9643,.T.);
#9645=ADVANCED_FACE('',(#9644),#9630,.F.);
#9646=OVER_RIDING_STYLED_ITEM('',(#8575),#9645,#26);
#9647=CARTESIAN_POINT('',(119.055061753,-35.276230695,31.055910271));
#9648=DIRECTION('',(0.33306376,0.942866295,0.008466462));
#9649=DIRECTION('',(-0.94289863,0.333079487,-0.000479414));
#9650=AXIS2_PLACEMENT_3D('',#9647,#9648,#9649);
#9651=PLANE('',#9650);
#9652=ORIENTED_EDGE('',*,*,#1224,.F.);
#9653=ORIENTED_EDGE('',*,*,#1891,.F.);
#9654=ORIENTED_EDGE('',*,*,#1644,.F.);
#9655=CARTESIAN_POINT('',(114.292769268,-33.595743954,31.253482039));
#9656=VERTEX_POINT('',#9655);
#9657=CARTESIAN_POINT('',(115.090202188,-33.877437595,31.253887491));
#9658=DIRECTION('',(-0.94289863,0.333079487,-0.000479414));
#9659=VECTOR('',#9658,0.845724975);
#9660=LINE('',#9657,#9659);
#9661=EDGE_CURVE('',#1629,#9656,#9660,.T.);
#9662=ORIENTED_EDGE('',*,*,#9661,.T.);
#9663=CARTESIAN_POINT('',(114.243988323,-33.58300165,31.75344009));
#9664=VERTEX_POINT('',#9663);
#9665=CARTESIAN_POINT('',(114.292769268,-33.595743954,31.253482039));
#9666=DIRECTION('',(-0.09707771,0.025358133,0.994953709));
#9667=VECTOR('',#9666,0.502493781);
#9668=LINE('',#9665,#9667);
#9669=EDGE_CURVE('',#9656,#9664,#9668,.T.);
#9670=ORIENTED_EDGE('',*,*,#9669,.T.);
#9671=CARTESIAN_POINT('',(113.866828871,-33.449769855,31.753248324));
#9672=VERTEX_POINT('',#9671);
#9673=CARTESIAN_POINT('',(114.243988323,-33.58300165,31.75344009));
#9674=DIRECTION('',(-0.94289863,0.333079487,-0.000479414));
#9675=VECTOR('',#9674,0.4);
#9676=LINE('',#9673,#9675);
#9677=EDGE_CURVE('',#9664,#9672,#9676,.T.);
#9678=ORIENTED_EDGE('',*,*,#9677,.T.);
#9679=CARTESIAN_POINT('',(113.39701557,-33.279318442,31.253026595));
#9680=VERTEX_POINT('',#9679);
#9681=CARTESIAN_POINT('',(113.39701557,-33.279318442,31.253026595));
#9682=DIRECTION('',(0.664416341,-0.241054701,0.707420353));
#9683=VECTOR('',#9682,0.707106781);
#9684=LINE('',#9681,#9683);
#9685=EDGE_CURVE('',#9680,#9672,#9684,.T.);
#9686=ORIENTED_EDGE('',*,*,#9685,.F.);
#9687=CARTESIAN_POINT('',(113.398978787,-33.274624438,30.65304817));
#9688=VERTEX_POINT('',#9687);
#9689=CARTESIAN_POINT('',(113.398978787,-33.274624438,30.65304817));
#9690=DIRECTION('',(-0.003272028,-0.00782334,0.999964044));
#9691=VECTOR('',#9690,0.599999999);
#9692=LINE('',#9689,#9691);
#9693=EDGE_CURVE('',#9688,#9680,#9692,.T.);
#9694=ORIENTED_EDGE('',*,*,#9693,.F.);
#9695=CARTESIAN_POINT('',(114.931650672,-33.814947285,30.531951637));
#9696=DIRECTION('',(-0.940502578,0.331561527,0.074309187));
#9697=VECTOR('',#9696,1.629630712);
#9698=LINE('',#9695,#9697);
#9699=EDGE_CURVE('',#1218,#9688,#9698,.T.);
#9700=ORIENTED_EDGE('',*,*,#9699,.F.);
#9701=EDGE_LOOP('',(#9652,#9653,#9654,#9662,#9670,#9678,#9686,#9694,#9700));
#9702=FACE_BOUND('',#9701,.T.);
#9703=ADVANCED_FACE('',(#9702),#9651,.F.);
#9704=OVER_RIDING_STYLED_ITEM('',(#8575),#9703,#26);
#9705=CARTESIAN_POINT('',(115.642866574,-33.226135229,31.470798984));
#9706=DIRECTION('',(0.33306376,0.942866295,0.008466462));
#9707=DIRECTION('',(0.003272028,0.00782334,-0.999964044));
#9708=AXIS2_PLACEMENT_3D('',#9705,#9706,#9707);
#9709=PLANE('',#9708);
#9710=ORIENTED_EDGE('',*,*,#2038,.T.);
#9711=ORIENTED_EDGE('',*,*,#1242,.T.);
#9712=CARTESIAN_POINT('',(113.665429795,-32.520331401,30.659821339));
#9713=VERTEX_POINT('',#9712);
#9714=CARTESIAN_POINT('',(115.245322873,-33.077301445,30.534993854));
#9715=DIRECTION('',(-0.940502578,0.331561527,0.074309188));
#9716=VECTOR('',#9715,1.67983918);
#9717=LINE('',#9714,#9716);
#9718=EDGE_CURVE('',#1227,#9713,#9717,.T.);
#9719=ORIENTED_EDGE('',*,*,#9718,.T.);
#9720=CARTESIAN_POINT('',(113.665102592,-32.521113735,30.759817743));
#9721=VERTEX_POINT('',#9720);
#9722=CARTESIAN_POINT('',(113.665102592,-32.521113735,30.759817743));
#9723=DIRECTION('',(0.003272028,0.00782334,-0.999964044));
#9724=VECTOR('',#9723,0.1);
#9725=LINE('',#9722,#9724);
#9726=EDGE_CURVE('',#9721,#9713,#9725,.T.);
#9727=ORIENTED_EDGE('',*,*,#9726,.F.);
#9728=CARTESIAN_POINT('',(114.608001222,-32.854193222,30.760297157));
#9729=VERTEX_POINT('',#9728);
#9730=CARTESIAN_POINT('',(114.608001222,-32.854193222,30.760297157));
#9731=DIRECTION('',(-0.94289863,0.333079487,-0.000479414));
#9732=VECTOR('',#9731,1.);
#9733=LINE('',#9730,#9732);
#9734=EDGE_CURVE('',#9729,#9721,#9733,.T.);
#9735=ORIENTED_EDGE('',*,*,#9734,.F.);
#9736=CARTESIAN_POINT('',(114.559220276,-32.841450918,31.260255209));
#9737=VERTEX_POINT('',#9736);
#9738=CARTESIAN_POINT('',(114.608001222,-32.854193222,30.760297157));
#9739=DIRECTION('',(-0.09707771,0.025358133,0.994953709));
#9740=VECTOR('',#9739,0.502493781);
#9741=LINE('',#9738,#9740);
#9742=EDGE_CURVE('',#9729,#9737,#9741,.T.);
#9743=ORIENTED_EDGE('',*,*,#9742,.T.);
#9744=CARTESIAN_POINT('',(115.394437635,-33.136491934,31.260679872));
#9745=DIRECTION('',(-0.94289863,0.333079487,-0.000479414));
#9746=VECTOR('',#9745,0.885797617);
#9747=LINE('',#9744,#9746);
#9748=EDGE_CURVE('',#1627,#9737,#9747,.T.);
#9749=ORIENTED_EDGE('',*,*,#9748,.F.);
#9750=ORIENTED_EDGE('',*,*,#1839,.T.);
#9751=EDGE_LOOP('',(#9710,#9711,#9719,#9727,#9735,#9743,#9749,#9750));
#9752=FACE_BOUND('',#9751,.T.);
#9753=ADVANCED_FACE('',(#9752),#9709,.T.);
#9754=OVER_RIDING_STYLED_ITEM('',(#8575),#9753,#26);
#9755=CARTESIAN_POINT('',(120.387316793,-31.504765514,31.089776121));
#9756=DIRECTION('',(0.33306376,0.942866295,0.008466462));
#9757=DIRECTION('',(-0.94289863,0.333079487,-0.000479414));
#9758=AXIS2_PLACEMENT_3D('',#9755,#9756,#9757);
#9759=PLANE('',#9758);
#9760=ORIENTED_EDGE('',*,*,#1967,.T.);
#9761=ORIENTED_EDGE('',*,*,#1314,.T.);
#9762=CARTESIAN_POINT('',(114.731233827,-29.503159256,30.686914019));
#9763=VERTEX_POINT('',#9762);
#9764=CARTESIAN_POINT('',(116.322565653,-30.064161877,30.561182757));
#9765=DIRECTION('',(-0.940502578,0.331561527,0.074309188));
#9766=VECTOR('',#9765,1.692001558);
#9767=LINE('',#9764,#9766);
#9768=EDGE_CURVE('',#1299,#9763,#9767,.T.);
#9769=ORIENTED_EDGE('',*,*,#9768,.T.);
#9770=CARTESIAN_POINT('',(114.72927061,-29.507853261,31.286892445));
#9771=VERTEX_POINT('',#9770);
#9772=CARTESIAN_POINT('',(114.731233827,-29.503159256,30.686914019));
#9773=DIRECTION('',(-0.003272028,-0.00782334,0.999964044));
#9774=VECTOR('',#9773,0.6);
#9775=LINE('',#9772,#9774);
#9776=EDGE_CURVE('',#9763,#9771,#9775,.T.);
#9777=ORIENTED_EDGE('',*,*,#9776,.T.);
#9778=CARTESIAN_POINT('',(115.199083911,-29.678304674,31.787114174));
#9779=VERTEX_POINT('',#9778);
#9780=CARTESIAN_POINT('',(115.199083911,-29.678304674,31.787114174));
#9781=DIRECTION('',(-0.664416341,0.241054701,-0.707420353));
#9782=VECTOR('',#9781,0.707106781);
#9783=LINE('',#9780,#9782);
#9784=EDGE_CURVE('',#9779,#9771,#9783,.T.);
#9785=ORIENTED_EDGE('',*,*,#9784,.F.);
#9786=CARTESIAN_POINT('',(115.576243363,-29.811536469,31.78730594));
#9787=VERTEX_POINT('',#9786);
#9788=CARTESIAN_POINT('',(115.576243363,-29.811536469,31.78730594));
#9789=DIRECTION('',(-0.94289863,0.333079487,-0.000479414));
#9790=VECTOR('',#9789,0.4);
#9791=LINE('',#9788,#9790);
#9792=EDGE_CURVE('',#9787,#9779,#9791,.T.);
#9793=ORIENTED_EDGE('',*,*,#9792,.F.);
#9794=CARTESIAN_POINT('',(115.625024308,-29.824278773,31.287347888));
#9795=VERTEX_POINT('',#9794);
#9796=CARTESIAN_POINT('',(115.576243363,-29.811536469,31.78730594));
#9797=DIRECTION('',(0.09707771,-0.025358133,-0.994953709));
#9798=VECTOR('',#9797,0.502493781);
#9799=LINE('',#9796,#9798);
#9800=EDGE_CURVE('',#9787,#9795,#9799,.T.);
#9801=ORIENTED_EDGE('',*,*,#9800,.T.);
#9802=CARTESIAN_POINT('',(116.436224174,-30.110835595,31.287760341));
#9803=DIRECTION('',(-0.94289863,0.333079487,-0.000479414));
#9804=VECTOR('',#9803,0.860325639);
#9805=LINE('',#9802,#9804);
#9806=EDGE_CURVE('',#1755,#9795,#9805,.T.);
#9807=ORIENTED_EDGE('',*,*,#9806,.F.);
#9808=ORIENTED_EDGE('',*,*,#1761,.T.);
#9809=EDGE_LOOP('',(#9760,#9761,#9769,#9777,#9785,#9793,#9801,#9807,#9808));
#9810=FACE_BOUND('',#9809,.T.);
#9811=ADVANCED_FACE('',(#9810),#9759,.T.);
#9812=OVER_RIDING_STYLED_ITEM('',(#8575),#9811,#26);
#9813=CARTESIAN_POINT('',(116.442219598,-30.963256121,31.491118494));
#9814=DIRECTION('',(-0.33306376,-0.942866295,-0.008466462));
#9815=DIRECTION('',(-0.003272028,-0.00782334,0.999964044));
#9816=AXIS2_PLACEMENT_3D('',#9813,#9814,#9815);
#9817=PLANE('',#9816);
#9818=CARTESIAN_POINT('',(114.464782819,-30.257452293,30.68014085));
#9819=VERTEX_POINT('',#9818);
#9820=CARTESIAN_POINT('',(116.070907888,-30.823670072,30.553240775));
#9821=DIRECTION('',(-0.940502578,0.331561527,0.074309187));
#9822=VECTOR('',#9821,1.70773064);
#9823=LINE('',#9820,#9822);
#9824=EDGE_CURVE('',#1290,#9819,#9823,.T.);
#9825=ORIENTED_EDGE('',*,*,#9824,.F.);
#9826=ORIENTED_EDGE('',*,*,#1296,.T.);
#9827=ORIENTED_EDGE('',*,*,#2006,.T.);
#9828=ORIENTED_EDGE('',*,*,#1779,.T.);
#9829=CARTESIAN_POINT('',(115.3585733,-30.578571809,31.280574718));
#9830=VERTEX_POINT('',#9829);
#9831=CARTESIAN_POINT('',(116.19277195,-30.873252965,31.280998864));
#9832=DIRECTION('',(-0.94289863,0.333079487,-0.000479414));
#9833=VECTOR('',#9832,0.884717215);
#9834=LINE('',#9831,#9833);
#9835=EDGE_CURVE('',#1764,#9830,#9834,.T.);
#9836=ORIENTED_EDGE('',*,*,#9835,.T.);
#9837=CARTESIAN_POINT('',(115.407354246,-30.591314113,30.780616667));
#9838=VERTEX_POINT('',#9837);
#9839=CARTESIAN_POINT('',(115.407354246,-30.591314113,30.780616667));
#9840=DIRECTION('',(-0.09707771,0.025358133,0.994953709));
#9841=VECTOR('',#9840,0.502493781);
#9842=LINE('',#9839,#9841);
#9843=EDGE_CURVE('',#9838,#9830,#9842,.T.);
#9844=ORIENTED_EDGE('',*,*,#9843,.F.);
#9845=CARTESIAN_POINT('',(114.464455616,-30.258234627,30.780137253));
#9846=VERTEX_POINT('',#9845);
#9847=CARTESIAN_POINT('',(115.407354246,-30.591314113,30.780616667));
#9848=DIRECTION('',(-0.94289863,0.333079487,-0.000479414));
#9849=VECTOR('',#9848,1.);
#9850=LINE('',#9847,#9849);
#9851=EDGE_CURVE('',#9838,#9846,#9850,.T.);
#9852=ORIENTED_EDGE('',*,*,#9851,.T.);
#9853=CARTESIAN_POINT('',(114.464455616,-30.258234627,30.780137253));
#9854=DIRECTION('',(0.003272028,0.00782334,-0.999964044));
#9855=VECTOR('',#9854,0.099999999);
#9856=LINE('',#9853,#9855);
#9857=EDGE_CURVE('',#9846,#9819,#9856,.T.);
#9858=ORIENTED_EDGE('',*,*,#9857,.T.);
#9859=EDGE_LOOP('',(#9825,#9826,#9827,#9828,#9836,#9844,#9852,#9858));
#9860=FACE_BOUND('',#9859,.T.);
#9861=ADVANCED_FACE('',(#9860),#9817,.T.);
#9862=OVER_RIDING_STYLED_ITEM('',(#8575),#9861,#26);
#9863=CARTESIAN_POINT('',(119.854414777,-33.013351586,31.076229781));
#9864=DIRECTION('',(-0.33306376,-0.942866295,-0.008466462));
#9865=DIRECTION('',(0.94289863,-0.333079487,0.000479414));
#9866=AXIS2_PLACEMENT_3D('',#9863,#9864,#9865);
#9867=PLANE('',#9866);
#9868=ORIENTED_EDGE('',*,*,#1278,.F.);
#9869=CARTESIAN_POINT('',(114.198331811,-31.011745329,30.673367679));
#9870=VERTEX_POINT('',#9869);
#9871=CARTESIAN_POINT('',(115.811030458,-31.580280534,30.545948223));
#9872=DIRECTION('',(-0.940502578,0.331561527,0.074309188));
#9873=VECTOR('',#9872,1.714720071);
#9874=LINE('',#9871,#9873);
#9875=EDGE_CURVE('',#1263,#9870,#9874,.T.);
#9876=ORIENTED_EDGE('',*,*,#9875,.T.);
#9877=CARTESIAN_POINT('',(114.198004608,-31.012527663,30.773364083));
#9878=VERTEX_POINT('',#9877);
#9879=CARTESIAN_POINT('',(114.198004608,-31.012527663,30.773364083));
#9880=DIRECTION('',(0.003272028,0.00782334,-0.999964044));
#9881=VECTOR('',#9880,0.1);
#9882=LINE('',#9879,#9881);
#9883=EDGE_CURVE('',#9878,#9870,#9882,.T.);
#9884=ORIENTED_EDGE('',*,*,#9883,.F.);
#9885=CARTESIAN_POINT('',(115.140903238,-31.34560715,30.773843497));
#9886=VERTEX_POINT('',#9885);
#9887=CARTESIAN_POINT('',(115.140903238,-31.34560715,30.773843497));
#9888=DIRECTION('',(-0.94289863,0.333079487,-0.000479414));
#9889=VECTOR('',#9888,1.);
#9890=LINE('',#9887,#9889);
#9891=EDGE_CURVE('',#9886,#9878,#9890,.T.);
#9892=ORIENTED_EDGE('',*,*,#9891,.F.);
#9893=CARTESIAN_POINT('',(115.101878481,-31.335413306,31.173809938));
#9894=VERTEX_POINT('',#9893);
#9895=CARTESIAN_POINT('',(115.140903238,-31.34560715,30.773843497));
#9896=DIRECTION('',(-0.09707771,0.025358133,0.994953709));
#9897=VECTOR('',#9896,0.401995025);
#9898=LINE('',#9895,#9897);
#9899=EDGE_CURVE('',#9886,#9894,#9898,.T.);
#9900=ORIENTED_EDGE('',*,*,#9899,.T.);
#9901=CARTESIAN_POINT('',(115.950855669,-31.63531499,31.174241598));
#9902=DIRECTION('',(-0.94289863,0.333079487,-0.000479414));
#9903=VECTOR('',#9902,0.900390733);
#9904=LINE('',#9901,#9903);
#9905=EDGE_CURVE('',#1797,#9894,#9904,.T.);
#9906=ORIENTED_EDGE('',*,*,#9905,.F.);
#9907=ORIENTED_EDGE('',*,*,#1803,.F.);
#9908=ORIENTED_EDGE('',*,*,#2014,.F.);
#9909=EDGE_LOOP('',(#9868,#9876,#9884,#9892,#9900,#9906,#9907,#9908));
#9910=FACE_BOUND('',#9909,.T.);
#9911=ADVANCED_FACE('',(#9910),#9867,.F.);
#9912=OVER_RIDING_STYLED_ITEM('',(#8575),#9911,#26);
#9913=CARTESIAN_POINT('',(119.587963769,-33.767644622,31.069456611));
#9914=DIRECTION('',(0.33306376,0.942866295,0.008466462));
#9915=DIRECTION('',(-0.94289863,0.333079487,-0.000479414));
#9916=AXIS2_PLACEMENT_3D('',#9913,#9914,#9915);
#9917=PLANE('',#9916);
#9918=ORIENTED_EDGE('',*,*,#1260,.F.);
#9919=ORIENTED_EDGE('',*,*,#2046,.F.);
#9920=ORIENTED_EDGE('',*,*,#1821,.F.);
#9921=CARTESIAN_POINT('',(114.835427473,-32.089706343,31.167036768));
#9922=VERTEX_POINT('',#9921);
#9923=CARTESIAN_POINT('',(115.688020269,-32.390885241,31.167470267));
#9924=DIRECTION('',(-0.94289863,0.333079487,-0.000479414));
#9925=VECTOR('',#9924,0.9042253);
#9926=LINE('',#9923,#9925);
#9927=EDGE_CURVE('',#1806,#9922,#9926,.T.);
#9928=ORIENTED_EDGE('',*,*,#9927,.T.);
#9929=CARTESIAN_POINT('',(114.87445223,-32.099900186,30.767070327));
#9930=VERTEX_POINT('',#9929);
#9931=CARTESIAN_POINT('',(114.835427473,-32.089706343,31.167036768));
#9932=DIRECTION('',(0.09707771,-0.025358133,-0.994953709));
#9933=VECTOR('',#9932,0.401995025);
#9934=LINE('',#9931,#9933);
#9935=EDGE_CURVE('',#9922,#9930,#9934,.T.);
#9936=ORIENTED_EDGE('',*,*,#9935,.T.);
#9937=CARTESIAN_POINT('',(113.9315536,-31.766820699,30.766590913));
#9938=VERTEX_POINT('',#9937);
#9939=CARTESIAN_POINT('',(114.87445223,-32.099900186,30.767070327));
#9940=DIRECTION('',(-0.94289863,0.333079487,-0.000479414));
#9941=VECTOR('',#9940,1.);
#9942=LINE('',#9939,#9941);
#9943=EDGE_CURVE('',#9930,#9938,#9942,.T.);
#9944=ORIENTED_EDGE('',*,*,#9943,.T.);
#9945=CARTESIAN_POINT('',(113.931880803,-31.766038365,30.66659451));
#9946=VERTEX_POINT('',#9945);
#9947=CARTESIAN_POINT('',(113.9315536,-31.766820699,30.766590913));
#9948=DIRECTION('',(0.003272028,0.00782334,-0.999964044));
#9949=VECTOR('',#9948,0.099999999);
#9950=LINE('',#9947,#9949);
#9951=EDGE_CURVE('',#9938,#9946,#9950,.T.);
#9952=ORIENTED_EDGE('',*,*,#9951,.T.);
#9953=CARTESIAN_POINT('',(115.539074532,-32.332632886,30.53961));
#9954=DIRECTION('',(-0.940502578,0.331561527,0.074309187));
#9955=VECTOR('',#9954,1.708866904);
#9956=LINE('',#9953,#9955);
#9957=EDGE_CURVE('',#1254,#9946,#9956,.T.);
#9958=ORIENTED_EDGE('',*,*,#9957,.F.);
#9959=EDGE_LOOP('',(#9918,#9919,#9920,#9928,#9936,#9944,#9952,#9958));
#9960=FACE_BOUND('',#9959,.T.);
#9961=ADVANCED_FACE('',(#9960),#9917,.F.);
#9962=OVER_RIDING_STYLED_ITEM('',(#8575),#9961,#26);
#9963=CARTESIAN_POINT('',(115.004405706,-31.730577008,31.770420956));
#9964=DIRECTION('',(0.003272028,0.00782334,-0.999964044));
#9965=DIRECTION('',(-0.94289863,0.333079487,-0.000479414));
#9966=AXIS2_PLACEMENT_3D('',#9963,#9964,#9965);
#9967=PLANE('',#9966);
#9968=ORIENTED_EDGE('',*,*,#9677,.F.);
#9969=CARTESIAN_POINT('',(114.243988323,-33.58300165,31.75344009));
#9970=DIRECTION('',(0.33306376,0.942866295,0.008466462));
#9971=VECTOR('',#9970,4.);
#9972=LINE('',#9969,#9971);
#9973=EDGE_CURVE('',#9664,#9787,#9972,.T.);
#9974=ORIENTED_EDGE('',*,*,#9973,.T.);
#9975=ORIENTED_EDGE('',*,*,#9792,.T.);
#9976=CARTESIAN_POINT('',(113.866828871,-33.449769855,31.753248324));
#9977=DIRECTION('',(0.33306376,0.942866295,0.008466462));
#9978=VECTOR('',#9977,4.);
#9979=LINE('',#9976,#9978);
#9980=EDGE_CURVE('',#9672,#9779,#9979,.T.);
#9981=ORIENTED_EDGE('',*,*,#9980,.F.);
#9982=EDGE_LOOP('',(#9968,#9974,#9975,#9981));
#9983=FACE_BOUND('',#9982,.T.);
#9984=ADVANCED_FACE('',(#9983),#9967,.F.);
#9985=OVER_RIDING_STYLED_ITEM('',(#8575),#9984,#26);
#9986=CARTESIAN_POINT('',(114.532956391,-31.564037265,31.770181249));
#9987=DIRECTION('',(0.669043688,-0.229990827,-0.706742359));
#9988=DIRECTION('',(0.33306376,0.942866295,0.008466462));
#9989=AXIS2_PLACEMENT_3D('',#9986,#9987,#9988);
#9990=PLANE('',#9989);
#9991=ORIENTED_EDGE('',*,*,#9685,.T.);
#9992=ORIENTED_EDGE('',*,*,#9980,.T.);
#9993=ORIENTED_EDGE('',*,*,#9784,.T.);
#9994=CARTESIAN_POINT('',(114.72927061,-29.507853261,31.286892445));
#9995=DIRECTION('',(-0.33306376,-0.942866295,-0.008466462));
#9996=VECTOR('',#9995,4.);
#9997=LINE('',#9994,#9996);
#9998=EDGE_CURVE('',#9771,#9680,#9997,.T.);
#9999=ORIENTED_EDGE('',*,*,#9998,.T.);
#10000=EDGE_LOOP('',(#9991,#9992,#9993,#9999));
#10001=FACE_BOUND('',#10000,.T.);
#10002=ADVANCED_FACE('',(#10001),#9990,.F.);
#10003=OVER_RIDING_STYLED_ITEM('',(#8575),#10002,#26);
#10004=CARTESIAN_POINT('',(106.097807885,14.97938835,31.106682408));
#10005=DIRECTION('',(0.003272028,0.00782334,-0.999964044));
#10006=DIRECTION('',(-0.33306376,-0.942866295,-0.008466462));
#10007=AXIS2_PLACEMENT_3D('',#10004,#10005,#10006);
#10008=PLANE('',#10007);
#10009=CARTESIAN_POINT('',(114.87445223,-32.099900186,30.767070327));
#10010=DIRECTION('',(-0.33306376,-0.942866295,-0.008466462));
#10011=VECTOR('',#10010,0.8);
#10012=LINE('',#10009,#10011);
#10013=EDGE_CURVE('',#9930,#9729,#10012,.T.);
#10014=ORIENTED_EDGE('',*,*,#10013,.T.);
#10015=ORIENTED_EDGE('',*,*,#9734,.T.);
#10016=CARTESIAN_POINT('',(113.9315536,-31.766820699,30.766590913));
#10017=DIRECTION('',(-0.33306376,-0.942866295,-0.008466462));
#10018=VECTOR('',#10017,0.8);
#10019=LINE('',#10016,#10018);
#10020=EDGE_CURVE('',#9938,#9721,#10019,.T.);
#10021=ORIENTED_EDGE('',*,*,#10020,.F.);
#10022=ORIENTED_EDGE('',*,*,#9943,.F.);
#10023=EDGE_LOOP('',(#10014,#10015,#10021,#10022));
#10024=FACE_BOUND('',#10023,.T.);
#10025=ADVANCED_FACE('',(#10024),#10008,.T.);
#10026=OVER_RIDING_STYLED_ITEM('',(#8575),#10025,#26);
#10027=CARTESIAN_POINT('',(141.42147383,56.484589611,76.076629469));
#10028=DIRECTION('',(-0.937893624,0.332204928,-0.099977176));
#10029=DIRECTION('',(0.33306376,0.942866295,0.008466462));
#10030=AXIS2_PLACEMENT_3D('',#10027,#10028,#10029);
#10031=PLANE('',#10030);
#10032=ORIENTED_EDGE('',*,*,#9843,.T.);
#10033=CARTESIAN_POINT('',(115.3585733,-30.578571809,31.280574718));
#10034=DIRECTION('',(0.33306376,0.942866295,0.008466462));
#10035=VECTOR('',#10034,0.8);
#10036=LINE('',#10033,#10035);
#10037=EDGE_CURVE('',#9830,#9795,#10036,.T.);
#10038=ORIENTED_EDGE('',*,*,#10037,.T.);
#10039=ORIENTED_EDGE('',*,*,#9800,.F.);
#10040=ORIENTED_EDGE('',*,*,#9973,.F.);
#10041=ORIENTED_EDGE('',*,*,#9669,.F.);
#10042=CARTESIAN_POINT('',(114.559220276,-32.841450918,31.260255209));
#10043=DIRECTION('',(-0.33306376,-0.942866295,-0.008466462));
#10044=VECTOR('',#10043,0.8);
#10045=LINE('',#10042,#10044);
#10046=EDGE_CURVE('',#9737,#9656,#10045,.T.);
#10047=ORIENTED_EDGE('',*,*,#10046,.F.);
#10048=ORIENTED_EDGE('',*,*,#9742,.F.);
#10049=ORIENTED_EDGE('',*,*,#10013,.F.);
#10050=ORIENTED_EDGE('',*,*,#9935,.F.);
#10051=CARTESIAN_POINT('',(115.101878481,-31.335413306,31.173809938));
#10052=DIRECTION('',(-0.33306376,-0.942866295,-0.008466462));
#10053=VECTOR('',#10052,0.8);
#10054=LINE('',#10051,#10053);
#10055=EDGE_CURVE('',#9894,#9922,#10054,.T.);
#10056=ORIENTED_EDGE('',*,*,#10055,.F.);
#10057=ORIENTED_EDGE('',*,*,#9899,.F.);
#10058=CARTESIAN_POINT('',(115.407354246,-30.591314113,30.780616667));
#10059=DIRECTION('',(-0.33306376,-0.942866295,-0.008466462));
#10060=VECTOR('',#10059,0.8);
#10061=LINE('',#10058,#10060);
#10062=EDGE_CURVE('',#9838,#9886,#10061,.T.);
#10063=ORIENTED_EDGE('',*,*,#10062,.F.);
#10064=EDGE_LOOP('',(#10032,#10038,#10039,#10040,#10041,#10047,#10048,#10049,#10050,#10056,#10057,#10063));
#10065=FACE_BOUND('',#10064,.T.);
#10066=ADVANCED_FACE('',(#10065),#10031,.F.);
#10067=OVER_RIDING_STYLED_ITEM('',(#8575),#10066,#26);
#10068=CARTESIAN_POINT('',(106.097807885,14.97938835,31.106682408));
#10069=DIRECTION('',(0.003272028,0.00782334,-0.999964044));
#10070=DIRECTION('',(-0.33306376,-0.942866295,-0.008466462));
#10071=AXIS2_PLACEMENT_3D('',#10068,#10069,#10070);
#10072=PLANE('',#10071);
#10073=ORIENTED_EDGE('',*,*,#10062,.T.);
#10074=ORIENTED_EDGE('',*,*,#9891,.T.);
#10075=CARTESIAN_POINT('',(114.464455616,-30.258234627,30.780137253));
#10076=DIRECTION('',(-0.33306376,-0.942866295,-0.008466462));
#10077=VECTOR('',#10076,0.8);
#10078=LINE('',#10075,#10077);
#10079=EDGE_CURVE('',#9846,#9878,#10078,.T.);
#10080=ORIENTED_EDGE('',*,*,#10079,.F.);
#10081=ORIENTED_EDGE('',*,*,#9851,.F.);
#10082=EDGE_LOOP('',(#10073,#10074,#10080,#10081));
#10083=FACE_BOUND('',#10082,.T.);
#10084=ADVANCED_FACE('',(#10083),#10072,.T.);
#10085=OVER_RIDING_STYLED_ITEM('',(#8575),#10084,#26);
#10086=CARTESIAN_POINT('',(97.627621287,-48.609086704,31.213716863));
#10087=DIRECTION('',(-0.067256475,0.032712427,-0.99719931));
#10088=DIRECTION('',(0.940502578,-0.331561527,-0.074309187));
#10089=AXIS2_PLACEMENT_3D('',#10086,#10087,#10088);
#10090=PLANE('',#10089);
#10091=ORIENTED_EDGE('',*,*,#9718,.F.);
#10092=ORIENTED_EDGE('',*,*,#1233,.T.);
#10093=ORIENTED_EDGE('',*,*,#9699,.T.);
#10094=CARTESIAN_POINT('',(113.665429795,-32.520331401,30.659821339));
#10095=DIRECTION('',(-0.33306376,-0.942866295,-0.008466462));
#10096=VECTOR('',#10095,0.8);
#10097=LINE('',#10094,#10096);
#10098=EDGE_CURVE('',#9713,#9688,#10097,.T.);
#10099=ORIENTED_EDGE('',*,*,#10098,.F.);
#10100=EDGE_LOOP('',(#10091,#10092,#10093,#10099));
#10101=FACE_BOUND('',#10100,.T.);
#10102=ADVANCED_FACE('',(#10101),#10090,.T.);
#10103=OVER_RIDING_STYLED_ITEM('',(#8575),#10102,#26);
#10104=CARTESIAN_POINT('',(118.854569091,-35.84351514,31.250823202));
#10105=DIRECTION('',(0.003272028,0.00782334,-0.999964044));
#10106=DIRECTION('',(-0.94289863,0.333079487,-0.000479414));
#10107=AXIS2_PLACEMENT_3D('',#10104,#10105,#10106);
#10108=PLANE('',#10107);
#10109=ORIENTED_EDGE('',*,*,#1635,.F.);
#10110=ORIENTED_EDGE('',*,*,#9748,.T.);
#10111=ORIENTED_EDGE('',*,*,#10046,.T.);
#10112=ORIENTED_EDGE('',*,*,#9661,.F.);
#10113=EDGE_LOOP('',(#10109,#10110,#10111,#10112));
#10114=FACE_BOUND('',#10113,.T.);
#10115=ADVANCED_FACE('',(#10114),#10108,.F.);
#10116=OVER_RIDING_STYLED_ITEM('',(#8575),#10115,#26);
#10117=CARTESIAN_POINT('',(97.627621287,-48.609086704,31.213716863));
#10118=DIRECTION('',(-0.067256475,0.032712427,-0.99719931));
#10119=DIRECTION('',(0.940502578,-0.331561527,-0.074309187));
#10120=AXIS2_PLACEMENT_3D('',#10117,#10118,#10119);
#10121=PLANE('',#10120);
#10122=ORIENTED_EDGE('',*,*,#9768,.F.);
#10123=ORIENTED_EDGE('',*,*,#1305,.T.);
#10124=ORIENTED_EDGE('',*,*,#9824,.T.);
#10125=CARTESIAN_POINT('',(114.731233827,-29.503159256,30.686914019));
#10126=DIRECTION('',(-0.33306376,-0.942866295,-0.008466462));
#10127=VECTOR('',#10126,0.8);
#10128=LINE('',#10125,#10127);
#10129=EDGE_CURVE('',#9763,#9819,#10128,.T.);
#10130=ORIENTED_EDGE('',*,*,#10129,.F.);
#10131=EDGE_LOOP('',(#10122,#10123,#10124,#10130));
#10132=FACE_BOUND('',#10131,.T.);
#10133=ADVANCED_FACE('',(#10132),#10121,.T.);
#10134=OVER_RIDING_STYLED_ITEM('',(#8575),#10133,#26);
#10135=CARTESIAN_POINT('',(120.586500643,-30.940610404,31.294848807));
#10136=DIRECTION('',(-0.003272028,-0.00782334,0.999964044));
#10137=DIRECTION('',(0.94289863,-0.333079487,0.000479414));
#10138=AXIS2_PLACEMENT_3D('',#10135,#10136,#10137);
#10139=PLANE('',#10138);
#10140=ORIENTED_EDGE('',*,*,#9835,.F.);
#10141=ORIENTED_EDGE('',*,*,#1770,.T.);
#10142=ORIENTED_EDGE('',*,*,#9806,.T.);
#10143=ORIENTED_EDGE('',*,*,#10037,.F.);
#10144=EDGE_LOOP('',(#10140,#10141,#10142,#10143));
#10145=FACE_BOUND('',#10144,.T.);
#10146=ADVANCED_FACE('',(#10145),#10139,.T.);
#10147=OVER_RIDING_STYLED_ITEM('',(#8575),#10146,#26);
#10148=CARTESIAN_POINT('',(127.569643915,6.917540244,84.228563767));
#10149=DIRECTION('',(0.94289863,-0.333079487,0.000479414));
#10150=DIRECTION('',(-0.33306376,-0.942866295,-0.008466462));
#10151=AXIS2_PLACEMENT_3D('',#10148,#10149,#10150);
#10152=PLANE('',#10151);
#10153=ORIENTED_EDGE('',*,*,#9776,.F.);
#10154=ORIENTED_EDGE('',*,*,#10129,.T.);
#10155=ORIENTED_EDGE('',*,*,#9857,.F.);
#10156=ORIENTED_EDGE('',*,*,#10079,.T.);
#10157=ORIENTED_EDGE('',*,*,#9883,.T.);
#10158=CARTESIAN_POINT('',(114.198331811,-31.011745329,30.673367679));
#10159=DIRECTION('',(-0.33306376,-0.942866295,-0.008466462));
#10160=VECTOR('',#10159,0.8);
#10161=LINE('',#10158,#10160);
#10162=EDGE_CURVE('',#9870,#9946,#10161,.T.);
#10163=ORIENTED_EDGE('',*,*,#10162,.T.);
#10164=ORIENTED_EDGE('',*,*,#9951,.F.);
#10165=ORIENTED_EDGE('',*,*,#10020,.T.);
#10166=ORIENTED_EDGE('',*,*,#9726,.T.);
#10167=ORIENTED_EDGE('',*,*,#10098,.T.);
#10168=ORIENTED_EDGE('',*,*,#9693,.T.);
#10169=ORIENTED_EDGE('',*,*,#9998,.F.);
#10170=EDGE_LOOP('',(#10153,#10154,#10155,#10156,#10157,#10163,#10164,#10165,#10166,#10167,#10168,#10169));
#10171=FACE_BOUND('',#10170,.T.);
#10172=ADVANCED_FACE('',(#10171),#10152,.F.);
#10173=OVER_RIDING_STYLED_ITEM('',(#8575),#10172,#26);
#10174=CARTESIAN_POINT('',(97.627621287,-48.609086704,31.213716863));
#10175=DIRECTION('',(-0.067256475,0.032712427,-0.99719931));
#10176=DIRECTION('',(0.940502578,-0.331561527,-0.074309187));
#10177=AXIS2_PLACEMENT_3D('',#10174,#10175,#10176);
#10178=PLANE('',#10177);
#10179=ORIENTED_EDGE('',*,*,#9875,.F.);
#10180=ORIENTED_EDGE('',*,*,#1269,.T.);
#10181=ORIENTED_EDGE('',*,*,#9957,.T.);
#10182=ORIENTED_EDGE('',*,*,#10162,.F.);
#10183=EDGE_LOOP('',(#10179,#10180,#10181,#10182));
#10184=FACE_BOUND('',#10183,.T.);
#10185=ADVANCED_FACE('',(#10184),#10178,.T.);
#10186=OVER_RIDING_STYLED_ITEM('',(#8575),#10185,#26);
#10187=CARTESIAN_POINT('',(139.425570489,16.385907386,31.626754171));
#10188=DIRECTION('',(0.003272028,0.00782334,-0.999964044));
#10189=DIRECTION('',(-0.33306376,-0.942866295,-0.008466462));
#10190=AXIS2_PLACEMENT_3D('',#10187,#10188,#10189);
#10191=PLANE('',#10190);
#10192=ORIENTED_EDGE('',*,*,#1812,.F.);
#10193=ORIENTED_EDGE('',*,*,#9905,.T.);
#10194=ORIENTED_EDGE('',*,*,#10055,.T.);
#10195=ORIENTED_EDGE('',*,*,#9927,.F.);
#10196=EDGE_LOOP('',(#10192,#10193,#10194,#10195));
#10197=FACE_BOUND('',#10196,.T.);
#10198=ADVANCED_FACE('',(#10197),#10191,.F.);
#10199=OVER_RIDING_STYLED_ITEM('',(#8575),#10198,#26);
#10200=CARTESIAN_POINT('',(117.596958852,-18.051369543,26.454765259));
#10201=DIRECTION('',(0.,0.,-1.));
#10202=DIRECTION('',(-1.,0.,-0.));
#10203=AXIS2_PLACEMENT_3D('',#10200,#10201,#10202);
#10204=PLANE('',#10203);
#10205=CARTESIAN_POINT('',(116.642439621,-17.451369543,26.454765259));
#10206=VERTEX_POINT('',#10205);
#10207=CARTESIAN_POINT('',(118.851478096,-17.451369543,26.454765259));
#10208=VERTEX_POINT('',#10207);
#10209=CARTESIAN_POINT('',(116.642439621,-17.451369543,26.454765259));
#10210=DIRECTION('',(1.,0.,0.));
#10211=VECTOR('',#10210,2.209038475);
#10212=LINE('',#10209,#10211);
#10213=EDGE_CURVE('',#10206,#10208,#10212,.T.);
#10214=ORIENTED_EDGE('',*,*,#10213,.F.);
#10215=CARTESIAN_POINT('',(116.642439621,-18.551369543,26.454765259));
#10216=VERTEX_POINT('',#10215);
#10217=CARTESIAN_POINT('',(116.642439621,-17.451369543,26.454765259));
#10218=DIRECTION('',(0.,-1.,0.));
#10219=VECTOR('',#10218,1.1);
#10220=LINE('',#10217,#10219);
#10221=EDGE_CURVE('',#10206,#10216,#10220,.T.);
#10222=ORIENTED_EDGE('',*,*,#10221,.T.);
#10223=CARTESIAN_POINT('',(116.642439621,-18.551369543,26.454765259));
#10224=DIRECTION('',(1.,0.,0.));
#10225=VECTOR('',#10224,1.628243496);
#10226=LINE('',#10223,#10225);
#10227=EDGE_CURVE('',#10216,#3418,#10226,.T.);
#10228=ORIENTED_EDGE('',*,*,#10227,.T.);
#10229=ORIENTED_EDGE('',*,*,#4750,.T.);
#10230=CARTESIAN_POINT('',(119.261924713,-17.851233049,26.454765259));
#10231=VERTEX_POINT('',#10230);
#10232=CARTESIAN_POINT('',(119.261924713,-17.851233049,26.454765259));
#10233=CARTESIAN_POINT('',(119.268024904,-18.084725531,26.454765259));
#10234=CARTESIAN_POINT('',(119.272024833,-18.31810798,26.454765259));
#10235=CARTESIAN_POINT('',(119.273717336,-18.551369543,26.454765259));
#10236=B_SPLINE_CURVE_WITH_KNOTS('',3,(#10232,#10233,#10234,#10235),.UNSPECIFIED.,.F.,.F.,(4,4),(0.006128264,0.006829352),.UNSPECIFIED.);
#10237=EDGE_CURVE('',#10231,#3791,#10236,.T.);
#10238=ORIENTED_EDGE('',*,*,#10237,.F.);
#10239=CARTESIAN_POINT('',(119.261924713,-17.851233049,26.454765259));
#10240=CARTESIAN_POINT('',(119.125109123,-17.717945266,26.454765259));
#10241=CARTESIAN_POINT('',(118.988293583,-17.584657431,26.454765259));
#10242=CARTESIAN_POINT('',(118.851478096,-17.451369543,26.454765259));
#10243=B_SPLINE_CURVE_WITH_KNOTS('',3,(#10239,#10240,#10241,#10242),.UNSPECIFIED.,.F.,.F.,(4,4),(0.,0.000573025),.UNSPECIFIED.);
#10244=EDGE_CURVE('',#10231,#10208,#10243,.T.);
#10245=ORIENTED_EDGE('',*,*,#10244,.T.);
#10246=EDGE_LOOP('',(#10214,#10222,#10228,#10229,#10238,#10245));
#10247=FACE_BOUND('',#10246,.T.);
#10248=ADVANCED_FACE('',(#10247),#10204,.F.);
#10249=CARTESIAN_POINT('',(119.273756156,-18.556776724,26.454765259));
#10250=CARTESIAN_POINT('',(119.27196057,-18.554974319,25.721431953));
#10251=CARTESIAN_POINT('',(119.270164981,-18.553171922,24.988098629));
#10252=CARTESIAN_POINT('',(119.268369385,-18.551369543,24.254765259));
#10253=CARTESIAN_POINT('',(119.272086995,-18.321775279,26.454765259));
#10254=CARTESIAN_POINT('',(119.270673598,-18.320356107,25.721431953));
#10255=CARTESIAN_POINT('',(119.269260196,-18.318936941,24.988098629));
#10256=CARTESIAN_POINT('',(119.267846782,-18.317517789,24.254765259));
#10257=CARTESIAN_POINT('',(119.268070949,-18.086487971,26.454765259));
#10258=CARTESIAN_POINT('',(119.267039903,-18.085451727,25.721431953));
#10259=CARTESIAN_POINT('',(119.26600885,-18.084415486,24.988098629));
#10260=CARTESIAN_POINT('',(119.26497778,-18.083379255,24.254765259));
#10261=CARTESIAN_POINT('',(119.261924713,-17.851233049,26.454765259));
#10262=CARTESIAN_POINT('',(119.261275678,-17.850580318,25.721431953));
#10263=CARTESIAN_POINT('',(119.260626639,-17.849927589,24.988098629));
#10264=CARTESIAN_POINT('',(119.259977585,-17.849274866,24.254765259));
#10265=B_SPLINE_SURFACE_WITH_KNOTS('',3,3,((#10249,#10250,#10251,#10252),(#10253,#10254,#10255,#10256),(#10257,#10258,#10259,#10260),(#10261,#10262,#10263,#10264)),.UNSPECIFIED.,.F.,.F.,.U.,(4,4),(4,4),(0.979983779,0.992759868),(0.427000063,0.573666752),.UNSPECIFIED.);
#10266=CARTESIAN_POINT('',(119.260020199,-17.851272409,24.254765259));
#10267=VERTEX_POINT('',#10266);
#10268=CARTESIAN_POINT('',(119.260020199,-17.851272409,24.254765259));
#10269=CARTESIAN_POINT('',(119.264995235,-18.084765317,24.254765259));
#10270=CARTESIAN_POINT('',(119.26784815,-18.318135082,24.254765259));
#10271=CARTESIAN_POINT('',(119.268369385,-18.551369543,24.254765259));
#10272=B_SPLINE_CURVE_WITH_KNOTS('',3,(#10268,#10269,#10270,#10271),.UNSPECIFIED.,.F.,.F.,(4,4),(0.006100511,0.00680152),.UNSPECIFIED.);
#10273=EDGE_CURVE('',#10267,#631,#10272,.T.);
#10274=ORIENTED_EDGE('',*,*,#10273,.F.);
#10275=CARTESIAN_POINT('',(119.260020199,-17.851272409,24.254765259));
#10276=CARTESIAN_POINT('',(119.260658324,-17.851262525,24.98809859));
#10277=CARTESIAN_POINT('',(119.261293162,-17.85124939,25.721431923));
#10278=CARTESIAN_POINT('',(119.261924713,-17.851233049,26.454765259));
#10279=B_SPLINE_CURVE_WITH_KNOTS('',3,(#10275,#10276,#10277,#10278),.UNSPECIFIED.,.F.,.F.,(4,4),(0.,0.002200001),.UNSPECIFIED.);
#10280=EDGE_CURVE('',#10267,#10231,#10279,.T.);
#10281=ORIENTED_EDGE('',*,*,#10280,.T.);
#10282=ORIENTED_EDGE('',*,*,#10237,.T.);
#10283=ORIENTED_EDGE('',*,*,#3950,.F.);
#10284=EDGE_LOOP('',(#10274,#10281,#10282,#10283));
#10285=FACE_BOUND('',#10284,.T.);
#10286=ADVANCED_FACE('',(#10285),#10265,.F.);
#10287=CARTESIAN_POINT('',(117.596969642,-18.051369543,24.254765259));
#10288=DIRECTION('',(0.,0.,-1.));
#10289=DIRECTION('',(-1.,0.,0.));
#10290=AXIS2_PLACEMENT_3D('',#10287,#10288,#10289);
#10291=PLANE('',#10290);
#10292=CARTESIAN_POINT('',(116.642439621,-18.551369543,24.254765259));
#10293=VERTEX_POINT('',#10292);
#10294=CARTESIAN_POINT('',(116.642439621,-18.551369543,24.254765259));
#10295=DIRECTION('',(1.,0.,-0.));
#10296=VECTOR('',#10295,1.618243395);
#10297=LINE('',#10294,#10296);
#10298=EDGE_CURVE('',#10293,#629,#10297,.T.);
#10299=ORIENTED_EDGE('',*,*,#10298,.F.);
#10300=CARTESIAN_POINT('',(116.642439621,-17.451369543,24.254765259));
#10301=VERTEX_POINT('',#10300);
#10302=CARTESIAN_POINT('',(116.642439621,-18.551369543,24.254765259));
#10303=DIRECTION('',(-0.,1.,-0.));
#10304=VECTOR('',#10303,1.1);
#10305=LINE('',#10302,#10304);
#10306=EDGE_CURVE('',#10293,#10301,#10305,.T.);
#10307=ORIENTED_EDGE('',*,*,#10306,.T.);
#10308=CARTESIAN_POINT('',(118.851499577,-17.451369543,24.254765259));
#10309=VERTEX_POINT('',#10308);
#10310=CARTESIAN_POINT('',(116.642439621,-17.451369543,24.254765259));
#10311=DIRECTION('',(1.,0.,-0.));
#10312=VECTOR('',#10311,2.209059957);
#10313=LINE('',#10310,#10312);
#10314=EDGE_CURVE('',#10301,#10309,#10313,.T.);
#10315=ORIENTED_EDGE('',*,*,#10314,.T.);
#10316=CARTESIAN_POINT('',(118.851499577,-17.451369543,24.254765259));
#10317=CARTESIAN_POINT('',(118.987673066,-17.584670551,24.254765259));
#10318=CARTESIAN_POINT('',(119.123846606,-17.717971507,24.254765259));
#10319=CARTESIAN_POINT('',(119.260020199,-17.851272409,24.254765259));
#10320=B_SPLINE_CURVE_WITH_KNOTS('',3,(#10316,#10317,#10318,#10319),.UNSPECIFIED.,.F.,.F.,(4,4),(0.,0.000571674),.UNSPECIFIED.);
#10321=EDGE_CURVE('',#10309,#10267,#10320,.T.);
#10322=ORIENTED_EDGE('',*,*,#10321,.T.);
#10323=ORIENTED_EDGE('',*,*,#10273,.T.);
#10324=ORIENTED_EDGE('',*,*,#636,.F.);
#10325=EDGE_LOOP('',(#10299,#10307,#10315,#10322,#10323,#10324));
#10326=FACE_BOUND('',#10325,.T.);
#10327=ADVANCED_FACE('',(#10326),#10291,.T.);
#10328=CARTESIAN_POINT('',(116.342439621,-18.051369543,24.554765259));
#10329=DIRECTION('',(-1.,0.,0.));
#10330=DIRECTION('',(0.,0.,1.));
#10331=AXIS2_PLACEMENT_3D('',#10328,#10329,#10330);
#10332=PLANE('',#10331);
#10333=CARTESIAN_POINT('',(116.342439621,-17.451369543,24.854765259));
#10334=VERTEX_POINT('',#10333);
#10335=CARTESIAN_POINT('',(116.342439621,-17.451369543,24.554765259));
#10336=VERTEX_POINT('',#10335);
#10337=CARTESIAN_POINT('',(116.342439621,-17.451369543,24.854765259));
#10338=DIRECTION('',(0.,0.,-1.));
#10339=VECTOR('',#10338,0.3);
#10340=LINE('',#10337,#10339);
#10341=EDGE_CURVE('',#10334,#10336,#10340,.T.);
#10342=ORIENTED_EDGE('',*,*,#10341,.T.);
#10343=CARTESIAN_POINT('',(116.342439621,-18.551369543,24.554765259));
#10344=VERTEX_POINT('',#10343);
#10345=CARTESIAN_POINT('',(116.342439621,-17.451369543,24.554765259));
#10346=DIRECTION('',(0.,-1.,0.));
#10347=VECTOR('',#10346,1.1);
#10348=LINE('',#10345,#10347);
#10349=EDGE_CURVE('',#10336,#10344,#10348,.T.);
#10350=ORIENTED_EDGE('',*,*,#10349,.T.);
#10351=CARTESIAN_POINT('',(116.342439621,-18.551369543,24.854765259));
#10352=VERTEX_POINT('',#10351);
#10353=CARTESIAN_POINT('',(116.342439621,-18.551369543,24.854765259));
#10354=DIRECTION('',(0.,0.,-1.));
#10355=VECTOR('',#10354,0.3);
#10356=LINE('',#10353,#10355);
#10357=EDGE_CURVE('',#10352,#10344,#10356,.T.);
#10358=ORIENTED_EDGE('',*,*,#10357,.F.);
#10359=CARTESIAN_POINT('',(116.342439621,-17.451369543,24.854765259));
#10360=DIRECTION('',(0.,-1.,0.));
#10361=VECTOR('',#10360,1.1);
#10362=LINE('',#10359,#10361);
#10363=EDGE_CURVE('',#10334,#10352,#10362,.T.);
#10364=ORIENTED_EDGE('',*,*,#10363,.F.);
#10365=EDGE_LOOP('',(#10342,#10350,#10358,#10364));
#10366=FACE_BOUND('',#10365,.T.);
#10367=ADVANCED_FACE('',(#10366),#10332,.T.);
#10368=CARTESIAN_POINT('',(116.342439621,-18.051369543,25.354765259));
#10369=DIRECTION('',(0.,-1.,0.));
#10370=DIRECTION('',(0.,0.,-1.));
#10371=AXIS2_PLACEMENT_3D('',#10368,#10369,#10370);
#10372=CYLINDRICAL_SURFACE('',#10371,0.5);
#10373=CARTESIAN_POINT('',(116.342439621,-18.551369543,25.854765259));
#10374=VERTEX_POINT('',#10373);
#10375=CARTESIAN_POINT('',(116.342439621,-18.551369543,25.354765259));
#10376=DIRECTION('',(0.,1.,0.));
#10377=DIRECTION('',(0.,-0.,1.));
#10378=AXIS2_PLACEMENT_3D('',#10375,#10376,#10377);
#10379=CIRCLE('',#10378,0.5);
#10380=EDGE_CURVE('',#10374,#10352,#10379,.T.);
#10381=ORIENTED_EDGE('',*,*,#10380,.F.);
#10382=CARTESIAN_POINT('',(116.342439621,-17.451369543,25.854765259));
#10383=VERTEX_POINT('',#10382);
#10384=CARTESIAN_POINT('',(116.342439621,-17.451369543,25.854765259));
#10385=DIRECTION('',(0.,-1.,0.));
#10386=VECTOR('',#10385,1.1);
#10387=LINE('',#10384,#10386);
#10388=EDGE_CURVE('',#10383,#10374,#10387,.T.);
#10389=ORIENTED_EDGE('',*,*,#10388,.F.);
#10390=CARTESIAN_POINT('',(116.342439621,-17.451369543,25.354765259));
#10391=DIRECTION('',(0.,1.,0.));
#10392=DIRECTION('',(0.,-0.,1.));
#10393=AXIS2_PLACEMENT_3D('',#10390,#10391,#10392);
#10394=CIRCLE('',#10393,0.5);
#10395=EDGE_CURVE('',#10383,#10334,#10394,.T.);
#10396=ORIENTED_EDGE('',*,*,#10395,.T.);
#10397=ORIENTED_EDGE('',*,*,#10363,.T.);
#10398=EDGE_LOOP('',(#10381,#10389,#10396,#10397));
#10399=FACE_BOUND('',#10398,.T.);
#10400=ADVANCED_FACE('',(#10399),#10372,.F.);
#10401=CARTESIAN_POINT('',(116.342439621,-18.051369543,26.154765259));
#10402=DIRECTION('',(1.,0.,0.));
#10403=DIRECTION('',(0.,0.,-1.));
#10404=AXIS2_PLACEMENT_3D('',#10401,#10402,#10403);
#10405=PLANE('',#10404);
#10406=CARTESIAN_POINT('',(116.342439621,-18.551369543,26.154765259));
#10407=VERTEX_POINT('',#10406);
#10408=CARTESIAN_POINT('',(116.342439621,-18.551369543,25.854765259));
#10409=DIRECTION('',(0.,0.,1.));
#10410=VECTOR('',#10409,0.3);
#10411=LINE('',#10408,#10410);
#10412=EDGE_CURVE('',#10374,#10407,#10411,.T.);
#10413=ORIENTED_EDGE('',*,*,#10412,.T.);
#10414=CARTESIAN_POINT('',(116.342439621,-17.451369543,26.154765259));
#10415=VERTEX_POINT('',#10414);
#10416=CARTESIAN_POINT('',(116.342439621,-18.551369543,26.154765259));
#10417=DIRECTION('',(-0.,1.,-0.));
#10418=VECTOR('',#10417,1.1);
#10419=LINE('',#10416,#10418);
#10420=EDGE_CURVE('',#10407,#10415,#10419,.T.);
#10421=ORIENTED_EDGE('',*,*,#10420,.T.);
#10422=CARTESIAN_POINT('',(116.342439621,-17.451369543,25.854765259));
#10423=DIRECTION('',(0.,0.,1.));
#10424=VECTOR('',#10423,0.3);
#10425=LINE('',#10422,#10424);
#10426=EDGE_CURVE('',#10383,#10415,#10425,.T.);
#10427=ORIENTED_EDGE('',*,*,#10426,.F.);
#10428=ORIENTED_EDGE('',*,*,#10388,.T.);
#10429=EDGE_LOOP('',(#10413,#10421,#10427,#10428));
#10430=FACE_BOUND('',#10429,.T.);
#10431=ADVANCED_FACE('',(#10430),#10405,.F.);
#10432=CARTESIAN_POINT('',(115.34243962,-17.451369543,32.859765259));
#10433=DIRECTION('',(0.,1.,0.));
#10434=DIRECTION('',(0.,0.,1.));
#10435=AXIS2_PLACEMENT_3D('',#10432,#10433,#10434);
#10436=PLANE('',#10435);
#10437=ORIENTED_EDGE('',*,*,#10314,.F.);
#10438=CARTESIAN_POINT('',(116.642439621,-17.451369543,24.554765259));
#10439=DIRECTION('',(0.,1.,0.));
#10440=DIRECTION('',(0.,-0.,1.));
#10441=AXIS2_PLACEMENT_3D('',#10438,#10439,#10440);
#10442=CIRCLE('',#10441,0.3);
#10443=EDGE_CURVE('',#10301,#10336,#10442,.T.);
#10444=ORIENTED_EDGE('',*,*,#10443,.T.);
#10445=ORIENTED_EDGE('',*,*,#10341,.F.);
#10446=ORIENTED_EDGE('',*,*,#10395,.F.);
#10447=ORIENTED_EDGE('',*,*,#10426,.T.);
#10448=CARTESIAN_POINT('',(116.642439621,-17.451369543,26.154765259));
#10449=DIRECTION('',(0.,1.,0.));
#10450=DIRECTION('',(0.,-0.,1.));
#10451=AXIS2_PLACEMENT_3D('',#10448,#10449,#10450);
#10452=CIRCLE('',#10451,0.3);
#10453=EDGE_CURVE('',#10415,#10206,#10452,.T.);
#10454=ORIENTED_EDGE('',*,*,#10453,.T.);
#10455=ORIENTED_EDGE('',*,*,#10213,.T.);
#10456=CARTESIAN_POINT('',(118.851478096,-17.451369543,26.454765259));
#10457=CARTESIAN_POINT('',(118.851485256,-17.451369543,25.721431926));
#10458=CARTESIAN_POINT('',(118.851492417,-17.451369543,24.988098592));
#10459=CARTESIAN_POINT('',(118.851499577,-17.451369543,24.254765259));
#10460=B_SPLINE_CURVE_WITH_KNOTS('',3,(#10456,#10457,#10458,#10459),.UNSPECIFIED.,.F.,.F.,(4,4),(0.,0.0022),.UNSPECIFIED.);
#10461=EDGE_CURVE('',#10208,#10309,#10460,.T.);
#10462=ORIENTED_EDGE('',*,*,#10461,.T.);
#10463=EDGE_LOOP('',(#10437,#10444,#10445,#10446,#10447,#10454,#10455,#10462));
#10464=FACE_BOUND('',#10463,.T.);
#10465=ADVANCED_FACE('',(#10464),#10436,.T.);
#10466=CARTESIAN_POINT('',(116.14243962,-18.551369543,31.859765259));
#10467=DIRECTION('',(0.,1.,0.));
#10468=DIRECTION('',(0.,0.,1.));
#10469=AXIS2_PLACEMENT_3D('',#10466,#10467,#10468);
#10470=PLANE('',#10469);
#10471=ORIENTED_EDGE('',*,*,#10357,.T.);
#10472=CARTESIAN_POINT('',(116.642439621,-18.551369543,24.554765259));
#10473=DIRECTION('',(-0.,-1.,-0.));
#10474=DIRECTION('',(0.,-0.,1.));
#10475=AXIS2_PLACEMENT_3D('',#10472,#10473,#10474);
#10476=CIRCLE('',#10475,0.3);
#10477=EDGE_CURVE('',#10344,#10293,#10476,.T.);
#10478=ORIENTED_EDGE('',*,*,#10477,.T.);
#10479=ORIENTED_EDGE('',*,*,#10298,.T.);
#10480=ORIENTED_EDGE('',*,*,#3431,.F.);
#10481=ORIENTED_EDGE('',*,*,#10227,.F.);
#10482=CARTESIAN_POINT('',(116.642439621,-18.551369543,26.154765259));
#10483=DIRECTION('',(-0.,-1.,-0.));
#10484=DIRECTION('',(0.,-0.,1.));
#10485=AXIS2_PLACEMENT_3D('',#10482,#10483,#10484);
#10486=CIRCLE('',#10485,0.3);
#10487=EDGE_CURVE('',#10216,#10407,#10486,.T.);
#10488=ORIENTED_EDGE('',*,*,#10487,.T.);
#10489=ORIENTED_EDGE('',*,*,#10412,.F.);
#10490=ORIENTED_EDGE('',*,*,#10380,.T.);
#10491=EDGE_LOOP('',(#10471,#10478,#10479,#10480,#10481,#10488,#10489,#10490));
#10492=FACE_BOUND('',#10491,.T.);
#10493=ADVANCED_FACE('',(#10492),#10470,.F.);
#10494=CARTESIAN_POINT('',(118.851478092,-17.451369543,26.455118964));
#10495=CARTESIAN_POINT('',(118.85147972,-17.451369543,26.288452445));
#10496=CARTESIAN_POINT('',(118.851481347,-17.451369543,26.121785925));
#10497=CARTESIAN_POINT('',(118.851482974,-17.451369543,25.955119406));
#10498=CARTESIAN_POINT('',(118.851483375,-17.451369543,25.914043024));
#10499=CARTESIAN_POINT('',(118.851483776,-17.451369543,25.872966641));
#10500=CARTESIAN_POINT('',(118.851484178,-17.451369543,25.831890259));
#10501=CARTESIAN_POINT('',(118.851487357,-17.451369543,25.506300287));
#10502=CARTESIAN_POINT('',(118.851490536,-17.451369543,25.180710315));
#10503=CARTESIAN_POINT('',(118.851493715,-17.451369543,24.855120343));
#10504=CARTESIAN_POINT('',(118.851495341,-17.451369543,24.688587815));
#10505=CARTESIAN_POINT('',(118.851496967,-17.451369543,24.522055287));
#10506=CARTESIAN_POINT('',(118.851498593,-17.451369543,24.355522759));
#10507=CARTESIAN_POINT('',(118.851498921,-17.451369543,24.321936926));
#10508=CARTESIAN_POINT('',(118.851499249,-17.451369543,24.288351092));
#10509=CARTESIAN_POINT('',(118.851499577,-17.451369543,24.254765259));
#10510=CARTESIAN_POINT('',(119.261912845,-17.851221486,26.454765254));
#10511=CARTESIAN_POINT('',(119.261769462,-17.851225344,26.288098592));
#10512=CARTESIAN_POINT('',(119.26162608,-17.851229202,26.12143193));
#10513=CARTESIAN_POINT('',(119.261482698,-17.85123306,25.954765268));
#10514=CARTESIAN_POINT('',(119.26144736,-17.85123401,25.913688851));
#10515=CARTESIAN_POINT('',(119.261412022,-17.851234961,25.872612433));
#10516=CARTESIAN_POINT('',(119.261376685,-17.851235912,25.831536016));
#10517=CARTESIAN_POINT('',(119.261096581,-17.851243448,25.505945765));
#10518=CARTESIAN_POINT('',(119.260816478,-17.851250985,25.180355514));
#10519=CARTESIAN_POINT('',(119.260536375,-17.851258521,24.854765263));
#10520=CARTESIAN_POINT('',(119.260393108,-17.851262376,24.688232593));
#10521=CARTESIAN_POINT('',(119.260249841,-17.851266231,24.521699922));
#10522=CARTESIAN_POINT('',(119.260106574,-17.851270085,24.355167252));
#10523=CARTESIAN_POINT('',(119.26007768,-17.851270863,24.32158139));
#10524=CARTESIAN_POINT('',(119.260048787,-17.85127164,24.287995528));
#10525=CARTESIAN_POINT('',(119.260019893,-17.851272418,24.254409666));
#10526=B_SPLINE_SURFACE_WITH_KNOTS('',1,3,((#10494,#10495,#10496,#10497,#10498,#10499,#10500,#10501,#10502,#10503,#10504,#10505,#10506,#10507,#10508,#10509),(#10510,#10511,#10512,#10513,#10514,#10515,#10516,#10517,#10518,#10519,#10520,#10521,#10522,#10523,#10524,#10525)),.UNSPECIFIED.,.F.,.F.,.U.,(2,2),(4,3,3,3,3,4),(0.,0.999970846),(1.072246259,1.331851429,1.395833333,1.902982823,2.162379283,2.214693666),.UNSPECIFIED.);
#10527=ORIENTED_EDGE('',*,*,#10244,.F.);
#10528=ORIENTED_EDGE('',*,*,#10280,.F.);
#10529=ORIENTED_EDGE('',*,*,#10321,.F.);
#10530=ORIENTED_EDGE('',*,*,#10461,.F.);
#10531=EDGE_LOOP('',(#10527,#10528,#10529,#10530));
#10532=FACE_BOUND('',#10531,.T.);
#10533=ADVANCED_FACE('',(#10532),#10526,.T.);
#10534=CARTESIAN_POINT('',(116.642439621,-18.051369543,26.154765259));
#10535=DIRECTION('',(0.,-1.,0.));
#10536=DIRECTION('',(0.,0.,-1.));
#10537=AXIS2_PLACEMENT_3D('',#10534,#10535,#10536);
#10538=CYLINDRICAL_SURFACE('',#10537,0.3);
#10539=ORIENTED_EDGE('',*,*,#10453,.F.);
#10540=ORIENTED_EDGE('',*,*,#10420,.F.);
#10541=ORIENTED_EDGE('',*,*,#10487,.F.);
#10542=ORIENTED_EDGE('',*,*,#10221,.F.);
#10543=EDGE_LOOP('',(#10539,#10540,#10541,#10542));
#10544=FACE_BOUND('',#10543,.T.);
#10545=ADVANCED_FACE('',(#10544),#10538,.T.);
#10546=CARTESIAN_POINT('',(116.642439621,-18.051369543,24.554765259));
#10547=DIRECTION('',(0.,-1.,0.));
#10548=DIRECTION('',(0.,0.,-1.));
#10549=AXIS2_PLACEMENT_3D('',#10546,#10547,#10548);
#10550=CYLINDRICAL_SURFACE('',#10549,0.3);
#10551=ORIENTED_EDGE('',*,*,#10443,.F.);
#10552=ORIENTED_EDGE('',*,*,#10306,.F.);
#10553=ORIENTED_EDGE('',*,*,#10477,.F.);
#10554=ORIENTED_EDGE('',*,*,#10349,.F.);
#10555=EDGE_LOOP('',(#10551,#10552,#10553,#10554));
#10556=FACE_BOUND('',#10555,.T.);
#10557=ADVANCED_FACE('',(#10556),#10550,.T.);
#10558=CLOSED_SHELL('',(#622,#664,#888,#1502,#1843,#1920,#1979,#2019,#2051,#2091,#2122,#2153,#2184,#2302,#3274,#3305,#3381,#3490,#3954,#3987,#4050,#4126,#4158,#4272,#4380,#4416,
#4513,#4724,#4740,#4762,#4885,#5045,#5290,#5318,#5527,#5724,#5925,#6252,#6279,#6366,#6466,#6735,#6753,#6939,#7046,#7118,#7179,#7334,#7357,#7411,#7443,
#7547,#7656,#7778,#7846,#7907,#8007,#8057,#8169,#8211,#8233,#8254,#8282,#8304,#8360,#8371,#8393,#8437,#8472,#8537,#8568,#8607,#8658,#8701,#8752,#8795,
#8843,#8891,#8914,#8932,#8955,#8986,#9004,#9022,#9040,#9066,#9079,#9092,#9124,#9156,#9188,#9239,#9282,#9333,#9376,#9419,#9462,#9480,#9498,#9516,#9539,
#9557,#9580,#9606,#9624,#9645,#9703,#9753,#9811,#9861,#9911,#9961,#9984,#10002,#10025,#10066,#10084,#10102,#10115,#10133,#10146,#10172,#10185,#10198,#10248,#10286,
#10327,#10367,#10400,#10431,#10465,#10493,#10533,#10545,#10557));
#10559=MANIFOLD_SOLID_BREP('PICO4\X2\773C90E88FFD8E2A6A215757591658F3\X0\R-B',#10558);
#10560=COLOUR_RGB('',0.219607845,0.219607845,0.227450982);
#10561=FILL_AREA_STYLE_COLOUR('',#10560);
#10562=FILL_AREA_STYLE('',(#10561));
#10563=SURFACE_STYLE_FILL_AREA(#10562);
#10564=SURFACE_SIDE_STYLE('',(#10563));
#10565=SURFACE_STYLE_USAGE(.BOTH.,#10564);
#10566=PRESENTATION_STYLE_ASSIGNMENT((#10565));
#26=STYLED_ITEM('',(#10566),#10559);
#16=SHAPE_REPRESENTATION('PICO4\X2\773C90E88FFD8E2A6A215757591658F3\X0\R-B',(#15),#10);
#17=ADVANCED_BREP_SHAPE_REPRESENTATION('PICO4\X2\773C90E88FFD8E2A6A215757591658F3\X0\R-B',(#10559),#10);
#10574=SHAPE_REPRESENTATION_RELATIONSHIP('','',#16,#17);
#10575=CARTESIAN_POINT('',(0.,0.,0.));
#10576=DIRECTION('',(0.,0.,1.));
#10577=DIRECTION('',(1.,0.,0.));
#10578=AXIS2_PLACEMENT_3D('',#10575,#10576,#10577);
#10580=MAPPED_ITEM('',#10579,#10578);
#10579=REPRESENTATION_MAP(#10578,#16);
#10581=APPLICATION_CONTEXT('Managed model based 3d engineering');
#10582=APPLICATION_PROTOCOL_DEFINITION('international standard','ap242_managed_model_based_3d_engineering',2014,#10581);
#10583=PRODUCT_CONTEXT('',#10581,'mechanical');
#10584=PRODUCT_DEFINITION_CONTEXT('part definition',#10581,'design');
#24=PRODUCT('PICO4\X2\773C90E88FFD8E2A6A215757591658F3\X0\R-B','PICO4\X2\773C90E88FFD8E2A6A215757591658F3\X0\R-B','',(#10583));
#10585=PRODUCT_RELATED_PRODUCT_CATEGORY('part','',(#24));
#10586=PRODUCT_DEFINITION_FORMATION_WITH_SPECIFIED_SOURCE('','',#24,.NOT_KNOWN.);
#25=PRODUCT_DEFINITION('design','',#10586,#10584);
#23=PRODUCT_DEFINITION_SHAPE('','',#25);
#10587=SHAPE_DEFINITION_REPRESENTATION(#23,#16);
#11=DRAUGHTING_MODEL('',(#10580),#10);
#10588=DESCRIPTIVE_REPRESENTATION_ITEM('KEY','C:\\Users\\10604\\AppData\\Local\\Packages\\Shapr3D.Shapr3D_dvv5p1vgwv6mp\\TempState\\a87a21ee-010f-4cbc-9fbd-2c3e9b2c8774.tmp');
#10589=PROPERTY_DEFINITION('KEY','',#25);
#10590=REPRESENTATION('',(#10588),#10);
#10591=PROPERTY_DEFINITION_REPRESENTATION(#10589,#10590);
#10592=GENERAL_PROPERTY('','KEY','');
#10593=GENERAL_PROPERTY_ASSOCIATION('','',#10592,#10589);
#1=MECHANICAL_DESIGN_GEOMETRIC_PRESENTATION_REPRESENTATION('',(#8576,#8608,#8659,#8702,#8753,#8796,#8844,#8892,#8915,#8933,#8956,#8987,#9005,#9023,#9041,#9067,#9080,#9093,#9125,#9157,#9189,#9240,#9283,#9334,#9377,#9420,
#9463,#9481,#9499,#9517,#9540,#9558,#9581,#9607,#9625,#9646,#9704,#9754,#9812,#9862,#9912,#9962,#9985,#10003,#10026,#10067,#10085,#10103,#10116,#10134,#10147,
#10173,#10186,#10199,#26),#10);
ENDSEC;
END-ISO-10303-21;
