ISO-10303-21;
HEADER;

/* File generated by Shapr3D Version 26.50.10685.0 */

FILE_DESCRIPTION(('HOOPS Exchange Step'),'2;1');

FILE_NAME('C:\\Users\\10604\\AppData\\Local\\Packages\\Shapr3D.Shapr3D_dvv5p1vgwv6mp\\TempState\\export\\temp_export',
'2026-04-28T20:06:35+08:00',
('10604'),
('Shapr3D Limited'),
'HOOPS Exchange 2025.9',
'Shapr3D',
'Authorized');

FILE_SCHEMA( ('AP242_MANAGED_MODEL_BASED_3D_ENGINEERING_MIM_LF {1 0 10303 442 1 1 4}') );

ENDSEC;

DATA;
#3=(NAMED_UNIT(*)PLANE_ANGLE_UNIT()SI_UNIT($,.RADIAN.));
#4=PLANE_ANGLE_MEASURE_WITH_UNIT(PLANE_ANGLE_MEASURE(0.0174532925),#3);
#5=(CONVERSION_BASED_UNIT('DEGREE',#4)NAMED_UNIT(#6)PLANE_ANGLE_UNIT());
#6=DIMENSIONAL_EXPONENTS(0.,0.,0.,0.,0.,0.,0.);
#7=(NAMED_UNIT(*)SI_UNIT($,.STERADIAN.)SOLID_ANGLE_UNIT());
#8=(LENGTH_UNIT()NAMED_UNIT(*)SI_UNIT(.MILLI.,.METRE.));
#9=UNCERTAINTY_MEASURE_WITH_UNIT(LENGTH_MEASURE(1.000000E-05),#8,'DISTANCE_ACCURACY_VALUE','Maximum Tolerance applied to model');
#10=(GEOMETRIC_REPRESENTATION_CONTEXT(3)GLOBAL_UNCERTAINTY_ASSIGNED_CONTEXT((#9))GLOBAL_UNIT_ASSIGNED_CONTEXT((#8,#5,#7))REPRESENTATION_CONTEXT('','PICO4\X2\773C90E88FFD8E2A6A215757591658F3\X0\L-B'));
#12=CARTESIAN_POINT('',(0.,0.,0.));
#13=DIRECTION('',(0.,0.,1.));
#14=DIRECTION('',(1.,0.,0.));
#15=AXIS2_PLACEMENT_3D('',#12,#13,#14);
#27=CARTESIAN_POINT('',(-102.591733156,-45.444961025,17.858597161));
#28=CARTESIAN_POINT('',(-102.591724558,-45.444964377,17.858597161));
#29=CARTESIAN_POINT('',(-102.591715961,-45.444967729,17.858597161));
#30=CARTESIAN_POINT('',(-102.591707362,-45.444971082,17.858597161));
#31=CARTESIAN_POINT('',(-102.591676302,-45.444983193,17.858597161));
#32=CARTESIAN_POINT('',(-102.59164525,-45.444995299,17.858597161));
#33=CARTESIAN_POINT('',(-102.591614194,-45.445007408,17.858597161));
#34=CARTESIAN_POINT('',(-102.591583139,-45.445019516,17.858597161));
#35=CARTESIAN_POINT('',(-102.591552081,-45.445031624,17.858597161));
#36=CARTESIAN_POINT('',(-102.591521025,-45.445043733,17.858597161));
#37=CARTESIAN_POINT('',(-101.328812451,-45.93735337,17.858597165));
#38=CARTESIAN_POINT('',(-100.036576816,-46.355847945,17.85859717));
#39=CARTESIAN_POINT('',(-98.282835104,-46.788971786,17.858597177));
#40=CARTESIAN_POINT('',(-97.841749619,-46.886544904,17.858597178));
#41=CARTESIAN_POINT('',(-96.955397098,-47.061363627,17.858597181));
#42=CARTESIAN_POINT('',(-96.510189495,-47.138860612,17.858597183));
#43=CARTESIAN_POINT('',(-95.840486757,-47.242502009,17.858597185));
#44=CARTESIAN_POINT('',(-95.616922095,-47.274768051,17.858597186));
#45=CARTESIAN_POINT('',(-95.169436322,-47.336442483,17.858597188));
#46=CARTESIAN_POINT('',(-94.945537621,-47.366116953,17.858597189));
#47=CARTESIAN_POINT('',(-94.609834562,-47.411948938,17.85859719));
#48=CARTESIAN_POINT('',(-94.497958659,-47.42745462,17.85859719));
#49=CARTESIAN_POINT('',(-94.05066983,-47.491308174,17.858597192));
#50=CARTESIAN_POINT('',(-93.715621502,-47.542750415,17.858597193));
#51=CARTESIAN_POINT('',(-93.155750766,-47.614692849,17.858597195));
#52=CARTESIAN_POINT('',(-92.931336101,-47.639110142,17.858597196));
#53=CARTESIAN_POINT('',(-92.481661142,-47.679676017,17.858597197));
#54=CARTESIAN_POINT('',(-92.256432292,-47.696099619,17.858597198));
#55=CARTESIAN_POINT('',(-92.030962654,-47.709825313,17.858597199));
#56=CARTESIAN_POINT('',(-102.591789312,-45.44513849,17.858986527));
#57=CARTESIAN_POINT('',(-102.591780714,-45.445141842,17.858986527));
#58=CARTESIAN_POINT('',(-102.591772116,-45.445145194,17.858986527));
#59=CARTESIAN_POINT('',(-102.591763518,-45.445148547,17.858986527));
#60=CARTESIAN_POINT('',(-102.591732457,-45.445160658,17.858986527));
#61=CARTESIAN_POINT('',(-102.591701405,-45.445172764,17.858986527));
#62=CARTESIAN_POINT('',(-102.591670349,-45.445184873,17.858986527));
#63=CARTESIAN_POINT('',(-102.591639294,-45.445196981,17.858986527));
#64=CARTESIAN_POINT('',(-102.591608237,-45.44520909,17.858986527));
#65=CARTESIAN_POINT('',(-102.591577181,-45.445221198,17.858986527));
#66=CARTESIAN_POINT('',(-101.328870375,-45.937536426,17.85898653));
#67=CARTESIAN_POINT('',(-100.036636509,-46.356036591,17.858986533));
#68=CARTESIAN_POINT('',(-98.282897156,-46.789167885,17.858986537));
#69=CARTESIAN_POINT('',(-97.841812261,-46.886742866,17.858986538));
#70=CARTESIAN_POINT('',(-96.955460918,-47.061565316,17.858986541));
#71=CARTESIAN_POINT('',(-96.510253905,-47.139064164,17.858986542));
#72=CARTESIAN_POINT('',(-95.840552052,-47.242708357,17.858986543));
#73=CARTESIAN_POINT('',(-95.616987684,-47.27497533,17.858986544));
#74=CARTESIAN_POINT('',(-95.169502501,-47.336651626,17.858986545));
#75=CARTESIAN_POINT('',(-94.945604095,-47.366327027,17.858986545));
#76=CARTESIAN_POINT('',(-94.609901478,-47.41216041,17.858986546));
#77=CARTESIAN_POINT('',(-94.498025722,-47.427666557,17.858986546));
#78=CARTESIAN_POINT('',(-94.050737483,-47.491521975,17.858986547));
#79=CARTESIAN_POINT('',(-93.715689597,-47.542965613,17.858986548));
#80=CARTESIAN_POINT('',(-93.155819598,-47.614910377,17.85898655));
#81=CARTESIAN_POINT('',(-92.931405228,-47.639328601,17.85898655));
#82=CARTESIAN_POINT('',(-92.481730859,-47.679896341,17.858986551));
#83=CARTESIAN_POINT('',(-92.256502303,-47.696320874,17.858986552));
#84=CARTESIAN_POINT('',(-92.031032961,-47.7100475,17.858986552));
#85=CARTESIAN_POINT('',(-102.591845467,-45.445315954,17.859375893));
#86=CARTESIAN_POINT('',(-102.591836869,-45.445319307,17.859375893));
#87=CARTESIAN_POINT('',(-102.591828271,-45.445322659,17.859375893));
#88=CARTESIAN_POINT('',(-102.591819673,-45.445326011,17.859375893));
#89=CARTESIAN_POINT('',(-102.591788612,-45.445338123,17.859375893));
#90=CARTESIAN_POINT('',(-102.591757561,-45.445350229,17.859375893));
#91=CARTESIAN_POINT('',(-102.591726505,-45.445362338,17.859375893));
#92=CARTESIAN_POINT('',(-102.59169545,-45.445374446,17.859375893));
#93=CARTESIAN_POINT('',(-102.591664392,-45.445386555,17.859375893));
#94=CARTESIAN_POINT('',(-102.591633336,-45.445398664,17.859375893));
#95=CARTESIAN_POINT('',(-101.328928299,-45.937719481,17.859375894));
#96=CARTESIAN_POINT('',(-100.036696202,-46.356225236,17.859375896));
#97=CARTESIAN_POINT('',(-98.282959207,-46.789363984,17.859375898));
#98=CARTESIAN_POINT('',(-97.841874902,-46.886940829,17.859375899));
#99=CARTESIAN_POINT('',(-96.955524739,-47.061767005,17.8593759));
#100=CARTESIAN_POINT('',(-96.510318315,-47.139267716,17.8593759));
#101=CARTESIAN_POINT('',(-95.840617346,-47.242914704,17.859375901));
#102=CARTESIAN_POINT('',(-95.617053274,-47.27518261,17.859375901));
#103=CARTESIAN_POINT('',(-95.16956868,-47.336860768,17.859375902));
#104=CARTESIAN_POINT('',(-94.945670569,-47.366537102,17.859375902));
#105=CARTESIAN_POINT('',(-94.609968394,-47.412371882,17.859375903));
#106=CARTESIAN_POINT('',(-94.498092786,-47.427878495,17.859375903));
#107=CARTESIAN_POINT('',(-94.050805136,-47.491735777,17.859375903));
#108=CARTESIAN_POINT('',(-93.715757693,-47.543180812,17.859375904));
#109=CARTESIAN_POINT('',(-93.15588843,-47.615127905,17.859375904));
#110=CARTESIAN_POINT('',(-92.931474356,-47.639547061,17.859375905));
#111=CARTESIAN_POINT('',(-92.481800576,-47.680116664,17.859375905));
#112=CARTESIAN_POINT('',(-92.256572315,-47.696542129,17.859375905));
#113=CARTESIAN_POINT('',(-92.031103267,-47.710269686,17.859375906));
#114=CARTESIAN_POINT('',(-102.591901622,-45.445493419,17.859765259));
#115=CARTESIAN_POINT('',(-102.591893024,-45.445496771,17.859765259));
#116=CARTESIAN_POINT('',(-102.591884426,-45.445500123,17.859765259));
#117=CARTESIAN_POINT('',(-102.591875828,-45.445503476,17.859765259));
#118=CARTESIAN_POINT('',(-102.591844767,-45.445515588,17.859765259));
#119=CARTESIAN_POINT('',(-102.591813716,-45.445527694,17.859765259));
#120=CARTESIAN_POINT('',(-102.59178266,-45.445539803,17.859765259));
#121=CARTESIAN_POINT('',(-102.591751605,-45.445551912,17.859765259));
#122=CARTESIAN_POINT('',(-102.591720548,-45.445564021,17.859765259));
#123=CARTESIAN_POINT('',(-102.591689491,-45.445576129,17.859765259));
#124=CARTESIAN_POINT('',(-101.328986223,-45.937902537,17.859765259));
#125=CARTESIAN_POINT('',(-100.036755896,-46.356413882,17.859765259));
#126=CARTESIAN_POINT('',(-98.283021259,-46.789560083,17.859765259));
#127=CARTESIAN_POINT('',(-97.841937543,-46.887138791,17.859765259));
#128=CARTESIAN_POINT('',(-96.955588559,-47.061968694,17.859765259));
#129=CARTESIAN_POINT('',(-96.510382725,-47.139471269,17.859765259));
#130=CARTESIAN_POINT('',(-95.840682641,-47.243121052,17.859765259));
#131=CARTESIAN_POINT('',(-95.617118863,-47.275389889,17.859765259));
#132=CARTESIAN_POINT('',(-95.169634859,-47.337069911,17.859765259));
#133=CARTESIAN_POINT('',(-94.945737043,-47.366747176,17.859765259));
#134=CARTESIAN_POINT('',(-94.61003531,-47.412583354,17.859765259));
#135=CARTESIAN_POINT('',(-94.498159849,-47.428090433,17.859765259));
#136=CARTESIAN_POINT('',(-94.050872789,-47.491949578,17.859765259));
#137=CARTESIAN_POINT('',(-93.715825788,-47.543396011,17.859765259));
#138=CARTESIAN_POINT('',(-93.155957263,-47.615345433,17.859765259));
#139=CARTESIAN_POINT('',(-92.931543483,-47.639765521,17.859765259));
#140=CARTESIAN_POINT('',(-92.481870293,-47.680336987,17.859765259));
#141=CARTESIAN_POINT('',(-92.256642327,-47.696763384,17.859765259));
#142=CARTESIAN_POINT('',(-92.031173574,-47.710491873,17.859765259));
#143=CARTESIAN_POINT('',(-102.591903684,-45.445499937,17.859779561));
#144=CARTESIAN_POINT('',(-102.591895086,-45.44550329,17.859779561));
#145=CARTESIAN_POINT('',(-102.591886489,-45.445506642,17.859779561));
#146=CARTESIAN_POINT('',(-102.591877891,-45.445509994,17.859779561));
#147=CARTESIAN_POINT('',(-102.59184683,-45.445522106,17.859779561));
#148=CARTESIAN_POINT('',(-102.591815779,-45.445534212,17.859779561));
#149=CARTESIAN_POINT('',(-102.591784723,-45.445546321,17.859779561));
#150=CARTESIAN_POINT('',(-102.591753668,-45.44555843,17.859779561));
#151=CARTESIAN_POINT('',(-102.59172261,-45.445570539,17.859779561));
#152=CARTESIAN_POINT('',(-102.591691554,-45.445582648,17.859779561));
#153=CARTESIAN_POINT('',(-101.328988351,-45.93790926,17.85977956));
#154=CARTESIAN_POINT('',(-100.036758088,-46.356420811,17.85977956));
#155=CARTESIAN_POINT('',(-98.283023538,-46.789567286,17.85977956));
#156=CARTESIAN_POINT('',(-97.841939844,-46.887146062,17.85977956));
#157=CARTESIAN_POINT('',(-96.955590903,-47.061976102,17.85977956));
#158=CARTESIAN_POINT('',(-96.510385091,-47.139478746,17.85977956));
#159=CARTESIAN_POINT('',(-95.840685039,-47.243128631,17.85977956));
#160=CARTESIAN_POINT('',(-95.617121272,-47.275397502,17.85977956));
#161=CARTESIAN_POINT('',(-95.16963729,-47.337077593,17.85977956));
#162=CARTESIAN_POINT('',(-94.945739485,-47.366754892,17.85977956));
#163=CARTESIAN_POINT('',(-94.610037768,-47.412591121,17.85977956));
#164=CARTESIAN_POINT('',(-94.498162312,-47.428098218,17.85977956));
#165=CARTESIAN_POINT('',(-94.050875274,-47.491957431,17.85977956));
#166=CARTESIAN_POINT('',(-93.715828289,-47.543403915,17.85977956));
#167=CARTESIAN_POINT('',(-93.155959791,-47.615353423,17.85977956));
#168=CARTESIAN_POINT('',(-92.931546022,-47.639773545,17.85977956));
#169=CARTESIAN_POINT('',(-92.481872854,-47.68034508,17.85977956));
#170=CARTESIAN_POINT('',(-92.256644899,-47.696771511,17.85977956));
#171=CARTESIAN_POINT('',(-92.031176156,-47.710500034,17.85977956));
#172=CARTESIAN_POINT('',(-102.591905747,-45.445506455,17.859793861));
#173=CARTESIAN_POINT('',(-102.591897149,-45.445509807,17.859793861));
#174=CARTESIAN_POINT('',(-102.591888551,-45.44551316,17.859793861));
#175=CARTESIAN_POINT('',(-102.591879953,-45.445516512,17.859793861));
#176=CARTESIAN_POINT('',(-102.591848892,-45.445528624,17.859793861));
#177=CARTESIAN_POINT('',(-102.591817841,-45.44554073,17.859793861));
#178=CARTESIAN_POINT('',(-102.591786785,-45.445552839,17.859793861));
#179=CARTESIAN_POINT('',(-102.59175573,-45.445564948,17.859793861));
#180=CARTESIAN_POINT('',(-102.591724673,-45.445577057,17.859793861));
#181=CARTESIAN_POINT('',(-102.591693616,-45.445589166,17.859793861));
#182=CARTESIAN_POINT('',(-101.328990478,-45.937915984,17.859793861));
#183=CARTESIAN_POINT('',(-100.03676028,-46.35642774,17.859793861));
#184=CARTESIAN_POINT('',(-98.283025817,-46.789574488,17.859793861));
#185=CARTESIAN_POINT('',(-97.841942145,-46.887153333,17.859793861));
#186=CARTESIAN_POINT('',(-96.955593247,-47.06198351,17.859793861));
#187=CARTESIAN_POINT('',(-96.510387456,-47.139486222,17.859793861));
#188=CARTESIAN_POINT('',(-95.840687437,-47.24313621,17.859793861));
#189=CARTESIAN_POINT('',(-95.617123681,-47.275405116,17.859793861));
#190=CARTESIAN_POINT('',(-95.16963972,-47.337085274,17.859793861));
#191=CARTESIAN_POINT('',(-94.945741926,-47.366762608,17.859793861));
#192=CARTESIAN_POINT('',(-94.610040226,-47.412598888,17.859793861));
#193=CARTESIAN_POINT('',(-94.498164775,-47.428106002,17.859793861));
#194=CARTESIAN_POINT('',(-94.050877759,-47.491965284,17.859793861));
#195=CARTESIAN_POINT('',(-93.71583079,-47.543411819,17.859793861));
#196=CARTESIAN_POINT('',(-93.155962319,-47.615361412,17.859793861));
#197=CARTESIAN_POINT('',(-92.931548561,-47.639781569,17.859793861));
#198=CARTESIAN_POINT('',(-92.481875414,-47.680353172,17.859793861));
#199=CARTESIAN_POINT('',(-92.25664747,-47.696779637,17.85979386));
#200=CARTESIAN_POINT('',(-92.031178739,-47.710508195,17.85979386));
#201=CARTESIAN_POINT('',(-102.591907809,-45.445512973,17.859808163));
#202=CARTESIAN_POINT('',(-102.591899211,-45.445516326,17.859808163));
#203=CARTESIAN_POINT('',(-102.591890614,-45.445519678,17.859808163));
#204=CARTESIAN_POINT('',(-102.591882016,-45.44552303,17.859808163));
#205=CARTESIAN_POINT('',(-102.591850955,-45.445535142,17.859808163));
#206=CARTESIAN_POINT('',(-102.591819904,-45.445547248,17.859808163));
#207=CARTESIAN_POINT('',(-102.591788848,-45.445559357,17.859808163));
#208=CARTESIAN_POINT('',(-102.591757793,-45.445571466,17.859808163));
#209=CARTESIAN_POINT('',(-102.591726735,-45.445583575,17.859808163));
#210=CARTESIAN_POINT('',(-102.591695679,-45.445595684,17.859808163));
#211=CARTESIAN_POINT('',(-101.328992606,-45.937922707,17.859808162));
#212=CARTESIAN_POINT('',(-100.036762473,-46.356434668,17.859808162));
#213=CARTESIAN_POINT('',(-98.283028096,-46.789581691,17.859808162));
#214=CARTESIAN_POINT('',(-97.841944446,-46.887160604,17.859808162));
#215=CARTESIAN_POINT('',(-96.955595591,-47.061990918,17.859808162));
#216=CARTESIAN_POINT('',(-96.510389822,-47.139493698,17.859808162));
#217=CARTESIAN_POINT('',(-95.840689836,-47.243143789,17.859808162));
#218=CARTESIAN_POINT('',(-95.61712609,-47.275412729,17.859808162));
#219=CARTESIAN_POINT('',(-95.169642151,-47.337092956,17.859808162));
#220=CARTESIAN_POINT('',(-94.945744367,-47.366770324,17.859808162));
#221=CARTESIAN_POINT('',(-94.610042684,-47.412606655,17.859808162));
#222=CARTESIAN_POINT('',(-94.498167239,-47.428113786,17.859808162));
#223=CARTESIAN_POINT('',(-94.050880244,-47.491973137,17.859808162));
#224=CARTESIAN_POINT('',(-93.715833291,-47.543419724,17.859808162));
#225=CARTESIAN_POINT('',(-93.155964848,-47.615369402,17.859808162));
#226=CARTESIAN_POINT('',(-92.9315511,-47.639789593,17.859808162));
#227=CARTESIAN_POINT('',(-92.481877975,-47.680361264,17.859808162));
#228=CARTESIAN_POINT('',(-92.256650042,-47.696787763,17.859808161));
#229=CARTESIAN_POINT('',(-92.031181321,-47.710516355,17.859808161));
#230=CARTESIAN_POINT('',(-102.591909872,-45.445519491,17.859822464));
#231=CARTESIAN_POINT('',(-102.591901274,-45.445522844,17.859822464));
#232=CARTESIAN_POINT('',(-102.591892676,-45.445526196,17.859822464));
#233=CARTESIAN_POINT('',(-102.591884078,-45.445529549,17.859822464));
#234=CARTESIAN_POINT('',(-102.591853018,-45.44554166,17.859822464));
#235=CARTESIAN_POINT('',(-102.591821966,-45.445553767,17.859822464));
#236=CARTESIAN_POINT('',(-102.59179091,-45.445565876,17.859822464));
#237=CARTESIAN_POINT('',(-102.591759855,-45.445577984,17.859822464));
#238=CARTESIAN_POINT('',(-102.591728798,-45.445590093,17.859822464));
#239=CARTESIAN_POINT('',(-102.591697741,-45.445602202,17.859822464));
#240=CARTESIAN_POINT('',(-101.328994733,-45.937929431,17.859822464));
#241=CARTESIAN_POINT('',(-100.036764665,-46.356441597,17.859822463));
#242=CARTESIAN_POINT('',(-98.283030375,-46.789588893,17.859822463));
#243=CARTESIAN_POINT('',(-97.841946746,-46.887167875,17.859822463));
#244=CARTESIAN_POINT('',(-96.955597935,-47.061998326,17.859822463));
#245=CARTESIAN_POINT('',(-96.510392188,-47.139501174,17.859822463));
#246=CARTESIAN_POINT('',(-95.840692234,-47.243151368,17.859822463));
#247=CARTESIAN_POINT('',(-95.617128499,-47.275420342,17.859822463));
#248=CARTESIAN_POINT('',(-95.169644582,-47.337100638,17.859822462));
#249=CARTESIAN_POINT('',(-94.945746809,-47.36677804,17.859822462));
#250=CARTESIAN_POINT('',(-94.610045141,-47.412614423,17.859822462));
#251=CARTESIAN_POINT('',(-94.498169702,-47.42812157,17.859822462));
#252=CARTESIAN_POINT('',(-94.050882728,-47.491980989,17.859822462));
#253=CARTESIAN_POINT('',(-93.715835792,-47.543427628,17.859822462));
#254=CARTESIAN_POINT('',(-93.155967376,-47.615377392,17.859822462));
#255=CARTESIAN_POINT('',(-92.931553639,-47.639797617,17.859822462));
#256=CARTESIAN_POINT('',(-92.481880536,-47.680369356,17.859822462));
#257=CARTESIAN_POINT('',(-92.256652613,-47.69679589,17.859822462));
#258=CARTESIAN_POINT('',(-92.031183903,-47.710524516,17.859822462));
#259=CARTESIAN_POINT('',(-102.591911934,-45.44552601,17.859836765));
#260=CARTESIAN_POINT('',(-102.591903336,-45.445529362,17.859836765));
#261=CARTESIAN_POINT('',(-102.591894739,-45.445532714,17.859836765));
#262=CARTESIAN_POINT('',(-102.591886141,-45.445536067,17.859836765));
#263=CARTESIAN_POINT('',(-102.591855081,-45.445548178,17.859836765));
#264=CARTESIAN_POINT('',(-102.591824028,-45.445560285,17.859836765));
#265=CARTESIAN_POINT('',(-102.591792973,-45.445572394,17.859836765));
#266=CARTESIAN_POINT('',(-102.591761918,-45.445584503,17.859836765));
#267=CARTESIAN_POINT('',(-102.59173086,-45.445596612,17.859836765));
#268=CARTESIAN_POINT('',(-102.591699804,-45.445608721,17.859836765));
#269=CARTESIAN_POINT('',(-101.328996861,-45.937936154,17.859836765));
#270=CARTESIAN_POINT('',(-100.036766857,-46.356448526,17.859836764));
#271=CARTESIAN_POINT('',(-98.283032655,-46.789596096,17.859836764));
#272=CARTESIAN_POINT('',(-97.841949047,-46.887175146,17.859836764));
#273=CARTESIAN_POINT('',(-96.95560028,-47.062005734,17.859836764));
#274=CARTESIAN_POINT('',(-96.510394554,-47.13950865,17.859836764));
#275=CARTESIAN_POINT('',(-95.840694632,-47.243158947,17.859836763));
#276=CARTESIAN_POINT('',(-95.617130908,-47.275427955,17.859836763));
#277=CARTESIAN_POINT('',(-95.169647013,-47.337108319,17.859836763));
#278=CARTESIAN_POINT('',(-94.945749251,-47.366785755,17.859836763));
#279=CARTESIAN_POINT('',(-94.610047599,-47.41262219,17.859836763));
#280=CARTESIAN_POINT('',(-94.498172165,-47.428129355,17.859836763));
#281=CARTESIAN_POINT('',(-94.050885213,-47.491988842,17.859836763));
#282=CARTESIAN_POINT('',(-93.715838294,-47.543435532,17.859836763));
#283=CARTESIAN_POINT('',(-93.155969904,-47.615385382,17.859836763));
#284=CARTESIAN_POINT('',(-92.931556178,-47.639805641,17.859836763));
#285=CARTESIAN_POINT('',(-92.481883097,-47.680377449,17.859836763));
#286=CARTESIAN_POINT('',(-92.256655185,-47.696804017,17.859836763));
#287=CARTESIAN_POINT('',(-92.031186486,-47.710532677,17.859836763));
#288=CARTESIAN_POINT('',(-102.591913997,-45.445532528,17.859851066));
#289=CARTESIAN_POINT('',(-102.591905399,-45.44553588,17.859851066));
#290=CARTESIAN_POINT('',(-102.591896801,-45.445539232,17.859851066));
#291=CARTESIAN_POINT('',(-102.591888203,-45.445542585,17.859851066));
#292=CARTESIAN_POINT('',(-102.591857143,-45.445554697,17.859851066));
#293=CARTESIAN_POINT('',(-102.591826091,-45.445566803,17.859851066));
#294=CARTESIAN_POINT('',(-102.591795035,-45.445578912,17.859851066));
#295=CARTESIAN_POINT('',(-102.59176398,-45.445591021,17.859851066));
#296=CARTESIAN_POINT('',(-102.591732923,-45.44560313,17.859851066));
#297=CARTESIAN_POINT('',(-102.591701866,-45.445615239,17.859851066));
#298=CARTESIAN_POINT('',(-101.328998988,-45.937942878,17.859851066));
#299=CARTESIAN_POINT('',(-100.03676905,-46.356455455,17.859851065));
#300=CARTESIAN_POINT('',(-98.283034934,-46.789603298,17.859851065));
#301=CARTESIAN_POINT('',(-97.841951348,-46.887182417,17.859851065));
#302=CARTESIAN_POINT('',(-96.955602624,-47.062013141,17.859851065));
#303=CARTESIAN_POINT('',(-96.510396919,-47.139516127,17.859851065));
#304=CARTESIAN_POINT('',(-95.84069703,-47.243166526,17.859851064));
#305=CARTESIAN_POINT('',(-95.617133317,-47.275435568,17.859851064));
#306=CARTESIAN_POINT('',(-95.169649443,-47.337116001,17.859851064));
#307=CARTESIAN_POINT('',(-94.945751692,-47.366793471,17.859851064));
#308=CARTESIAN_POINT('',(-94.610050057,-47.412629957,17.859851064));
#309=CARTESIAN_POINT('',(-94.498174628,-47.428137139,17.859851064));
#310=CARTESIAN_POINT('',(-94.050887698,-47.491996695,17.859851064));
#311=CARTESIAN_POINT('',(-93.715840795,-47.543443436,17.859851064));
#312=CARTESIAN_POINT('',(-93.155972432,-47.615393371,17.859851064));
#313=CARTESIAN_POINT('',(-92.931558717,-47.639813664,17.859851064));
#314=CARTESIAN_POINT('',(-92.481885657,-47.680385541,17.859851064));
#315=CARTESIAN_POINT('',(-92.256657756,-47.696812143,17.859851063));
#316=CARTESIAN_POINT('',(-92.031189068,-47.710540838,17.859851063));
#317=CARTESIAN_POINT('',(-102.591918122,-45.445545563,17.859879667));
#318=CARTESIAN_POINT('',(-102.591909524,-45.445548916,17.859879667));
#319=CARTESIAN_POINT('',(-102.591900926,-45.445552268,17.859879667));
#320=CARTESIAN_POINT('',(-102.591892328,-45.445555621,17.859879667));
#321=CARTESIAN_POINT('',(-102.591861268,-45.445567734,17.859879667));
#322=CARTESIAN_POINT('',(-102.591830216,-45.445579839,17.859879667));
#323=CARTESIAN_POINT('',(-102.59179916,-45.445591948,17.859879667));
#324=CARTESIAN_POINT('',(-102.591768105,-45.445604056,17.859879667));
#325=CARTESIAN_POINT('',(-102.591737048,-45.445616165,17.859879667));
#326=CARTESIAN_POINT('',(-102.591705991,-45.445628274,17.859879667));
#327=CARTESIAN_POINT('',(-101.329003243,-45.937956324,17.859879667));
#328=CARTESIAN_POINT('',(-100.036773434,-46.356469313,17.859879666));
#329=CARTESIAN_POINT('',(-98.283039493,-46.789617703,17.859879666));
#330=CARTESIAN_POINT('',(-97.84195595,-46.887196959,17.859879666));
#331=CARTESIAN_POINT('',(-96.955607313,-47.062027956,17.859879666));
#332=CARTESIAN_POINT('',(-96.51040165,-47.13953108,17.859879666));
#333=CARTESIAN_POINT('',(-95.840701826,-47.243181684,17.859879664));
#334=CARTESIAN_POINT('',(-95.617138135,-47.275450794,17.859879664));
#335=CARTESIAN_POINT('',(-95.169654304,-47.337131364,17.859879665));
#336=CARTESIAN_POINT('',(-94.945756575,-47.366808902,17.859879665));
#337=CARTESIAN_POINT('',(-94.610054973,-47.412645491,17.859879665));
#338=CARTESIAN_POINT('',(-94.498179554,-47.428152708,17.859879665));
#339=CARTESIAN_POINT('',(-94.050892668,-47.492012401,17.859879665));
#340=CARTESIAN_POINT('',(-93.715845798,-47.543459244,17.859879665));
#341=CARTESIAN_POINT('',(-93.155977488,-47.61540935,17.859879665));
#342=CARTESIAN_POINT('',(-92.931563795,-47.639829711,17.859879665));
#343=CARTESIAN_POINT('',(-92.481890778,-47.680401726,17.859879665));
#344=CARTESIAN_POINT('',(-92.256662899,-47.696828396,17.859879663));
#345=CARTESIAN_POINT('',(-92.031194233,-47.71055716,17.859879663));
#346=CARTESIAN_POINT('',(-102.591922247,-45.4455586,17.859908271));
#347=CARTESIAN_POINT('',(-102.591913649,-45.445561953,17.859908271));
#348=CARTESIAN_POINT('',(-102.591905051,-45.445565305,17.859908271));
#349=CARTESIAN_POINT('',(-102.591896453,-45.445568658,17.859908271));
#350=CARTESIAN_POINT('',(-102.591865393,-45.44558077,17.859908271));
#351=CARTESIAN_POINT('',(-102.591834341,-45.445592876,17.859908271));
#352=CARTESIAN_POINT('',(-102.591803285,-45.445604985,17.859908271));
#353=CARTESIAN_POINT('',(-102.59177223,-45.445617093,17.859908271));
#354=CARTESIAN_POINT('',(-102.591741173,-45.445629203,17.859908271));
#355=CARTESIAN_POINT('',(-102.591710117,-45.445641311,17.859908271));
#356=CARTESIAN_POINT('',(-101.329007498,-45.937969772,17.859908271));
#357=CARTESIAN_POINT('',(-100.036777819,-46.35648317,17.859908269));
#358=CARTESIAN_POINT('',(-98.28304405,-46.789632108,17.859908269));
#359=CARTESIAN_POINT('',(-97.841960551,-46.887211501,17.859908269));
#360=CARTESIAN_POINT('',(-96.955612,-47.062042773,17.859908269));
#361=CARTESIAN_POINT('',(-96.510406382,-47.139546032,17.859908269));
#362=CARTESIAN_POINT('',(-95.840706623,-47.243196842,17.859908268));
#363=CARTESIAN_POINT('',(-95.617142953,-47.275466021,17.859908268));
#364=CARTESIAN_POINT('',(-95.169659166,-47.337146728,17.859908267));
#365=CARTESIAN_POINT('',(-94.945761458,-47.366824335,17.859908267));
#366=CARTESIAN_POINT('',(-94.610059888,-47.412661026,17.859908267));
#367=CARTESIAN_POINT('',(-94.498184481,-47.428168276,17.859908267));
#368=CARTESIAN_POINT('',(-94.050897637,-47.492028106,17.859908267));
#369=CARTESIAN_POINT('',(-93.715850799,-47.543475052,17.859908267));
#370=CARTESIAN_POINT('',(-93.155982545,-47.61542533,17.859908267));
#371=CARTESIAN_POINT('',(-92.931568873,-47.63984576,17.859908267));
#372=CARTESIAN_POINT('',(-92.4818959,-47.68041791,17.859908267));
#373=CARTESIAN_POINT('',(-92.256668042,-47.696844649,17.859908266));
#374=CARTESIAN_POINT('',(-92.031199397,-47.710573481,17.859908266));
#375=CARTESIAN_POINT('',(-102.591926372,-45.445571637,17.859936873));
#376=CARTESIAN_POINT('',(-102.591917774,-45.445574989,17.859936873));
#377=CARTESIAN_POINT('',(-102.591909177,-45.445578341,17.859936873));
#378=CARTESIAN_POINT('',(-102.591900578,-45.445581694,17.859936873));
#379=CARTESIAN_POINT('',(-102.591869518,-45.445593806,17.859936873));
#380=CARTESIAN_POINT('',(-102.591838466,-45.445605912,17.859936873));
#381=CARTESIAN_POINT('',(-102.59180741,-45.445618021,17.859936873));
#382=CARTESIAN_POINT('',(-102.591776355,-45.44563013,17.859936873));
#383=CARTESIAN_POINT('',(-102.591745298,-45.445642239,17.859936873));
#384=CARTESIAN_POINT('',(-102.591714242,-45.445654348,17.859936873));
#385=CARTESIAN_POINT('',(-101.329011753,-45.937983219,17.859936873));
#386=CARTESIAN_POINT('',(-100.036782204,-46.356497028,17.859936871));
#387=CARTESIAN_POINT('',(-98.283048609,-46.789646513,17.859936871));
#388=CARTESIAN_POINT('',(-97.841965153,-46.887226043,17.859936871));
#389=CARTESIAN_POINT('',(-96.955616688,-47.062057588,17.859936871));
#390=CARTESIAN_POINT('',(-96.510411113,-47.139560985,17.859936871));
#391=CARTESIAN_POINT('',(-95.840711419,-47.243212,17.859936869));
#392=CARTESIAN_POINT('',(-95.617147771,-47.275481247,17.859936869));
#393=CARTESIAN_POINT('',(-95.169664027,-47.337162091,17.859936869));
#394=CARTESIAN_POINT('',(-94.945766341,-47.366839766,17.859936869));
#395=CARTESIAN_POINT('',(-94.610064804,-47.41267656,17.859936869));
#396=CARTESIAN_POINT('',(-94.498189407,-47.428183845,17.859936869));
#397=CARTESIAN_POINT('',(-94.050902607,-47.492043812,17.859936869));
#398=CARTESIAN_POINT('',(-93.715855802,-47.543490861,17.859936869));
#399=CARTESIAN_POINT('',(-93.155987601,-47.615441309,17.859936869));
#400=CARTESIAN_POINT('',(-92.931573951,-47.639861807,17.859936869));
#401=CARTESIAN_POINT('',(-92.481901021,-47.680434095,17.859936869));
#402=CARTESIAN_POINT('',(-92.256673185,-47.696860902,17.859936867));
#403=CARTESIAN_POINT('',(-92.031204562,-47.710589803,17.859936867));
#404=CARTESIAN_POINT('',(-102.962099825,-46.615414526,20.426629768));
#405=CARTESIAN_POINT('',(-102.962091306,-46.61541813,20.426629768));
#406=CARTESIAN_POINT('',(-102.962082787,-46.615421733,20.426629768));
#407=CARTESIAN_POINT('',(-102.962074269,-46.615425336,20.426629768));
#408=CARTESIAN_POINT('',(-102.962043496,-46.615438352,20.426629768));
#409=CARTESIAN_POINT('',(-102.96201273,-46.615451366,20.426629767));
#410=CARTESIAN_POINT('',(-102.96198196,-46.615464382,20.426629767));
#411=CARTESIAN_POINT('',(-102.961951192,-46.615477397,20.426629767));
#412=CARTESIAN_POINT('',(-102.961920422,-46.615490412,20.426629766));
#413=CARTESIAN_POINT('',(-102.961889652,-46.615503427,20.426629766));
#414=CARTESIAN_POINT('',(-101.710845177,-47.14467358,20.426619337));
#415=CARTESIAN_POINT('',(-100.430274715,-47.600031361,20.426608908));
#416=CARTESIAN_POINT('',(-98.692087879,-48.08231129,20.426595003));
#417=CARTESIAN_POINT('',(-98.254891352,-48.192174274,20.426591526));
#418=CARTESIAN_POINT('',(-97.376316898,-48.391573466,20.426584573));
#419=CARTESIAN_POINT('',(-96.934998404,-48.481361046,20.426581097));
#420=CARTESIAN_POINT('',(-96.271129398,-48.603438797,20.426575882));
#421=CARTESIAN_POINT('',(-96.049509323,-48.641850373,20.426574143));
#422=CARTESIAN_POINT('',(-95.605912743,-48.715815976,20.426570667));
#423=CARTESIAN_POINT('',(-95.383958643,-48.751636075,20.426568928));
#424=CARTESIAN_POINT('',(-95.05117248,-48.806686454,20.426566321));
#425=CARTESIAN_POINT('',(-94.940268874,-48.825264926,20.426565452));
#426=CARTESIAN_POINT('',(-94.49686923,-48.901409574,20.426561975));
#427=CARTESIAN_POINT('',(-94.164737774,-48.962070005,20.426559368));
#428=CARTESIAN_POINT('',(-93.609728545,-49.04937659,20.426555022));
#429=CARTESIAN_POINT('',(-93.387258501,-49.079939704,20.426553284));
#430=CARTESIAN_POINT('',(-92.941472813,-49.13279752,20.426549808));
#431=CARTESIAN_POINT('',(-92.718188612,-49.155367232,20.42654807));
#432=CARTESIAN_POINT('',(-92.494663633,-49.175239134,20.426546331));
#433=CARTESIAN_POINT('',(-103.332274232,-47.785260905,22.993322662));
#434=CARTESIAN_POINT('',(-103.332265474,-47.785263596,22.993322661));
#435=CARTESIAN_POINT('',(-103.332256716,-47.785266287,22.993322661));
#436=CARTESIAN_POINT('',(-103.332247959,-47.785268978,22.993322661));
#437=CARTESIAN_POINT('',(-103.332216322,-47.785278698,22.993322661));
#438=CARTESIAN_POINT('',(-103.332184691,-47.785288417,22.99332266));
#439=CARTESIAN_POINT('',(-103.332153057,-47.785298136,22.99332266));
#440=CARTESIAN_POINT('',(-103.332121424,-47.785307855,22.99332266));
#441=CARTESIAN_POINT('',(-103.332089789,-47.785317575,22.993322659));
#442=CARTESIAN_POINT('',(-103.332058155,-47.785327295,22.993322659));
#443=CARTESIAN_POINT('',(-102.045869271,-48.18050964,22.993301801));
#444=CARTESIAN_POINT('',(-100.754264827,-48.562153561,22.993280945));
#445=CARTESIAN_POINT('',(-99.026466424,-49.048114905,22.993253134));
#446=CARTESIAN_POINT('',(-98.594017807,-49.167645064,22.993246181));
#447=CARTESIAN_POINT('',(-97.728353635,-49.402977114,22.993232276));
#448=CARTESIAN_POINT('',(-97.295148981,-49.518825108,22.993225323));
#449=CARTESIAN_POINT('',(-96.64499511,-49.690285386,22.993214894));
#450=CARTESIAN_POINT('',(-96.428216551,-49.747020438,22.993211417));
#451=CARTESIAN_POINT('',(-95.994594057,-49.859966417,22.993204465));
#452=CARTESIAN_POINT('',(-95.777754232,-49.916226148,22.993200988));
#453=CARTESIAN_POINT('',(-95.452521088,-50.000857897,22.993195774));
#454=CARTESIAN_POINT('',(-95.344114646,-50.029110362,22.993194035));
#455=CARTESIAN_POINT('',(-94.910528274,-50.142456015,22.993187082));
#456=CARTESIAN_POINT('',(-94.585415215,-50.228116741,22.993181868));
#457=CARTESIAN_POINT('',(-94.043292912,-50.368354543,22.993173177));
#458=CARTESIAN_POINT('',(-93.826358455,-50.423650055,22.993169701));
#459=CARTESIAN_POINT('',(-93.392334442,-50.532724514,22.993162749));
#460=CARTESIAN_POINT('',(-93.175250655,-50.586553902,22.993159271));
#461=CARTESIAN_POINT('',(-92.958122705,-50.639888467,22.993155795));
#462=CARTESIAN_POINT('',(-103.702447868,-48.955104467,25.560015557));
#463=CARTESIAN_POINT('',(-103.702439128,-48.955107185,25.560015556));
#464=CARTESIAN_POINT('',(-103.702430388,-48.955109902,25.560015556));
#465=CARTESIAN_POINT('',(-103.702421648,-48.95511262,25.560015556));
#466=CARTESIAN_POINT('',(-103.702390075,-48.955122436,25.560015556));
#467=CARTESIAN_POINT('',(-103.702358511,-48.955132252,25.560015554));
#468=CARTESIAN_POINT('',(-103.702326941,-48.955142068,25.560015553));
#469=CARTESIAN_POINT('',(-103.702295373,-48.955151884,25.560015553));
#470=CARTESIAN_POINT('',(-103.702263803,-48.9551617,25.560015552));
#471=CARTESIAN_POINT('',(-103.702232234,-48.955171517,25.560015551));
#472=CARTESIAN_POINT('',(-102.418684221,-49.354282524,25.559984265));
#473=CARTESIAN_POINT('',(-101.134366726,-49.7514699,25.559952981));
#474=CARTESIAN_POINT('',(-99.421121259,-50.277805295,25.559911265));
#475=CARTESIAN_POINT('',(-98.992725451,-50.409114846,25.559900837));
#476=CARTESIAN_POINT('',(-98.135824865,-50.671204209,25.559879978));
#477=CARTESIAN_POINT('',(-97.707321634,-50.801990572,25.559869549));
#478=CARTESIAN_POINT('',(-97.0645175,-50.997841653,25.559853906));
#479=CARTESIAN_POINT('',(-96.850240845,-51.063065901,25.559848691));
#480=CARTESIAN_POINT('',(-96.421678245,-51.193439926,25.559838262));
#481=CARTESIAN_POINT('',(-96.207392885,-51.258596637,25.559833048));
#482=CARTESIAN_POINT('',(-95.885968622,-51.356366111,25.559825226));
#483=CARTESIAN_POINT('',(-95.778827856,-51.388961886,25.559822618));
#484=CARTESIAN_POINT('',(-95.350270389,-51.5193927,25.55981219));
#485=CARTESIAN_POINT('',(-95.028863189,-51.617308377,25.559804368));
#486=CARTESIAN_POINT('',(-94.493146556,-51.780141684,25.559791331));
#487=CARTESIAN_POINT('',(-94.27884775,-51.845161392,25.559786117));
#488=CARTESIAN_POINT('',(-93.8502281,-51.974985325,25.559775688));
#489=CARTESIAN_POINT('',(-93.635908075,-52.039796716,25.559770473));
#490=CARTESIAN_POINT('',(-93.421581776,-52.104537799,25.559765259));
#491=B_SPLINE_SURFACE_WITH_KNOTS('',3,3,((#27,#28,#29,#30,#31,#32,#33,#34,#35,#36,#37,#38,#39,#40,#41,#42,#43,#44,#45,#46,#47,#48,#49,#50,#51,#52,
#53,#54,#55),(#56,#57,#58,#59,#60,#61,#62,#63,#64,#65,#66,#67,#68,#69,#70,#71,#72,#73,#74,#75,#76,#77,#78,#79,#80,#81,
#82,#83,#84),(#85,#86,#87,#88,#89,#90,#91,#92,#93,#94,#95,#96,#97,#98,#99,#100,#101,#102,#103,#104,#105,#106,#107,#108,#109,#110,
#111,#112,#113),(#114,#115,#116,#117,#118,#119,#120,#121,#122,#123,#124,#125,#126,#127,#128,#129,#130,#131,#132,#133,#134,#135,#136,#137,#138,#139,
#140,#141,#142),(#143,#144,#145,#146,#147,#148,#149,#150,#151,#152,#153,#154,#155,#156,#157,#158,#159,#160,#161,#162,#163,#164,#165,#166,#167,#168,
#169,#170,#171),(#172,#173,#174,#175,#176,#177,#178,#179,#180,#181,#182,#183,#184,#185,#186,#187,#188,#189,#190,#191,#192,#193,#194,#195,#196,#197,
#198,#199,#200),(#201,#202,#203,#204,#205,#206,#207,#208,#209,#210,#211,#212,#213,#214,#215,#216,#217,#218,#219,#220,#221,#222,#223,#224,#225,#226,
#227,#228,#229),(#230,#231,#232,#233,#234,#235,#236,#237,#238,#239,#240,#241,#242,#243,#244,#245,#246,#247,#248,#249,#250,#251,#252,#253,#254,#255,
#256,#257,#258),(#259,#260,#261,#262,#263,#264,#265,#266,#267,#268,#269,#270,#271,#272,#273,#274,#275,#276,#277,#278,#279,#280,#281,#282,#283,#284,
#285,#286,#287),(#288,#289,#290,#291,#292,#293,#294,#295,#296,#297,#298,#299,#300,#301,#302,#303,#304,#305,#306,#307,#308,#309,#310,#311,#312,#313,
#314,#315,#316),(#317,#318,#319,#320,#321,#322,#323,#324,#325,#326,#327,#328,#329,#330,#331,#332,#333,#334,#335,#336,#337,#338,#339,#340,#341,#342,
#343,#344,#345),(#346,#347,#348,#349,#350,#351,#352,#353,#354,#355,#356,#357,#358,#359,#360,#361,#362,#363,#364,#365,#366,#367,#368,#369,#370,#371,
#372,#373,#374),(#375,#376,#377,#378,#379,#380,#381,#382,#383,#384,#385,#386,#387,#388,#389,#390,#391,#392,#393,#394,#395,#396,#397,#398,#399,#400,
#401,#402,#403),(#404,#405,#406,#407,#408,#409,#410,#411,#412,#413,#414,#415,#416,#417,#418,#419,#420,#421,#422,#423,#424,#425,#426,#427,#428,#429,
#430,#431,#432),(#433,#434,#435,#436,#437,#438,#439,#440,#441,#442,#443,#444,#445,#446,#447,#448,#449,#450,#451,#452,#453,#454,#455,#456,#457,#458,
#459,#460,#461),(#462,#463,#464,#465,#466,#467,#468,#469,#470,#471,#472,#473,#474,#475,#476,#477,#478,#479,#480,#481,#482,#483,#484,#485,#486,#487,
#488,#489,#490)),.UNSPECIFIED.,.F.,.F.,.U.,(4,3,3,3,3,4),(4,3,3,3,2,2,2,2,2,2,2,2,4),(-0.00013708,0.,0.000005035,0.00001007,0.00002014,0.903651729),(-0.000002553,0.,0.000009223,0.000018446,0.375,0.5,0.625,0.6875,0.75,0.78125,0.875,0.9375,1.),.UNSPECIFIED.);
#492=CARTESIAN_POINT('',(-93.205453273,-47.608095668,17.859765259));
#493=VERTEX_POINT('',#492);
#494=CARTESIAN_POINT('',(-92.031173585,-47.710491903,17.859765312));
#495=VERTEX_POINT('',#494);
#496=CARTESIAN_POINT('',(-93.205453278,-47.608095712,17.859765338));
#497=CARTESIAN_POINT('',(-92.815292559,-47.654270533,17.859765329));
#498=CARTESIAN_POINT('',(-92.423675781,-47.686592977,17.859765321));
#499=CARTESIAN_POINT('',(-92.031173585,-47.710491903,17.859765312));
#500=B_SPLINE_CURVE_WITH_KNOTS('',3,(#496,#497,#498,#499),.UNSPECIFIED.,.F.,.F.,(4,4),(0.006536967,0.007716299),.UNSPECIFIED.);
#501=EDGE_CURVE('',#493,#495,#500,.T.);
#502=ORIENTED_EDGE('',*,*,#501,.T.);
#503=CARTESIAN_POINT('',(-93.421581778,-52.104537798,25.559765259));
#504=VERTEX_POINT('',#503);
#505=CARTESIAN_POINT('',(-92.031173585,-47.710491903,17.859765312));
#506=DIRECTION('',(-0.15493913,-0.489647322,0.858043918));
#507=VECTOR('',#506,8.973899568);
#508=LINE('',#505,#507);
#509=EDGE_CURVE('',#495,#504,#508,.T.);
#510=ORIENTED_EDGE('',*,*,#509,.T.);
#511=CARTESIAN_POINT('',(-102.450696493,-49.343516623,25.559765259));
#512=VERTEX_POINT('',#511);
#513=CARTESIAN_POINT('',(-102.450696493,-49.343516623,25.559765259));
#514=CARTESIAN_POINT('',(-100.947545964,-49.809225748,25.559765259));
#515=CARTESIAN_POINT('',(-99.443452053,-50.271890348,25.559765259));
#516=CARTESIAN_POINT('',(-97.938378084,-50.731344786,25.559765259));
#517=CARTESIAN_POINT('',(-97.1858411,-50.961072006,25.559765259));
#518=CARTESIAN_POINT('',(-96.433007512,-51.189825919,25.559765259));
#519=CARTESIAN_POINT('',(-95.68027856,-51.418923197,25.559765259));
#520=CARTESIAN_POINT('',(-94.927549608,-51.648020475,25.559765259));
#521=CARTESIAN_POINT('',(-94.174786249,-51.877007491,25.559765259));
#522=CARTESIAN_POINT('',(-93.421581779,-52.104537798,25.559765259));
#523=B_SPLINE_CURVE_WITH_KNOTS('',3,(#513,#514,#515,#516,#517,#518,#519,#520,#521,#522),.UNSPECIFIED.,.F.,.F.,(4,3,3,4),(0.044332945,0.049053872,0.051414336,0.0537748),.UNSPECIFIED.);
#524=EDGE_CURVE('',#512,#504,#523,.T.);
#525=ORIENTED_EDGE('',*,*,#524,.F.);
#526=CARTESIAN_POINT('',(-102.660294513,-45.662710211,18.336086649));
#527=VERTEX_POINT('',#526);
#528=CARTESIAN_POINT('',(-102.660293143,-45.662715523,18.336096495));
#529=CARTESIAN_POINT('',(-102.639430947,-45.745214075,18.48097455));
#530=CARTESIAN_POINT('',(-102.625254278,-45.826618188,18.628832247));
#531=CARTESIAN_POINT('',(-102.612665403,-45.907799932,18.777655434));
#532=CARTESIAN_POINT('',(-102.600076529,-45.988981676,18.926478621));
#533=CARTESIAN_POINT('',(-102.588979823,-46.070004976,19.076322433));
#534=CARTESIAN_POINT('',(-102.578813308,-46.150936281,19.227047564));
#535=CARTESIAN_POINT('',(-102.55848028,-46.312798891,19.528497826));
#536=CARTESIAN_POINT('',(-102.541244393,-46.474413203,19.833282313));
#537=CARTESIAN_POINT('',(-102.525652481,-46.6350032,20.139507931));
#538=CARTESIAN_POINT('',(-102.494468657,-46.956183195,20.751959167));
#539=CARTESIAN_POINT('',(-102.469206478,-47.272893116,21.369643314));
#540=CARTESIAN_POINT('',(-102.450851381,-47.581426718,21.983098946));
#541=CARTESIAN_POINT('',(-102.432496284,-47.889960319,22.596554578));
#542=CARTESIAN_POINT('',(-102.42111698,-48.190257669,23.20525344));
#543=CARTESIAN_POINT('',(-102.420027441,-48.483230186,23.802960651));
#544=CARTESIAN_POINT('',(-102.418937902,-48.776202703,24.400667862));
#545=CARTESIAN_POINT('',(-102.428092311,-49.061809205,24.986827352));
#546=CARTESIAN_POINT('',(-102.450696493,-49.343516623,25.559765259));
#547=B_SPLINE_CURVE_WITH_KNOTS('',3,(#528,#529,#530,#531,#532,#533,#534,#535,#536,#537,#538,#539,#540,#541,#542,#543,#544,#545,#546),.UNSPECIFIED.,.F.,.F.,(4,3,3,3,3,3,4),(-0.000045655,0.000458983,0.000963621,0.001972896,0.003991447,0.006009998,0.008028549),.UNSPECIFIED.);
#548=EDGE_CURVE('',#527,#512,#547,.T.);
#549=ORIENTED_EDGE('',*,*,#548,.F.);
#550=CARTESIAN_POINT('',(-102.661020154,-45.66184224,18.334950775));
#551=VERTEX_POINT('',#550);
#552=CARTESIAN_POINT('',(-102.660446044,-45.662111348,18.335035577));
#553=CARTESIAN_POINT('',(-102.660396001,-45.662309048,18.335382724));
#554=CARTESIAN_POINT('',(-102.660345982,-45.662506737,18.335729871));
#555=CARTESIAN_POINT('',(-102.66029595,-45.662704431,18.336077017));
#556=B_SPLINE_CURVE_WITH_KNOTS('',3,(#552,#553,#554,#555),.UNSPECIFIED.,.F.,.F.,(4,4),(0.,0.981640438),.UNSPECIFIED.);
#557=EDGE_CURVE('',#551,#527,#556,.T.);
#558=ORIENTED_EDGE('',*,*,#557,.F.);
#559=CARTESIAN_POINT('',(-102.53169416,-45.468904002,17.859765259));
#560=VERTEX_POINT('',#559);
#561=CARTESIAN_POINT('',(-102.53169416,-45.468904002,17.859765259));
#562=CARTESIAN_POINT('',(-102.552595225,-45.501329526,17.938852953));
#563=CARTESIAN_POINT('',(-102.573714294,-45.533470214,18.017631675));
#564=CARTESIAN_POINT('',(-102.595141596,-45.565682109,18.096846335));
#565=CARTESIAN_POINT('',(-102.605855247,-45.581788056,18.136453666));
#566=CARTESIAN_POINT('',(-102.61667772,-45.597865668,18.176104391));
#567=CARTESIAN_POINT('',(-102.627469773,-45.613977111,18.2158106));
#568=CARTESIAN_POINT('',(-102.638261827,-45.630088554,18.255516809));
#569=CARTESIAN_POINT('',(-102.648221042,-45.646578371,18.295332547));
#570=CARTESIAN_POINT('',(-102.66044275,-45.662107163,18.33502488));
#571=B_SPLINE_CURVE_WITH_KNOTS('',3,(#561,#562,#563,#564,#565,#566,#567,#568,#569,#570),.UNSPECIFIED.,.F.,.F.,(4,3,3,4),(-0.000029177,0.000239041,0.000373151,0.00050726),.UNSPECIFIED.);
#572=EDGE_CURVE('',#560,#551,#571,.T.);
#573=ORIENTED_EDGE('',*,*,#572,.F.);
#574=CARTESIAN_POINT('',(-98.886705777,-46.639936968,17.859765259));
#575=VERTEX_POINT('',#574);
#576=CARTESIAN_POINT('',(-102.53169416,-45.468904002,17.859765259));
#577=CARTESIAN_POINT('',(-101.340407381,-45.930834006,17.859765259));
#578=CARTESIAN_POINT('',(-100.125341797,-46.326189481,17.859765259));
#579=CARTESIAN_POINT('',(-98.886705779,-46.639936968,17.859765259));
#580=B_SPLINE_CURVE_WITH_KNOTS('',3,(#576,#577,#578,#579),.UNSPECIFIED.,.F.,.F.,(4,4),(0.000064602,0.003897566),.UNSPECIFIED.);
#581=EDGE_CURVE('',#560,#575,#580,.T.);
#582=ORIENTED_EDGE('',*,*,#581,.T.);
#583=CARTESIAN_POINT('',(-95.676656911,-47.266340418,17.859765259));
#584=VERTEX_POINT('',#583);
#585=CARTESIAN_POINT('',(-95.676656911,-47.266340418,17.859765259));
#586=CARTESIAN_POINT('',(-96.540345264,-47.14090282,17.859765259));
#587=CARTESIAN_POINT('',(-97.290196792,-46.995519367,17.859765259));
#588=CARTESIAN_POINT('',(-97.694690118,-46.917094993,17.859765259));
#589=CARTESIAN_POINT('',(-98.091059088,-46.828830665,17.859765259));
#590=CARTESIAN_POINT('',(-98.490265175,-46.739934561,17.859765259));
#591=CARTESIAN_POINT('',(-98.886705777,-46.639936968,17.859765259));
#592=B_SPLINE_CURVE_WITH_KNOTS('',2,(#585,#586,#587,#588,#589,#590,#591),.UNSPECIFIED.,.F.,.F.,(3,2,2,3),(0.,0.5,0.75,1.),.UNSPECIFIED.);
#593=EDGE_CURVE('',#584,#575,#592,.T.);
#594=ORIENTED_EDGE('',*,*,#593,.F.);
#595=CARTESIAN_POINT('',(-94.404134903,-47.441518263,17.859765259));
#596=VERTEX_POINT('',#595);
#597=CARTESIAN_POINT('',(-95.676656911,-47.266340418,17.859765259));
#598=CARTESIAN_POINT('',(-95.252807701,-47.327384436,17.859765259));
#599=CARTESIAN_POINT('',(-94.828070293,-47.381177727,17.859765259));
#600=CARTESIAN_POINT('',(-94.404134908,-47.441518262,17.859765259));
#601=B_SPLINE_CURVE_WITH_KNOTS('',3,(#597,#598,#599,#600),.UNSPECIFIED.,.F.,.F.,(4,4),(0.00717208,0.008457007),.UNSPECIFIED.);
#602=EDGE_CURVE('',#584,#596,#601,.T.);
#603=ORIENTED_EDGE('',*,*,#602,.T.);
#604=CARTESIAN_POINT('',(-93.696671808,-47.54374079,17.859765259));
#605=VERTEX_POINT('',#604);
#606=CARTESIAN_POINT('',(-93.696671808,-47.54374079,17.859765259));
#607=CARTESIAN_POINT('',(-94.404134903,-47.441518263,17.859765259));
#608=B_SPLINE_CURVE_WITH_KNOTS('',1,(#606,#607),.UNSPECIFIED.,.F.,.F.,(2,2),(0.,1.),.UNSPECIFIED.);
#609=EDGE_CURVE('',#605,#596,#608,.T.);
#610=ORIENTED_EDGE('',*,*,#609,.F.);
#611=CARTESIAN_POINT('',(-93.696671808,-47.54374079,17.859765259));
#612=CARTESIAN_POINT('',(-93.533123434,-47.566752747,17.859765259));
#613=CARTESIAN_POINT('',(-93.369443136,-47.58868776,17.859765259));
#614=CARTESIAN_POINT('',(-93.205453273,-47.608095668,17.859765259));
#615=B_SPLINE_CURVE_WITH_KNOTS('',3,(#611,#612,#613,#614),.UNSPECIFIED.,.F.,.F.,(4,4),(0.009171955,0.009667564),.UNSPECIFIED.);
#616=EDGE_CURVE('',#605,#493,#615,.T.);
#617=ORIENTED_EDGE('',*,*,#616,.T.);
#618=EDGE_LOOP('',(#502,#510,#525,#549,#558,#573,#582,#594,#603,#610,#617));
#619=FACE_BOUND('',#618,.T.);
#620=ADVANCED_FACE('',(#619),#491,.F.);
#621=CARTESIAN_POINT('',(-116.14243962,-18.551369543,31.859765259));
#622=DIRECTION('',(0.,1.,0.));
#623=DIRECTION('',(0.,0.,1.));
#624=AXIS2_PLACEMENT_3D('',#621,#622,#623);
#625=PLANE('',#624);
#626=CARTESIAN_POINT('',(-118.260683016,-18.551369543,24.254765259));
#627=VERTEX_POINT('',#626);
#628=CARTESIAN_POINT('',(-119.268369391,-18.551369543,24.254765259));
#629=VERTEX_POINT('',#628);
#630=CARTESIAN_POINT('',(-118.260683016,-18.551369543,24.254765259));
#631=DIRECTION('',(-1.,0.,0.));
#632=VECTOR('',#631,1.007686376);
#633=LINE('',#630,#632);
#634=EDGE_CURVE('',#627,#629,#633,.T.);
#635=ORIENTED_EDGE('',*,*,#634,.F.);
#636=CARTESIAN_POINT('',(-118.231026089,-18.551369543,17.859765259));
#637=VERTEX_POINT('',#636);
#638=CARTESIAN_POINT('',(-118.260683016,-18.551369543,24.254765259));
#639=CARTESIAN_POINT('',(-118.250944082,-18.551369543,22.123097915));
#640=CARTESIAN_POINT('',(-118.241059974,-18.551369543,19.991431236));
#641=CARTESIAN_POINT('',(-118.231026089,-18.551369543,17.859765259));
#642=B_SPLINE_CURVE_WITH_KNOTS('',3,(#638,#639,#640,#641),.UNSPECIFIED.,.F.,.F.,(4,4),(0.003605037,0.010000106),.UNSPECIFIED.);
#643=EDGE_CURVE('',#627,#637,#642,.T.);
#644=ORIENTED_EDGE('',*,*,#643,.T.);
#645=CARTESIAN_POINT('',(-119.252515452,-18.551369543,17.859765259));
#646=VERTEX_POINT('',#645);
#647=CARTESIAN_POINT('',(-118.231026089,-18.551369543,17.859765259));
#648=DIRECTION('',(-1.,0.,0.));
#649=VECTOR('',#648,1.021489363);
#650=LINE('',#647,#649);
#651=EDGE_CURVE('',#637,#646,#650,.T.);
#652=ORIENTED_EDGE('',*,*,#651,.T.);
#653=CARTESIAN_POINT('',(-119.268369385,-18.551369543,24.254765259));
#654=CARTESIAN_POINT('',(-119.263161622,-18.551369543,22.123098381));
#655=CARTESIAN_POINT('',(-119.257878135,-18.551369543,19.991431711));
#656=CARTESIAN_POINT('',(-119.252515452,-18.551369543,17.859765259));
#657=B_SPLINE_CURVE_WITH_KNOTS('',3,(#653,#654,#655,#656),.UNSPECIFIED.,.F.,.F.,(4,4),(0.063215231,0.069610251),.UNSPECIFIED.);
#658=EDGE_CURVE('',#629,#646,#657,.T.);
#659=ORIENTED_EDGE('',*,*,#658,.F.);
#660=EDGE_LOOP('',(#635,#644,#652,#659));
#661=FACE_BOUND('',#660,.T.);
#662=ADVANCED_FACE('',(#661),#625,.T.);
#663=CARTESIAN_POINT('',(-90.039251917,-47.047049278,18.333410665));
#664=CARTESIAN_POINT('',(-90.216037912,-47.633128727,19.337725861));
#665=CARTESIAN_POINT('',(-90.391403406,-48.214719032,20.344792013));
#666=CARTESIAN_POINT('',(-90.668099254,-49.13243382,21.937072392));
#667=CARTESIAN_POINT('',(-90.84575492,-49.721686798,22.960586031));
#668=CARTESIAN_POINT('',(-91.023824006,-50.312246288,23.983310105));
#669=CARTESIAN_POINT('',(-91.125797425,-50.650403022,24.567302236));
#670=CARTESIAN_POINT('',(-91.151287664,-50.734932361,24.713306479));
#671=CARTESIAN_POINT('',(-91.176864957,-50.819740359,24.859316985));
#672=CARTESIAN_POINT('',(-91.176887783,-50.819816045,24.85944729));
#673=CARTESIAN_POINT('',(-91.17691061,-50.819891731,24.859577596));
#674=CARTESIAN_POINT('',(-90.275142451,-47.037609659,18.333243299));
#675=CARTESIAN_POINT('',(-90.452587141,-47.623531926,19.33727284));
#676=CARTESIAN_POINT('',(-90.628421127,-48.204363953,20.344421689));
#677=CARTESIAN_POINT('',(-90.905799232,-49.120696827,21.936941972));
#678=CARTESIAN_POINT('',(-91.083872845,-49.708997043,22.960648876));
#679=CARTESIAN_POINT('',(-91.262415234,-50.298778712,23.983460491));
#680=CARTESIAN_POINT('',(-91.364688524,-50.636583926,24.567446191));
#681=CARTESIAN_POINT('',(-91.390253314,-50.721024067,24.713449657));
#682=CARTESIAN_POINT('',(-91.415913832,-50.80576999,24.859442763));
#683=CARTESIAN_POINT('',(-91.415936732,-50.805845621,24.859573052));
#684=CARTESIAN_POINT('',(-91.415959633,-50.805921251,24.859703342));
#685=CARTESIAN_POINT('',(-90.857457576,-47.00750047,18.332852985));
#686=CARTESIAN_POINT('',(-91.036319294,-47.590010576,19.336216347));
#687=CARTESIAN_POINT('',(-91.213126729,-48.166028626,20.343558054));
#688=CARTESIAN_POINT('',(-91.491907678,-49.074325778,21.936637819));
#689=CARTESIAN_POINT('',(-91.670835015,-49.657311184,22.960795436));
#690=CARTESIAN_POINT('',(-91.850360227,-50.242186025,23.983811208));
#691=CARTESIAN_POINT('',(-91.953263721,-50.577404105,24.56778191));
#692=CARTESIAN_POINT('',(-91.97898509,-50.661194388,24.713783565));
#693=CARTESIAN_POINT('',(-92.004822399,-50.745353312,24.859736089));
#694=CARTESIAN_POINT('',(-92.004845458,-50.745428419,24.859866343));
#695=CARTESIAN_POINT('',(-92.004868516,-50.745503526,24.859996596));
#696=CARTESIAN_POINT('',(-91.438287474,-46.960457598,18.332640875));
#697=CARTESIAN_POINT('',(-91.617110004,-47.531819855,19.335642214));
#698=CARTESIAN_POINT('',(-91.793637196,-48.09592826,20.343088726));
#699=CARTESIAN_POINT('',(-92.071901646,-48.985171927,21.936472532));
#700=CARTESIAN_POINT('',(-92.250471118,-49.55583127,22.960875082));
#701=CARTESIAN_POINT('',(-92.42970862,-50.128601759,23.9840018));
#702=CARTESIAN_POINT('',(-92.532484983,-50.457020864,24.56796435));
#703=CARTESIAN_POINT('',(-92.558174041,-50.539109733,24.713965021));
#704=CARTESIAN_POINT('',(-92.583989919,-50.621600197,24.859895493));
#705=CARTESIAN_POINT('',(-92.584012958,-50.621673815,24.860025727));
#706=CARTESIAN_POINT('',(-92.584035998,-50.621747433,24.86015596));
#707=CARTESIAN_POINT('',(-91.783068742,-46.926417075,18.332640875));
#708=CARTESIAN_POINT('',(-91.960874275,-47.488328083,19.335642214));
#709=CARTESIAN_POINT('',(-92.136384471,-48.042985241,20.343088726));
#710=CARTESIAN_POINT('',(-92.413041762,-48.917293118,21.936472532));
#711=CARTESIAN_POINT('',(-92.590578452,-49.478354513,22.960875082));
#712=CARTESIAN_POINT('',(-92.768783171,-50.041527054,23.9840018));
#713=CARTESIAN_POINT('',(-92.870969373,-50.364461618,24.56796435));
#714=CARTESIAN_POINT('',(-92.896510891,-50.445179352,24.713965021));
#715=CARTESIAN_POINT('',(-92.922179097,-50.526297456,24.859895493));
#716=CARTESIAN_POINT('',(-92.922202004,-50.526369849,24.860025727));
#717=CARTESIAN_POINT('',(-92.922224912,-50.526442242,24.86015596));
#718=B_SPLINE_SURFACE_WITH_KNOTS('',3,3,((#663,#664,#665,#666,#667,#668,#669,#670,#671,#672,#673),(#674,#675,#676,#677,#678,#679,#680,#681,#682,#683,#684),(#685,#686,#687,#688,#689,#690,#691,#692,#693,#694,#695),(#696,#697,#698,#699,#700,#701,#702,#703,#704,#705,#706),(#707,#708,#709,#710,#711,#712,#713,#714,#715,#716,#717)),.UNSPECIFIED.,.F.,.F.,.U.,(4,1,4),(4,2,1,2,2,4),(0.579923019,0.75,1.),(0.062086471,0.448686425,0.673029638,0.841287048,0.897372851,0.897422948),.UNSPECIFIED.);
#719=CARTESIAN_POINT('',(-90.900882115,-47.855829944,19.785946997));
#720=VERTEX_POINT('',#719);
#721=CARTESIAN_POINT('',(-90.318248229,-47.932194674,19.857979286));
#722=VERTEX_POINT('',#721);
#723=CARTESIAN_POINT('',(-90.900882115,-47.855829944,19.785946997));
#724=CARTESIAN_POINT('',(-90.706775857,-47.883519589,19.808445075));
#725=CARTESIAN_POINT('',(-90.512565831,-47.909001509,19.832437555));
#726=CARTESIAN_POINT('',(-90.318248229,-47.932194674,19.857979286));
#727=B_SPLINE_CURVE_WITH_KNOTS('',3,(#723,#724,#725,#726),.UNSPECIFIED.,.F.,.F.,(4,4),(0.000009156,0.000601172),.UNSPECIFIED.);
#728=EDGE_CURVE('',#720,#722,#727,.T.);
#729=ORIENTED_EDGE('',*,*,#728,.T.);
#730=CARTESIAN_POINT('',(-90.061483728,-47.12075314,18.459765259));
#731=VERTEX_POINT('',#730);
#732=CARTESIAN_POINT('',(-90.061483728,-47.12075314,18.459765259));
#733=CARTESIAN_POINT('',(-90.147328048,-47.39204316,18.92532043));
#734=CARTESIAN_POINT('',(-90.232880089,-47.662409504,19.39146457));
#735=CARTESIAN_POINT('',(-90.318248229,-47.932194674,19.857979286));
#736=B_SPLINE_CURVE_WITH_KNOTS('',3,(#732,#733,#734,#735),.UNSPECIFIED.,.F.,.F.,(4,4),(0.00071533,0.002352207),.UNSPECIFIED.);
#737=EDGE_CURVE('',#731,#722,#736,.T.);
#738=ORIENTED_EDGE('',*,*,#737,.F.);
#739=CARTESIAN_POINT('',(-91.044969295,-47.064748596,18.459765259));
#740=VERTEX_POINT('',#739);
#741=CARTESIAN_POINT('',(-91.044969295,-47.064748596,18.459765259));
#742=CARTESIAN_POINT('',(-90.71754305,-47.089135803,18.459765259));
#743=CARTESIAN_POINT('',(-90.389711184,-47.107756444,18.459765259));
#744=CARTESIAN_POINT('',(-90.061483728,-47.12075314,18.459765259));
#745=B_SPLINE_CURVE_WITH_KNOTS('',3,(#741,#742,#743,#744),.UNSPECIFIED.,.F.,.F.,(4,4),(0.000763457,0.001748448),.UNSPECIFIED.);
#746=EDGE_CURVE('',#740,#731,#745,.T.);
#747=ORIENTED_EDGE('',*,*,#746,.F.);
#748=CARTESIAN_POINT('',(-91.78306991,-46.926428102,18.332634491));
#749=VERTEX_POINT('',#748);
#750=CARTESIAN_POINT('',(-91.783072627,-46.926429353,18.332662791));
#751=CARTESIAN_POINT('',(-91.534313852,-46.968993774,18.363826249));
#752=CARTESIAN_POINT('',(-91.287408192,-47.013393479,18.403213319));
#753=CARTESIAN_POINT('',(-91.044969295,-47.064748596,18.459765259));
#754=B_SPLINE_CURVE_WITH_KNOTS('',3,(#750,#751,#752,#753),.UNSPECIFIED.,.F.,.F.,(4,4),(0.,0.00076159),.UNSPECIFIED.);
#755=EDGE_CURVE('',#749,#740,#754,.T.);
#756=ORIENTED_EDGE('',*,*,#755,.F.);
#757=CARTESIAN_POINT('',(-92.92215619,-50.526225063,24.859765259));
#758=VERTEX_POINT('',#757);
#759=CARTESIAN_POINT('',(-91.783068742,-46.926417075,18.332640875));
#760=CARTESIAN_POINT('',(-91.975151718,-47.533448461,19.4161813));
#761=CARTESIAN_POINT('',(-92.164552276,-48.132002717,20.504913938));
#762=CARTESIAN_POINT('',(-92.353616353,-48.729493608,21.594271921));
#763=CARTESIAN_POINT('',(-92.54268043,-49.3269845,22.683629905));
#764=CARTESIAN_POINT('',(-92.731188353,-49.922717804,23.774063122));
#765=CARTESIAN_POINT('',(-92.92215619,-50.526225063,24.859765259));
#766=B_SPLINE_CURVE_WITH_KNOTS('',3,(#759,#760,#761,#762,#763,#764,#765),.UNSPECIFIED.,.F.,.F.,(4,3,4),(0.062086471,0.479729661,0.897372851),.UNSPECIFIED.);
#767=EDGE_CURVE('',#749,#758,#766,.T.);
#768=ORIENTED_EDGE('',*,*,#767,.T.);
#769=CARTESIAN_POINT('',(-91.566531593,-50.787768935,24.859765259));
#770=VERTEX_POINT('',#769);
#771=CARTESIAN_POINT('',(-92.92215619,-50.526225063,24.859765259));
#772=CARTESIAN_POINT('',(-92.47719062,-50.651616056,24.859765259));
#773=CARTESIAN_POINT('',(-92.025311526,-50.73877396,24.859765259));
#774=CARTESIAN_POINT('',(-91.566531593,-50.787768935,24.859765259));
#775=B_SPLINE_CURVE_WITH_KNOTS('',3,(#771,#772,#773,#774),.UNSPECIFIED.,.F.,.F.,(4,4),(0.000015016,0.001395546),.UNSPECIFIED.);
#776=EDGE_CURVE('',#758,#770,#775,.T.);
#777=ORIENTED_EDGE('',*,*,#776,.T.);
#778=CARTESIAN_POINT('',(-91.194304203,-50.700755756,24.659765265));
#779=VERTEX_POINT('',#778);
#780=CARTESIAN_POINT('',(-91.566531593,-50.787768935,24.859765259));
#781=CARTESIAN_POINT('',(-91.490997651,-50.795835511,24.859765258));
#782=CARTESIAN_POINT('',(-91.416812648,-50.789282616,24.837436228));
#783=CARTESIAN_POINT('',(-91.352555152,-50.773061042,24.801329087));
#784=CARTESIAN_POINT('',(-91.288297656,-50.756839469,24.765221946));
#785=CARTESIAN_POINT('',(-91.234593317,-50.731441419,24.716124895));
#786=CARTESIAN_POINT('',(-91.194304203,-50.700755756,24.659765265));
#787=B_SPLINE_CURVE_WITH_KNOTS('',3,(#780,#781,#782,#783,#784,#785,#786),.UNSPECIFIED.,.F.,.F.,(4,3,4),(0.000002434,0.000226879,0.000451325),.UNSPECIFIED.);
#788=EDGE_CURVE('',#770,#779,#787,.T.);
#789=ORIENTED_EDGE('',*,*,#788,.T.);
#790=CARTESIAN_POINT('',(-90.943834712,-49.909208064,23.288966678));
#791=VERTEX_POINT('',#790);
#792=CARTESIAN_POINT('',(-90.943834712,-49.909208064,23.288966678));
#793=CARTESIAN_POINT('',(-91.027201245,-50.172667642,23.746146631));
#794=CARTESIAN_POINT('',(-91.110664039,-50.436431432,24.203133674));
#795=CARTESIAN_POINT('',(-91.194304203,-50.700755756,24.659765265));
#796=B_SPLINE_CURVE_WITH_KNOTS('',3,(#792,#793,#794,#795),.UNSPECIFIED.,.F.,.F.,(4,4),(0.006361136,0.007963743),.UNSPECIFIED.);
#797=EDGE_CURVE('',#791,#779,#796,.T.);
#798=ORIENTED_EDGE('',*,*,#797,.F.);
#799=CARTESIAN_POINT('',(-91.50128141,-49.824494189,23.227818874));
#800=VERTEX_POINT('',#799);
#801=CARTESIAN_POINT('',(-91.50128141,-49.824494189,23.227818873));
#802=CARTESIAN_POINT('',(-91.315754714,-49.856535862,23.245603518));
#803=CARTESIAN_POINT('',(-91.129941713,-49.884807591,23.265963054));
#804=CARTESIAN_POINT('',(-90.943834712,-49.909208064,23.288966678));
#805=B_SPLINE_CURVE_WITH_KNOTS('',3,(#801,#802,#803,#804),.UNSPECIFIED.,.F.,.F.,(4,4),(0.00003087,0.000598023),.UNSPECIFIED.);
#806=EDGE_CURVE('',#800,#791,#805,.T.);
#807=ORIENTED_EDGE('',*,*,#806,.F.);
#808=CARTESIAN_POINT('',(-91.381276694,-49.430940203,22.539309341));
#809=VERTEX_POINT('',#808);
#810=CARTESIAN_POINT('',(-91.381276694,-49.430940203,22.539309341));
#811=CARTESIAN_POINT('',(-91.42125415,-49.562066755,22.768849938));
#812=CARTESIAN_POINT('',(-91.461248221,-49.693233346,22.998364752));
#813=CARTESIAN_POINT('',(-91.501281407,-49.82449419,23.227818873));
#814=B_SPLINE_CURVE_WITH_KNOTS('',3,(#810,#811,#812,#813),.UNSPECIFIED.,.F.,.F.,(4,4),(0.,0.000802079),.UNSPECIFIED.);
#815=EDGE_CURVE('',#809,#800,#814,.T.);
#816=ORIENTED_EDGE('',*,*,#815,.F.);
#817=CARTESIAN_POINT('',(-90.818763346,-49.513950537,22.602662694));
#818=VERTEX_POINT('',#817);
#819=CARTESIAN_POINT('',(-90.818763346,-49.513950537,22.602662694));
#820=CARTESIAN_POINT('',(-91.006515852,-49.489831086,22.579124348));
#821=CARTESIAN_POINT('',(-91.194018128,-49.462129876,22.558027765));
#822=CARTESIAN_POINT('',(-91.381276694,-49.430940203,22.539309341));
#823=B_SPLINE_CURVE_WITH_KNOTS('',3,(#819,#820,#821,#822),.UNSPECIFIED.,.F.,.F.,(4,4),(0.00004537,0.000617494),.UNSPECIFIED.);
#824=EDGE_CURVE('',#818,#809,#823,.T.);
#825=ORIENTED_EDGE('',*,*,#824,.F.);
#826=CARTESIAN_POINT('',(-90.693746843,-49.118866395,21.916231486));
#827=VERTEX_POINT('',#826);
#828=CARTESIAN_POINT('',(-90.693746843,-49.118866395,21.916231486));
#829=CARTESIAN_POINT('',(-90.735418447,-49.250559328,22.145043018));
#830=CARTESIAN_POINT('',(-90.777086145,-49.382239917,22.373862378));
#831=CARTESIAN_POINT('',(-90.818763346,-49.513950537,22.602662694));
#832=B_SPLINE_CURVE_WITH_KNOTS('',3,(#828,#829,#830,#831),.UNSPECIFIED.,.F.,.F.,(4,4),(0.004757526,0.005559339),.UNSPECIFIED.);
#833=EDGE_CURVE('',#827,#818,#832,.T.);
#834=ORIENTED_EDGE('',*,*,#833,.F.);
#835=CARTESIAN_POINT('',(-91.261368182,-49.037615195,21.850626783));
#836=VERTEX_POINT('',#835);
#837=CARTESIAN_POINT('',(-90.693746843,-49.118866395,21.916231486));
#838=CARTESIAN_POINT('',(-90.883161198,-49.095034573,21.892150563));
#839=CARTESIAN_POINT('',(-91.0723665,-49.067922426,21.870301662));
#840=CARTESIAN_POINT('',(-91.261368182,-49.037615195,21.850626783));
#841=B_SPLINE_CURVE_WITH_KNOTS('',3,(#837,#838,#839,#840),.UNSPECIFIED.,.F.,.F.,(4,4),(0.000039606,0.000616753),.UNSPECIFIED.);
#842=EDGE_CURVE('',#827,#836,#841,.T.);
#843=ORIENTED_EDGE('',*,*,#842,.T.);
#844=CARTESIAN_POINT('',(-91.141424136,-48.644205609,21.162008135));
#845=VERTEX_POINT('',#844);
#846=CARTESIAN_POINT('',(-91.141424136,-48.644205609,21.162008135));
#847=CARTESIAN_POINT('',(-91.181427293,-48.775394693,21.391513861));
#848=CARTESIAN_POINT('',(-91.221400565,-48.906511759,21.621065936));
#849=CARTESIAN_POINT('',(-91.261368182,-49.037615195,21.850626783));
#850=B_SPLINE_CURVE_WITH_KNOTS('',3,(#846,#847,#848,#849),.UNSPECIFIED.,.F.,.F.,(4,4),(0.,0.000802093),.UNSPECIFIED.);
#851=EDGE_CURVE('',#845,#836,#850,.T.);
#852=ORIENTED_EDGE('',*,*,#851,.F.);
#853=CARTESIAN_POINT('',(-90.568707951,-48.723711494,21.229852199));
#854=VERTEX_POINT('',#853);
#855=CARTESIAN_POINT('',(-91.141424136,-48.644205609,21.162008135));
#856=CARTESIAN_POINT('',(-90.950686917,-48.673620206,21.182644668));
#857=CARTESIAN_POINT('',(-90.759783044,-48.700148519,21.20524146));
#858=CARTESIAN_POINT('',(-90.568707951,-48.723711494,21.229852199));
#859=B_SPLINE_CURVE_WITH_KNOTS('',3,(#855,#856,#857,#858),.UNSPECIFIED.,.F.,.F.,(4,4),(0.000017786,0.000599961),.UNSPECIFIED.);
#860=EDGE_CURVE('',#845,#854,#859,.T.);
#861=ORIENTED_EDGE('',*,*,#860,.T.);
#862=CARTESIAN_POINT('',(-90.443567541,-48.328235772,20.543708317));
#863=VERTEX_POINT('',#862);
#864=CARTESIAN_POINT('',(-90.443567541,-48.328235772,20.543708317));
#865=CARTESIAN_POINT('',(-90.48530767,-48.460145263,20.772369224));
#866=CARTESIAN_POINT('',(-90.527016741,-48.5919566,21.001092716));
#867=CARTESIAN_POINT('',(-90.568707951,-48.723711494,21.229852199));
#868=B_SPLINE_CURVE_WITH_KNOTS('',3,(#864,#865,#866,#867),.UNSPECIFIED.,.F.,.F.,(4,4),(0.00315394,0.00395572),.UNSPECIFIED.);
#869=EDGE_CURVE('',#863,#854,#868,.T.);
#870=ORIENTED_EDGE('',*,*,#869,.F.);
#871=CARTESIAN_POINT('',(-91.021307258,-48.250384646,20.473700343));
#872=VERTEX_POINT('',#871);
#873=CARTESIAN_POINT('',(-91.021307258,-48.250384646,20.473700343));
#874=CARTESIAN_POINT('',(-90.828861977,-48.278919014,20.495284458));
#875=CARTESIAN_POINT('',(-90.636283408,-48.304895048,20.518603054));
#876=CARTESIAN_POINT('',(-90.443567541,-48.328235772,20.543708317));
#877=B_SPLINE_CURVE_WITH_KNOTS('',3,(#873,#874,#875,#876),.UNSPECIFIED.,.F.,.F.,(4,4),(0.00001344,0.00060059),.UNSPECIFIED.);
#878=EDGE_CURVE('',#872,#863,#877,.T.);
#879=ORIENTED_EDGE('',*,*,#878,.F.);
#880=CARTESIAN_POINT('',(-90.900882115,-47.855829944,19.785946997));
#881=CARTESIAN_POINT('',(-90.941092279,-47.987513074,20.015091529));
#882=CARTESIAN_POINT('',(-90.981226304,-48.119012786,20.244354616));
#883=CARTESIAN_POINT('',(-91.021307258,-48.250384646,20.473700343));
#884=B_SPLINE_CURVE_WITH_KNOTS('',3,(#880,#881,#882,#883),.UNSPECIFIED.,.F.,.F.,(4,4),(0.,0.000801985),.UNSPECIFIED.);
#885=EDGE_CURVE('',#720,#872,#884,.T.);
#886=ORIENTED_EDGE('',*,*,#885,.F.);
#887=EDGE_LOOP('',(#729,#738,#747,#756,#768,#777,#789,#798,#807,#816,#825,#834,#843,#852,#861,#870,#879,#886));
#888=FACE_BOUND('',#887,.T.);
#889=ADVANCED_FACE('',(#888),#718,.T.);
#890=CARTESIAN_POINT('',(-112.720453747,-38.337045989,31.054909203));
#891=CARTESIAN_POINT('',(-112.32014099,-37.935083262,26.856519027));
#892=CARTESIAN_POINT('',(-111.919828796,-37.533120086,22.658130213));
#893=CARTESIAN_POINT('',(-111.519514946,-37.13115823,18.459737397));
#894=CARTESIAN_POINT('',(-112.80118603,-38.179584383,31.054909203));
#895=CARTESIAN_POINT('',(-112.407066925,-37.783841075,26.856519027));
#896=CARTESIAN_POINT('',(-112.012947417,-37.388097165,22.658130213));
#897=CARTESIAN_POINT('',(-111.618829098,-36.992355026,18.459737397));
#898=CARTESIAN_POINT('',(-112.893765163,-38.004505694,31.054909203));
#899=CARTESIAN_POINT('',(-112.505840189,-37.614982003,26.856519027));
#900=CARTESIAN_POINT('',(-112.11791488,-37.225457951,22.658130213));
#901=CARTESIAN_POINT('',(-111.729990557,-36.835934961,18.459737397));
#902=CARTESIAN_POINT('',(-113.030863962,-37.751523802,31.054909203));
#903=CARTESIAN_POINT('',(-112.651218306,-37.370313928,26.856519027));
#904=CARTESIAN_POINT('',(-112.271572561,-36.989103928,22.658130213));
#905=CARTESIAN_POINT('',(-111.891927079,-36.6078943,18.459737397));
#906=CARTESIAN_POINT('',(-113.066564863,-37.68616277,31.054909203));
#907=CARTESIAN_POINT('',(-112.689004934,-37.307047364,26.856519027));
#908=CARTESIAN_POINT('',(-112.311444988,-36.92793188,22.658130213));
#909=CARTESIAN_POINT('',(-111.933885096,-36.548816623,18.459737397));
#910=CARTESIAN_POINT('',(-113.176476137,-37.48590587,31.054909203));
#911=CARTESIAN_POINT('',(-112.805173316,-37.113073818,26.856519027));
#912=CARTESIAN_POINT('',(-112.433870674,-36.740241793,22.658130213));
#913=CARTESIAN_POINT('',(-112.062567508,-36.36740969,18.459737397));
#914=CARTESIAN_POINT('',(-113.253442016,-37.346872042,31.054909203));
#915=CARTESIAN_POINT('',(-112.886310539,-36.978228848,26.856519027));
#916=CARTESIAN_POINT('',(-112.519179359,-36.609585696,22.658130213));
#917=CARTESIAN_POINT('',(-112.152047308,-36.240942422,18.459737397));
#918=CARTESIAN_POINT('',(-113.371176564,-37.133226583,31.054909203));
#919=CARTESIAN_POINT('',(-113.010303221,-36.770867131,26.856519027));
#920=CARTESIAN_POINT('',(-112.649430236,-36.408507651,22.658130213));
#921=CARTESIAN_POINT('',(-112.288556198,-36.046148255,18.459737397));
#922=CARTESIAN_POINT('',(-113.410795636,-37.061169527,31.054909203));
#923=CARTESIAN_POINT('',(-113.052008545,-36.700904741,26.856519027));
#924=CARTESIAN_POINT('',(-112.693221811,-36.340639887,22.658130213));
#925=CARTESIAN_POINT('',(-112.334434026,-35.980375233,18.459737397));
#926=CARTESIAN_POINT('',(-113.56977565,-36.770542757,31.054909203));
#927=CARTESIAN_POINT('',(-113.219334513,-36.418657026,26.856519027));
#928=CARTESIAN_POINT('',(-112.868893638,-36.066771011,22.658130213));
#929=CARTESIAN_POINT('',(-112.518451994,-35.714885831,18.459737397));
#930=CARTESIAN_POINT('',(-113.690307477,-36.547000747,31.054909203));
#931=CARTESIAN_POINT('',(-113.346127414,-36.201399976,26.856519027));
#932=CARTESIAN_POINT('',(-113.001947351,-35.855798651,22.658130213));
#933=CARTESIAN_POINT('',(-112.657767289,-35.510198956,18.459737397));
#934=CARTESIAN_POINT('',(-113.886837427,-36.171055588,31.054909203));
#935=CARTESIAN_POINT('',(-113.553081671,-35.835925316,26.856519027));
#936=CARTESIAN_POINT('',(-113.219325805,-35.500794521,22.658130213));
#937=CARTESIAN_POINT('',(-112.88557026,-35.165665266,18.459737397));
#938=CARTESIAN_POINT('',(-114.00291525,-35.944246356,31.054909203));
#939=CARTESIAN_POINT('',(-113.675408084,-35.615395915,26.856519027));
#940=CARTESIAN_POINT('',(-113.347900898,-35.28654519,22.658130213));
#941=CARTESIAN_POINT('',(-113.020393769,-34.957695299,18.459737397));
#942=CARTESIAN_POINT('',(-114.153570384,-35.639235512,31.054909203));
#943=CARTESIAN_POINT('',(-113.834420171,-35.318768905,26.856519027));
#944=CARTESIAN_POINT('',(-113.51527003,-34.99830226,22.658130213));
#945=CARTESIAN_POINT('',(-113.196119678,-34.677835727,18.459737397));
#946=CARTESIAN_POINT('',(-114.22750487,-35.485856389,31.054909203));
#947=CARTESIAN_POINT('',(-113.912543638,-35.169586103,26.856519027));
#948=CARTESIAN_POINT('',(-113.597582479,-34.853315814,22.658130213));
#949=CARTESIAN_POINT('',(-113.282621108,-34.537045533,18.459737397));
#950=CARTESIAN_POINT('',(-114.337456261,-35.255198917,31.054909203));
#951=CARTESIAN_POINT('',(-114.028775175,-34.945221697,26.856519027));
#952=CARTESIAN_POINT('',(-113.720094172,-34.635244497,22.658130213));
#953=CARTESIAN_POINT('',(-113.411412925,-34.325267237,18.459737397));
#954=CARTESIAN_POINT('',(-114.409473451,-35.100632407,31.054909203));
#955=CARTESIAN_POINT('',(-114.104971312,-34.794847248,26.856519027));
#956=CARTESIAN_POINT('',(-113.80046929,-34.48906208,22.658130213));
#957=CARTESIAN_POINT('',(-113.495966924,-34.183276938,18.459737397));
#958=CARTESIAN_POINT('',(-114.551432062,-34.790242865,31.054909203));
#959=CARTESIAN_POINT('',(-114.25525203,-34.492826734,26.856519027));
#960=CARTESIAN_POINT('',(-113.959072281,-34.195410557,22.658130213));
#961=CARTESIAN_POINT('',(-113.662891701,-33.897994515,18.459737397));
#962=CARTESIAN_POINT('',(-114.621392431,-34.634429786,31.054909203));
#963=CARTESIAN_POINT('',(-114.329363112,-34.34119381,26.856519027));
#964=CARTESIAN_POINT('',(-114.037334173,-34.047957778,22.658130213));
#965=CARTESIAN_POINT('',(-113.745304115,-33.754721911,18.459737397));
#966=CARTESIAN_POINT('',(-114.759931259,-34.321985188,31.054909203));
#967=CARTESIAN_POINT('',(-114.476231171,-34.037121316,26.856519027));
#968=CARTESIAN_POINT('',(-114.192531429,-33.752257461,22.658130213));
#969=CARTESIAN_POINT('',(-113.908830669,-33.467393554,18.459737397));
#970=CARTESIAN_POINT('',(-114.82849755,-34.165346308,31.054909203));
#971=CARTESIAN_POINT('',(-114.548973487,-33.884673327,26.856519027));
#972=CARTESIAN_POINT('',(-114.269449655,-33.60400044,22.658130213));
#973=CARTESIAN_POINT('',(-113.989925145,-33.323327277,18.459737397));
#974=CARTESIAN_POINT('',(-114.964523723,-33.85143812,31.054909203));
#975=CARTESIAN_POINT('',(-114.693350037,-33.579146186,26.856519027));
#976=CARTESIAN_POINT('',(-114.422176332,-33.306854408,22.658130213));
#977=CARTESIAN_POINT('',(-114.151002681,-33.034562171,18.459737397));
#978=CARTESIAN_POINT('',(-115.032065408,-33.694211137,31.054909203));
#979=CARTESIAN_POINT('',(-114.765064067,-33.426108506,26.856519027));
#980=CARTESIAN_POINT('',(-114.498062582,-33.158006,22.658130213));
#981=CARTESIAN_POINT('',(-114.23106152,-32.889903124,18.459737397));
#982=CARTESIAN_POINT('',(-115.165372759,-33.378827889,31.054909203));
#983=CARTESIAN_POINT('',(-114.90671371,-33.119102814,26.856519027));
#984=CARTESIAN_POINT('',(-114.648054356,-32.859377744,22.658130213));
#985=CARTESIAN_POINT('',(-114.389395897,-32.599652661,18.459737397));
#986=CARTESIAN_POINT('',(-115.263974866,-33.141575598,31.054909203));
#987=CARTESIAN_POINT('',(-115.011572435,-32.888133626,26.856519027));
#988=CARTESIAN_POINT('',(-114.759169652,-32.634691532,22.658130213));
#989=CARTESIAN_POINT('',(-114.506767906,-32.381249794,18.459737397));
#990=CARTESIAN_POINT('',(-115.359508319,-32.902750732,31.054909203));
#991=CARTESIAN_POINT('',(-115.113364311,-32.6555926,26.856519027));
#992=CARTESIAN_POINT('',(-114.867220065,-32.408434233,22.658130213));
#993=CARTESIAN_POINT('',(-114.621076518,-32.161276558,18.459737397));
#994=CARTESIAN_POINT('',(-115.422415322,-32.743130375,31.054909203));
#995=CARTESIAN_POINT('',(-115.180443523,-32.500161436,26.856519027));
#996=CARTESIAN_POINT('',(-114.938471599,-32.257192191,22.658130213));
#997=CARTESIAN_POINT('',(-114.696500041,-32.014223847,18.459737397));
#998=CARTESIAN_POINT('',(-115.453467208,-32.663112222,31.054909203));
#999=CARTESIAN_POINT('',(-115.213581504,-32.422237873,26.856519027));
#1000=CARTESIAN_POINT('',(-114.973695754,-32.181363185,22.658130213));
#1001=CARTESIAN_POINT('',(-114.73381014,-31.940489496,18.459737397));
#1002=CARTESIAN_POINT('',(-115.545377276,-32.422421405,31.054909203));
#1003=CARTESIAN_POINT('',(-115.31174968,-32.187830752,26.856519027));
#1004=CARTESIAN_POINT('',(-115.078122314,-31.953239677,22.658130213));
#1005=CARTESIAN_POINT('',(-114.844494273,-31.718649842,18.459737397));
#1006=CARTESIAN_POINT('',(-115.605035596,-32.261139997,31.054909203));
#1007=CARTESIAN_POINT('',(-115.375579905,-32.030738407,26.856519027));
#1008=CARTESIAN_POINT('',(-115.146124674,-31.800336367,22.658130213));
#1009=CARTESIAN_POINT('',(-114.916668092,-31.569935648,18.459737397));
#1010=CARTESIAN_POINT('',(-115.721663824,-31.937327485,31.054909203));
#1011=CARTESIAN_POINT('',(-115.500551976,-31.715304124,26.856519027));
#1012=CARTESIAN_POINT('',(-115.279440855,-31.493280421,22.658130213));
#1013=CARTESIAN_POINT('',(-115.058327599,-31.271257723,18.459737397));
#1014=CARTESIAN_POINT('',(-115.778614902,-31.774802767,31.054909203));
#1015=CARTESIAN_POINT('',(-115.561675003,-31.55696858,26.856519027));
#1016=CARTESIAN_POINT('',(-115.344735861,-31.33913419,22.658130213));
#1017=CARTESIAN_POINT('',(-115.127794497,-31.121300395,18.459737397));
#1018=CARTESIAN_POINT('',(-115.863029737,-31.53016953,31.054909203));
#1019=CARTESIAN_POINT('',(-115.652347722,-31.318619117,26.856519027));
#1020=CARTESIAN_POINT('',(-115.441666379,-31.107068741,22.658130213));
#1021=CARTESIAN_POINT('',(-115.230983061,-30.895518257,18.459737397));
#1022=CARTESIAN_POINT('',(-115.891000528,-31.448499287,31.054909203));
#1023=CARTESIAN_POINT('',(-115.682404466,-31.239043468,26.856519027));
#1024=CARTESIAN_POINT('',(-115.473809027,-31.029587769,22.658130213));
#1025=CARTESIAN_POINT('',(-115.26521176,-30.820131716,18.459737397));
#1026=CARTESIAN_POINT('',(-115.974660308,-31.202970299,31.054909203));
#1027=CARTESIAN_POINT('',(-115.772322074,-30.999798249,26.856519027));
#1028=CARTESIAN_POINT('',(-115.569984264,-30.796626561,22.658130213));
#1029=CARTESIAN_POINT('',(-115.367645207,-30.593453809,18.459737397));
#1030=CARTESIAN_POINT('',(-116.030089617,-31.038472802,31.054909203));
#1031=CARTESIAN_POINT('',(-115.831923234,-30.83948992,26.856519027));
#1032=CARTESIAN_POINT('',(-115.633757094,-30.640507548,22.658130213));
#1033=CARTESIAN_POINT('',(-115.435590242,-30.44152368,18.459737397));
#1034=CARTESIAN_POINT('',(-116.113611561,-30.788149258,31.054909203));
#1035=CARTESIAN_POINT('',(-115.921703024,-30.595450089,26.856519027));
#1036=CARTESIAN_POINT('',(-115.729794629,-30.402751537,22.658130213));
#1037=CARTESIAN_POINT('',(-115.537885817,-30.210051173,18.459737397));
#1038=CARTESIAN_POINT('',(-116.141516376,-30.704138101,31.054909203));
#1039=CARTESIAN_POINT('',(-115.951693801,-30.513533495,26.856519027));
#1040=CARTESIAN_POINT('',(-115.761871369,-30.322929521,22.658130213));
#1041=CARTESIAN_POINT('',(-115.572048519,-30.132323691,18.459737397));
#1042=CARTESIAN_POINT('',(-116.225624342,-30.449301683,31.054909203));
#1043=CARTESIAN_POINT('',(-116.042059679,-30.264980751,26.856519027));
#1044=CARTESIAN_POINT('',(-115.858495222,-30.080660447,22.658130213));
#1045=CARTESIAN_POINT('',(-115.67493016,-29.896338296,18.459737397));
#1046=CARTESIAN_POINT('',(-116.282223891,-30.275629832,31.054909203));
#1047=CARTESIAN_POINT('',(-116.102831199,-30.095497994,26.856519027));
#1048=CARTESIAN_POINT('',(-115.923438832,-29.91536672,22.658130213));
#1049=CARTESIAN_POINT('',(-115.744045513,-29.735233789,18.459737397));
#1050=CARTESIAN_POINT('',(-116.426325899,-29.82429984,31.054909203));
#1051=CARTESIAN_POINT('',(-116.257363069,-29.654640732,26.856519027));
#1052=CARTESIAN_POINT('',(-116.088400692,-29.484981998,22.658130213));
#1053=CARTESIAN_POINT('',(-115.919436983,-29.315322165,18.459737397));
#1054=CARTESIAN_POINT('',(-116.515047317,-29.538312543,31.054909203));
#1055=CARTESIAN_POINT('',(-116.352342356,-29.374937065,26.856519027));
#1056=CARTESIAN_POINT('',(-116.189637812,-29.211561817,22.658130213));
#1057=CARTESIAN_POINT('',(-116.026932045,-29.048185892,18.459737397));
#1058=CARTESIAN_POINT('',(-116.636747479,-29.128605957,31.054909203));
#1059=CARTESIAN_POINT('',(-116.482386367,-28.973608656,26.856519027));
#1060=CARTESIAN_POINT('',(-116.328025624,-28.818611511,22.658130213));
#1061=CARTESIAN_POINT('',(-116.173663798,-28.66361391,18.459737397));
#1062=CARTESIAN_POINT('',(-116.667465046,-29.023785114,31.054909203));
#1063=CARTESIAN_POINT('',(-116.515189899,-28.870882358,26.856519027));
#1064=CARTESIAN_POINT('',(-116.362915109,-28.717979749,22.658130213));
#1065=CARTESIAN_POINT('',(-116.210639269,-28.565076709,18.459737397));
#1066=CARTESIAN_POINT('',(-116.82227423,-28.487533977,31.054909203));
#1067=CARTESIAN_POINT('',(-116.680428908,-28.345103956,26.856519027));
#1068=CARTESIAN_POINT('',(-116.538583889,-28.202674079,22.658130213));
#1069=CARTESIAN_POINT('',(-116.39673798,-28.060243779,18.459737397));
#1070=CARTESIAN_POINT('',(-116.950012745,-28.019783731,31.054909203));
#1071=CARTESIAN_POINT('',(-116.816511278,-27.885731952,26.856519027));
#1072=CARTESIAN_POINT('',(-116.683010068,-27.751680429,22.658130213));
#1073=CARTESIAN_POINT('',(-116.549508102,-27.617628152,18.459737397));
#1074=CARTESIAN_POINT('',(-117.141989862,-27.259041811,31.054909203));
#1075=CARTESIAN_POINT('',(-117.021003963,-27.137557656,26.856519027));
#1076=CARTESIAN_POINT('',(-116.900018158,-27.01607375,22.658130213));
#1077=CARTESIAN_POINT('',(-116.77903208,-26.894589113,18.459737397));
#1078=CARTESIAN_POINT('',(-117.20600911,-26.99560957,31.054909203));
#1079=CARTESIAN_POINT('',(-117.089195048,-26.878314645,26.856519027));
#1080=CARTESIAN_POINT('',(-116.972381017,-26.761019944,22.658130213));
#1081=CARTESIAN_POINT('',(-116.855566899,-26.643724584,18.459737397));
#1082=CARTESIAN_POINT('',(-117.332851281,-26.448887784,31.054909203));
#1083=CARTESIAN_POINT('',(-117.224380983,-26.339971171,26.856519027));
#1084=CARTESIAN_POINT('',(-117.115910629,-26.23105471,22.658130213));
#1085=CARTESIAN_POINT('',(-117.007440441,-26.122137804,18.459737397));
#1086=CARTESIAN_POINT('',(-117.395673342,-26.165620638,31.054909203));
#1087=CARTESIAN_POINT('',(-117.291374973,-26.060893102,26.856519027));
#1088=CARTESIAN_POINT('',(-117.187076526,-25.956165668,22.658130213));
#1089=CARTESIAN_POINT('',(-117.082778312,-25.851437935,18.459737397));
#1090=CARTESIAN_POINT('',(-117.549675103,-25.432318841,31.054909203));
#1091=CARTESIAN_POINT('',(-117.455806808,-25.338063611,26.856519027));
#1092=CARTESIAN_POINT('',(-117.361938493,-25.243808351,22.658130213));
#1093=CARTESIAN_POINT('',(-117.268070238,-25.149553175,18.459737397));
#1094=CARTESIAN_POINT('',(-117.639342279,-24.969349168,31.054909203));
#1095=CARTESIAN_POINT('',(-117.551732195,-24.88137707,26.856519027));
#1096=CARTESIAN_POINT('',(-117.464122214,-24.793404862,22.658130213));
#1097=CARTESIAN_POINT('',(-117.376511929,-24.705432979,18.459737397));
#1098=CARTESIAN_POINT('',(-117.752744878,-24.313157865,31.054909203));
#1099=CARTESIAN_POINT('',(-117.673478319,-24.23356465,26.856519027));
#1100=CARTESIAN_POINT('',(-117.594211944,-24.15397129,22.658130213));
#1101=CARTESIAN_POINT('',(-117.51494503,-24.074378354,18.459737397));
#1102=CARTESIAN_POINT('',(-117.80842191,-23.978610419,31.054909203));
#1103=CARTESIAN_POINT('',(-117.733326949,-23.903206945,26.856519027));
#1104=CARTESIAN_POINT('',(-117.658232195,-23.827803324,22.658130213));
#1105=CARTESIAN_POINT('',(-117.583136833,-23.752400135,18.459737397));
#1106=CARTESIAN_POINT('',(-117.861751955,-23.62978192,31.054909203));
#1107=CARTESIAN_POINT('',(-117.790828732,-23.558567916,26.856519027));
#1108=CARTESIAN_POINT('',(-117.719905715,-23.487353775,22.658130213));
#1109=CARTESIAN_POINT('',(-117.648982091,-23.416140036,18.459737397));
#1110=CARTESIAN_POINT('',(-117.913758396,-23.273103466,31.054909203));
#1111=CARTESIAN_POINT('',(-117.847007241,-23.206078311,26.856519027));
#1112=CARTESIAN_POINT('',(-117.780256285,-23.139053026,22.658130213));
#1113=CARTESIAN_POINT('',(-117.713504744,-23.072028126,18.459737397));
#1114=CARTESIAN_POINT('',(-117.939105678,-23.090814925,31.054909203));
#1115=CARTESIAN_POINT('',(-117.874440752,-23.025883831,26.856519027));
#1116=CARTESIAN_POINT('',(-117.809776017,-22.960952608,22.658130213));
#1117=CARTESIAN_POINT('',(-117.745110718,-22.896021767,18.459737397));
#1118=CARTESIAN_POINT('',(-118.012896324,-22.531296862,31.054909203));
#1119=CARTESIAN_POINT('',(-117.954490748,-22.472646709,26.856519027));
#1120=CARTESIAN_POINT('',(-117.89608534,-22.413996413,22.658130213));
#1121=CARTESIAN_POINT('',(-117.837679438,-22.355346541,18.459737397));
#1122=CARTESIAN_POINT('',(-118.059021211,-22.141705024,31.054909203));
#1123=CARTESIAN_POINT('',(-118.004789077,-22.087241152,26.856519027));
#1124=CARTESIAN_POINT('',(-117.950557092,-22.032777112,22.658130213));
#1125=CARTESIAN_POINT('',(-117.89632467,-21.978313567,18.459737397));
#1126=CARTESIAN_POINT('',(-118.110906809,-21.63557726,31.054909203));
#1127=CARTESIAN_POINT('',(-118.061887355,-21.586353919,26.856519027));
#1128=CARTESIAN_POINT('',(-118.012868042,-21.537130416,22.658130213));
#1129=CARTESIAN_POINT('',(-117.963848313,-21.487907386,18.459737397));
#1130=CARTESIAN_POINT('',(-118.120997074,-21.533388582,31.054909203));
#1131=CARTESIAN_POINT('',(-118.073019922,-21.485213779,26.856519027));
#1132=CARTESIAN_POINT('',(-118.025042913,-21.43703882,22.658130213));
#1133=CARTESIAN_POINT('',(-117.977065488,-21.388864322,18.459737397));
#1134=CARTESIAN_POINT('',(-118.160089746,-21.1209511,31.054909203));
#1135=CARTESIAN_POINT('',(-118.116281021,-21.076971921,26.856519027));
#1136=CARTESIAN_POINT('',(-118.072472437,-21.032992608,22.658130213));
#1137=CARTESIAN_POINT('',(-118.028663435,-20.989013689,18.459737397));
#1138=CARTESIAN_POINT('',(-118.186531486,-20.803425874,31.054909203));
#1139=CARTESIAN_POINT('',(-118.145847684,-20.762596012,26.856519027));
#1140=CARTESIAN_POINT('',(-118.105164027,-20.721766046,22.658130213));
#1141=CARTESIAN_POINT('',(-118.06447994,-20.680936382,18.459737397));
#1142=CARTESIAN_POINT('',(-118.223895469,-20.264509993,31.054909203));
#1143=CARTESIAN_POINT('',(-118.188427784,-20.228914222,26.856519027));
#1144=CARTESIAN_POINT('',(-118.152960162,-20.19331834,22.658130213));
#1145=CARTESIAN_POINT('',(-118.117492353,-20.157722782,18.459737397));
#1146=CARTESIAN_POINT('',(-118.237032887,-20.046361906,31.054909203));
#1147=CARTESIAN_POINT('',(-118.203654626,-20.012854216,26.856519027));
#1148=CARTESIAN_POINT('',(-118.170276365,-19.979346393,22.658130213));
#1149=CARTESIAN_POINT('',(-118.136898105,-19.945838959,18.459737397));
#1150=CARTESIAN_POINT('',(-118.257347241,-19.642721806,31.054909203));
#1151=CARTESIAN_POINT('',(-118.227803565,-19.613040397,26.856519027));
#1152=CARTESIAN_POINT('',(-118.198259744,-19.583358773,22.658130213));
#1153=CARTESIAN_POINT('',(-118.168716349,-19.553677782,18.459737397));
#1154=CARTESIAN_POINT('',(-118.265162306,-19.457805972,31.054909203));
#1155=CARTESIAN_POINT('',(-118.237362971,-19.429864292,26.856519027));
#1156=CARTESIAN_POINT('',(-118.209563419,-19.401922343,22.658130213));
#1157=CARTESIAN_POINT('',(-118.181764503,-19.373981186,18.459737397));
#1158=CARTESIAN_POINT('',(-118.27144062,-19.271937804,31.054909203));
#1159=CARTESIAN_POINT('',(-118.245383302,-19.245740175,26.856519027));
#1160=CARTESIAN_POINT('',(-118.219325713,-19.219542208,22.658130213));
#1161=CARTESIAN_POINT('',(-118.193268917,-19.193345236,18.459737397));
#1162=B_SPLINE_SURFACE_WITH_KNOTS('',3,3,((#890,#891,#892,#893),(#894,#895,#896,#897),(#898,#899,#900,#901),(#902,#903,#904,#905),(#906,#907,#908,#909),(#910,#911,#912,#913),(#914,#915,#916,#917),(#918,#919,#920,#921),(#922,#923,#924,#925),(#926,#927,#928,#929),(#930,#931,#932,#933),(#934,#935,#936,#937),(#938,#939,#940,#941),(#942,#943,#944,#945),(#946,#947,#948,#949),(#950,#951,#952,#953),(#954,#955,#956,#957),(#958,#959,#960,#961),(#962,#963,#964,#965),(#966,#967,#968,#969),(#970,#971,#972,#973),(#974,#975,#976,#977),(#978,#979,#980,#981),(#982,#983,#984,#985),(#986,#987,#988,#989),(#990,#991,#992,#993),
(#994,#995,#996,#997),(#998,#999,#1000,#1001),(#1002,#1003,#1004,#1005),(#1006,#1007,#1008,#1009),(#1010,#1011,#1012,#1013),(#1014,#1015,#1016,#1017),(#1018,#1019,#1020,#1021),(#1022,#1023,#1024,#1025),(#1026,#1027,#1028,#1029),(#1030,#1031,#1032,#1033),(#1034,#1035,#1036,#1037),(#1038,#1039,#1040,#1041),(#1042,#1043,#1044,#1045),(#1046,#1047,#1048,#1049),(#1050,#1051,#1052,#1053),(#1054,#1055,#1056,#1057),(#1058,#1059,#1060,#1061),(#1062,#1063,#1064,#1065),(#1066,#1067,#1068,#1069),(#1070,#1071,#1072,#1073),(#1074,#1075,#1076,#1077),(#1078,#1079,#1080,#1081),(#1082,#1083,#1084,#1085),(#1086,#1087,#1088,#1089),(#1090,#1091,#1092,#1093),
(#1094,#1095,#1096,#1097),(#1098,#1099,#1100,#1101),(#1102,#1103,#1104,#1105),(#1106,#1107,#1108,#1109),(#1110,#1111,#1112,#1113),(#1114,#1115,#1116,#1117),(#1118,#1119,#1120,#1121),(#1122,#1123,#1124,#1125),(#1126,#1127,#1128,#1129),(#1130,#1131,#1132,#1133),(#1134,#1135,#1136,#1137),(#1138,#1139,#1140,#1141),(#1142,#1143,#1144,#1145),(#1146,#1147,#1148,#1149),(#1150,#1151,#1152,#1153),(#1154,#1155,#1156,#1157),(#1158,#1159,#1160,#1161)),.UNSPECIFIED.,.F.,.F.,.U.,(4,2,2,2,2,2,1,1,2,2,2,2,2,1,2,2,2,2,2,2,2,2,2,2,2,2,
2,2,1,2,2,2,2,2,2,4),(4,4),(0.220448997,0.256634264,0.268820587,0.293193234,0.305379558,0.341938528,0.366311176,0.378497499,0.390683823,0.41505647,0.439429117,0.463801764,0.488174411,0.512547058,0.524733382,0.536919705,0.561292352,0.585664999,0.597851323,0.62222397,0.634410294,0.658782941,0.695341911,0.707528235,0.756273529,0.780646176,
0.805018823,0.841577794,0.853764117,0.865950441,0.878136765,0.902509412,0.908602573,0.926882059,0.939068382,0.949234968),(0.120323745,0.96000188),.UNSPECIFIED.);
#1163=CARTESIAN_POINT('',(-114.808851702,-31.900743774,19.109359634));
#1164=VERTEX_POINT('',#1163);
#1165=CARTESIAN_POINT('',(-115.150753285,-31.177430104,19.10869151));
#1166=VERTEX_POINT('',#1165);
#1167=CARTESIAN_POINT('',(-114.808851702,-31.900743774,19.109359631));
#1168=CARTESIAN_POINT('',(-114.926651244,-31.661450428,19.109454814));
#1169=CARTESIAN_POINT('',(-115.040082308,-31.42009249,19.109187635));
#1170=CARTESIAN_POINT('',(-115.150753285,-31.177430104,19.10869151));
#1171=B_SPLINE_CURVE_WITH_KNOTS('',3,(#1167,#1168,#1169,#1170),.UNSPECIFIED.,.F.,.F.,(4,4),(0.,0.00080005),.UNSPECIFIED.);
#1172=EDGE_CURVE('',#1164,#1166,#1171,.T.);
#1173=ORIENTED_EDGE('',*,*,#1172,.T.);
#1174=CARTESIAN_POINT('',(-115.110947383,-31.158069178,18.466193803));
#1175=VERTEX_POINT('',#1174);
#1176=CARTESIAN_POINT('',(-115.110947383,-31.158069178,18.466193803));
#1177=CARTESIAN_POINT('',(-115.124240737,-31.164534843,18.680357812));
#1178=CARTESIAN_POINT('',(-115.137509316,-31.170988459,18.894523718));
#1179=CARTESIAN_POINT('',(-115.150753285,-31.177430104,19.10869151));
#1180=B_SPLINE_CURVE_WITH_KNOTS('',3,(#1176,#1177,#1178,#1179),.UNSPECIFIED.,.F.,.F.,(4,4),(0.,0.000644021),.UNSPECIFIED.);
#1181=EDGE_CURVE('',#1175,#1166,#1180,.T.);
#1182=ORIENTED_EDGE('',*,*,#1181,.F.);
#1183=CARTESIAN_POINT('',(-114.764861011,-31.879347436,18.466193803));
#1184=VERTEX_POINT('',#1183);
#1185=CARTESIAN_POINT('',(-114.764861011,-31.879347436,18.466193803));
#1186=CARTESIAN_POINT('',(-114.884070498,-31.640767406,18.466193803));
#1187=CARTESIAN_POINT('',(-114.99890773,-31.400089464,18.466193803));
#1188=CARTESIAN_POINT('',(-115.110947383,-31.158069178,18.466193803));
#1189=B_SPLINE_CURVE_WITH_KNOTS('',3,(#1185,#1186,#1187,#1188),.UNSPECIFIED.,.F.,.F.,(4,4),(0.,0.000800011),.UNSPECIFIED.);
#1190=EDGE_CURVE('',#1184,#1175,#1189,.T.);
#1191=ORIENTED_EDGE('',*,*,#1190,.F.);
#1192=CARTESIAN_POINT('',(-114.808851702,-31.900743774,19.109359634));
#1193=CARTESIAN_POINT('',(-114.794216266,-31.893625342,18.894968645));
#1194=CARTESIAN_POINT('',(-114.779552772,-31.886493263,18.680580029));
#1195=CARTESIAN_POINT('',(-114.764861011,-31.879347436,18.466193803));
#1196=B_SPLINE_CURVE_WITH_KNOTS('',3,(#1192,#1193,#1194,#1195),.UNSPECIFIED.,.F.,.F.,(4,4),(0.000044462,0.000689485),.UNSPECIFIED.);
#1197=EDGE_CURVE('',#1164,#1184,#1196,.T.);
#1198=ORIENTED_EDGE('',*,*,#1197,.F.);
#1199=EDGE_LOOP('',(#1173,#1182,#1191,#1198));
#1200=FACE_BOUND('',#1199,.T.);
#1201=CARTESIAN_POINT('',(-112.770680276,-38.237268337,31.045935329));
#1202=VERTEX_POINT('',#1201);
#1203=CARTESIAN_POINT('',(-114.971449874,-33.83365227,31.049361152));
#1204=VERTEX_POINT('',#1203);
#1205=CARTESIAN_POINT('',(-112.770680251,-38.237268324,31.045935326));
#1206=CARTESIAN_POINT('',(-112.960114824,-37.872921195,31.04622581));
#1207=CARTESIAN_POINT('',(-113.160231556,-37.514313076,31.046474939));
#1208=CARTESIAN_POINT('',(-113.358293827,-37.154600639,31.04677147));
#1209=CARTESIAN_POINT('',(-113.556356098,-36.794888202,31.047068));
#1210=CARTESIAN_POINT('',(-113.751674468,-36.433609961,31.047347529));
#1211=CARTESIAN_POINT('',(-113.938338553,-36.067837613,31.047654554));
#1212=CARTESIAN_POINT('',(-114.311666723,-35.336292918,31.048268604));
#1213=CARTESIAN_POINT('',(-114.647116677,-34.587503188,31.048822563));
#1214=CARTESIAN_POINT('',(-114.971449874,-33.83365227,31.049361152));
#1215=B_SPLINE_CURVE_WITH_KNOTS('',3,(#1205,#1206,#1207,#1208,#1209,#1210,#1211,#1212,#1213,#1214),.UNSPECIFIED.,.F.,.F.,(4,3,3,4),(0.000020096,0.001251938,0.002483779,0.004947463),.UNSPECIFIED.);
#1216=EDGE_CURVE('',#1202,#1204,#1215,.T.);
#1217=ORIENTED_EDGE('',*,*,#1216,.F.);
#1218=CARTESIAN_POINT('',(-111.519517192,-37.131161465,18.459765259));
#1219=VERTEX_POINT('',#1218);
#1220=CARTESIAN_POINT('',(-112.770680276,-38.237268337,31.045935329));
#1221=CARTESIAN_POINT('',(-112.563219965,-38.056214827,28.94784673));
#1222=CARTESIAN_POINT('',(-112.356111164,-37.871815895,26.850013414));
#1223=CARTESIAN_POINT('',(-112.147807109,-37.6871241,24.752325572));
#1224=CARTESIAN_POINT('',(-111.939503054,-37.502432305,22.65463773));
#1225=CARTESIAN_POINT('',(-111.730201916,-37.317005356,20.557113565));
#1226=CARTESIAN_POINT('',(-111.519517192,-37.131161465,18.459765259));
#1227=B_SPLINE_CURVE_WITH_KNOTS('',3,(#1220,#1221,#1222,#1223,#1224,#1225,#1226),.UNSPECIFIED.,.F.,.F.,(4,3,4),(0.001829293,0.008177534,0.014525775),.UNSPECIFIED.);
#1228=EDGE_CURVE('',#1202,#1219,#1227,.T.);
#1229=ORIENTED_EDGE('',*,*,#1228,.T.);
#1230=CARTESIAN_POINT('',(-114.008097622,-33.290488141,18.459765259));
#1231=VERTEX_POINT('',#1230);
#1232=CARTESIAN_POINT('',(-111.519517195,-37.131161467,18.459765259));
#1233=CARTESIAN_POINT('',(-111.741595768,-36.820780333,18.459765259));
#1234=CARTESIAN_POINT('',(-111.962703876,-36.509754658,18.459765259));
#1235=CARTESIAN_POINT('',(-112.182243458,-36.197687238,18.459765259));
#1236=CARTESIAN_POINT('',(-112.40178304,-35.885619817,18.459765259));
#1237=CARTESIAN_POINT('',(-112.618192149,-35.571473274,18.459765259));
#1238=CARTESIAN_POINT('',(-112.827851529,-35.252843856,18.459765259));
#1239=CARTESIAN_POINT('',(-113.037510908,-34.934214438,18.459765259));
#1240=CARTESIAN_POINT('',(-113.240163101,-34.610931155,18.459765259));
#1241=CARTESIAN_POINT('',(-113.436047849,-34.283153232,18.459765259));
#1242=CARTESIAN_POINT('',(-113.631932597,-33.955375308,18.459765259));
#1243=CARTESIAN_POINT('',(-113.821468052,-33.623454935,18.459765259));
#1244=CARTESIAN_POINT('',(-114.008097622,-33.290488141,18.459765259));
#1245=B_SPLINE_CURVE_WITH_KNOTS('',3,(#1232,#1233,#1234,#1235,#1236,#1237,#1238,#1239,#1240,#1241,#1242,#1243,#1244),.UNSPECIFIED.,.F.,.F.,(4,3,3,3,4),(0.000005277,0.001149528,0.00229378,0.003438032,0.004582283),.UNSPECIFIED.);
#1246=EDGE_CURVE('',#1219,#1231,#1245,.T.);
#1247=ORIENTED_EDGE('',*,*,#1246,.T.);
#1248=CARTESIAN_POINT('',(-114.060601624,-33.316025212,19.105320951));
#1249=VERTEX_POINT('',#1248);
#1250=CARTESIAN_POINT('',(-114.008097624,-33.290488139,18.459765258));
#1251=CARTESIAN_POINT('',(-114.025631365,-33.299016258,18.674947231));
#1252=CARTESIAN_POINT('',(-114.043132631,-33.307528585,18.890132468));
#1253=CARTESIAN_POINT('',(-114.060601624,-33.316025212,19.105320951));
#1254=B_SPLINE_CURVE_WITH_KNOTS('',3,(#1250,#1251,#1252,#1253),.UNSPECIFIED.,.F.,.F.,(4,4),(0.,0.000648191),.UNSPECIFIED.);
#1255=EDGE_CURVE('',#1231,#1249,#1254,.T.);
#1256=ORIENTED_EDGE('',*,*,#1255,.T.);
#1257=CARTESIAN_POINT('',(-114.443386039,-32.612596269,19.108062489));
#1258=VERTEX_POINT('',#1257);
#1259=CARTESIAN_POINT('',(-114.060601624,-33.316025212,19.105320948));
#1260=CARTESIAN_POINT('',(-114.18989923,-33.082476075,19.106380057));
#1261=CARTESIAN_POINT('',(-114.318002407,-32.84827657,19.107337271));
#1262=CARTESIAN_POINT('',(-114.443386039,-32.612596269,19.108062489));
#1263=B_SPLINE_CURVE_WITH_KNOTS('',3,(#1259,#1260,#1261,#1262),.UNSPECIFIED.,.F.,.F.,(4,4),(0.,0.000800839),.UNSPECIFIED.);
#1264=EDGE_CURVE('',#1249,#1258,#1263,.T.);
#1265=ORIENTED_EDGE('',*,*,#1264,.T.);
#1266=CARTESIAN_POINT('',(-114.394761309,-32.588946012,18.459765259));
#1267=VERTEX_POINT('',#1266);
#1268=CARTESIAN_POINT('',(-114.443386039,-32.612596269,19.108062489));
#1269=CARTESIAN_POINT('',(-114.427208499,-32.604727783,18.891960565));
#1270=CARTESIAN_POINT('',(-114.411000306,-32.596844389,18.675861483));
#1271=CARTESIAN_POINT('',(-114.394761309,-32.588946012,18.459765258));
#1272=B_SPLINE_CURVE_WITH_KNOTS('',3,(#1268,#1269,#1270,#1271),.UNSPECIFIED.,.F.,.F.,(4,4),(0.000045789,0.000696337),.UNSPECIFIED.);
#1273=EDGE_CURVE('',#1258,#1267,#1272,.T.);
#1274=ORIENTED_EDGE('',*,*,#1273,.T.);
#1275=CARTESIAN_POINT('',(-115.440922212,-30.428954534,18.459765259));
#1276=VERTEX_POINT('',#1275);
#1277=CARTESIAN_POINT('',(-114.394761309,-32.588946012,18.459765259));
#1278=CARTESIAN_POINT('',(-114.584789283,-32.236533211,18.459765259));
#1279=CARTESIAN_POINT('',(-114.767327736,-31.880494262,18.459765259));
#1280=CARTESIAN_POINT('',(-114.940212352,-31.519781283,18.459765259));
#1281=CARTESIAN_POINT('',(-115.113096968,-31.159068305,18.459765259));
#1282=CARTESIAN_POINT('',(-115.278183709,-30.794579884,18.459765259));
#1283=CARTESIAN_POINT('',(-115.440922212,-30.428954534,18.459765259));
#1284=B_SPLINE_CURVE_WITH_KNOTS('',3,(#1277,#1278,#1279,#1280,#1281,#1282,#1283),.UNSPECIFIED.,.F.,.F.,(4,3,4),(0.005383049,0.00658431,0.007785572),.UNSPECIFIED.);
#1285=EDGE_CURVE('',#1267,#1276,#1284,.T.);
#1286=ORIENTED_EDGE('',*,*,#1285,.T.);
#1287=CARTESIAN_POINT('',(-115.477118594,-30.44655985,19.106727653));
#1288=VERTEX_POINT('',#1287);
#1289=CARTESIAN_POINT('',(-115.440922212,-30.428954534,18.459765258));
#1290=CARTESIAN_POINT('',(-115.453009671,-30.434833672,18.675417868));
#1291=CARTESIAN_POINT('',(-115.465075083,-30.440702087,18.891072003));
#1292=CARTESIAN_POINT('',(-115.477118595,-30.44655985,19.106727653));
#1293=B_SPLINE_CURVE_WITH_KNOTS('',3,(#1289,#1290,#1291,#1292),.UNSPECIFIED.,.F.,.F.,(4,4),(0.,0.000648213),.UNSPECIFIED.);
#1294=EDGE_CURVE('',#1276,#1288,#1293,.T.);
#1295=ORIENTED_EDGE('',*,*,#1294,.T.);
#1296=CARTESIAN_POINT('',(-115.792870973,-29.710527644,19.103878663));
#1297=VERTEX_POINT('',#1296);
#1298=CARTESIAN_POINT('',(-115.477118595,-30.44655985,19.10672765));
#1299=CARTESIAN_POINT('',(-115.584341458,-30.202061163,19.105938727));
#1300=CARTESIAN_POINT('',(-115.690162891,-29.956961714,19.105035576));
#1301=CARTESIAN_POINT('',(-115.792870973,-29.710527644,19.103878663));
#1302=B_SPLINE_CURVE_WITH_KNOTS('',3,(#1298,#1299,#1300,#1301),.UNSPECIFIED.,.F.,.F.,(4,4),(0.,0.000800906),.UNSPECIFIED.);
#1303=EDGE_CURVE('',#1288,#1297,#1302,.T.);
#1304=ORIENTED_EDGE('',*,*,#1303,.T.);
#1305=CARTESIAN_POINT('',(-115.760581518,-29.694822592,18.459765259));
#1306=VERTEX_POINT('',#1305);
#1307=CARTESIAN_POINT('',(-115.760581518,-29.694822592,18.459765258));
#1308=CARTESIAN_POINT('',(-115.771363342,-29.700066691,18.674468569));
#1309=CARTESIAN_POINT('',(-115.782126448,-29.705301686,18.88917304));
#1310=CARTESIAN_POINT('',(-115.792870973,-29.710527644,19.103878663));
#1311=B_SPLINE_CURVE_WITH_KNOTS('',3,(#1307,#1308,#1309,#1310),.UNSPECIFIED.,.F.,.F.,(4,4),(0.,0.000645113),.UNSPECIFIED.);
#1312=EDGE_CURVE('',#1306,#1297,#1311,.T.);
#1313=ORIENTED_EDGE('',*,*,#1312,.F.);
#1314=CARTESIAN_POINT('',(-118.100267965,-20.327481904,18.459765259));
#1315=VERTEX_POINT('',#1314);
#1316=CARTESIAN_POINT('',(-115.760581518,-29.694822592,18.459765259));
#1317=CARTESIAN_POINT('',(-115.918560561,-29.321389573,18.459765259));
#1318=CARTESIAN_POINT('',(-116.069222297,-28.943726453,18.459765259));
#1319=CARTESIAN_POINT('',(-116.210995635,-28.563539467,18.459765259));
#1320=CARTESIAN_POINT('',(-116.352768972,-28.18335248,18.459765259));
#1321=CARTESIAN_POINT('',(-116.485958304,-27.801176196,18.459765259));
#1322=CARTESIAN_POINT('',(-116.611698172,-27.417273537,18.459765259));
#1323=CARTESIAN_POINT('',(-116.863177909,-26.649468219,18.459765259));
#1324=CARTESIAN_POINT('',(-117.085252009,-25.874848298,18.459765259));
#1325=CARTESIAN_POINT('',(-117.279033204,-25.093671644,18.459765259));
#1326=CARTESIAN_POINT('',(-117.472814399,-24.31249499,18.459765259));
#1327=CARTESIAN_POINT('',(-117.63716601,-23.524498183,18.459765259));
#1328=CARTESIAN_POINT('',(-117.773530014,-22.730015395,18.459765259));
#1329=CARTESIAN_POINT('',(-117.909894019,-21.935532606,18.459765259));
#1330=CARTESIAN_POINT('',(-118.01946966,-21.134841754,18.459765259));
#1331=CARTESIAN_POINT('',(-118.100267965,-20.327481904,18.459765259));
#1332=B_SPLINE_CURVE_WITH_KNOTS('',3,(#1316,#1317,#1318,#1319,#1320,#1321,#1322,#1323,#1324,#1325,#1326,#1327,#1328,#1329,#1330,#1331),.UNSPECIFIED.,.F.,.F.,(4,3,3,3,3,4),(0.008586472,0.009802609,0.011018746,0.01345102,0.015883295,0.018315569),.UNSPECIFIED.);
#1333=EDGE_CURVE('',#1306,#1315,#1332,.T.);
#1334=ORIENTED_EDGE('',*,*,#1333,.T.);
#1335=CARTESIAN_POINT('',(-118.189400378,-19.253367992,18.461685042));
#1336=VERTEX_POINT('',#1335);
#1337=CARTESIAN_POINT('',(-118.100267965,-20.327481904,18.459765259));
#1338=CARTESIAN_POINT('',(-118.136052567,-19.969977846,18.46037155));
#1339=CARTESIAN_POINT('',(-118.165859913,-19.611886003,18.461011274));
#1340=CARTESIAN_POINT('',(-118.189400378,-19.253367992,18.461685042));
#1341=B_SPLINE_CURVE_WITH_KNOTS('',3,(#1337,#1338,#1339,#1340),.UNSPECIFIED.,.F.,.F.,(4,4),(0.,0.001077844),.UNSPECIFIED.);
#1342=EDGE_CURVE('',#1315,#1336,#1341,.T.);
#1343=ORIENTED_EDGE('',*,*,#1342,.T.);
#1344=CARTESIAN_POINT('',(-118.25159627,-19.252654157,27.861822863));
#1345=VERTEX_POINT('',#1344);
#1346=CARTESIAN_POINT('',(-118.25159627,-19.252654157,27.861822863));
#1347=CARTESIAN_POINT('',(-118.231363171,-19.252048999,24.72844025));
#1348=CARTESIAN_POINT('',(-118.210607444,-19.253124131,21.595061147));
#1349=CARTESIAN_POINT('',(-118.189400378,-19.253367987,18.461685042));
#1350=B_SPLINE_CURVE_WITH_KNOTS('',3,(#1346,#1347,#1348,#1349),.UNSPECIFIED.,.F.,.F.,(4,4),(0.,0.009400344),.UNSPECIFIED.);
#1351=EDGE_CURVE('',#1345,#1336,#1350,.T.);
#1352=ORIENTED_EDGE('',*,*,#1351,.F.);
#1353=CARTESIAN_POINT('',(-118.020984785,-22.450292775,31.054877016));
#1354=VERTEX_POINT('',#1353);
#1355=CARTESIAN_POINT('',(-118.020984785,-22.450292775,31.054877016));
#1356=CARTESIAN_POINT('',(-118.046262005,-22.240457797,31.05494139));
#1357=CARTESIAN_POINT('',(-118.069180648,-22.033839319,31.034638789));
#1358=CARTESIAN_POINT('',(-118.090018042,-21.830360905,30.994589874));
#1359=CARTESIAN_POINT('',(-118.100436739,-21.728621698,30.974565417));
#1360=CARTESIAN_POINT('',(-118.110334053,-21.6276728,30.9495726));
#1361=CARTESIAN_POINT('',(-118.119734444,-21.527538806,30.919481929));
#1362=CARTESIAN_POINT('',(-118.129134834,-21.427404813,30.889391257));
#1363=CARTESIAN_POINT('',(-118.138063211,-21.327753034,30.854013015));
#1364=CARTESIAN_POINT('',(-118.146334562,-21.231064187,30.814224115));
#1365=CARTESIAN_POINT('',(-118.162877263,-21.037686495,30.734646316));
#1366=CARTESIAN_POINT('',(-118.176999289,-20.854104143,30.637108485));
#1367=CARTESIAN_POINT('',(-118.189107658,-20.680279941,30.521733578));
#1368=CARTESIAN_POINT('',(-118.201216027,-20.506455739,30.406358672));
#1369=CARTESIAN_POINT('',(-118.21132749,-20.341546625,30.271773));
#1370=CARTESIAN_POINT('',(-118.21943014,-20.193675095,30.124603197));
#1371=CARTESIAN_POINT('',(-118.22753279,-20.045803564,29.977433394));
#1372=CARTESIAN_POINT('',(-118.233779055,-19.913067131,29.816759603));
#1373=CARTESIAN_POINT('',(-118.238643822,-19.795821528,29.642288027));
#1374=CARTESIAN_POINT('',(-118.241076205,-19.737198727,29.555052239));
#1375=CARTESIAN_POINT('',(-118.243157524,-19.682507145,29.464249034));
#1376=CARTESIAN_POINT('',(-118.244900835,-19.632945569,29.371967738));
#1377=CARTESIAN_POINT('',(-118.246644146,-19.583383993,29.279686441));
#1378=CARTESIAN_POINT('',(-118.248064599,-19.538601565,29.185443729));
#1379=CARTESIAN_POINT('',(-118.249214179,-19.498523331,29.089270928));
#1380=CARTESIAN_POINT('',(-118.251513341,-19.418366863,28.896925324));
#1381=CARTESIAN_POINT('',(-118.252748686,-19.356674824,28.695828131));
#1382=CARTESIAN_POINT('',(-118.25310801,-19.315161928,28.489047008));
#1383=CARTESIAN_POINT('',(-118.253467334,-19.273649033,28.282265884));
#1384=CARTESIAN_POINT('',(-118.252961185,-19.252695755,28.073204201));
#1385=CARTESIAN_POINT('',(-118.25159627,-19.252654157,27.861822863));
#1386=B_SPLINE_CURVE_WITH_KNOTS('',3,(#1355,#1356,#1357,#1358,#1359,#1360,#1361,#1362,#1363,#1364,#1365,#1366,#1367,#1368,#1369,#1370,#1371,#1372,#1373,#1374,#1375,#1376,#1377,#1378,#1379,#1380,
#1381,#1382,#1383,#1384,#1385),.UNSPECIFIED.,.F.,.F.,(4,3,3,3,3,3,3,3,3,3,4),(0.,0.00062507,0.000937604,0.001250139,0.001875209,0.002500278,0.003125348,0.003437882,0.003750417,0.004375487,0.005000556),.UNSPECIFIED.);
#1387=EDGE_CURVE('',#1354,#1345,#1386,.T.);
#1388=ORIENTED_EDGE('',*,*,#1387,.F.);
#1389=CARTESIAN_POINT('',(-116.345573353,-30.076696087,31.051948887));
#1390=VERTEX_POINT('',#1389);
#1391=CARTESIAN_POINT('',(-116.345573353,-30.076696087,31.051948887));
#1392=CARTESIAN_POINT('',(-116.741652513,-28.834696465,31.052682214));
#1393=CARTESIAN_POINT('',(-117.082830179,-27.575977121,31.053229431));
#1394=CARTESIAN_POINT('',(-117.364292654,-26.303423458,31.05369611));
#1395=CARTESIAN_POINT('',(-117.505023891,-25.667146626,31.05392945));
#1396=CARTESIAN_POINT('',(-117.630752047,-25.027394933,31.054144533));
#1397=CARTESIAN_POINT('',(-117.740218612,-24.384913087,31.054342477));
#1398=CARTESIAN_POINT('',(-117.849685176,-23.742431241,31.054540421));
#1399=CARTESIAN_POINT('',(-117.943018485,-23.097519323,31.054688079));
#1400=CARTESIAN_POINT('',(-118.020984785,-22.450292775,31.054877016));
#1401=B_SPLINE_CURVE_WITH_KNOTS('',3,(#1391,#1392,#1393,#1394,#1395,#1396,#1397,#1398,#1399,#1400),.UNSPECIFIED.,.F.,.F.,(4,3,3,4),(0.008953897,0.01286887,0.014826356,0.016783842),.UNSPECIFIED.);
#1402=EDGE_CURVE('',#1390,#1354,#1401,.T.);
#1403=ORIENTED_EDGE('',*,*,#1402,.F.);
#1404=CARTESIAN_POINT('',(-116.322565654,-30.064161877,30.56118276));
#1405=VERTEX_POINT('',#1404);
#1406=CARTESIAN_POINT('',(-116.345573353,-30.076696087,31.051948887));
#1407=CARTESIAN_POINT('',(-116.337912856,-30.072521098,30.88835969));
#1408=CARTESIAN_POINT('',(-116.330243646,-30.068343037,30.72477098));
#1409=CARTESIAN_POINT('',(-116.322565654,-30.064161877,30.56118276));
#1410=B_SPLINE_CURVE_WITH_KNOTS('',3,(#1406,#1407,#1408,#1409),.UNSPECIFIED.,.F.,.F.,(4,4),(0.000078721,0.000570186),.UNSPECIFIED.);
#1411=EDGE_CURVE('',#1390,#1405,#1410,.T.);
#1412=ORIENTED_EDGE('',*,*,#1411,.T.);
#1413=CARTESIAN_POINT('',(-116.070907888,-30.823670072,30.553240775));
#1414=VERTEX_POINT('',#1413);
#1415=CARTESIAN_POINT('',(-116.322565654,-30.064161877,30.56118276));
#1416=CARTESIAN_POINT('',(-116.240532976,-30.317943818,30.558390345));
#1417=CARTESIAN_POINT('',(-116.156301308,-30.570998938,30.555770084));
#1418=CARTESIAN_POINT('',(-116.070907888,-30.823670072,30.553240775));
#1419=B_SPLINE_CURVE_WITH_KNOTS('',3,(#1415,#1416,#1417,#1418),.UNSPECIFIED.,.F.,.F.,(4,4),(0.,0.000800155),.UNSPECIFIED.);
#1420=EDGE_CURVE('',#1405,#1414,#1419,.T.);
#1421=ORIENTED_EDGE('',*,*,#1420,.T.);
#1422=CARTESIAN_POINT('',(-116.096976519,-30.837352602,31.051474935));
#1423=VERTEX_POINT('',#1422);
#1424=CARTESIAN_POINT('',(-116.070907888,-30.823670072,30.553240775));
#1425=CARTESIAN_POINT('',(-116.079608619,-30.828234861,30.719318135));
#1426=CARTESIAN_POINT('',(-116.088298135,-30.832795695,30.88539619));
#1427=CARTESIAN_POINT('',(-116.096976519,-30.837352602,31.051474935));
#1428=B_SPLINE_CURVE_WITH_KNOTS('',3,(#1424,#1425,#1426,#1427),.UNSPECIFIED.,.F.,.F.,(4,4),(0.000044857,0.00054396),.UNSPECIFIED.);
#1429=EDGE_CURVE('',#1414,#1423,#1428,.T.);
#1430=ORIENTED_EDGE('',*,*,#1429,.T.);
#1431=CARTESIAN_POINT('',(-115.840332021,-31.595166243,31.050993202));
#1432=VERTEX_POINT('',#1431);
#1433=CARTESIAN_POINT('',(-115.840332021,-31.595166243,31.050993202));
#1434=CARTESIAN_POINT('',(-115.92726085,-31.343053731,31.051158542));
#1435=CARTESIAN_POINT('',(-116.012639355,-31.090388715,31.051310309));
#1436=CARTESIAN_POINT('',(-116.096976519,-30.837352602,31.051474935));
#1437=B_SPLINE_CURVE_WITH_KNOTS('',3,(#1433,#1434,#1435,#1436),.UNSPECIFIED.,.F.,.F.,(4,4),(0.007351637,0.008152773),.UNSPECIFIED.);
#1438=EDGE_CURVE('',#1432,#1423,#1437,.T.);
#1439=ORIENTED_EDGE('',*,*,#1438,.F.);
#1440=CARTESIAN_POINT('',(-115.811030458,-31.580280534,30.545948223));
#1441=VERTEX_POINT('',#1440);
#1442=CARTESIAN_POINT('',(-115.811030458,-31.580280534,30.545948223));
#1443=CARTESIAN_POINT('',(-115.82081127,-31.585247242,30.714295618));
#1444=CARTESIAN_POINT('',(-115.830578424,-31.590209133,30.882643946));
#1445=CARTESIAN_POINT('',(-115.840332021,-31.595166243,31.050993202));
#1446=B_SPLINE_CURVE_WITH_KNOTS('',3,(#1442,#1443,#1444,#1445),.UNSPECIFIED.,.F.,.F.,(4,4),(0.00004435,0.000550463),.UNSPECIFIED.);
#1447=EDGE_CURVE('',#1441,#1432,#1446,.T.);
#1448=ORIENTED_EDGE('',*,*,#1447,.F.);
#1449=CARTESIAN_POINT('',(-115.539074532,-32.332632886,30.53961));
#1450=VERTEX_POINT('',#1449);
#1451=CARTESIAN_POINT('',(-115.811030458,-31.580280534,30.545948226));
#1452=CARTESIAN_POINT('',(-115.72298519,-31.832005168,30.543628821));
#1453=CARTESIAN_POINT('',(-115.632991139,-32.083026668,30.541463918));
#1454=CARTESIAN_POINT('',(-115.539074532,-32.332632886,30.53961));
#1455=B_SPLINE_CURVE_WITH_KNOTS('',3,(#1451,#1452,#1453,#1454),.UNSPECIFIED.,.F.,.F.,(4,4),(0.,0.000800021),.UNSPECIFIED.);
#1456=EDGE_CURVE('',#1441,#1450,#1455,.T.);
#1457=ORIENTED_EDGE('',*,*,#1456,.T.);
#1458=CARTESIAN_POINT('',(-115.571834657,-32.348792522,31.050468674));
#1459=VERTEX_POINT('',#1458);
#1460=CARTESIAN_POINT('',(-115.571834657,-32.348792522,31.050468674));
#1461=CARTESIAN_POINT('',(-115.560931049,-32.343411771,30.880181212));
#1462=CARTESIAN_POINT('',(-115.550011049,-32.33802524,30.709894985));
#1463=CARTESIAN_POINT('',(-115.539074532,-32.332632886,30.53961));
#1464=B_SPLINE_CURVE_WITH_KNOTS('',3,(#1460,#1461,#1462,#1463),.UNSPECIFIED.,.F.,.F.,(4,4),(0.000080293,0.000592456),.UNSPECIFIED.);
#1465=EDGE_CURVE('',#1459,#1450,#1464,.T.);
#1466=ORIENTED_EDGE('',*,*,#1465,.F.);
#1467=CARTESIAN_POINT('',(-115.281673119,-33.094765681,31.049906595));
#1468=VERTEX_POINT('',#1467);
#1469=CARTESIAN_POINT('',(-115.281673119,-33.094765681,31.049906595));
#1470=CARTESIAN_POINT('',(-115.382250012,-32.847482271,31.050093352));
#1471=CARTESIAN_POINT('',(-115.479090956,-32.598867468,31.050278041));
#1472=CARTESIAN_POINT('',(-115.571834657,-32.348792522,31.050468674));
#1473=B_SPLINE_CURVE_WITH_KNOTS('',3,(#1469,#1470,#1471,#1472),.UNSPECIFIED.,.F.,.F.,(4,4),(0.005749234,0.006550467),.UNSPECIFIED.);
#1474=EDGE_CURVE('',#1468,#1459,#1473,.T.);
#1475=ORIENTED_EDGE('',*,*,#1474,.F.);
#1476=CARTESIAN_POINT('',(-115.245322874,-33.077301445,30.534993857));
#1477=VERTEX_POINT('',#1476);
#1478=CARTESIAN_POINT('',(-115.281673119,-33.094765681,31.049906595));
#1479=CARTESIAN_POINT('',(-115.269575264,-33.088950929,30.878267456));
#1480=CARTESIAN_POINT('',(-115.257458559,-33.083129532,30.706629873));
#1481=CARTESIAN_POINT('',(-115.245322874,-33.077301445,30.534993857));
#1482=B_SPLINE_CURVE_WITH_KNOTS('',3,(#1478,#1479,#1480,#1481),.UNSPECIFIED.,.F.,.F.,(4,4),(0.000080898,0.000597387),.UNSPECIFIED.);
#1483=EDGE_CURVE('',#1468,#1477,#1482,.T.);
#1484=ORIENTED_EDGE('',*,*,#1483,.T.);
#1485=CARTESIAN_POINT('',(-114.931650672,-33.814947285,30.531951637));
#1486=VERTEX_POINT('',#1485);
#1487=CARTESIAN_POINT('',(-115.245322874,-33.077301445,30.534993857));
#1488=CARTESIAN_POINT('',(-115.143489177,-33.32434069,30.533758118));
#1489=CARTESIAN_POINT('',(-115.038337502,-33.56997013,30.532792409));
#1490=CARTESIAN_POINT('',(-114.931650672,-33.814947285,30.531951637));
#1491=B_SPLINE_CURVE_WITH_KNOTS('',3,(#1487,#1488,#1489,#1490),.UNSPECIFIED.,.F.,.F.,(4,4),(0.,0.000801574),.UNSPECIFIED.);
#1492=EDGE_CURVE('',#1477,#1486,#1491,.T.);
#1493=ORIENTED_EDGE('',*,*,#1492,.T.);
#1494=CARTESIAN_POINT('',(-114.971449874,-33.83365227,31.049361152));
#1495=CARTESIAN_POINT('',(-114.958204113,-33.827424549,30.876889464));
#1496=CARTESIAN_POINT('',(-114.944937758,-33.821189571,30.704419621));
#1497=CARTESIAN_POINT('',(-114.931650672,-33.814947285,30.531951637));
#1498=B_SPLINE_CURVE_WITH_KNOTS('',3,(#1494,#1495,#1496,#1497),.UNSPECIFIED.,.F.,.F.,(4,4),(0.000081489,0.000600764),.UNSPECIFIED.);
#1499=EDGE_CURVE('',#1204,#1486,#1498,.T.);
#1500=ORIENTED_EDGE('',*,*,#1499,.F.);
#1501=EDGE_LOOP('',(#1217,#1229,#1247,#1256,#1265,#1274,#1286,#1295,#1304,#1313,#1334,#1343,#1352,#1388,#1403,#1412,#1421,#1430,#1439,#1448,#1457,#1466,#1475,#1484,#1493,#1500));
#1502=FACE_BOUND('',#1501,.T.);
#1503=ADVANCED_FACE('',(#1200,#1502),#1162,.F.);
#1504=CARTESIAN_POINT('',(-118.04150047,-22.452869677,31.75981447));
#1505=CARTESIAN_POINT('',(-118.036352599,-22.496530541,31.759811386));
#1506=CARTESIAN_POINT('',(-118.031136442,-22.540174914,31.75981447));
#1507=CARTESIAN_POINT('',(-118.020566607,-22.62743059,31.75981447));
#1508=CARTESIAN_POINT('',(-118.015213037,-22.671041907,31.75981447));
#1509=CARTESIAN_POINT('',(-117.998945925,-22.801826298,31.75981447));
#1510=CARTESIAN_POINT('',(-117.987825977,-22.888949809,31.75981447));
#1511=CARTESIAN_POINT('',(-117.953636929,-23.150122094,31.75981447));
#1512=CARTESIAN_POINT('',(-117.929738624,-23.323972618,31.75981447));
#1513=CARTESIAN_POINT('',(-117.854698191,-23.844731171,31.75981447));
#1514=CARTESIAN_POINT('',(-117.800210637,-24.190845868,31.75981447));
#1515=CARTESIAN_POINT('',(-117.623135768,-25.226019559,31.75981447));
#1516=CARTESIAN_POINT('',(-117.486779295,-25.911865921,31.75981447));
#1517=CARTESIAN_POINT('',(-117.180489518,-27.275888559,31.75981447));
#1518=CARTESIAN_POINT('',(-117.010614823,-27.95407994,31.75981447));
#1519=CARTESIAN_POINT('',(-116.731573219,-28.966010991,31.75981447));
#1520=CARTESIAN_POINT('',(-116.634396141,-29.302562327,31.75981447));
#1521=CARTESIAN_POINT('',(-116.482773025,-29.805372285,31.75981447));
#1522=CARTESIAN_POINT('',(-116.431229568,-29.972632067,31.75981447));
#1523=CARTESIAN_POINT('',(-116.352672456,-30.223093323,31.75981447));
#1524=CARTESIAN_POINT('',(-116.326279732,-30.306509111,31.75981447));
#1525=CARTESIAN_POINT('',(-116.273123762,-30.473212885,31.75981447));
#1526=CARTESIAN_POINT('',(-116.246359861,-30.556502288,31.75981447));
#1527=CARTESIAN_POINT('',(-116.192507672,-30.722962428,31.75981447));
#1528=CARTESIAN_POINT('',(-116.16546463,-30.80614911,31.75981447));
#1529=CARTESIAN_POINT('',(-116.111123427,-30.972439049,31.75981447));
#1530=CARTESIAN_POINT('',(-116.083825749,-31.055540829,31.75981447));
#1531=CARTESIAN_POINT('',(-116.028957906,-31.221652498,31.75981447));
#1532=CARTESIAN_POINT('',(-116.001387741,-31.304662388,31.75981447));
#1533=CARTESIAN_POINT('',(-115.945956592,-31.470584765,31.75981447));
#1534=CARTESIAN_POINT('',(-115.918096477,-31.553495437,31.75981447));
#1535=CARTESIAN_POINT('',(-115.86206362,-31.71922113,31.75981447));
#1536=CARTESIAN_POINT('',(-115.833830601,-31.802022087,31.75981447));
#1537=CARTESIAN_POINT('',(-115.776812872,-31.967443389,31.75981447));
#1538=CARTESIAN_POINT('',(-115.748027528,-32.050065604,31.75981447));
#1539=CARTESIAN_POINT('',(-115.660658539,-32.297598507,31.75981447));
#1540=CARTESIAN_POINT('',(-115.60106243,-32.462174588,31.75981447));
#1541=CARTESIAN_POINT('',(-115.416751049,-32.954025423,31.75981447));
#1542=CARTESIAN_POINT('',(-115.286559957,-33.278451007,31.75981447));
#1543=CARTESIAN_POINT('',(-115.085385291,-33.762275345,31.75981447));
#1544=CARTESIAN_POINT('',(-115.017411095,-33.92310976,31.75981447));
#1545=CARTESIAN_POINT('',(-114.880451219,-34.244308041,31.75981447));
#1546=CARTESIAN_POINT('',(-114.811366006,-34.404634837,31.75981447));
#1547=CARTESIAN_POINT('',(-114.671642746,-34.724577386,31.75981447));
#1548=CARTESIAN_POINT('',(-114.600985422,-34.88418915,31.75981447));
#1549=CARTESIAN_POINT('',(-114.457404751,-35.202377676,31.75981447));
#1550=CARTESIAN_POINT('',(-114.384482102,-35.360953414,31.75981447));
#1551=CARTESIAN_POINT('',(-114.161296611,-35.834665176,31.75981447));
#1552=CARTESIAN_POINT('',(-114.006286867,-36.147594223,31.75981447));
#1553=CARTESIAN_POINT('',(-113.765262687,-36.613055425,31.75981447));
#1554=CARTESIAN_POINT('',(-113.683567889,-36.767574227,31.75981447));
#1555=CARTESIAN_POINT('',(-113.518610511,-37.075890626,31.75981447));
#1556=CARTESIAN_POINT('',(-113.43534746,-37.229688629,31.75981447));
#1557=CARTESIAN_POINT('',(-113.268399931,-37.537098986,31.75981447));
#1558=CARTESIAN_POINT('',(-113.184813222,-37.690743717,31.75981447));
#1559=CARTESIAN_POINT('',(-113.019988913,-37.999140329,31.75981447));
#1560=CARTESIAN_POINT('',(-112.938757326,-38.153903618,31.75981447));
#1561=CARTESIAN_POINT('',(-112.85945385,-38.309587587,31.75981447));
#1562=CARTESIAN_POINT('',(-112.859453849,-38.30958759,31.75981447));
#1563=CARTESIAN_POINT('',(-112.859453847,-38.309587592,31.75981447));
#1564=CARTESIAN_POINT('',(-112.859453846,-38.309587595,31.75981447));
#1565=CARTESIAN_POINT('',(-118.108669713,-22.464431557,31.063571105));
#1566=CARTESIAN_POINT('',(-118.103508826,-22.508163584,31.063546511));
#1567=CARTESIAN_POINT('',(-118.09828102,-22.551879405,31.063571105));
#1568=CARTESIAN_POINT('',(-118.087686126,-22.639277938,31.063571105));
#1569=CARTESIAN_POINT('',(-118.082319895,-22.682960767,31.063571105));
#1570=CARTESIAN_POINT('',(-118.0660144,-22.813959933,31.063571105));
#1571=CARTESIAN_POINT('',(-118.054868333,-22.901226952,31.063571105));
#1572=CARTESIAN_POINT('',(-118.020599317,-23.162830697,31.063571105));
#1573=CARTESIAN_POINT('',(-117.996645551,-23.336970114,31.063571105));
#1574=CARTESIAN_POINT('',(-117.921432153,-23.858598847,31.063571105));
#1575=CARTESIAN_POINT('',(-117.866821087,-24.205295774,31.063571105));
#1576=CARTESIAN_POINT('',(-117.689344847,-25.242243379,31.063571105));
#1577=CARTESIAN_POINT('',(-117.552696494,-25.92923129,31.063571105));
#1578=CARTESIAN_POINT('',(-117.245801994,-27.295405565,31.063571105));
#1579=CARTESIAN_POINT('',(-117.075608506,-27.974631828,31.063571105));
#1580=CARTESIAN_POINT('',(-116.796052192,-28.988104883,31.063571105));
#1581=CARTESIAN_POINT('',(-116.6986985,-29.325165103,31.063571105));
#1582=CARTESIAN_POINT('',(-116.546799355,-29.828740789,31.063571105));
#1583=CARTESIAN_POINT('',(-116.495167955,-29.996239664,31.063571105));
#1584=CARTESIAN_POINT('',(-116.416491647,-30.247020465,31.063571105));
#1585=CARTESIAN_POINT('',(-116.390061005,-30.330537093,31.063571105));
#1586=CARTESIAN_POINT('',(-116.33683299,-30.497431246,31.063571105));
#1587=CARTESIAN_POINT('',(-116.31003047,-30.580821906,31.063571105));
#1588=CARTESIAN_POINT('',(-116.256122946,-30.747426427,31.063571105));
#1589=CARTESIAN_POINT('',(-116.229060265,-30.830664092,31.063571105));
#1590=CARTESIAN_POINT('',(-116.174668786,-30.99708406,31.063571105));
#1591=CARTESIAN_POINT('',(-116.147344973,-31.080253136,31.063571105));
#1592=CARTESIAN_POINT('',(-116.092422823,-31.246503942,31.063571105));
#1593=CARTESIAN_POINT('',(-116.064824486,-31.329585671,31.063571105));
#1594=CARTESIAN_POINT('',(-116.009334911,-31.495656251,31.063571105));
#1595=CARTESIAN_POINT('',(-115.981450508,-31.578628308,31.063571105));
#1596=CARTESIAN_POINT('',(-115.925343077,-31.744541175,31.063571105));
#1597=CARTESIAN_POINT('',(-115.89705434,-31.827481186,31.063571105));
#1598=CARTESIAN_POINT('',(-115.839923441,-31.993181748,31.063571105));
#1599=CARTESIAN_POINT('',(-115.811074697,-32.075959095,31.063571105));
#1600=CARTESIAN_POINT('',(-115.723494038,-32.324003441,31.063571105));
#1601=CARTESIAN_POINT('',(-115.663732111,-32.488973086,31.063571105));
#1602=CARTESIAN_POINT('',(-115.478803962,-32.982236703,31.063571105));
#1603=CARTESIAN_POINT('',(-115.348252427,-33.307428973,31.063571105));
#1604=CARTESIAN_POINT('',(-115.146723024,-33.791993045,31.063571105));
#1605=CARTESIAN_POINT('',(-115.078669103,-33.952990624,31.063571105));
#1606=CARTESIAN_POINT('',(-114.941569176,-34.274474329,31.063571105));
#1607=CARTESIAN_POINT('',(-114.87239152,-34.434988114,31.063571105));
#1608=CARTESIAN_POINT('',(-114.732466805,-34.755332363,31.063571105));
#1609=CARTESIAN_POINT('',(-114.661683827,-34.915192262,31.063571105));
#1610=CARTESIAN_POINT('',(-114.517805506,-35.233956753,31.063571105));
#1611=CARTESIAN_POINT('',(-114.444715613,-35.392851634,31.063571105));
#1612=CARTESIAN_POINT('',(-114.220914202,-35.867708763,31.063571105));
#1613=CARTESIAN_POINT('',(-114.065464653,-36.181417366,31.063571105));
#1614=CARTESIAN_POINT('',(-113.823837118,-36.647906224,31.063571105));
#1615=CARTESIAN_POINT('',(-113.741988903,-36.802680061,31.063571105));
#1616=CARTESIAN_POINT('',(-113.576799499,-37.111379725,31.063571105));
#1617=CARTESIAN_POINT('',(-113.493455262,-37.265309827,31.063571105));
#1618=CARTESIAN_POINT('',(-113.326458892,-37.572799735,31.063571105));
#1619=CARTESIAN_POINT('',(-113.242958072,-37.726305986,31.063571105));
#1620=CARTESIAN_POINT('',(-113.07848365,-38.034124101,31.063571105));
#1621=CARTESIAN_POINT('',(-112.997482381,-38.188500804,31.063571105));
#1622=CARTESIAN_POINT('',(-112.918456866,-38.343705448,31.063571105));
#1623=CARTESIAN_POINT('',(-112.918456864,-38.343705451,31.063571105));
#1624=CARTESIAN_POINT('',(-112.918456863,-38.343705453,31.063571105));
#1625=CARTESIAN_POINT('',(-112.918456862,-38.343705456,31.063571105));
#1626=B_SPLINE_SURFACE_WITH_KNOTS('',1,3,((#1504,#1505,#1506,#1507,#1508,#1509,#1510,#1511,#1512,#1513,#1514,#1515,#1516,#1517,#1518,#1519,#1520,#1521,#1522,#1523,#1524,#1525,#1526,#1527,#1528,#1529,
#1530,#1531,#1532,#1533,#1534,#1535,#1536,#1537,#1538,#1539,#1540,#1541,#1542,#1543,#1544,#1545,#1546,#1547,#1548,#1549,#1550,#1551,#1552,#1553,#1554,
#1555,#1556,#1557,#1558,#1559,#1560,#1561,#1562,#1563,#1564),(#1565,#1566,#1567,#1568,#1569,#1570,#1571,#1572,#1573,#1574,#1575,#1576,#1577,#1578,#1579,#1580,#1581,#1582,#1583,#1584,#1585,#1586,#1587,#1588,#1589,#1590,
#1591,#1592,#1593,#1594,#1595,#1596,#1597,#1598,#1599,#1600,#1601,#1602,#1603,#1604,#1605,#1606,#1607,#1608,#1609,#1610,#1611,#1612,#1613,#1614,#1615,
#1616,#1617,#1618,#1619,#1620,#1621,#1622,#1623,#1624,#1625)),.UNSPECIFIED.,.F.,.F.,.U.,(2,2),(4,2,2,2,2,2,2,2,2,2,2,2,2,2,2,2,2,2,2,2,2,2,2,2,2,2,
2,2,3,4),(0.125535693,1.),(0.492640624,0.496603855,0.500567085,0.508493545,0.524346466,0.556052308,0.619463991,0.682875674,0.714581516,0.730434437,0.738360897,0.746287358,0.754213818,0.762140278,0.770066739,0.777993199,0.78591966,0.79384612,0.809699041,0.841404883,0.857257803,0.873110724,0.888963645,0.904816566,0.936522408,0.952375328,
0.968228249,0.98408117,0.99993409096,0.999934091223),.UNSPECIFIED.);
#1627=CARTESIAN_POINT('',(-115.394437635,-33.136491934,31.260679872));
#1628=VERTEX_POINT('',#1627);
#1629=CARTESIAN_POINT('',(-115.090202188,-33.877437595,31.253887491));
#1630=VERTEX_POINT('',#1629);
#1631=CARTESIAN_POINT('',(-115.394437635,-33.136491934,31.260679872));
#1632=CARTESIAN_POINT('',(-115.295839053,-33.384628948,31.258415913));
#1633=CARTESIAN_POINT('',(-115.193850204,-33.631373903,31.256151752));
#1634=CARTESIAN_POINT('',(-115.090202188,-33.877437595,31.253887491));
#1635=B_SPLINE_CURVE_WITH_KNOTS('',3,(#1631,#1632,#1633,#1634),.UNSPECIFIED.,.F.,.F.,(4,4),(0.,0.000801003),.UNSPECIFIED.);
#1636=EDGE_CURVE('',#1628,#1630,#1635,.T.);
#1637=ORIENTED_EDGE('',*,*,#1636,.F.);
#1638=CARTESIAN_POINT('',(-115.413237932,-33.141363125,31.063571105));
#1639=VERTEX_POINT('',#1638);
#1640=CARTESIAN_POINT('',(-115.394437635,-33.136491934,31.260679872));
#1641=CARTESIAN_POINT('',(-115.400704426,-33.138115673,31.194976952));
#1642=CARTESIAN_POINT('',(-115.406971191,-33.139739404,31.12927403));
#1643=CARTESIAN_POINT('',(-115.413237932,-33.141363126,31.063571105));
#1644=B_SPLINE_CURVE_WITH_KNOTS('',3,(#1640,#1641,#1642,#1643),.UNSPECIFIED.,.F.,.F.,(4,4),(0.,0.000198063),.UNSPECIFIED.);
#1645=EDGE_CURVE('',#1628,#1639,#1644,.T.);
#1646=ORIENTED_EDGE('',*,*,#1645,.T.);
#1647=CARTESIAN_POINT('',(-115.697897227,-32.39344128,31.063571105));
#1648=VERTEX_POINT('',#1647);
#1649=CARTESIAN_POINT('',(-115.697897225,-32.393441285,31.063571105));
#1650=CARTESIAN_POINT('',(-115.66643278,-32.480229034,31.063571105));
#1651=CARTESIAN_POINT('',(-115.634521399,-32.56688757,31.063571105));
#1652=CARTESIAN_POINT('',(-115.540793129,-32.8168914,31.063571105));
#1653=CARTESIAN_POINT('',(-115.4777007,-32.979486202,31.063571105));
#1654=CARTESIAN_POINT('',(-115.413237932,-33.141363125,31.063571105));
#1655=B_SPLINE_CURVE_WITH_KNOTS('',3,(#1649,#1650,#1651,#1652,#1653,#1654),.UNSPECIFIED.,.F.,.F.,(4,2,4),(0.801358364,0.809699041,0.825462864),.UNSPECIFIED.);
#1656=EDGE_CURVE('',#1648,#1639,#1655,.T.);
#1657=ORIENTED_EDGE('',*,*,#1656,.F.);
#1658=CARTESIAN_POINT('',(-115.688020269,-32.390885241,31.167470267));
#1659=VERTEX_POINT('',#1658);
#1660=CARTESIAN_POINT('',(-115.688020269,-32.390885241,31.167470267));
#1661=CARTESIAN_POINT('',(-115.691312593,-32.391737254,31.132837213));
#1662=CARTESIAN_POINT('',(-115.694604912,-32.392589266,31.098204159));
#1663=CARTESIAN_POINT('',(-115.697897228,-32.393441276,31.063571105));
#1664=B_SPLINE_CURVE_WITH_KNOTS('',3,(#1660,#1661,#1662,#1663),.UNSPECIFIED.,.F.,.F.,(4,4),(0.,0.000104399),.UNSPECIFIED.);
#1665=EDGE_CURVE('',#1659,#1648,#1664,.T.);
#1666=ORIENTED_EDGE('',*,*,#1665,.F.);
#1667=CARTESIAN_POINT('',(-115.950855669,-31.63531499,31.174241598));
#1668=VERTEX_POINT('',#1667);
#1669=CARTESIAN_POINT('',(-115.950855669,-31.63531499,31.174241598));
#1670=CARTESIAN_POINT('',(-115.86572278,-31.888034075,31.171985852));
#1671=CARTESIAN_POINT('',(-115.778715809,-32.140101227,31.169729075));
#1672=CARTESIAN_POINT('',(-115.688020269,-32.390885241,31.167470267));
#1673=B_SPLINE_CURVE_WITH_KNOTS('',3,(#1669,#1670,#1671,#1672),.UNSPECIFIED.,.F.,.F.,(4,4),(0.,0.000800009),.UNSPECIFIED.);
#1674=EDGE_CURVE('',#1668,#1659,#1673,.T.);
#1675=ORIENTED_EDGE('',*,*,#1674,.F.);
#1676=CARTESIAN_POINT('',(-115.961357403,-31.638030924,31.063571105));
#1677=VERTEX_POINT('',#1676);
#1678=CARTESIAN_POINT('',(-115.961357403,-31.638030924,31.063571105));
#1679=CARTESIAN_POINT('',(-115.957856825,-31.637125614,31.100461269));
#1680=CARTESIAN_POINT('',(-115.954356248,-31.6362203,31.137351434));
#1681=CARTESIAN_POINT('',(-115.950855669,-31.63531499,31.174241598));
#1682=B_SPLINE_CURVE_WITH_KNOTS('',3,(#1678,#1679,#1680,#1681),.UNSPECIFIED.,.F.,.F.,(4,4),(0.,0.000111201),.UNSPECIFIED.);
#1683=EDGE_CURVE('',#1677,#1668,#1682,.T.);
#1684=ORIENTED_EDGE('',*,*,#1683,.F.);
#1685=CARTESIAN_POINT('',(-116.213390042,-30.878583838,31.063571105));
#1686=VERTEX_POINT('',#1685);
#1687=CARTESIAN_POINT('',(-116.213390041,-30.878583842,31.063571105));
#1688=CARTESIAN_POINT('',(-116.209550816,-30.890347876,31.063571105));
#1689=CARTESIAN_POINT('',(-116.205709,-30.902111253,31.063571105));
#1690=CARTESIAN_POINT('',(-116.174668786,-30.99708406,31.063571105));
#1691=CARTESIAN_POINT('',(-116.147344973,-31.080253136,31.063571105));
#1692=CARTESIAN_POINT('',(-116.092422823,-31.246503942,31.063571105));
#1693=CARTESIAN_POINT('',(-116.064824486,-31.329585671,31.063571105));
#1694=CARTESIAN_POINT('',(-116.011960718,-31.48779767,31.063571105));
#1695=CARTESIAN_POINT('',(-115.986727299,-31.562922549,31.063571105));
#1696=CARTESIAN_POINT('',(-115.961357402,-31.638030928,31.063571105));
#1697=B_SPLINE_CURVE_WITH_KNOTS('',3,(#1687,#1688,#1689,#1690,#1691,#1692,#1693,#1694,#1695,#1696),.UNSPECIFIED.,.F.,.F.,(4,2,2,2,4),(0.753093309,0.754213818,0.762140278,0.770066739,0.777243028),.UNSPECIFIED.);
#1698=EDGE_CURVE('',#1686,#1677,#1697,.T.);
#1699=ORIENTED_EDGE('',*,*,#1698,.F.);
#1700=CARTESIAN_POINT('',(-116.19277195,-30.873252965,31.280998864));
#1701=VERTEX_POINT('',#1700);
#1702=CARTESIAN_POINT('',(-116.213390042,-30.878583838,31.063571105));
#1703=CARTESIAN_POINT('',(-116.206517346,-30.876806882,31.136047025));
#1704=CARTESIAN_POINT('',(-116.199644649,-30.875029922,31.208522945));
#1705=CARTESIAN_POINT('',(-116.19277195,-30.873252965,31.280998864));
#1706=B_SPLINE_CURVE_WITH_KNOTS('',3,(#1702,#1703,#1704,#1705),.UNSPECIFIED.,.F.,.F.,(4,4),(0.,0.000218468),.UNSPECIFIED.);
#1707=EDGE_CURVE('',#1686,#1701,#1706,.T.);
#1708=ORIENTED_EDGE('',*,*,#1707,.T.);
#1709=CARTESIAN_POINT('',(-116.436224174,-30.110835595,31.287760341));
#1710=VERTEX_POINT('',#1709);
#1711=CARTESIAN_POINT('',(-116.19277195,-30.873252965,31.280998864));
#1712=CARTESIAN_POINT('',(-116.275336255,-30.619565226,31.283253784));
#1713=CARTESIAN_POINT('',(-116.356809985,-30.36552924,31.285507859));
#1714=CARTESIAN_POINT('',(-116.436224174,-30.110835595,31.287760341));
#1715=B_SPLINE_CURVE_WITH_KNOTS('',3,(#1711,#1712,#1713,#1714),.UNSPECIFIED.,.F.,.F.,(4,4),(0.,0.000800372),.UNSPECIFIED.);
#1716=EDGE_CURVE('',#1701,#1710,#1715,.T.);
#1717=ORIENTED_EDGE('',*,*,#1716,.T.);
#1718=CARTESIAN_POINT('',(-116.457469041,-30.116327154,31.063571105));
#1719=VERTEX_POINT('',#1718);
#1720=CARTESIAN_POINT('',(-116.436224174,-30.110835595,31.287760341));
#1721=CARTESIAN_POINT('',(-116.443305796,-30.112666115,31.213030595));
#1722=CARTESIAN_POINT('',(-116.450387418,-30.114496634,31.13830085));
#1723=CARTESIAN_POINT('',(-116.457469041,-30.116327154,31.063571105));
#1724=B_SPLINE_CURVE_WITH_KNOTS('',3,(#1720,#1721,#1722,#1723),.UNSPECIFIED.,.F.,.F.,(4,4),(0.00047426,0.000699521),.UNSPECIFIED.);
#1725=EDGE_CURVE('',#1710,#1719,#1724,.T.);
#1726=ORIENTED_EDGE('',*,*,#1725,.T.);
#1727=CARTESIAN_POINT('',(-118.108669713,-22.464431557,31.063571105));
#1728=VERTEX_POINT('',#1727);
#1729=CARTESIAN_POINT('',(-118.108669713,-22.464431557,31.063571105));
#1730=CARTESIAN_POINT('',(-118.103508826,-22.508163584,31.063546511));
#1731=CARTESIAN_POINT('',(-118.09828102,-22.551879405,31.063571105));
#1732=CARTESIAN_POINT('',(-118.087686126,-22.639277938,31.063571105));
#1733=CARTESIAN_POINT('',(-118.082319895,-22.682960767,31.063571105));
#1734=CARTESIAN_POINT('',(-118.0660144,-22.813959933,31.063571105));
#1735=CARTESIAN_POINT('',(-118.054868333,-22.901226952,31.063571105));
#1736=CARTESIAN_POINT('',(-118.020599317,-23.162830697,31.063571105));
#1737=CARTESIAN_POINT('',(-117.996645551,-23.336970114,31.063571105));
#1738=CARTESIAN_POINT('',(-117.921432153,-23.858598847,31.063571105));
#1739=CARTESIAN_POINT('',(-117.866821087,-24.205295774,31.063571105));
#1740=CARTESIAN_POINT('',(-117.689344847,-25.242243379,31.063571105));
#1741=CARTESIAN_POINT('',(-117.552696494,-25.92923129,31.063571105));
#1742=CARTESIAN_POINT('',(-117.245801994,-27.295405565,31.063571105));
#1743=CARTESIAN_POINT('',(-117.075608506,-27.974631828,31.063571105));
#1744=CARTESIAN_POINT('',(-116.796052192,-28.988104883,31.063571105));
#1745=CARTESIAN_POINT('',(-116.6986985,-29.325165103,31.063571105));
#1746=CARTESIAN_POINT('',(-116.551553273,-29.812980612,31.063571105));
#1747=CARTESIAN_POINT('',(-116.504854459,-29.964783682,31.063571105));
#1748=CARTESIAN_POINT('',(-116.457469041,-30.116327154,31.063571105));
#1749=B_SPLINE_CURVE_WITH_KNOTS('',3,(#1729,#1730,#1731,#1732,#1733,#1734,#1735,#1736,#1737,#1738,#1739,#1740,#1741,#1742,#1743,#1744,#1745,#1746,#1747,#1748),.UNSPECIFIED.,.F.,.F.,(4,2,2,2,2,2,2,2,2,4),(0.492640624,0.496603855,0.500567085,0.508493545,0.524346466,0.556052308,0.619463991,0.682875674,0.714581516,0.728946012),.UNSPECIFIED.);
#1750=EDGE_CURVE('',#1728,#1719,#1749,.T.);
#1751=ORIENTED_EDGE('',*,*,#1750,.F.);
#1752=CARTESIAN_POINT('',(-118.041505218,-22.452870494,31.759765259));
#1753=VERTEX_POINT('',#1752);
#1754=CARTESIAN_POINT('',(-118.041505218,-22.452870494,31.759765259));
#1755=DIRECTION('',(-0.096014844,-0.016527089,-0.995242686));
#1756=VECTOR('',#1755,0.699522);
#1757=LINE('',#1754,#1756);
#1758=EDGE_CURVE('',#1753,#1728,#1757,.T.);
#1759=ORIENTED_EDGE('',*,*,#1758,.F.);
#1760=CARTESIAN_POINT('',(-112.859458016,-38.309590006,31.759765259));
#1761=VERTEX_POINT('',#1760);
#1762=CARTESIAN_POINT('',(-112.859458016,-38.309590006,31.759765259));
#1763=CARTESIAN_POINT('',(-113.018842466,-37.996695719,31.759765259));
#1764=CARTESIAN_POINT('',(-113.186379058,-37.688154834,31.759765259));
#1765=CARTESIAN_POINT('',(-113.353928224,-37.379620664,31.759765259));
#1766=CARTESIAN_POINT('',(-113.521477391,-37.071086494,31.759765259));
#1767=CARTESIAN_POINT('',(-113.688286649,-36.76193819,31.759765259));
#1768=CARTESIAN_POINT('',(-113.849502013,-36.450381881,31.759765259));
#1769=CARTESIAN_POINT('',(-114.010717377,-36.138825572,31.759765259));
#1770=CARTESIAN_POINT('',(-114.166056099,-35.824903667,31.759765259));
#1771=CARTESIAN_POINT('',(-114.315010902,-35.508411965,31.759765259));
#1772=CARTESIAN_POINT('',(-114.463965705,-35.191920264,31.759765259));
#1773=CARTESIAN_POINT('',(-114.606914748,-34.873010991,31.759765259));
#1774=CARTESIAN_POINT('',(-114.746658778,-34.552811566,31.759765259));
#1775=CARTESIAN_POINT('',(-114.886402808,-34.23261214,31.759765259));
#1776=CARTESIAN_POINT('',(-115.023519636,-33.911355156,31.759765259));
#1777=CARTESIAN_POINT('',(-115.157504013,-33.588837227,31.759765259));
#1778=CARTESIAN_POINT('',(-115.291488389,-33.266319299,31.759765259));
#1779=CARTESIAN_POINT('',(-115.421387566,-32.942156905,31.759765259));
#1780=CARTESIAN_POINT('',(-115.543802846,-32.614981929,31.759765259));
#1781=CARTESIAN_POINT('',(-115.666218127,-32.287806952,31.759765259));
#1782=CARTESIAN_POINT('',(-115.781475002,-31.957750415,31.759765259));
#1783=CARTESIAN_POINT('',(-115.893459198,-31.626376488,31.759765259));
#1784=CARTESIAN_POINT('',(-116.005443394,-31.29500256,31.759765259));
#1785=CARTESIAN_POINT('',(-116.115025098,-30.962661529,31.759765259));
#1786=CARTESIAN_POINT('',(-116.222727522,-30.629564007,31.759765259));
#1787=CARTESIAN_POINT('',(-116.438132369,-29.963368965,31.759765259));
#1788=CARTESIAN_POINT('',(-116.641781627,-29.292298036,31.759765259));
#1789=CARTESIAN_POINT('',(-116.827506678,-28.618125889,31.759765259));
#1790=CARTESIAN_POINT('',(-117.01323173,-27.943953742,31.759765259));
#1791=CARTESIAN_POINT('',(-117.182790794,-27.266329306,31.759765259));
#1792=CARTESIAN_POINT('',(-117.335602886,-26.58512851,31.759765259));
#1793=CARTESIAN_POINT('',(-117.488414978,-25.903927714,31.759765259));
#1794=CARTESIAN_POINT('',(-117.624416977,-25.21913708,31.759765259));
#1795=CARTESIAN_POINT('',(-117.742124842,-24.530439685,31.759765259));
#1796=CARTESIAN_POINT('',(-117.859832707,-23.84174229,31.759765259));
#1797=CARTESIAN_POINT('',(-117.959402426,-23.149171446,31.759765259));
#1798=CARTESIAN_POINT('',(-118.041505218,-22.452870494,31.759765259));
#1799=B_SPLINE_CURVE_WITH_KNOTS('',3,(#1762,#1763,#1764,#1765,#1766,#1767,#1768,#1769,#1770,#1771,#1772,#1773,#1774,#1775,#1776,#1777,#1778,#1779,#1780,#1781,#1782,#1783,#1784,#1785,#1786,#1787,
#1788,#1789,#1790,#1791,#1792,#1793,#1794,#1795,#1796,#1797,#1798),.UNSPECIFIED.,.F.,.F.,(4,3,3,3,3,3,3,3,3,3,3,3,4),(0.,0.001053252,0.002106504,0.003159757,0.004213009,0.005266261,0.006319513,0.007372765,0.008426017,0.010532522,0.012639026,0.014745531,0.016852035),.UNSPECIFIED.);
#1800=EDGE_CURVE('',#1761,#1753,#1799,.T.);
#1801=ORIENTED_EDGE('',*,*,#1800,.F.);
#1802=CARTESIAN_POINT('',(-112.918456866,-38.343705448,31.063571105));
#1803=VERTEX_POINT('',#1802);
#1804=CARTESIAN_POINT('',(-112.859458019,-38.309590008,31.759765259));
#1805=DIRECTION('',(-0.084341658,-0.048769659,-0.995242686));
#1806=VECTOR('',#1805,0.699522);
#1807=LINE('',#1804,#1806);
#1808=EDGE_CURVE('',#1761,#1803,#1807,.T.);
#1809=ORIENTED_EDGE('',*,*,#1808,.T.);
#1810=CARTESIAN_POINT('',(-115.108403639,-33.88215825,31.063571105));
#1811=VERTEX_POINT('',#1810);
#1812=CARTESIAN_POINT('',(-115.108403639,-33.88215825,31.063571105));
#1813=CARTESIAN_POINT('',(-115.075784413,-33.959428265,31.063571105));
#1814=CARTESIAN_POINT('',(-115.043008871,-34.036609805,31.063571105));
#1815=CARTESIAN_POINT('',(-114.941569176,-34.274474329,31.063571105));
#1816=CARTESIAN_POINT('',(-114.87239152,-34.434988114,31.063571105));
#1817=CARTESIAN_POINT('',(-114.732466805,-34.755332363,31.063571105));
#1818=CARTESIAN_POINT('',(-114.661683827,-34.915192262,31.063571105));
#1819=CARTESIAN_POINT('',(-114.517805506,-35.233956753,31.063571105));
#1820=CARTESIAN_POINT('',(-114.444715613,-35.392851634,31.063571105));
#1821=CARTESIAN_POINT('',(-114.220914202,-35.867708763,31.063571105));
#1822=CARTESIAN_POINT('',(-114.065464653,-36.181417366,31.063571105));
#1823=CARTESIAN_POINT('',(-113.823837118,-36.647906224,31.063571105));
#1824=CARTESIAN_POINT('',(-113.741988903,-36.802680061,31.063571105));
#1825=CARTESIAN_POINT('',(-113.576799499,-37.111379725,31.063571105));
#1826=CARTESIAN_POINT('',(-113.493455262,-37.265309827,31.063571105));
#1827=CARTESIAN_POINT('',(-113.326458892,-37.572799735,31.063571105));
#1828=CARTESIAN_POINT('',(-113.242958072,-37.726305986,31.063571105));
#1829=CARTESIAN_POINT('',(-113.07848365,-38.034124101,31.063571105));
#1830=CARTESIAN_POINT('',(-112.997482381,-38.188500804,31.063571105));
#1831=CARTESIAN_POINT('',(-112.918456866,-38.343705448,31.063571105));
#1832=B_SPLINE_CURVE_WITH_KNOTS('',3,(#1812,#1813,#1814,#1815,#1816,#1817,#1818,#1819,#1820,#1821,#1822,#1823,#1824,#1825,#1826,#1827,#1828,#1829,#1830,#1831),.UNSPECIFIED.,.F.,.F.,(4,2,2,2,2,2,2,2,2,4),(0.849651697,0.857257803,0.873110724,0.888963645,0.904816566,0.936522408,0.952375328,0.968228249,0.98408117,0.999934091),.UNSPECIFIED.);
#1833=EDGE_CURVE('',#1811,#1803,#1832,.T.);
#1834=ORIENTED_EDGE('',*,*,#1833,.F.);
#1835=CARTESIAN_POINT('',(-115.090202188,-33.877437595,31.253887491));
#1836=CARTESIAN_POINT('',(-115.096269357,-33.87901115,31.190448697));
#1837=CARTESIAN_POINT('',(-115.102336509,-33.880584699,31.127009902));
#1838=CARTESIAN_POINT('',(-115.108403643,-33.882158241,31.063571105));
#1839=B_SPLINE_CURVE_WITH_KNOTS('',3,(#1835,#1836,#1837,#1838),.UNSPECIFIED.,.F.,.F.,(4,4),(0.000502393,0.000693636),.UNSPECIFIED.);
#1840=EDGE_CURVE('',#1630,#1811,#1839,.T.);
#1841=ORIENTED_EDGE('',*,*,#1840,.F.);
#1842=EDGE_LOOP('',(#1637,#1646,#1657,#1666,#1675,#1684,#1699,#1708,#1717,#1726,#1751,#1759,#1801,#1809,#1834,#1841));
#1843=FACE_BOUND('',#1842,.T.);
#1844=ADVANCED_FACE('',(#1843),#1626,.F.);
#1845=CARTESIAN_POINT('',(-115.108403639,-33.88215825,31.063571105));
#1846=CARTESIAN_POINT('',(-115.075784413,-33.959428265,31.063571105));
#1847=CARTESIAN_POINT('',(-115.043008871,-34.036609805,31.063571105));
#1848=CARTESIAN_POINT('',(-114.941569176,-34.274474329,31.063571105));
#1849=CARTESIAN_POINT('',(-114.87239152,-34.434988114,31.063571105));
#1850=CARTESIAN_POINT('',(-114.732466805,-34.755332363,31.063571105));
#1851=CARTESIAN_POINT('',(-114.661683827,-34.915192262,31.063571105));
#1852=CARTESIAN_POINT('',(-114.517805506,-35.233956753,31.063571105));
#1853=CARTESIAN_POINT('',(-114.444715613,-35.392851634,31.063571105));
#1854=CARTESIAN_POINT('',(-114.220914202,-35.867708763,31.063571105));
#1855=CARTESIAN_POINT('',(-114.065464653,-36.181417366,31.063571105));
#1856=CARTESIAN_POINT('',(-113.823837118,-36.647906224,31.063571105));
#1857=CARTESIAN_POINT('',(-113.741988903,-36.802680061,31.063571105));
#1858=CARTESIAN_POINT('',(-113.576799499,-37.111379725,31.063571105));
#1859=CARTESIAN_POINT('',(-113.493455262,-37.265309827,31.063571105));
#1860=CARTESIAN_POINT('',(-113.326458892,-37.572799735,31.063571105));
#1861=CARTESIAN_POINT('',(-113.242958072,-37.726305986,31.063571105));
#1862=CARTESIAN_POINT('',(-113.07848365,-38.034124101,31.063571105));
#1863=CARTESIAN_POINT('',(-112.997482381,-38.188500804,31.063571105));
#1864=CARTESIAN_POINT('',(-112.918456866,-38.343705448,31.063571105));
#1865=CARTESIAN_POINT('',(-114.942226861,-33.803545012,31.045576191));
#1866=CARTESIAN_POINT('',(-114.909716454,-33.880585024,31.045576191));
#1867=CARTESIAN_POINT('',(-114.877035459,-33.95756817,31.045576191));
#1868=CARTESIAN_POINT('',(-114.775869209,-34.19486016,31.045576191));
#1869=CARTESIAN_POINT('',(-114.706935535,-34.354866984,31.045576191));
#1870=CARTESIAN_POINT('',(-114.56754268,-34.674122072,31.045576191));
#1871=CARTESIAN_POINT('',(-114.497091507,-34.833309152,31.045576191));
#1872=CARTESIAN_POINT('',(-114.353999512,-35.150511731,31.045576191));
#1873=CARTESIAN_POINT('',(-114.281351569,-35.308541092,31.045576191));
#1874=CARTESIAN_POINT('',(-114.059178607,-35.780291511,31.045576191));
#1875=CARTESIAN_POINT('',(-113.904892967,-36.091885049,31.045576191));
#1876=CARTESIAN_POINT('',(-113.664863356,-36.555585033,31.045576191));
#1877=CARTESIAN_POINT('',(-113.58342163,-36.709666643,31.045576191));
#1878=CARTESIAN_POINT('',(-113.418847064,-37.017325993,31.045576191));
#1879=CARTESIAN_POINT('',(-113.335718015,-37.170897499,31.045576191));
#1880=CARTESIAN_POINT('',(-113.1688511,-37.478171458,31.045576191));
#1881=CARTESIAN_POINT('',(-113.085122589,-37.632053649,31.045576191));
#1882=CARTESIAN_POINT('',(-112.919721029,-37.941441997,31.045576191));
#1883=CARTESIAN_POINT('',(-112.838109241,-38.096867748,31.045576191));
#1884=CARTESIAN_POINT('',(-112.758348126,-38.25337327,31.045576191));
#1885=B_SPLINE_SURFACE_WITH_KNOTS('',1,3,((#1845,#1846,#1847,#1848,#1849,#1850,#1851,#1852,#1853,#1854,#1855,#1856,#1857,#1858,#1859,#1860,#1861,#1862,#1863,#1864),(#1865,#1866,#1867,#1868,#1869,#1870,#1871,#1872,#1873,#1874,#1875,#1876,#1877,#1878,#1879,#1880,#1881,#1882,#1883,#1884)),.UNSPECIFIED.,.F.,.F.,.U.,(2,2),(4,2,2,2,2,2,2,2,2,4),(0.,0.230890017),(0.849651697,0.857257803,0.873110724,0.888963645,0.904816566,0.936522408,0.952375328,0.968228249,0.98408117,0.999934091),.UNSPECIFIED.);
#1886=ORIENTED_EDGE('',*,*,#1833,.T.);
#1887=CARTESIAN_POINT('',(-112.758348121,-38.253373277,31.045576191));
#1888=VERTEX_POINT('',#1887);
#1889=CARTESIAN_POINT('',(-112.918456864,-38.343705457,31.063571105));
#1890=DIRECTION('',(0.866801984,0.489043331,-0.097421458));
#1891=VECTOR('',#1890,0.184712017);
#1892=LINE('',#1889,#1891);
#1893=EDGE_CURVE('',#1803,#1888,#1892,.T.);
#1894=ORIENTED_EDGE('',*,*,#1893,.T.);
#1895=CARTESIAN_POINT('',(-112.770054687,-38.233359571,31.045706519));
#1896=VERTEX_POINT('',#1895);
#1897=CARTESIAN_POINT('',(-112.758348126,-38.25337327,31.045576191));
#1898=CARTESIAN_POINT('',(-112.762253463,-38.246703884,31.045620393));
#1899=CARTESIAN_POINT('',(-112.766154968,-38.240032252,31.045663756));
#1900=CARTESIAN_POINT('',(-112.770054687,-38.233359571,31.045706519));
#1901=B_SPLINE_CURVE_WITH_KNOTS('',3,(#1897,#1898,#1899,#1900),.UNSPECIFIED.,.F.,.F.,(4,4),(0.,0.000023186),.UNSPECIFIED.);
#1902=EDGE_CURVE('',#1888,#1896,#1901,.T.);
#1903=ORIENTED_EDGE('',*,*,#1902,.T.);
#1904=CARTESIAN_POINT('',(-112.770055275,-38.233363245,31.045706734));
#1905=CARTESIAN_POINT('',(-112.770263634,-38.234664938,31.045782942));
#1906=CARTESIAN_POINT('',(-112.770471967,-38.235966636,31.04585914));
#1907=CARTESIAN_POINT('',(-112.770680276,-38.237268337,31.045935329));
#1908=B_SPLINE_CURVE_WITH_KNOTS('',3,(#1904,#1905,#1906,#1907),.UNSPECIFIED.,.F.,.F.,(4,4),(0.,0.000003961),.UNSPECIFIED.);
#1909=EDGE_CURVE('',#1896,#1202,#1908,.T.);
#1910=ORIENTED_EDGE('',*,*,#1909,.T.);
#1911=ORIENTED_EDGE('',*,*,#1216,.T.);
#1912=CARTESIAN_POINT('',(-115.108403641,-33.882158246,31.063571105));
#1913=CARTESIAN_POINT('',(-115.062752386,-33.865989589,31.058834443));
#1914=CARTESIAN_POINT('',(-115.017101131,-33.849820928,31.054097792));
#1915=CARTESIAN_POINT('',(-114.971449874,-33.83365227,31.049361152));
#1916=B_SPLINE_CURVE_WITH_KNOTS('',3,(#1912,#1913,#1914,#1915),.UNSPECIFIED.,.F.,.F.,(4,4),(0.,0.000145983),.UNSPECIFIED.);
#1917=EDGE_CURVE('',#1811,#1204,#1916,.T.);
#1918=ORIENTED_EDGE('',*,*,#1917,.F.);
#1919=EDGE_LOOP('',(#1886,#1894,#1903,#1910,#1911,#1918));
#1920=FACE_BOUND('',#1919,.T.);
#1921=ADVANCED_FACE('',(#1920),#1885,.F.);
#1922=CARTESIAN_POINT('',(-118.108669713,-22.464431557,31.063571105));
#1923=CARTESIAN_POINT('',(-118.103508826,-22.508163584,31.063546511));
#1924=CARTESIAN_POINT('',(-118.09828102,-22.551879405,31.063571105));
#1925=CARTESIAN_POINT('',(-118.087686126,-22.639277938,31.063571105));
#1926=CARTESIAN_POINT('',(-118.082319895,-22.682960767,31.063571105));
#1927=CARTESIAN_POINT('',(-118.0660144,-22.813959933,31.063571105));
#1928=CARTESIAN_POINT('',(-118.054868333,-22.901226952,31.063571105));
#1929=CARTESIAN_POINT('',(-118.020599317,-23.162830697,31.063571105));
#1930=CARTESIAN_POINT('',(-117.996645551,-23.336970114,31.063571105));
#1931=CARTESIAN_POINT('',(-117.921432153,-23.858598847,31.063571105));
#1932=CARTESIAN_POINT('',(-117.866821087,-24.205295774,31.063571105));
#1933=CARTESIAN_POINT('',(-117.689344847,-25.242243379,31.063571105));
#1934=CARTESIAN_POINT('',(-117.552696494,-25.92923129,31.063571105));
#1935=CARTESIAN_POINT('',(-117.245801994,-27.295405565,31.063571105));
#1936=CARTESIAN_POINT('',(-117.075608506,-27.974631828,31.063571105));
#1937=CARTESIAN_POINT('',(-116.796052192,-28.988104883,31.063571105));
#1938=CARTESIAN_POINT('',(-116.6986985,-29.325165103,31.063571105));
#1939=CARTESIAN_POINT('',(-116.55149478,-29.81317453,31.063571105));
#1940=CARTESIAN_POINT('',(-116.504735381,-29.965170763,31.063571105));
#1941=CARTESIAN_POINT('',(-116.457287796,-30.116906782,31.063571105));
#1942=CARTESIAN_POINT('',(-117.991452897,-22.445530897,31.051948887));
#1943=CARTESIAN_POINT('',(-117.986313206,-22.489138587,31.051954686));
#1944=CARTESIAN_POINT('',(-117.981104536,-22.532729873,31.051948887));
#1945=CARTESIAN_POINT('',(-117.970550658,-22.619879097,31.051948887));
#1946=CARTESIAN_POINT('',(-117.965205163,-22.663437125,31.051948887));
#1947=CARTESIAN_POINT('',(-117.948962565,-22.794061461,31.051948887));
#1948=CARTESIAN_POINT('',(-117.937859348,-22.88107802,31.051948887));
#1949=CARTESIAN_POINT('',(-117.903721671,-23.14192872,31.051948887));
#1950=CARTESIAN_POINT('',(-117.879859183,-23.315563886,31.051948887));
#1951=CARTESIAN_POINT('',(-117.804931022,-23.835673642,31.051948887));
#1952=CARTESIAN_POINT('',(-117.750524363,-24.18135409,31.051948887));
#1953=CARTESIAN_POINT('',(-117.573714552,-25.215204274,31.051948887));
#1954=CARTESIAN_POINT('',(-117.43755357,-25.900198311,31.051948887));
#1955=CARTESIAN_POINT('',(-117.131672752,-27.262613448,31.051948887));
#1956=CARTESIAN_POINT('',(-116.962015485,-27.940031147,31.051948887));
#1957=CARTESIAN_POINT('',(-116.683327307,-28.950808658,31.051948887));
#1958=CARTESIAN_POINT('',(-116.586271874,-29.286979183,31.051948887));
#1959=CARTESIAN_POINT('',(-116.43952042,-29.773691067,31.051948887));
#1960=CARTESIAN_POINT('',(-116.392896574,-29.925305597,31.051948887));
#1961=CARTESIAN_POINT('',(-116.345573353,-30.076696087,31.051948887));
#1962=B_SPLINE_SURFACE_WITH_KNOTS('',1,3,((#1922,#1923,#1924,#1925,#1926,#1927,#1928,#1929,#1930,#1931,#1932,#1933,#1934,#1935,#1936,#1937,#1938,#1939,#1940,#1941),(#1942,#1943,#1944,#1945,#1946,#1947,#1948,#1949,#1950,#1951,#1952,#1953,#1954,#1955,#1956,#1957,#1958,#1959,#1960,#1961)),.UNSPECIFIED.,.F.,.F.,.U.,(2,2),(4,2,2,2,2,2,2,2,2,4),(0.,0.14912292),(0.492640624,0.496603855,0.500567085,0.508493545,0.524346466,0.556052308,0.619463991,0.682875674,0.714581516,0.728964326),.UNSPECIFIED.);
#1963=CARTESIAN_POINT('',(-116.457469041,-30.116327154,31.063571105));
#1964=CARTESIAN_POINT('',(-116.420170478,-30.103116798,31.059697034));
#1965=CARTESIAN_POINT('',(-116.382871915,-30.089906442,31.055822961));
#1966=CARTESIAN_POINT('',(-116.345573353,-30.076696087,31.051948887));
#1967=B_SPLINE_CURVE_WITH_KNOTS('',3,(#1963,#1964,#1965,#1966),.UNSPECIFIED.,.F.,.F.,(4,4),(0.,0.000119274),.UNSPECIFIED.);
#1968=EDGE_CURVE('',#1719,#1390,#1967,.T.);
#1969=ORIENTED_EDGE('',*,*,#1968,.T.);
#1970=ORIENTED_EDGE('',*,*,#1402,.T.);
#1971=CARTESIAN_POINT('',(-118.108669713,-22.464431557,31.063571105));
#1972=DIRECTION('',(0.982551983,0.158431882,-0.097421458));
#1973=VECTOR('',#1972,0.089242024);
#1974=LINE('',#1971,#1973);
#1975=EDGE_CURVE('',#1728,#1354,#1974,.T.);
#1976=ORIENTED_EDGE('',*,*,#1975,.F.);
#1977=ORIENTED_EDGE('',*,*,#1750,.T.);
#1978=EDGE_LOOP('',(#1969,#1970,#1976,#1977));
#1979=FACE_BOUND('',#1978,.T.);
#1980=ADVANCED_FACE('',(#1979),#1962,.F.);
#1981=CARTESIAN_POINT('',(-116.213390044,-30.878583833,31.063571105));
#1982=CARTESIAN_POINT('',(-116.209550818,-30.89034787,31.063571105));
#1983=CARTESIAN_POINT('',(-116.205709001,-30.90211125,31.063571105));
#1984=CARTESIAN_POINT('',(-116.174668786,-30.99708406,31.063571105));
#1985=CARTESIAN_POINT('',(-116.147344973,-31.080253136,31.063571105));
#1986=CARTESIAN_POINT('',(-116.092422823,-31.246503942,31.063571105));
#1987=CARTESIAN_POINT('',(-116.064824486,-31.329585671,31.063571105));
#1988=CARTESIAN_POINT('',(-116.011583356,-31.488927048,31.063571105));
#1989=CARTESIAN_POINT('',(-115.985969111,-31.565179736,31.063571105));
#1990=CARTESIAN_POINT('',(-115.960213915,-31.641415971,31.063571105));
#1991=CARTESIAN_POINT('',(-116.093039864,-30.833566722,31.050993202));
#1992=CARTESIAN_POINT('',(-116.08920682,-30.845314235,31.050993202));
#1993=CARTESIAN_POINT('',(-116.085371318,-30.857060749,31.050993202));
#1994=CARTESIAN_POINT('',(-116.05438371,-30.951893098,31.050993202));
#1995=CARTESIAN_POINT('',(-116.027107822,-31.034934788,31.050993202));
#1996=CARTESIAN_POINT('',(-115.972285271,-31.200922216,31.050993202));
#1997=CARTESIAN_POINT('',(-115.944738608,-31.283867953,31.050993202));
#1998=CARTESIAN_POINT('',(-115.891600319,-31.442940147,31.050993202));
#1999=CARTESIAN_POINT('',(-115.866027694,-31.519084254,31.050993202));
#2000=CARTESIAN_POINT('',(-115.840332021,-31.595166243,31.050993202));
#2001=B_SPLINE_SURFACE_WITH_KNOTS('',1,3,((#1981,#1982,#1983,#1984,#1985,#1986,#1987,#1988,#1989,#1990),(#1991,#1992,#1993,#1994,#1995,#1996,#1997,#1998,#1999,#2000)),.UNSPECIFIED.,.F.,.F.,.U.,(2,2),(4,2,2,2,4),(0.,0.161385161),(0.753093309,0.754213818,0.762140278,0.770066739,0.777350837),.UNSPECIFIED.);
#2002=CARTESIAN_POINT('',(-116.096976519,-30.837352602,31.051474935));
#2003=CARTESIAN_POINT('',(-116.135781027,-30.851096346,31.055506995));
#2004=CARTESIAN_POINT('',(-116.174585535,-30.86484009,31.059539051));
#2005=CARTESIAN_POINT('',(-116.213390044,-30.878583834,31.063571105));
#2006=B_SPLINE_CURVE_WITH_KNOTS('',3,(#2002,#2003,#2004,#2005),.UNSPECIFIED.,.F.,.F.,(4,4),(0.000067192,0.000191283),.UNSPECIFIED.);
#2007=EDGE_CURVE('',#1423,#1686,#2006,.T.);
#2008=ORIENTED_EDGE('',*,*,#2007,.T.);
#2009=ORIENTED_EDGE('',*,*,#1698,.T.);
#2010=CARTESIAN_POINT('',(-115.840332021,-31.595166243,31.050993202));
#2011=CARTESIAN_POINT('',(-115.880673815,-31.609454469,31.055185844));
#2012=CARTESIAN_POINT('',(-115.921015609,-31.623742695,31.059378478));
#2013=CARTESIAN_POINT('',(-115.961357404,-31.638030921,31.063571105));
#2014=B_SPLINE_CURVE_WITH_KNOTS('',3,(#2010,#2011,#2012,#2013),.UNSPECIFIED.,.F.,.F.,(4,4),(0.000062238,0.000191244),.UNSPECIFIED.);
#2015=EDGE_CURVE('',#1432,#1677,#2014,.T.);
#2016=ORIENTED_EDGE('',*,*,#2015,.F.);
#2017=ORIENTED_EDGE('',*,*,#1438,.T.);
#2018=EDGE_LOOP('',(#2008,#2009,#2016,#2017));
#2019=FACE_BOUND('',#2018,.T.);
#2020=ADVANCED_FACE('',(#2019),#2001,.F.);
#2021=CARTESIAN_POINT('',(-115.697897227,-32.39344128,31.063571105));
#2022=CARTESIAN_POINT('',(-115.666432781,-32.480229031,31.063571105));
#2023=CARTESIAN_POINT('',(-115.6345214,-32.566887568,31.063571105));
#2024=CARTESIAN_POINT('',(-115.539462153,-32.820441546,31.063571105));
#2025=CARTESIAN_POINT('',(-115.474959898,-32.986546884,31.063571105));
#2026=CARTESIAN_POINT('',(-115.4090368,-33.151907009,31.063571105));
#2027=CARTESIAN_POINT('',(-115.568791604,-32.340352447,31.049906595));
#2028=CARTESIAN_POINT('',(-115.537503562,-32.426711179,31.049906595));
#2029=CARTESIAN_POINT('',(-115.505786251,-32.512904033,31.049906595));
#2030=CARTESIAN_POINT('',(-115.411360553,-32.76496383,31.049906595));
#2031=CARTESIAN_POINT('',(-115.347249862,-32.930177625,31.049906595));
#2032=CARTESIAN_POINT('',(-115.281673119,-33.094765681,31.049906595));
#2033=B_SPLINE_SURFACE_WITH_KNOTS('',1,3,((#2021,#2022,#2023,#2024,#2025,#2026),(#2027,#2028,#2029,#2030,#2031,#2032)),.UNSPECIFIED.,.F.,.F.,.U.,(2,2),(4,2,4),(0.,0.175327251),(0.801358364,0.809699041,0.825805156),.UNSPECIFIED.);
#2034=CARTESIAN_POINT('',(-115.413237932,-33.141363126,31.063571105));
#2035=CARTESIAN_POINT('',(-115.369382994,-33.125830644,31.059016272));
#2036=CARTESIAN_POINT('',(-115.325528056,-33.110298162,31.054461436));
#2037=CARTESIAN_POINT('',(-115.281673119,-33.094765681,31.049906595));
#2038=B_SPLINE_CURVE_WITH_KNOTS('',3,(#2034,#2035,#2036,#2037),.UNSPECIFIED.,.F.,.F.,(4,4),(0.,0.00014024),.UNSPECIFIED.);
#2039=EDGE_CURVE('',#1639,#1468,#2038,.T.);
#2040=ORIENTED_EDGE('',*,*,#2039,.T.);
#2041=ORIENTED_EDGE('',*,*,#1474,.T.);
#2042=CARTESIAN_POINT('',(-115.697897227,-32.39344128,31.063571105));
#2043=CARTESIAN_POINT('',(-115.655876368,-32.378558362,31.059203646));
#2044=CARTESIAN_POINT('',(-115.613855513,-32.36367544,31.054836169));
#2045=CARTESIAN_POINT('',(-115.571834657,-32.348792522,31.050468674));
#2046=B_SPLINE_CURVE_WITH_KNOTS('',3,(#2042,#2043,#2044,#2045),.UNSPECIFIED.,.F.,.F.,(4,4),(0.,0.000134376),.UNSPECIFIED.);
#2047=EDGE_CURVE('',#1648,#1459,#2046,.T.);
#2048=ORIENTED_EDGE('',*,*,#2047,.F.);
#2049=ORIENTED_EDGE('',*,*,#1656,.T.);
#2050=EDGE_LOOP('',(#2040,#2041,#2048,#2049));
#2051=FACE_BOUND('',#2050,.T.);
#2052=ADVANCED_FACE('',(#2051),#2033,.F.);
#2053=CARTESIAN_POINT('',(-53.700044187,67.790705472,-0.00000146));
#2054=DIRECTION('',(0.953407128,-0.301686672,0.000000006));
#2055=DIRECTION('',(-0.301686672,-0.953407128,0.));
#2056=AXIS2_PLACEMENT_3D('',#2053,#2054,#2055);
#2057=PLANE('',#2056);
#2058=CARTESIAN_POINT('',(-90.35353057,-48.043695906,19.776164127));
#2059=VERTEX_POINT('',#2058);
#2060=CARTESIAN_POINT('',(-90.318248229,-47.932194674,19.857979286));
#2061=DIRECTION('',(-0.247201027,-0.781218552,-0.573227029));
#2062=VECTOR('',#2061,0.142727322);
#2063=LINE('',#2060,#2062);
#2064=EDGE_CURVE('',#722,#2059,#2063,.T.);
#2065=ORIENTED_EDGE('',*,*,#2064,.T.);
#2066=CARTESIAN_POINT('',(-90.098355313,-47.237276788,18.484945327));
#2067=VERTEX_POINT('',#2066);
#2068=CARTESIAN_POINT('',(-90.098355313,-47.237276788,18.484945327));
#2069=DIRECTION('',(-0.165312773,-0.522430672,0.836503365));
#2070=VECTOR('',#2069,1.543590682);
#2071=LINE('',#2068,#2070);
#2072=EDGE_CURVE('',#2067,#2059,#2071,.T.);
#2073=ORIENTED_EDGE('',*,*,#2072,.F.);
#2074=CARTESIAN_POINT('',(-90.096102309,-47.230156718,18.459765259));
#2075=VERTEX_POINT('',#2074);
#2076=CARTESIAN_POINT('',(-90.096102309,-47.230156718,18.459765259));
#2077=CARTESIAN_POINT('',(-90.096854281,-47.232533144,18.468157667));
#2078=CARTESIAN_POINT('',(-90.097605284,-47.234906503,18.476551023));
#2079=CARTESIAN_POINT('',(-90.098355313,-47.237276788,18.484945327));
#2080=B_SPLINE_CURVE_WITH_KNOTS('',3,(#2076,#2077,#2078,#2079),.UNSPECIFIED.,.F.,.F.,(4,4),(0.000773053,0.000799317),.UNSPECIFIED.);
#2081=EDGE_CURVE('',#2075,#2067,#2080,.T.);
#2082=ORIENTED_EDGE('',*,*,#2081,.F.);
#2083=CARTESIAN_POINT('',(-90.061483728,-47.12075314,18.459765259));
#2084=DIRECTION('',(-0.301686672,-0.953407128,-0.));
#2085=VECTOR('',#2084,0.114750115);
#2086=LINE('',#2083,#2085);
#2087=EDGE_CURVE('',#731,#2075,#2086,.T.);
#2088=ORIENTED_EDGE('',*,*,#2087,.F.);
#2089=ORIENTED_EDGE('',*,*,#737,.T.);
#2090=EDGE_LOOP('',(#2065,#2073,#2082,#2088,#2089));
#2091=FACE_BOUND('',#2090,.T.);
#2092=ADVANCED_FACE('',(#2091),#2057,.T.);
#2093=CARTESIAN_POINT('',(-53.700044187,67.790705472,-0.00000146));
#2094=DIRECTION('',(0.953407128,-0.301686672,0.000000006));
#2095=DIRECTION('',(-0.301686672,-0.953407128,0.));
#2096=AXIS2_PLACEMENT_3D('',#2093,#2094,#2095);
#2097=PLANE('',#2096);
#2098=ORIENTED_EDGE('',*,*,#797,.T.);
#2099=CARTESIAN_POINT('',(-91.318645213,-51.093705186,24.659765265));
#2100=VERTEX_POINT('',#2099);
#2101=CARTESIAN_POINT('',(-91.318645213,-51.093705186,24.659765265));
#2102=DIRECTION('',(0.301686672,0.953407128,-0.));
#2103=VECTOR('',#2102,0.412152813);
#2104=LINE('',#2101,#2103);
#2105=EDGE_CURVE('',#2100,#779,#2104,.T.);
#2106=ORIENTED_EDGE('',*,*,#2105,.F.);
#2107=CARTESIAN_POINT('',(-91.015089609,-50.134391787,23.123735839));
#2108=VERTEX_POINT('',#2107);
#2109=CARTESIAN_POINT('',(-91.015089609,-50.134391787,23.123735839));
#2110=DIRECTION('',(-0.165312773,-0.522430672,0.836503365));
#2111=VECTOR('',#2110,1.836250146);
#2112=LINE('',#2109,#2111);
#2113=EDGE_CURVE('',#2108,#2100,#2112,.T.);
#2114=ORIENTED_EDGE('',*,*,#2113,.F.);
#2115=CARTESIAN_POINT('',(-90.943834712,-49.909208064,23.288966678));
#2116=DIRECTION('',(-0.247201027,-0.781218552,-0.573227029));
#2117=VECTOR('',#2116,0.288246769);
#2118=LINE('',#2115,#2117);
#2119=EDGE_CURVE('',#791,#2108,#2118,.T.);
#2120=ORIENTED_EDGE('',*,*,#2119,.F.);
#2121=EDGE_LOOP('',(#2098,#2106,#2114,#2120));
#2122=FACE_BOUND('',#2121,.T.);
#2123=ADVANCED_FACE('',(#2122),#2097,.T.);
#2124=CARTESIAN_POINT('',(-53.700044187,67.790705472,-0.00000146));
#2125=DIRECTION('',(0.953407128,-0.301686672,0.000000006));
#2126=DIRECTION('',(-0.301686672,-0.953407128,0.));
#2127=AXIS2_PLACEMENT_3D('',#2124,#2125,#2126);
#2128=PLANE('',#2127);
#2129=CARTESIAN_POINT('',(-90.750465993,-49.298113435,21.784707154));
#2130=VERTEX_POINT('',#2129);
#2131=CARTESIAN_POINT('',(-90.882777801,-49.716252611,22.454221497));
#2132=VERTEX_POINT('',#2131);
#2133=CARTESIAN_POINT('',(-90.750465993,-49.298113435,21.784707154));
#2134=DIRECTION('',(-0.165312773,-0.522430672,0.836503365));
#2135=VECTOR('',#2134,0.800372563);
#2136=LINE('',#2133,#2135);
#2137=EDGE_CURVE('',#2130,#2132,#2136,.T.);
#2138=ORIENTED_EDGE('',*,*,#2137,.F.);
#2139=CARTESIAN_POINT('',(-90.750465993,-49.298113435,21.784707154));
#2140=DIRECTION('',(0.247201027,0.781218552,0.573227029));
#2141=VECTOR('',#2140,0.229445447);
#2142=LINE('',#2139,#2141);
#2143=EDGE_CURVE('',#2130,#827,#2142,.T.);
#2144=ORIENTED_EDGE('',*,*,#2143,.T.);
#2145=ORIENTED_EDGE('',*,*,#833,.T.);
#2146=CARTESIAN_POINT('',(-90.882777801,-49.716252611,22.454221497));
#2147=DIRECTION('',(0.247201027,0.781218552,0.573227029));
#2148=VECTOR('',#2147,0.258957079);
#2149=LINE('',#2146,#2148);
#2150=EDGE_CURVE('',#2132,#818,#2149,.T.);
#2151=ORIENTED_EDGE('',*,*,#2150,.F.);
#2152=EDGE_LOOP('',(#2138,#2144,#2145,#2151));
#2153=FACE_BOUND('',#2152,.T.);
#2154=ADVANCED_FACE('',(#2153),#2128,.T.);
#2155=CARTESIAN_POINT('',(-53.700044187,67.790705472,-0.00000146));
#2156=DIRECTION('',(0.953407128,-0.301686672,0.000000006));
#2157=DIRECTION('',(-0.301686672,-0.953407128,0.));
#2158=AXIS2_PLACEMENT_3D('',#2155,#2156,#2157);
#2159=PLANE('',#2158);
#2160=ORIENTED_EDGE('',*,*,#869,.T.);
#2161=CARTESIAN_POINT('',(-90.618154186,-48.879974259,21.115192812));
#2162=VERTEX_POINT('',#2161);
#2163=CARTESIAN_POINT('',(-90.568707951,-48.723711494,21.229852199));
#2164=DIRECTION('',(-0.247201027,-0.781218552,-0.573227029));
#2165=VECTOR('',#2164,0.200024391);
#2166=LINE('',#2163,#2165);
#2167=EDGE_CURVE('',#854,#2162,#2166,.T.);
#2168=ORIENTED_EDGE('',*,*,#2167,.T.);
#2169=CARTESIAN_POINT('',(-90.485842378,-48.461835083,20.44567847));
#2170=VERTEX_POINT('',#2169);
#2171=CARTESIAN_POINT('',(-90.485842378,-48.461835083,20.44567847));
#2172=DIRECTION('',(-0.165312773,-0.522430672,0.836503365));
#2173=VECTOR('',#2172,0.800372563);
#2174=LINE('',#2171,#2173);
#2175=EDGE_CURVE('',#2170,#2162,#2174,.T.);
#2176=ORIENTED_EDGE('',*,*,#2175,.F.);
#2177=CARTESIAN_POINT('',(-90.443567541,-48.328235772,20.543708317));
#2178=DIRECTION('',(-0.247201027,-0.781218552,-0.573227029));
#2179=VECTOR('',#2178,0.171014001);
#2180=LINE('',#2177,#2179);
#2181=EDGE_CURVE('',#863,#2170,#2180,.T.);
#2182=ORIENTED_EDGE('',*,*,#2181,.F.);
#2183=EDGE_LOOP('',(#2160,#2168,#2176,#2182));
#2184=FACE_BOUND('',#2183,.T.);
#2185=ADVANCED_FACE('',(#2184),#2159,.T.);
#2186=CARTESIAN_POINT('',(-91.318645213,-51.093705186,24.659765265));
#2187=CARTESIAN_POINT('',(-90.026876844,-47.011386532,18.123255309));
#2188=CARTESIAN_POINT('',(-91.083864706,-51.125167947,24.659765265));
#2189=CARTESIAN_POINT('',(-89.803920481,-47.080216618,18.123255309));
#2190=CARTESIAN_POINT('',(-90.849084199,-51.156630709,24.659765265));
#2191=CARTESIAN_POINT('',(-89.580964118,-47.149046703,18.123255309));
#2192=CARTESIAN_POINT('',(-90.614303691,-51.188093471,24.659765265));
#2193=CARTESIAN_POINT('',(-89.358007755,-47.217876788,18.123255309));
#2194=B_SPLINE_SURFACE_WITH_KNOTS('',3,1,((#2186,#2187),(#2188,#2189),(#2190,#2191),(#2192,#2193)),.UNSPECIFIED.,.F.,.F.,.U.,(4,4),(2,2),(0.,0.874999894),(0.,0.959839934),.UNSPECIFIED.);
#2195=CARTESIAN_POINT('',(-90.160795811,-48.097544183,19.780925541));
#2196=VERTEX_POINT('',#2195);
#2197=CARTESIAN_POINT('',(-90.35353057,-48.043695906,19.776164127));
#2198=CARTESIAN_POINT('',(-90.289287065,-48.061650741,19.777747359));
#2199=CARTESIAN_POINT('',(-90.225042149,-48.07960018,19.779334487));
#2200=CARTESIAN_POINT('',(-90.160795811,-48.097544183,19.780925541));
#2201=B_SPLINE_CURVE_WITH_KNOTS('',3,(#2197,#2198,#2199,#2200),.UNSPECIFIED.,.F.,.F.,(4,4),(0.,0.000200172),.UNSPECIFIED.);
#2202=EDGE_CURVE('',#2059,#2196,#2201,.T.);
#2203=ORIENTED_EDGE('',*,*,#2202,.T.);
#2204=CARTESIAN_POINT('',(-90.292393989,-48.513428105,20.452094698));
#2205=VERTEX_POINT('',#2204);
#2206=CARTESIAN_POINT('',(-90.160795811,-48.097544183,19.780925541));
#2207=CARTESIAN_POINT('',(-90.20466187,-48.236172157,20.004648593));
#2208=CARTESIAN_POINT('',(-90.24852793,-48.374800131,20.228371646));
#2209=CARTESIAN_POINT('',(-90.292393989,-48.513428105,20.452094698));
#2210=B_SPLINE_CURVE_WITH_KNOTS('',3,(#2206,#2207,#2208,#2209),.UNSPECIFIED.,.F.,.F.,(4,4),(0.,0.000800466),.UNSPECIFIED.);
#2211=EDGE_CURVE('',#2196,#2205,#2210,.T.);
#2212=ORIENTED_EDGE('',*,*,#2211,.T.);
#2213=CARTESIAN_POINT('',(-90.485842378,-48.461835083,20.44567847));
#2214=CARTESIAN_POINT('',(-90.421361359,-48.479040076,20.447811956));
#2215=CARTESIAN_POINT('',(-90.356878567,-48.496237768,20.449950686));
#2216=CARTESIAN_POINT('',(-90.292393989,-48.513428105,20.452094698));
#2217=B_SPLINE_CURVE_WITH_KNOTS('',3,(#2213,#2214,#2215,#2216),.UNSPECIFIED.,.F.,.F.,(4,4),(0.,0.000200313),.UNSPECIFIED.);
#2218=EDGE_CURVE('',#2170,#2205,#2217,.T.);
#2219=ORIENTED_EDGE('',*,*,#2218,.F.);
#2220=ORIENTED_EDGE('',*,*,#2175,.T.);
#2221=CARTESIAN_POINT('',(-90.521075324,-48.904649932,21.119223353));
#2222=VERTEX_POINT('',#2221);
#2223=CARTESIAN_POINT('',(-90.618154186,-48.879974259,21.115192812));
#2224=CARTESIAN_POINT('',(-90.585795083,-48.88820179,21.116534678));
#2225=CARTESIAN_POINT('',(-90.553435463,-48.896427015,21.117878191));
#2226=CARTESIAN_POINT('',(-90.521075324,-48.904649932,21.119223353));
#2227=B_SPLINE_CURVE_WITH_KNOTS('',3,(#2223,#2224,#2225,#2226),.UNSPECIFIED.,.F.,.F.,(4,4),(0.,0.000100247),.UNSPECIFIED.);
#2228=EDGE_CURVE('',#2162,#2222,#2227,.T.);
#2229=ORIENTED_EDGE('',*,*,#2228,.T.);
#2230=CARTESIAN_POINT('',(-90.653030758,-49.321662873,21.789564081));
#2231=VERTEX_POINT('',#2230);
#2232=CARTESIAN_POINT('',(-90.521075324,-48.904649932,21.119223353));
#2233=CARTESIAN_POINT('',(-90.565060469,-49.043654246,21.342670262));
#2234=CARTESIAN_POINT('',(-90.609045613,-49.182658559,21.566117172));
#2235=CARTESIAN_POINT('',(-90.653030758,-49.321662873,21.789564081));
#2236=B_SPLINE_CURVE_WITH_KNOTS('',3,(#2232,#2233,#2234,#2235),.UNSPECIFIED.,.F.,.F.,(4,4),(0.,0.000800418),.UNSPECIFIED.);
#2237=EDGE_CURVE('',#2222,#2231,#2236,.T.);
#2238=ORIENTED_EDGE('',*,*,#2237,.T.);
#2239=CARTESIAN_POINT('',(-90.653030758,-49.321662873,21.789564081));
#2240=CARTESIAN_POINT('',(-90.685509746,-49.313815853,21.787943122));
#2241=CARTESIAN_POINT('',(-90.717988158,-49.30596604,21.786324146));
#2242=CARTESIAN_POINT('',(-90.750465993,-49.298113435,21.784707154));
#2243=B_SPLINE_CURVE_WITH_KNOTS('',3,(#2239,#2240,#2241,#2242),.UNSPECIFIED.,.F.,.F.,(4,4),(0.,0.000100358),.UNSPECIFIED.);
#2244=EDGE_CURVE('',#2231,#2130,#2243,.T.);
#2245=ORIENTED_EDGE('',*,*,#2244,.T.);
#2246=ORIENTED_EDGE('',*,*,#2137,.T.);
#2247=CARTESIAN_POINT('',(-90.687188523,-49.761079873,22.465602171));
#2248=VERTEX_POINT('',#2247);
#2249=CARTESIAN_POINT('',(-90.687188523,-49.761079873,22.465602171));
#2250=CARTESIAN_POINT('',(-90.75238742,-49.746150591,22.461799328));
#2251=CARTESIAN_POINT('',(-90.81758384,-49.731208139,22.458005792));
#2252=CARTESIAN_POINT('',(-90.882777801,-49.716252611,22.454221497));
#2253=B_SPLINE_CURVE_WITH_KNOTS('',3,(#2249,#2250,#2251,#2252),.UNSPECIFIED.,.F.,.F.,(4,4),(0.,0.000200983),.UNSPECIFIED.);
#2254=EDGE_CURVE('',#2248,#2132,#2253,.T.);
#2255=ORIENTED_EDGE('',*,*,#2254,.F.);
#2256=CARTESIAN_POINT('',(-90.818786701,-50.176963796,23.136771328));
#2257=VERTEX_POINT('',#2256);
#2258=CARTESIAN_POINT('',(-90.818786701,-50.176963796,23.136771328));
#2259=CARTESIAN_POINT('',(-90.774920642,-50.038335822,22.913048276));
#2260=CARTESIAN_POINT('',(-90.731054582,-49.899707847,22.689325223));
#2261=CARTESIAN_POINT('',(-90.687188523,-49.761079873,22.465602171));
#2262=B_SPLINE_CURVE_WITH_KNOTS('',3,(#2258,#2259,#2260,#2261),.UNSPECIFIED.,.F.,.F.,(4,4),(0.,0.000800466),.UNSPECIFIED.);
#2263=EDGE_CURVE('',#2257,#2248,#2262,.T.);
#2264=ORIENTED_EDGE('',*,*,#2263,.F.);
#2265=CARTESIAN_POINT('',(-91.015089609,-50.134391787,23.123735839));
#2266=CARTESIAN_POINT('',(-90.949657868,-50.148597504,23.128070425));
#2267=CARTESIAN_POINT('',(-90.884223571,-50.162788211,23.132415562));
#2268=CARTESIAN_POINT('',(-90.818786701,-50.176963796,23.136771328));
#2269=B_SPLINE_CURVE_WITH_KNOTS('',3,(#2265,#2266,#2267,#2268),.UNSPECIFIED.,.F.,.F.,(4,4),(0.,0.000201289),.UNSPECIFIED.);
#2270=EDGE_CURVE('',#2108,#2257,#2269,.T.);
#2271=ORIENTED_EDGE('',*,*,#2270,.F.);
#2272=ORIENTED_EDGE('',*,*,#2113,.T.);
#2273=CARTESIAN_POINT('',(-90.614303689,-51.188093472,24.659765239));
#2274=VERTEX_POINT('',#2273);
#2275=CARTESIAN_POINT('',(-90.614303689,-51.188093472,24.659765265));
#2276=DIRECTION('',(-0.991139917,0.132821926,0.));
#2277=VECTOR('',#2276,0.710637834);
#2278=LINE('',#2275,#2277);
#2279=EDGE_CURVE('',#2274,#2100,#2278,.T.);
#2280=ORIENTED_EDGE('',*,*,#2279,.F.);
#2281=CARTESIAN_POINT('',(-89.358007842,-47.217876762,18.123255309));
#2282=VERTEX_POINT('',#2281);
#2283=CARTESIAN_POINT('',(-89.358007842,-47.217876762,18.123255309));
#2284=CARTESIAN_POINT('',(-89.776773124,-48.54128233,20.30209195));
#2285=CARTESIAN_POINT('',(-90.195538404,-49.864687895,22.480928593));
#2286=CARTESIAN_POINT('',(-90.614303684,-51.188093456,24.659765239));
#2287=B_SPLINE_CURVE_WITH_KNOTS('',3,(#2283,#2284,#2285,#2286),.UNSPECIFIED.,.F.,.F.,(4,4),(0.000324275,0.008074556),.UNSPECIFIED.);
#2288=EDGE_CURVE('',#2282,#2274,#2287,.T.);
#2289=ORIENTED_EDGE('',*,*,#2288,.F.);
#2290=CARTESIAN_POINT('',(-90.098355313,-47.237276788,18.484945327));
#2291=CARTESIAN_POINT('',(-89.966769461,-47.2481237,18.443338566));
#2292=CARTESIAN_POINT('',(-89.836794677,-47.253963018,18.394482312));
#2293=CARTESIAN_POINT('',(-89.711940909,-47.251744562,18.33513847));
#2294=CARTESIAN_POINT('',(-89.587087142,-47.249526107,18.275794627));
#2295=CARTESIAN_POINT('',(-89.467395197,-47.239018974,18.205615778));
#2296=CARTESIAN_POINT('',(-89.358007842,-47.217876762,18.123255309));
#2297=B_SPLINE_CURVE_WITH_KNOTS('',3,(#2290,#2291,#2292,#2293,#2294,#2295,#2296),.UNSPECIFIED.,.F.,.F.,(4,3,4),(0.002750286,0.003165102,0.003579918),.UNSPECIFIED.);
#2298=EDGE_CURVE('',#2067,#2282,#2297,.T.);
#2299=ORIENTED_EDGE('',*,*,#2298,.F.);
#2300=ORIENTED_EDGE('',*,*,#2072,.T.);
#2301=EDGE_LOOP('',(#2203,#2212,#2219,#2220,#2229,#2238,#2245,#2246,#2255,#2264,#2271,#2272,#2280,#2289,#2299,#2300));
#2302=FACE_BOUND('',#2301,.T.);
#2303=ADVANCED_FACE('',(#2302),#2194,.T.);
#2304=CARTESIAN_POINT('',(-118.334189233,-20.290360419,17.846179371));
#2305=CARTESIAN_POINT('',(-118.334019058,-20.290916102,17.89836108));
#2306=CARTESIAN_POINT('',(-118.333756096,-20.29203775,18.002724251));
#2307=CARTESIAN_POINT('',(-118.333603949,-20.293752618,18.159268215));
#2308=CARTESIAN_POINT('',(-118.333702903,-20.295501197,18.315811303));
#2309=CARTESIAN_POINT('',(-118.333932324,-20.296688712,18.420172758));
#2310=CARTESIAN_POINT('',(-118.334086285,-20.297287675,18.472353339));
#2311=CARTESIAN_POINT('',(-118.33411234,-20.297389039,18.48118405));
#2312=CARTESIAN_POINT('',(-118.334138395,-20.297490404,18.490014762));
#2313=CARTESIAN_POINT('',(-118.334164451,-20.297591768,18.498845473));
#2314=CARTESIAN_POINT('',(-118.264492174,-21.154035527,17.8461518));
#2315=CARTESIAN_POINT('',(-118.26430232,-21.154557098,17.898284744));
#2316=CARTESIAN_POINT('',(-118.263972963,-21.155606176,18.002550484));
#2317=CARTESIAN_POINT('',(-118.263625821,-21.157196815,18.15894865));
#2318=CARTESIAN_POINT('',(-118.263422128,-21.158803777,18.315346367));
#2319=CARTESIAN_POINT('',(-118.263383625,-21.159886245,18.419611192));
#2320=CARTESIAN_POINT('',(-118.263389397,-21.160430383,18.471743519));
#2321=CARTESIAN_POINT('',(-118.263390374,-21.16052247,18.480566064));
#2322=CARTESIAN_POINT('',(-118.263391351,-21.160614557,18.489388609));
#2323=CARTESIAN_POINT('',(-118.263392327,-21.160706643,18.498211154));
#2324=CARTESIAN_POINT('',(-118.024143524,-22.884649967,17.84684569));
#2325=CARTESIAN_POINT('',(-118.024080317,-22.884939823,17.898798151));
#2326=CARTESIAN_POINT('',(-118.0239595,-22.885520398,18.002703041));
#2327=CARTESIAN_POINT('',(-118.023797096,-22.886394174,18.15856028));
#2328=CARTESIAN_POINT('',(-118.023655188,-22.887271164,18.314417416));
#2329=CARTESIAN_POINT('',(-118.02357346,-22.887857864,18.418322109));
#2330=CARTESIAN_POINT('',(-118.023535464,-22.888151679,18.470274443));
#2331=CARTESIAN_POINT('',(-118.023529034,-22.888201402,18.479066527));
#2332=CARTESIAN_POINT('',(-118.023522604,-22.888251126,18.487858612));
#2333=CARTESIAN_POINT('',(-118.023516174,-22.888300849,18.496650696));
#2334=CARTESIAN_POINT('',(-117.453297618,-25.47773071,17.848678199));
#2335=CARTESIAN_POINT('',(-117.453286983,-25.477679627,17.900323564));
#2336=CARTESIAN_POINT('',(-117.453271639,-25.47757843,18.003614259));
#2337=CARTESIAN_POINT('',(-117.453265498,-25.477429539,18.158550205));
#2338=CARTESIAN_POINT('',(-117.453275503,-25.477283539,18.313486077));
#2339=CARTESIAN_POINT('',(-117.453293261,-25.477188125,18.416776616));
#2340=CARTESIAN_POINT('',(-117.453305072,-25.477140898,18.468421875));
#2341=CARTESIAN_POINT('',(-117.453307071,-25.477132906,18.477161993));
#2342=CARTESIAN_POINT('',(-117.45330907,-25.477124913,18.48590211));
#2343=CARTESIAN_POINT('',(-117.453311068,-25.477116921,18.494642227));
#2344=CARTESIAN_POINT('',(-116.878958789,-27.405146796,17.849021634));
#2345=CARTESIAN_POINT('',(-116.878975074,-27.405130123,17.900642326));
#2346=CARTESIAN_POINT('',(-116.879005732,-27.405095682,18.003883709));
#2347=CARTESIAN_POINT('',(-116.879046037,-27.405040451,18.158745772));
#2348=CARTESIAN_POINT('',(-116.879080692,-27.404981446,18.313607821));
#2349=CARTESIAN_POINT('',(-116.879100054,-27.404939743,18.416849178));
#2350=CARTESIAN_POINT('',(-116.879108781,-27.404918348,18.468469854));
#2351=CARTESIAN_POINT('',(-116.879110258,-27.404914727,18.477205811));
#2352=CARTESIAN_POINT('',(-116.879111734,-27.404911107,18.485941768));
#2353=CARTESIAN_POINT('',(-116.879113211,-27.404907486,18.494677725));
#2354=CARTESIAN_POINT('',(-116.426721874,-28.669317929,17.849251504));
#2355=CARTESIAN_POINT('',(-116.426689009,-28.669385903,17.900859167));
#2356=CARTESIAN_POINT('',(-116.426625969,-28.669523275,18.004074488));
#2357=CARTESIAN_POINT('',(-116.426539959,-28.669734106,18.158897457));
#2358=CARTESIAN_POINT('',(-116.426462896,-28.669950107,18.313720414));
#2359=CARTESIAN_POINT('',(-116.426417216,-28.670097315,18.416935709));
#2360=CARTESIAN_POINT('',(-116.426395727,-28.670171638,18.468543353));
#2361=CARTESIAN_POINT('',(-116.426392091,-28.670184216,18.477277104));
#2362=CARTESIAN_POINT('',(-116.426388454,-28.670196794,18.486010856));
#2363=CARTESIAN_POINT('',(-116.426384817,-28.670209372,18.494744607));
#2364=CARTESIAN_POINT('',(-116.184301163,-29.295485822,17.849341022));
#2365=CARTESIAN_POINT('',(-116.184254366,-29.295614673,17.900946695));
#2366=CARTESIAN_POINT('',(-116.184159216,-29.295871891,18.00415803));
#2367=CARTESIAN_POINT('',(-116.184011001,-29.296255065,18.158975002));
#2368=CARTESIAN_POINT('',(-116.183856493,-29.296634636,18.313791949));
#2369=CARTESIAN_POINT('',(-116.183749789,-29.29688587,18.417003238));
#2370=CARTESIAN_POINT('',(-116.183695641,-29.297011233,18.46860888));
#2371=CARTESIAN_POINT('',(-116.183686478,-29.297032448,18.477342292));
#2372=CARTESIAN_POINT('',(-116.183677314,-29.297053664,18.486075704));
#2373=CARTESIAN_POINT('',(-116.183668151,-29.297074879,18.494809117));
#2374=CARTESIAN_POINT('',(-115.925355011,-29.915616098,17.849408296));
#2375=CARTESIAN_POINT('',(-115.925263933,-29.915799231,17.901015317));
#2376=CARTESIAN_POINT('',(-115.925086405,-29.916169431,18.004229353));
#2377=CARTESIAN_POINT('',(-115.92483144,-29.916737685,18.159050383));
#2378=CARTESIAN_POINT('',(-115.924586246,-29.917319928,18.313871383));
#2379=CARTESIAN_POINT('',(-115.924430324,-29.917716798,18.417085363));
#2380=CARTESIAN_POINT('',(-115.92435467,-29.917917217,18.46869235));
#2381=CARTESIAN_POINT('',(-115.924341867,-29.917951135,18.47742599));
#2382=CARTESIAN_POINT('',(-115.924329063,-29.917985053,18.48615963));
#2383=CARTESIAN_POINT('',(-115.92431626,-29.918018971,18.49489327));
#2384=CARTESIAN_POINT('',(-115.647891111,-30.530318941,17.849446433));
#2385=CARTESIAN_POINT('',(-115.647742691,-30.530580611,17.901056885));
#2386=CARTESIAN_POINT('',(-115.647455701,-30.531103058,18.004277808));
#2387=CARTESIAN_POINT('',(-115.647068598,-30.531887866,18.159109255));
#2388=CARTESIAN_POINT('',(-115.646734912,-30.532676486,18.313940771));
#2389=CARTESIAN_POINT('',(-115.646541607,-30.533203033,18.417161824));
#2390=CARTESIAN_POINT('',(-115.646449971,-30.533465883,18.46877236));
#2391=CARTESIAN_POINT('',(-115.646434463,-30.533510366,18.4775066));
#2392=CARTESIAN_POINT('',(-115.646418955,-30.533554849,18.486240841));
#2393=CARTESIAN_POINT('',(-115.646403447,-30.533599332,18.494975081));
#2394=CARTESIAN_POINT('',(-115.360437415,-31.146892853,17.849452355));
#2395=CARTESIAN_POINT('',(-115.360365921,-31.147276656,17.901065758));
#2396=CARTESIAN_POINT('',(-115.360188955,-31.148027334,18.004292574));
#2397=CARTESIAN_POINT('',(-115.359799002,-31.149091269,18.159132828));
#2398=CARTESIAN_POINT('',(-115.359267689,-31.150084683,18.313973113));
#2399=CARTESIAN_POINT('',(-115.358830055,-31.150705365,18.417199989));
#2400=CARTESIAN_POINT('',(-115.358594091,-31.151007163,18.468813431));
#2401=CARTESIAN_POINT('',(-115.358554157,-31.151058237,18.477548163));
#2402=CARTESIAN_POINT('',(-115.358514224,-31.151109311,18.486282896));
#2403=CARTESIAN_POINT('',(-115.358474291,-31.151160386,18.495017628));
#2404=CARTESIAN_POINT('',(-114.983719491,-31.973895805,17.84943033));
#2405=CARTESIAN_POINT('',(-114.983407169,-31.974271417,17.901047484));
#2406=CARTESIAN_POINT('',(-114.982821899,-31.975049876,18.004281764));
#2407=CARTESIAN_POINT('',(-114.98208514,-31.976314359,18.159133091));
#2408=CARTESIAN_POINT('',(-114.981506809,-31.977687,18.313984319));
#2409=CARTESIAN_POINT('',(-114.981215771,-31.978666889,18.417218412));
#2410=CARTESIAN_POINT('',(-114.981090096,-31.979170548,18.468835446));
#2411=CARTESIAN_POINT('',(-114.981068827,-31.979255784,18.477570786));
#2412=CARTESIAN_POINT('',(-114.981047559,-31.97934102,18.486306127));
#2413=CARTESIAN_POINT('',(-114.98102629,-31.979426256,18.495041467));
#2414=CARTESIAN_POINT('',(-114.446065568,-32.963181527,17.849393044));
#2415=CARTESIAN_POINT('',(-114.445813891,-32.963793033,17.901017792));
#2416=CARTESIAN_POINT('',(-114.445285853,-32.964992166,18.004267315));
#2417=CARTESIAN_POINT('',(-114.444402506,-32.966704534,18.159141687));
#2418=CARTESIAN_POINT('',(-114.443414978,-32.968319541,18.31401615));
#2419=CARTESIAN_POINT('',(-114.442695464,-32.969338431,18.417265843));
#2420=CARTESIAN_POINT('',(-114.442323255,-32.969835855,18.468890701));
#2421=CARTESIAN_POINT('',(-114.442260264,-32.969920036,18.477627365));
#2422=CARTESIAN_POINT('',(-114.442197274,-32.970004217,18.486364029));
#2423=CARTESIAN_POINT('',(-114.442134284,-32.970088398,18.495100693));
#2424=CARTESIAN_POINT('',(-113.888407291,-33.952813483,17.849378267));
#2425=CARTESIAN_POINT('',(-113.88799405,-33.953498065,17.901000403));
#2426=CARTESIAN_POINT('',(-113.887170034,-33.954877926,18.004244664));
#2427=CARTESIAN_POINT('',(-113.885948232,-33.956989095,18.159111017));
#2428=CARTESIAN_POINT('',(-113.884745649,-33.959148551,18.313977327));
#2429=CARTESIAN_POINT('',(-113.883953514,-33.960615915,18.417221506));
#2430=CARTESIAN_POINT('',(-113.883558717,-33.961354995,18.46884359));
#2431=CARTESIAN_POINT('',(-113.883491904,-33.961480073,18.477579785));
#2432=CARTESIAN_POINT('',(-113.883425091,-33.96160515,18.48631598));
#2433=CARTESIAN_POINT('',(-113.883358278,-33.961730227,18.495052175));
#2434=CARTESIAN_POINT('',(-113.424832953,-34.725391631,17.849354947));
#2435=CARTESIAN_POINT('',(-113.42433166,-34.726206133,17.900976746));
#2436=CARTESIAN_POINT('',(-113.423332164,-34.727830692,18.004220336));
#2437=CARTESIAN_POINT('',(-113.421840802,-34.730248607,18.159085697));
#2438=CARTESIAN_POINT('',(-113.420356393,-34.732643482,18.313951037));
#2439=CARTESIAN_POINT('',(-113.41937202,-34.734227329,18.417194587));
#2440=CARTESIAN_POINT('',(-113.41888137,-34.735016986,18.468816361));
#2441=CARTESIAN_POINT('',(-113.418798336,-34.735150623,18.477552503));
#2442=CARTESIAN_POINT('',(-113.418715301,-34.735284259,18.486288645));
#2443=CARTESIAN_POINT('',(-113.418632267,-34.735417896,18.495024788));
#2444=CARTESIAN_POINT('',(-113.061270388,-35.296020882,17.849296685));
#2445=CARTESIAN_POINT('',(-113.060701943,-35.296872919,17.900923628));
#2446=CARTESIAN_POINT('',(-113.059566276,-35.298580724,18.004177528));
#2447=CARTESIAN_POINT('',(-113.057865359,-35.301156031,18.159058436));
#2448=CARTESIAN_POINT('',(-113.056166107,-35.303746627,18.313939414));
#2449=CARTESIAN_POINT('',(-113.055034924,-35.305482799,18.417193445));
#2450=CARTESIAN_POINT('',(-113.054469922,-35.306352768,18.468820471));
#2451=CARTESIAN_POINT('',(-113.054374304,-35.306499996,18.477557502));
#2452=CARTESIAN_POINT('',(-113.054278687,-35.306647224,18.486294533));
#2453=CARTESIAN_POINT('',(-113.054183069,-35.306794452,18.495031565));
#2454=CARTESIAN_POINT('',(-112.680367749,-35.854216108,17.849174059));
#2455=CARTESIAN_POINT('',(-112.679706385,-35.855119062,17.900813985));
#2456=CARTESIAN_POINT('',(-112.67839143,-35.856930903,18.004093828));
#2457=CARTESIAN_POINT('',(-112.67644592,-35.859668612,18.159013561));
#2458=CARTESIAN_POINT('',(-112.674530289,-35.862428158,18.313933267));
#2459=CARTESIAN_POINT('',(-112.673271342,-35.864281272,18.41721306));
#2460=CARTESIAN_POINT('',(-112.672645808,-35.86521083,18.468852954));
#2461=CARTESIAN_POINT('',(-112.672539947,-35.865368142,18.477592163));
#2462=CARTESIAN_POINT('',(-112.672434086,-35.865525455,18.486331373));
#2463=CARTESIAN_POINT('',(-112.672328225,-35.865682767,18.495070582));
#2464=CARTESIAN_POINT('',(-112.28587287,-36.403048192,17.849018544));
#2465=CARTESIAN_POINT('',(-112.285183149,-36.404041387,17.900677349));
#2466=CARTESIAN_POINT('',(-112.283796597,-36.406018908,18.003994939));
#2467=CARTESIAN_POINT('',(-112.281696824,-36.408959423,18.158971258));
#2468=CARTESIAN_POINT('',(-112.279577925,-36.411874473,18.313947509));
#2469=CARTESIAN_POINT('',(-112.278152088,-36.413800622,18.417264968));
#2470=CARTESIAN_POINT('',(-112.277435658,-36.414759263,18.468923689));
#2471=CARTESIAN_POINT('',(-112.277314414,-36.414921497,18.477666084));
#2472=CARTESIAN_POINT('',(-112.27719317,-36.415083732,18.486408479));
#2473=CARTESIAN_POINT('',(-112.277071926,-36.415245966,18.495150874));
#2474=CARTESIAN_POINT('',(-111.893378052,-36.955085938,17.848858359));
#2475=CARTESIAN_POINT('',(-111.892707374,-36.956162391,17.900539459));
#2476=CARTESIAN_POINT('',(-111.891345975,-36.958298172,18.003901661));
#2477=CARTESIAN_POINT('',(-111.889231853,-36.961438374,18.158944971));
#2478=CARTESIAN_POINT('',(-111.887036728,-36.964506096,18.313988282));
#2479=CARTESIAN_POINT('',(-111.885524903,-36.966508594,18.417350488));
#2480=CARTESIAN_POINT('',(-111.88475882,-36.967501144,18.46903159));
#2481=CARTESIAN_POINT('',(-111.884629174,-36.967669117,18.477777773));
#2482=CARTESIAN_POINT('',(-111.884499527,-36.96783709,18.486523956));
#2483=CARTESIAN_POINT('',(-111.88436988,-36.968005063,18.495270139));
#2484=CARTESIAN_POINT('',(-111.504586287,-37.505292129,17.848708294));
#2485=CARTESIAN_POINT('',(-111.503769214,-37.506291267,17.9004096));
#2486=CARTESIAN_POINT('',(-111.50214991,-37.508310527,18.003812236));
#2487=CARTESIAN_POINT('',(-111.499773683,-37.511413739,18.158916273));
#2488=CARTESIAN_POINT('',(-111.497456341,-37.514599801,18.314020392));
#2489=CARTESIAN_POINT('',(-111.495946723,-37.516773673,18.417423187));
#2490=CARTESIAN_POINT('',(-111.495199358,-37.517871204,18.469124594));
#2491=CARTESIAN_POINT('',(-111.495072878,-37.518056943,18.477874213));
#2492=CARTESIAN_POINT('',(-111.494946399,-37.518242683,18.486623832));
#2493=CARTESIAN_POINT('',(-111.494819919,-37.518428422,18.495373452));
#2494=CARTESIAN_POINT('',(-111.089799254,-38.022895935,17.84856733));
#2495=CARTESIAN_POINT('',(-111.088847116,-38.023912311,17.900284024));
#2496=CARTESIAN_POINT('',(-111.086960758,-38.025959677,18.003717418));
#2497=CARTESIAN_POINT('',(-111.084190092,-38.029077726,18.158867525));
#2498=CARTESIAN_POINT('',(-111.081482339,-38.032245373,18.314017643));
#2499=CARTESIAN_POINT('',(-111.079716602,-38.034388602,18.417451061));
#2500=CARTESIAN_POINT('',(-111.07884278,-38.035467579,18.469167772));
#2501=CARTESIAN_POINT('',(-111.0786949,-38.035650179,18.477919981));
#2502=CARTESIAN_POINT('',(-111.07854702,-38.035832778,18.48667219));
#2503=CARTESIAN_POINT('',(-111.07839914,-38.036015377,18.495424399));
#2504=CARTESIAN_POINT('',(-110.493173426,-38.673377459,17.848393551));
#2505=CARTESIAN_POINT('',(-110.492201513,-38.674508947,17.900127671));
#2506=CARTESIAN_POINT('',(-110.490237473,-38.676746404,18.003595897));
#2507=CARTESIAN_POINT('',(-110.487222422,-38.680016609,18.15879818));
#2508=CARTESIAN_POINT('',(-110.484131978,-38.683193457,18.314000404));
#2509=CARTESIAN_POINT('',(-110.482025602,-38.685253716,18.417468518));
#2510=CARTESIAN_POINT('',(-110.480962263,-38.686270959,18.469202567));
#2511=CARTESIAN_POINT('',(-110.480782311,-38.686443111,18.47795771));
#2512=CARTESIAN_POINT('',(-110.480602358,-38.686615263,18.486712853));
#2513=CARTESIAN_POINT('',(-110.480422405,-38.686787415,18.495467996));
#2514=CARTESIAN_POINT('',(-109.727246435,-39.484217717,17.848269101));
#2515=CARTESIAN_POINT('',(-109.726201535,-39.485232148,17.900018515));
#2516=CARTESIAN_POINT('',(-109.724119889,-39.487276727,18.003517354));
#2517=CARTESIAN_POINT('',(-109.721027194,-39.4903985,18.158765648));
#2518=CARTESIAN_POINT('',(-109.717968299,-39.493581205,18.31401398));
#2519=CARTESIAN_POINT('',(-109.715948887,-39.495739874,18.417512889));
#2520=CARTESIAN_POINT('',(-109.714943262,-39.496827169,18.469262349));
#2521=CARTESIAN_POINT('',(-109.714773076,-39.497011176,18.4780201));
#2522=CARTESIAN_POINT('',(-109.71460289,-39.497195183,18.486777851));
#2523=CARTESIAN_POINT('',(-109.714432705,-39.49737919,18.495535602));
#2524=CARTESIAN_POINT('',(-108.773356832,-40.407979676,17.848204588));
#2525=CARTESIAN_POINT('',(-108.772249695,-40.409017189,17.899966865));
#2526=CARTESIAN_POINT('',(-108.77003381,-40.411083937,18.00349141));
#2527=CARTESIAN_POINT('',(-108.766702824,-40.414154712,18.158778197));
#2528=CARTESIAN_POINT('',(-108.763362941,-40.41719263,18.31406495));
#2529=CARTESIAN_POINT('',(-108.761131605,-40.419198155,18.417589434));
#2530=CARTESIAN_POINT('',(-108.760015141,-40.420196704,18.469351672));
#2531=CARTESIAN_POINT('',(-108.759826197,-40.420365692,18.478111586));
#2532=CARTESIAN_POINT('',(-108.759637254,-40.420534681,18.4868715));
#2533=CARTESIAN_POINT('',(-108.759448311,-40.420703669,18.495631414));
#2534=CARTESIAN_POINT('',(-107.763044221,-41.280966489,17.848157958));
#2535=CARTESIAN_POINT('',(-107.761903564,-41.281874008,17.899922504));
#2536=CARTESIAN_POINT('',(-107.759622345,-41.283693275,18.003451633));
#2537=CARTESIAN_POINT('',(-107.756201861,-41.286437279,18.158745442));
#2538=CARTESIAN_POINT('',(-107.752783506,-41.289198262,18.314039366));
#2539=CARTESIAN_POINT('',(-107.750505485,-41.291049116,18.417568718));
#2540=CARTESIAN_POINT('',(-107.749366517,-41.291976709,18.469333409));
#2541=CARTESIAN_POINT('',(-107.749173765,-41.292133689,18.478093738));
#2542=CARTESIAN_POINT('',(-107.748981013,-41.292290669,18.486854067));
#2543=CARTESIAN_POINT('',(-107.748788261,-41.292447649,18.495614396));
#2544=CARTESIAN_POINT('',(-106.703200616,-42.069793957,17.848147561));
#2545=CARTESIAN_POINT('',(-106.702001539,-42.070614017,17.899883331));
#2546=CARTESIAN_POINT('',(-106.699603393,-42.072255588,18.003354883));
#2547=CARTESIAN_POINT('',(-106.696005494,-42.074721344,18.158562244));
#2548=CARTESIAN_POINT('',(-106.692406375,-42.077189737,18.313769635));
#2549=CARTESIAN_POINT('',(-106.69000648,-42.078837478,18.417241245));
#2550=CARTESIAN_POINT('',(-106.688806527,-42.079662026,18.468977054));
#2551=CARTESIAN_POINT('',(-106.688603455,-42.079801568,18.477732495));
#2552=CARTESIAN_POINT('',(-106.688400382,-42.079941109,18.486487936));
#2553=CARTESIAN_POINT('',(-106.68819731,-42.08008065,18.495243378));
#2554=CARTESIAN_POINT('',(-105.587193913,-42.771887714,17.848628319));
#2555=CARTESIAN_POINT('',(-105.585930088,-42.77261434,17.900294973));
#2556=CARTESIAN_POINT('',(-105.583404571,-42.774066412,18.003628234));
#2557=CARTESIAN_POINT('',(-105.579623499,-42.776241636,18.158627976));
#2558=CARTESIAN_POINT('',(-105.575850273,-42.778414571,18.313627556));
#2559=CARTESIAN_POINT('',(-105.573339669,-42.779861493,18.416960495));
#2560=CARTESIAN_POINT('',(-105.572085463,-42.780584448,18.468626936));
#2561=CARTESIAN_POINT('',(-105.571873209,-42.780706796,18.477370638));
#2562=CARTESIAN_POINT('',(-105.571660955,-42.780829145,18.48611434));
#2563=CARTESIAN_POINT('',(-105.571448702,-42.780951493,18.494858041));
#2564=CARTESIAN_POINT('',(-104.418920854,-43.427742521,17.849976926));
#2565=CARTESIAN_POINT('',(-104.417677973,-43.428448755,17.901528647));
#2566=CARTESIAN_POINT('',(-104.415189449,-43.429857851,18.004632081));
#2567=CARTESIAN_POINT('',(-104.411447676,-43.431960318,18.159287192));
#2568=CARTESIAN_POINT('',(-104.407696334,-43.434050614,18.313942253));
#2569=CARTESIAN_POINT('',(-104.405189364,-43.435436329,18.417045601));
#2570=CARTESIAN_POINT('',(-104.403934468,-43.436127369,18.46859727));
#2571=CARTESIAN_POINT('',(-104.403722098,-43.436244316,18.477321549));
#2572=CARTESIAN_POINT('',(-104.403509727,-43.436361263,18.486045827));
#2573=CARTESIAN_POINT('',(-104.403297356,-43.43647821,18.494770105));
#2574=CARTESIAN_POINT('',(-102.828668081,-44.253651834,17.851523823));
#2575=CARTESIAN_POINT('',(-102.827469338,-44.254135592,17.9028995));
#2576=CARTESIAN_POINT('',(-102.825073306,-44.255108,18.005651064));
#2577=CARTESIAN_POINT('',(-102.821484177,-44.256582787,18.159779077));
#2578=CARTESIAN_POINT('',(-102.817900499,-44.258075253,18.313907793));
#2579=CARTESIAN_POINT('',(-102.815514867,-44.259081734,18.416660724));
#2580=CARTESIAN_POINT('',(-102.814322853,-44.25958768,18.468037297));
#2581=CARTESIAN_POINT('',(-102.814121124,-44.259673303,18.476731943));
#2582=CARTESIAN_POINT('',(-102.813919395,-44.259758926,18.485426589));
#2583=CARTESIAN_POINT('',(-102.813717666,-44.25984455,18.494121235));
#2584=CARTESIAN_POINT('',(-100.751161082,-45.066083568,17.850343841));
#2585=CARTESIAN_POINT('',(-100.750184213,-45.066428804,17.901536118));
#2586=CARTESIAN_POINT('',(-100.748230784,-45.06711537,18.003920391));
#2587=CARTESIAN_POINT('',(-100.745301108,-45.068131473,18.157495891));
#2588=CARTESIAN_POINT('',(-100.742371259,-45.069131375,18.311070427));
#2589=CARTESIAN_POINT('',(-100.74041777,-45.069786979,18.413452832));
#2590=CARTESIAN_POINT('',(-100.73944098,-45.070112167,18.464643889));
#2591=CARTESIAN_POINT('',(-100.739275674,-45.0701672,18.47330714));
#2592=CARTESIAN_POINT('',(-100.739110368,-45.070222233,18.481970391));
#2593=CARTESIAN_POINT('',(-100.738945062,-45.070277266,18.490633642));
#2594=CARTESIAN_POINT('',(-98.593441945,-45.735237402,17.85734647));
#2595=CARTESIAN_POINT('',(-98.592496438,-45.73550152,17.908277647));
#2596=CARTESIAN_POINT('',(-98.590604035,-45.736032278,18.01014025));
#2597=CARTESIAN_POINT('',(-98.58776155,-45.736837928,18.162934954));
#2598=CARTESIAN_POINT('',(-98.58491574,-45.737655629,18.315730511));
#2599=CARTESIAN_POINT('',(-98.583016619,-45.73820928,18.417594754));
#2600=CARTESIAN_POINT('',(-98.582066602,-45.738488149,18.468526999));
#2601=CARTESIAN_POINT('',(-98.581905827,-45.738535343,18.477146451));
#2602=CARTESIAN_POINT('',(-98.581745053,-45.738582537,18.485765902));
#2603=CARTESIAN_POINT('',(-98.581584278,-45.738629731,18.494385353));
#2604=CARTESIAN_POINT('',(-96.845310161,-46.133561312,17.860015923));
#2605=CARTESIAN_POINT('',(-96.843951729,-46.13384777,17.911024615));
#2606=CARTESIAN_POINT('',(-96.841236214,-46.134417844,18.013042148));
#2607=CARTESIAN_POINT('',(-96.837166795,-46.135262707,18.166068824));
#2608=CARTESIAN_POINT('',(-96.833100837,-46.136095364,18.319095838));
#2609=CARTESIAN_POINT('',(-96.830392269,-46.136642222,18.421114143));
#2610=CARTESIAN_POINT('',(-96.829038487,-46.136913722,18.472123388));
#2611=CARTESIAN_POINT('',(-96.828809381,-46.136959669,18.48075587));
#2612=CARTESIAN_POINT('',(-96.828580276,-46.137005616,18.489388352));
#2613=CARTESIAN_POINT('',(-96.82835117,-46.137051563,18.498020834));
#2614=CARTESIAN_POINT('',(-95.736304539,-46.338095733,17.857320333));
#2615=CARTESIAN_POINT('',(-95.734772022,-46.338350072,17.908665923));
#2616=CARTESIAN_POINT('',(-95.731707335,-46.338860765,18.01135799));
#2617=CARTESIAN_POINT('',(-95.727111704,-46.339634438,18.165398915));
#2618=CARTESIAN_POINT('',(-95.722517811,-46.340416981,18.319442818));
#2619=CARTESIAN_POINT('',(-95.719456332,-46.340944125,18.422140704));
#2620=CARTESIAN_POINT('',(-95.717925824,-46.341208834,18.473490113));
#2621=CARTESIAN_POINT('',(-95.71766681,-46.341253632,18.482180162));
#2622=CARTESIAN_POINT('',(-95.717407797,-46.341298429,18.490870211));
#2623=CARTESIAN_POINT('',(-95.717148783,-46.341343227,18.49956026));
#2624=CARTESIAN_POINT('',(-94.844343627,-46.472628567,17.851131255));
#2625=CARTESIAN_POINT('',(-94.842658416,-46.472866855,17.902926345));
#2626=CARTESIAN_POINT('',(-94.839288033,-46.473344645,18.00651718));
#2627=CARTESIAN_POINT('',(-94.834231814,-46.474063029,18.161905328));
#2628=CARTESIAN_POINT('',(-94.829174458,-46.474782026,18.317295339));
#2629=CARTESIAN_POINT('',(-94.825802499,-46.475262631,18.420890006));
#2630=CARTESIAN_POINT('',(-94.824116558,-46.475503586,18.472687696));
#2631=CARTESIAN_POINT('',(-94.82383124,-46.475544364,18.48145361));
#2632=CARTESIAN_POINT('',(-94.823545922,-46.475585142,18.490219523));
#2633=CARTESIAN_POINT('',(-94.823260604,-46.47562592,18.498985437));
#2634=CARTESIAN_POINT('',(-94.174447585,-46.563417472,17.845071234));
#2635=CARTESIAN_POINT('',(-94.172652087,-46.563656644,17.897271871));
#2636=CARTESIAN_POINT('',(-94.169062611,-46.564134041,18.001673707));
#2637=CARTESIAN_POINT('',(-94.163685073,-46.564857478,18.158278658));
#2638=CARTESIAN_POINT('',(-94.158315695,-46.565595443,18.314886324));
#2639=CARTESIAN_POINT('',(-94.154740591,-46.566092433,18.419293118));
#2640=CARTESIAN_POINT('',(-94.152953809,-46.566340502,18.471496862));
#2641=CARTESIAN_POINT('',(-94.152651425,-46.566382483,18.480331493));
#2642=CARTESIAN_POINT('',(-94.152349041,-46.566424465,18.489166124));
#2643=CARTESIAN_POINT('',(-94.152046657,-46.566466446,18.498000756));
#2644=CARTESIAN_POINT('',(-93.672662459,-46.632463516,17.840296019));
#2645=CARTESIAN_POINT('',(-93.670783283,-46.63277601,17.892827499));
#2646=CARTESIAN_POINT('',(-93.667023694,-46.633381252,17.997890202));
#2647=CARTESIAN_POINT('',(-93.661378007,-46.634213145,18.155482775));
#2648=CARTESIAN_POINT('',(-93.655723811,-46.634954744,18.313073245));
#2649=CARTESIAN_POINT('',(-93.651949496,-46.635394992,18.418132514));
#2650=CARTESIAN_POINT('',(-93.650061499,-46.635604033,18.470662014));
#2651=CARTESIAN_POINT('',(-93.649741986,-46.635639409,18.479551774));
#2652=CARTESIAN_POINT('',(-93.649422474,-46.635674786,18.488441534));
#2653=CARTESIAN_POINT('',(-93.649102961,-46.635710163,18.497331294));
#2654=CARTESIAN_POINT('',(-93.339187722,-46.680787187,17.837316546));
#2655=CARTESIAN_POINT('',(-93.337222677,-46.68104682,17.890049744));
#2656=CARTESIAN_POINT('',(-93.333293348,-46.681561733,17.995517022));
#2657=CARTESIAN_POINT('',(-93.327400729,-46.682311022,18.15371976));
#2658=CARTESIAN_POINT('',(-93.321508364,-46.683026635,18.311923576));
#2659=CARTESIAN_POINT('',(-93.317580258,-46.683482677,18.41739375));
#2660=CARTESIAN_POINT('',(-93.315616328,-46.683706703,18.470129201));
#2661=CARTESIAN_POINT('',(-93.315283965,-46.683744616,18.479053815));
#2662=CARTESIAN_POINT('',(-93.314951601,-46.683782529,18.487978429));
#2663=CARTESIAN_POINT('',(-93.314619238,-46.683820442,18.496903043));
#2664=CARTESIAN_POINT('',(-93.172640325,-46.705037802,17.835867242));
#2665=CARTESIAN_POINT('',(-93.17062817,-46.705256358,17.888694633));
#2666=CARTESIAN_POINT('',(-93.16660546,-46.705697732,17.994351178));
#2667=CARTESIAN_POINT('',(-93.160577011,-46.706373903,18.152840937));
#2668=CARTESIAN_POINT('',(-93.154554502,-46.707062097,18.311335025));
#2669=CARTESIAN_POINT('',(-93.150542673,-46.707524558,18.41700045));
#2670=CARTESIAN_POINT('',(-93.148537388,-46.70775633,18.469833879));
#2671=CARTESIAN_POINT('',(-93.148198027,-46.707795553,18.478775075));
#2672=CARTESIAN_POINT('',(-93.147858665,-46.707834777,18.48771627));
#2673=CARTESIAN_POINT('',(-93.147519303,-46.707874001,18.496657466));
#2674=CARTESIAN_POINT('',(-93.033984907,-46.724925681,17.83468827));
#2675=CARTESIAN_POINT('',(-93.031931592,-46.725104602,17.887586244));
#2676=CARTESIAN_POINT('',(-93.027826919,-46.725472233,17.993384715));
#2677=CARTESIAN_POINT('',(-93.021678045,-46.726068391,18.152090552));
#2678=CARTESIAN_POINT('',(-93.015539121,-46.726719702,18.310804527));
#2679=CARTESIAN_POINT('',(-93.011451966,-46.727180987,18.41661855));
#2680=CARTESIAN_POINT('',(-93.009409371,-46.727416012,18.46952664));
#2681=CARTESIAN_POINT('',(-93.009063695,-46.727455786,18.478480471));
#2682=CARTESIAN_POINT('',(-93.00871802,-46.72749556,18.487434301));
#2683=CARTESIAN_POINT('',(-93.008372344,-46.727535334,18.496388132));
#2684=CARTESIAN_POINT('',(-92.923128179,-46.740413051,17.83376117));
#2685=CARTESIAN_POINT('',(-92.921043055,-46.740569784,17.886709543));
#2686=CARTESIAN_POINT('',(-92.916874452,-46.740892883,17.992609211));
#2687=CARTESIAN_POINT('',(-92.910629555,-46.741432498,18.15146889));
#2688=CARTESIAN_POINT('',(-92.904395679,-46.74205064,18.310339574));
#2689=CARTESIAN_POINT('',(-92.900246019,-46.742503636,18.416259628));
#2690=CARTESIAN_POINT('',(-92.898172221,-46.742736069,18.469220963));
#2691=CARTESIAN_POINT('',(-92.897821265,-46.742775404,18.478183804));
#2692=CARTESIAN_POINT('',(-92.897470309,-46.742814739,18.487146645));
#2693=CARTESIAN_POINT('',(-92.897119352,-46.742854075,18.496109486));
#2694=CARTESIAN_POINT('',(-92.853869513,-46.749879554,17.833189114));
#2695=CARTESIAN_POINT('',(-92.851765656,-46.750030809,17.886166265));
#2696=CARTESIAN_POINT('',(-92.847559126,-46.750340474,17.992123594));
#2697=CARTESIAN_POINT('',(-92.841256033,-46.75085645,18.151070536));
#2698=CARTESIAN_POINT('',(-92.834963281,-46.751455813,18.310029849));
#2699=CARTESIAN_POINT('',(-92.830774231,-46.751900969,18.416009809));
#2700=CARTESIAN_POINT('',(-92.828680638,-46.752129414,18.469001185));
#2701=CARTESIAN_POINT('',(-92.828326331,-46.752168075,18.47796911));
#2702=CARTESIAN_POINT('',(-92.827972025,-46.752206735,18.486937036));
#2703=CARTESIAN_POINT('',(-92.827617718,-46.752245396,18.495904961));
#2704=CARTESIAN_POINT('',(-92.798478563,-46.757310098,17.83273689));
#2705=CARTESIAN_POINT('',(-92.796360899,-46.757465422,17.885735364));
#2706=CARTESIAN_POINT('',(-92.792126246,-46.757779772,17.991735312));
#2707=CARTESIAN_POINT('',(-92.785779116,-46.758292349,18.15074632));
#2708=CARTESIAN_POINT('',(-92.779440648,-46.758882222,18.309770233));
#2709=CARTESIAN_POINT('',(-92.775220543,-46.759320974,18.41579371));
#2710=CARTESIAN_POINT('',(-92.773111263,-46.759545417,18.468806866));
#2711=CARTESIAN_POINT('',(-92.772754302,-46.7595834,18.477778478));
#2712=CARTESIAN_POINT('',(-92.772397341,-46.759621384,18.486750089));
#2713=CARTESIAN_POINT('',(-92.772040379,-46.759659367,18.495721701));
#2714=CARTESIAN_POINT('',(-92.743098422,-46.764642628,17.832288778));
#2715=CARTESIAN_POINT('',(-92.740967924,-46.764809033,17.885307436));
#2716=CARTESIAN_POINT('',(-92.736707007,-46.765141095,17.991347646));
#2717=CARTESIAN_POINT('',(-92.730318118,-46.765664576,18.150418821));
#2718=CARTESIAN_POINT('',(-92.723935363,-46.766251185,18.30950295));
#2719=CARTESIAN_POINT('',(-92.719684774,-46.766684196,18.415566817));
#2720=CARTESIAN_POINT('',(-92.717560038,-46.766904423,18.468600156));
#2721=CARTESIAN_POINT('',(-92.717200461,-46.766941693,18.477575182));
#2722=CARTESIAN_POINT('',(-92.716840884,-46.766978962,18.486550209));
#2723=CARTESIAN_POINT('',(-92.716481307,-46.767016232,18.495525236));
#2724=CARTESIAN_POINT('',(-92.67389402,-46.773621727,17.831737503));
#2725=CARTESIAN_POINT('',(-92.671749666,-46.773817891,17.884779267));
#2726=CARTESIAN_POINT('',(-92.667460176,-46.77420228,17.990865399));
#2727=CARTESIAN_POINT('',(-92.661024633,-46.774775178,18.15000445));
#2728=CARTESIAN_POINT('',(-92.654590406,-46.775376547,18.309155438));
#2729=CARTESIAN_POINT('',(-92.650303335,-46.775805335,18.415263597));
#2730=CARTESIAN_POINT('',(-92.648160032,-46.776021147,18.468319015));
#2731=CARTESIAN_POINT('',(-92.647797313,-46.776057669,18.477297779));
#2732=CARTESIAN_POINT('',(-92.647434594,-46.776094192,18.486276542));
#2733=CARTESIAN_POINT('',(-92.647071875,-46.776130714,18.495255306));
#2734=CARTESIAN_POINT('',(-92.590884445,-46.784100759,17.831094873));
#2735=CARTESIAN_POINT('',(-92.588728171,-46.784367827,17.88416111));
#2736=CARTESIAN_POINT('',(-92.584413808,-46.784884143,17.990295628));
#2737=CARTESIAN_POINT('',(-92.577935885,-46.785609642,18.149504887));
#2738=CARTESIAN_POINT('',(-92.571451473,-46.786297522,18.308723054));
#2739=CARTESIAN_POINT('',(-92.567126137,-46.786742665,18.41487408));
#2740=CARTESIAN_POINT('',(-92.564962998,-46.786960176,18.467950586));
#2741=CARTESIAN_POINT('',(-92.564596922,-46.786996986,18.476932918));
#2742=CARTESIAN_POINT('',(-92.564230846,-46.787033796,18.48591525));
#2743=CARTESIAN_POINT('',(-92.56386477,-46.787070606,18.494897582));
#2744=CARTESIAN_POINT('',(-92.507913778,-46.794299242,17.830477014));
#2745=CARTESIAN_POINT('',(-92.505751438,-46.794682516,17.883564758));
#2746=CARTESIAN_POINT('',(-92.501424143,-46.795421855,17.989741573));
#2747=CARTESIAN_POINT('',(-92.494922538,-46.796436413,18.14901113));
#2748=CARTESIAN_POINT('',(-92.488406651,-46.797338128,18.308285248));
#2749=CARTESIAN_POINT('',(-92.484054474,-46.797870671,18.414470637));
#2750=CARTESIAN_POINT('',(-92.481877325,-46.798125643,18.467563909));
#2751=CARTESIAN_POINT('',(-92.481508878,-46.798168793,18.476549078));
#2752=CARTESIAN_POINT('',(-92.481140431,-46.798211943,18.485534247));
#2753=CARTESIAN_POINT('',(-92.480771984,-46.798255093,18.494519417));
#2754=CARTESIAN_POINT('',(-92.424985701,-46.80424276,17.829890557));
#2755=CARTESIAN_POINT('',(-92.42282397,-46.804795882,17.882997224));
#2756=CARTESIAN_POINT('',(-92.418497653,-46.805868844,17.989211123));
#2757=CARTESIAN_POINT('',(-92.411995095,-46.807347886,18.148532942));
#2758=CARTESIAN_POINT('',(-92.405473916,-46.808658632,18.307854761));
#2759=CARTESIAN_POINT('',(-92.401113936,-46.809418163,18.414068992));
#2760=CARTESIAN_POINT('',(-92.398932245,-46.809779512,18.467176197));
#2761=CARTESIAN_POINT('',(-92.398563029,-46.809840665,18.476163725));
#2762=CARTESIAN_POINT('',(-92.398193813,-46.809901817,18.485151252));
#2763=CARTESIAN_POINT('',(-92.397824597,-46.809962969,18.494138779));
#2764=CARTESIAN_POINT('',(-92.31447731,-46.817206667,17.829159602));
#2765=CARTESIAN_POINT('',(-92.31232553,-46.818063079,17.882288619));
#2766=CARTESIAN_POINT('',(-92.308019525,-46.819739614,17.988546291));
#2767=CARTESIAN_POINT('',(-92.301548714,-46.822107582,18.147929842));
#2768=CARTESIAN_POINT('',(-92.295060681,-46.824284239,18.307308285));
#2769=CARTESIAN_POINT('',(-92.290724381,-46.825614324,18.413557554));
#2770=CARTESIAN_POINT('',(-92.288554932,-46.826260812,18.466681839));
#2771=CARTESIAN_POINT('',(-92.288187788,-46.82637022,18.475672257));
#2772=CARTESIAN_POINT('',(-92.287820644,-46.826479627,18.484662675));
#2773=CARTESIAN_POINT('',(-92.2874535,-46.826589035,18.493653093));
#2774=CARTESIAN_POINT('',(-92.176466993,-46.832934439,17.828357793));
#2775=CARTESIAN_POINT('',(-92.174343982,-46.834315098,17.881510335));
#2776=CARTESIAN_POINT('',(-92.170097362,-46.837047157,17.987814328));
#2777=CARTESIAN_POINT('',(-92.163725029,-46.841039825,18.147264556));
#2778=CARTESIAN_POINT('',(-92.157351483,-46.844923571,18.30670666));
#2779=CARTESIAN_POINT('',(-92.153104044,-46.847463395,18.412997035));
#2780=CARTESIAN_POINT('',(-92.150980608,-46.848722814,18.466141561));
#2781=CARTESIAN_POINT('',(-92.150621251,-46.84893595,18.475135405));
#2782=CARTESIAN_POINT('',(-92.150261894,-46.849149086,18.484129248));
#2783=CARTESIAN_POINT('',(-92.149902537,-46.849362222,18.493123092));
#2784=CARTESIAN_POINT('',(-92.011066839,-46.851157861,17.827617022));
#2785=CARTESIAN_POINT('',(-92.00899725,-46.85336454,17.8807924));
#2786=CARTESIAN_POINT('',(-92.004860198,-46.857766179,17.987142233));
#2787=CARTESIAN_POINT('',(-91.998664591,-46.864346675,18.14666248));
#2788=CARTESIAN_POINT('',(-91.992484529,-46.870933635,18.306176592));
#2789=CARTESIAN_POINT('',(-91.988375807,-46.87533968,18.412515639));
#2790=CARTESIAN_POINT('',(-91.986323362,-46.877542742,18.465684589));
#2791=CARTESIAN_POINT('',(-91.98597602,-46.877915574,18.474682565));
#2792=CARTESIAN_POINT('',(-91.985628677,-46.878288406,18.483680542));
#2793=CARTESIAN_POINT('',(-91.985281334,-46.878661238,18.492678519));
#2794=CARTESIAN_POINT('',(-91.845882042,-46.868703865,17.827121744));
#2795=CARTESIAN_POINT('',(-91.843876002,-46.871874037,17.880313691));
#2796=CARTESIAN_POINT('',(-91.839867622,-46.878217471,17.986697623));
#2797=CARTESIAN_POINT('',(-91.833869344,-46.887760574,18.146273373));
#2798=CARTESIAN_POINT('',(-91.827888136,-46.897350338,18.305848869));
#2799=CARTESIAN_POINT('',(-91.823910249,-46.903767439,18.41223277));
#2800=CARTESIAN_POINT('',(-91.821923231,-46.906979354,18.465424789));
#2801=CARTESIAN_POINT('',(-91.82158696,-46.907522918,18.474426669));
#2802=CARTESIAN_POINT('',(-91.82125069,-46.908066482,18.48342855));
#2803=CARTESIAN_POINT('',(-91.82091442,-46.908610047,18.492430431));
#2804=CARTESIAN_POINT('',(-91.680922521,-46.885515697,17.826880452));
#2805=CARTESIAN_POINT('',(-91.678984397,-46.88973528,17.880079752));
#2806=CARTESIAN_POINT('',(-91.675112045,-46.898184955,17.986479569));
#2807=CARTESIAN_POINT('',(-91.669315971,-46.910901014,18.146083818));
#2808=CARTESIAN_POINT('',(-91.663532308,-46.923664773,18.305693383));
#2809=CARTESIAN_POINT('',(-91.659684011,-46.932200459,18.412102923));
#2810=CARTESIAN_POINT('',(-91.657761656,-46.936473651,18.465308285));
#2811=CARTESIAN_POINT('',(-91.657436329,-46.937196819,18.474312423));
#2812=CARTESIAN_POINT('',(-91.657111002,-46.937919987,18.483316562));
#2813=CARTESIAN_POINT('',(-91.656785674,-46.938643155,18.492320701));
#2814=CARTESIAN_POINT('',(-91.461304897,-46.9069544,17.826900337));
#2815=CARTESIAN_POINT('',(-91.459460413,-46.912644267,17.880092177));
#2816=CARTESIAN_POINT('',(-91.455774753,-46.924036835,17.986478212));
#2817=CARTESIAN_POINT('',(-91.450254851,-46.941164433,18.14606544));
#2818=CARTESIAN_POINT('',(-91.44474206,-46.958329439,18.305661616));
#2819=CARTESIAN_POINT('',(-91.441071772,-46.969795524,18.412064282));
#2820=CARTESIAN_POINT('',(-91.439238014,-46.975533933,18.465266665));
#2821=CARTESIAN_POINT('',(-91.43892768,-46.976505065,18.4742703));
#2822=CARTESIAN_POINT('',(-91.438617346,-46.977476197,18.483273935));
#2823=CARTESIAN_POINT('',(-91.438307013,-46.978447329,18.49227757));
#2824=CARTESIAN_POINT('',(-91.187455924,-46.932102511,17.827580197));
#2825=CARTESIAN_POINT('',(-91.185734501,-46.939716022,17.880721213));
#2826=CARTESIAN_POINT('',(-91.182294715,-46.954954157,17.987005791));
#2827=CARTESIAN_POINT('',(-91.177142539,-46.977840486,18.146440332));
#2828=CARTESIAN_POINT('',(-91.171996507,-47.000751697,18.305881657));
#2829=CARTESIAN_POINT('',(-91.168570467,-47.016042573,18.412179624));
#2830=CARTESIAN_POINT('',(-91.166858854,-47.023692606,18.465329491));
#2831=CARTESIAN_POINT('',(-91.166569191,-47.02498725,18.474324238));
#2832=CARTESIAN_POINT('',(-91.166279528,-47.026281893,18.483318986));
#2833=CARTESIAN_POINT('',(-91.165989866,-47.027576536,18.492313733));
#2834=CARTESIAN_POINT('',(-90.750772281,-46.969951303,17.830200432));
#2835=CARTESIAN_POINT('',(-90.749270475,-46.980756692,17.883153422));
#2836=CARTESIAN_POINT('',(-90.746272681,-47.002380827,17.989060453));
#2837=CARTESIAN_POINT('',(-90.741794491,-47.034856763,18.147922687));
#2838=CARTESIAN_POINT('',(-90.737335243,-47.067368905,18.30678634));
#2839=CARTESIAN_POINT('',(-90.734374667,-47.089066566,18.412697147));
#2840=CARTESIAN_POINT('',(-90.732897321,-47.099921148,18.465653035));
#2841=CARTESIAN_POINT('',(-90.732647304,-47.101758108,18.474614955));
#2842=CARTESIAN_POINT('',(-90.732397287,-47.103595069,18.483576874));
#2843=CARTESIAN_POINT('',(-90.73214727,-47.10543203,18.492538794));
#2844=CARTESIAN_POINT('',(-90.42459296,-46.9966308,17.833938073));
#2845=CARTESIAN_POINT('',(-90.423289234,-47.009935542,17.88664312));
#2846=CARTESIAN_POINT('',(-90.420689984,-47.036566681,17.992054329));
#2847=CARTESIAN_POINT('',(-90.416816307,-47.076575128,18.150175144));
#2848=CARTESIAN_POINT('',(-90.412968989,-47.116643057,18.30829912));
#2849=CARTESIAN_POINT('',(-90.410421359,-47.143392112,18.413716668));
#2850=CARTESIAN_POINT('',(-90.4091517,-47.156775533,18.466425941));
#2851=CARTESIAN_POINT('',(-90.408936831,-47.159040459,18.475346125));
#2852=CARTESIAN_POINT('',(-90.408721962,-47.161305384,18.484266309));
#2853=CARTESIAN_POINT('',(-90.408507093,-47.16357031,18.493186493));
#2854=CARTESIAN_POINT('',(-90.207585668,-47.014107173,17.83695747));
#2855=CARTESIAN_POINT('',(-90.206417219,-47.029078002,17.889493662));
#2856=CARTESIAN_POINT('',(-90.204089273,-47.059045948,17.994565867));
#2857=CARTESIAN_POINT('',(-90.200625959,-47.104080217,18.152174807));
#2858=CARTESIAN_POINT('',(-90.197191574,-47.149188739,18.309787555));
#2859=CARTESIAN_POINT('',(-90.194919604,-47.179300111,18.414866541));
#2860=CARTESIAN_POINT('',(-90.193787664,-47.194364024,18.467406947));
#2861=CARTESIAN_POINT('',(-90.193596102,-47.196913345,18.476298553));
#2862=CARTESIAN_POINT('',(-90.19340454,-47.199462666,18.485190159));
#2863=CARTESIAN_POINT('',(-90.193212978,-47.202011988,18.494081765));
#2864=CARTESIAN_POINT('',(-89.829501359,-47.044555653,17.842218062));
#2865=CARTESIAN_POINT('',(-89.8285686,-47.062429249,17.894460064));
#2866=CARTESIAN_POINT('',(-89.826713336,-47.098210797,17.998941633));
#2867=CARTESIAN_POINT('',(-89.823964984,-47.152001383,18.155658752));
#2868=CARTESIAN_POINT('',(-89.821250039,-47.205891956,18.312380804));
#2869=CARTESIAN_POINT('',(-89.819458339,-47.241861377,18.416869925));
#2870=CARTESIAN_POINT('',(-89.818566344,-47.259853152,18.469116119));
#2871=CARTESIAN_POINT('',(-89.818415389,-47.262897966,18.477957934));
#2872=CARTESIAN_POINT('',(-89.818264433,-47.26594278,18.48679975));
#2873=CARTESIAN_POINT('',(-89.818113478,-47.268987595,18.495641565));
#2874=CARTESIAN_POINT('',(-89.451417051,-47.075004134,17.847478653));
#2875=CARTESIAN_POINT('',(-89.45071998,-47.095780496,17.899426465));
#2876=CARTESIAN_POINT('',(-89.4493374,-47.137375647,18.003317398));
#2877=CARTESIAN_POINT('',(-89.447304009,-47.199922549,18.159142697));
#2878=CARTESIAN_POINT('',(-89.445308504,-47.262595173,18.314974053));
#2879=CARTESIAN_POINT('',(-89.443997075,-47.304422643,18.418873309));
#2880=CARTESIAN_POINT('',(-89.443345025,-47.32534228,18.470825291));
#2881=CARTESIAN_POINT('',(-89.443234676,-47.328882587,18.479617316));
#2882=CARTESIAN_POINT('',(-89.443124327,-47.332422894,18.488409341));
#2883=CARTESIAN_POINT('',(-89.443013978,-47.335963201,18.497201366));
#2884=CARTESIAN_POINT('',(-89.073332742,-47.105452614,17.852739244));
#2885=CARTESIAN_POINT('',(-89.072871361,-47.129131743,17.904392867));
#2886=CARTESIAN_POINT('',(-89.071961463,-47.176540496,18.007693164));
#2887=CARTESIAN_POINT('',(-89.070643034,-47.247843715,18.162626642));
#2888=CARTESIAN_POINT('',(-89.069366969,-47.319298391,18.317567302));
#2889=CARTESIAN_POINT('',(-89.068535811,-47.366983909,18.420876692));
#2890=CARTESIAN_POINT('',(-89.068123705,-47.390831409,18.472534464));
#2891=CARTESIAN_POINT('',(-89.068053963,-47.394867208,18.481276698));
#2892=CARTESIAN_POINT('',(-89.067984221,-47.398903008,18.490018932));
#2893=CARTESIAN_POINT('',(-89.067914478,-47.402938808,18.498761167));
#2894=CARTESIAN_POINT('',(-88.930667232,-47.116941978,17.854724264));
#2895=CARTESIAN_POINT('',(-88.930294785,-47.14171643,17.906266878));
#2896=CARTESIAN_POINT('',(-88.929563248,-47.191318875,18.009344306));
#2897=CARTESIAN_POINT('',(-88.928514602,-47.265926184,18.163941267));
#2898=CARTESIAN_POINT('',(-88.927510009,-47.340694659,18.318545832));
#2899=CARTESIAN_POINT('',(-88.926860075,-47.390590641,18.421632645));
#2900=CARTESIAN_POINT('',(-88.926538509,-47.415542934,18.473179399));
#2901=CARTESIAN_POINT('',(-88.926484089,-47.419765702,18.481902846));
#2902=CARTESIAN_POINT('',(-88.926429669,-47.42398847,18.490626292));
#2903=CARTESIAN_POINT('',(-88.926375249,-47.428211238,18.499349739));
#2904=CARTESIAN_POINT('',(-88.788001722,-47.128431341,17.856709285));
#2905=CARTESIAN_POINT('',(-88.78771821,-47.154301116,17.908140889));
#2906=CARTESIAN_POINT('',(-88.787165034,-47.206097254,18.010995448));
#2907=CARTESIAN_POINT('',(-88.786386169,-47.284008652,18.165255891));
#2908=CARTESIAN_POINT('',(-88.785653048,-47.362090928,18.319524363));
#2909=CARTESIAN_POINT('',(-88.785184338,-47.414197373,18.422388597));
#2910=CARTESIAN_POINT('',(-88.784953312,-47.440254459,18.473824334));
#2911=CARTESIAN_POINT('',(-88.784914215,-47.444664195,18.482528993));
#2912=CARTESIAN_POINT('',(-88.784875118,-47.449073932,18.491233652));
#2913=CARTESIAN_POINT('',(-88.78483602,-47.453483668,18.499938311));
#2914=CARTESIAN_POINT('',(-88.645336212,-47.139920705,17.858694305));
#2915=CARTESIAN_POINT('',(-88.645141634,-47.166885803,17.9100149));
#2916=CARTESIAN_POINT('',(-88.644766819,-47.220875633,18.01264659));
#2917=CARTESIAN_POINT('',(-88.644257737,-47.302091121,18.166570515));
#2918=CARTESIAN_POINT('',(-88.643796087,-47.383487197,18.320502894));
#2919=CARTESIAN_POINT('',(-88.643508602,-47.437804105,18.42314455));
#2920=CARTESIAN_POINT('',(-88.643368116,-47.464965984,18.47446927));
#2921=CARTESIAN_POINT('',(-88.643344341,-47.469562689,18.483155141));
#2922=CARTESIAN_POINT('',(-88.643320566,-47.474159393,18.491841011));
#2923=CARTESIAN_POINT('',(-88.643296791,-47.478756098,18.500526882));
#2924=B_SPLINE_SURFACE_WITH_KNOTS('',3,3,((#2304,#2305,#2306,#2307,#2308,#2309,#2310,#2311,#2312,#2313),(#2314,#2315,#2316,#2317,#2318,#2319,#2320,#2321,#2322,#2323),(#2324,#2325,#2326,#2327,#2328,#2329,#2330,#2331,#2332,#2333),(#2334,#2335,#2336,#2337,#2338,#2339,#2340,#2341,#2342,#2343),(#2344,#2345,#2346,#2347,#2348,#2349,#2350,#2351,#2352,#2353),(#2354,#2355,#2356,#2357,#2358,#2359,#2360,#2361,#2362,#2363),(#2364,#2365,#2366,#2367,#2368,#2369,#2370,#2371,#2372,#2373),(#2374,#2375,#2376,#2377,#2378,#2379,#2380,#2381,#2382,#2383),(#2384,#2385,#2386,#2387,#2388,#2389,#2390,#2391,#2392,#2393),(#2394,#2395,#2396,#2397,#2398,#2399,#2400,#2401,#2402,#2403),(#2404,#2405,#2406,#2407,#2408,#2409,#2410,#2411,#2412,#2413),(#2414,#2415,#2416,#2417,#2418,#2419,#2420,#2421,#2422,#2423),(#2424,#2425,#2426,#2427,#2428,#2429,#2430,#2431,#2432,#2433),(#2434,#2435,#2436,#2437,#2438,#2439,#2440,#2441,#2442,#2443),(#2444,#2445,#2446,#2447,#2448,#2449,#2450,#2451,#2452,#2453),(#2454,#2455,#2456,#2457,#2458,#2459,#2460,#2461,#2462,#2463),(#2464,#2465,#2466,#2467,#2468,#2469,#2470,#2471,#2472,#2473),(#2474,#2475,#2476,#2477,#2478,#2479,#2480,#2481,#2482,#2483),(#2484,#2485,#2486,#2487,#2488,#2489,#2490,#2491,#2492,#2493),(#2494,#2495,#2496,#2497,#2498,#2499,#2500,#2501,#2502,#2503),(#2504,#2505,#2506,#2507,#2508,#2509,#2510,#2511,#2512,#2513),(#2514,#2515,#2516,#2517,#2518,#2519,#2520,#2521,#2522,#2523),(#2524,#2525,#2526,#2527,#2528,#2529,#2530,#2531,#2532,#2533),(#2534,#2535,#2536,#2537,#2538,#2539,#2540,#2541,#2542,#2543),(#2544,#2545,#2546,#2547,#2548,#2549,#2550,#2551,#2552,#2553),(#2554,#2555,#2556,#2557,#2558,#2559,#2560,#2561,#2562,#2563),
(#2564,#2565,#2566,#2567,#2568,#2569,#2570,#2571,#2572,#2573),(#2574,#2575,#2576,#2577,#2578,#2579,#2580,#2581,#2582,#2583),(#2584,#2585,#2586,#2587,#2588,#2589,#2590,#2591,#2592,#2593),(#2594,#2595,#2596,#2597,#2598,#2599,#2600,#2601,#2602,#2603),(#2604,#2605,#2606,#2607,#2608,#2609,#2610,#2611,#2612,#2613),(#2614,#2615,#2616,#2617,#2618,#2619,#2620,#2621,#2622,#2623),(#2624,#2625,#2626,#2627,#2628,#2629,#2630,#2631,#2632,#2633),(#2634,#2635,#2636,#2637,#2638,#2639,#2640,#2641,#2642,#2643),(#2644,#2645,#2646,#2647,#2648,#2649,#2650,#2651,#2652,#2653),(#2654,#2655,#2656,#2657,#2658,#2659,#2660,#2661,#2662,#2663),(#2664,#2665,#2666,#2667,#2668,#2669,#2670,#2671,#2672,#2673),(#2674,#2675,#2676,#2677,#2678,#2679,#2680,#2681,#2682,#2683),(#2684,#2685,#2686,#2687,#2688,#2689,#2690,#2691,#2692,#2693),(#2694,#2695,#2696,#2697,#2698,#2699,#2700,#2701,#2702,#2703),(#2704,#2705,#2706,#2707,#2708,#2709,#2710,#2711,#2712,#2713),(#2714,#2715,#2716,#2717,#2718,#2719,#2720,#2721,#2722,#2723),(#2724,#2725,#2726,#2727,#2728,#2729,#2730,#2731,#2732,#2733),(#2734,#2735,#2736,#2737,#2738,#2739,#2740,#2741,#2742,#2743),(#2744,#2745,#2746,#2747,#2748,#2749,#2750,#2751,#2752,#2753),(#2754,#2755,#2756,#2757,#2758,#2759,#2760,#2761,#2762,#2763),(#2764,#2765,#2766,#2767,#2768,#2769,#2770,#2771,#2772,#2773),(#2774,#2775,#2776,#2777,#2778,#2779,#2780,#2781,#2782,#2783),(#2784,#2785,#2786,#2787,#2788,#2789,#2790,#2791,#2792,#2793),(#2794,#2795,#2796,#2797,#2798,#2799,#2800,#2801,#2802,#2803),(#2804,#2805,#2806,#2807,#2808,#2809,#2810,#2811,#2812,#2813),
(#2814,#2815,#2816,#2817,#2818,#2819,#2820,#2821,#2822,#2823),(#2824,#2825,#2826,#2827,#2828,#2829,#2830,#2831,#2832,#2833),(#2834,#2835,#2836,#2837,#2838,#2839,#2840,#2841,#2842,#2843),(#2844,#2845,#2846,#2847,#2848,#2849,#2850,#2851,#2852,#2853),(#2854,#2855,#2856,#2857,#2858,#2859,#2860,#2861,#2862,#2863),(#2864,#2865,#2866,#2867,#2868,#2869,#2870,#2871,#2872,#2873),(#2874,#2875,#2876,#2877,#2878,#2879,#2880,#2881,#2882,#2883),(#2884,#2885,#2886,#2887,#2888,#2889,#2890,#2891,#2892,#2893),(#2894,#2895,#2896,#2897,#2898,#2899,#2900,#2901,#2902,#2903),(#2904,#2905,#2906,#2907,#2908,#2909,#2910,#2911,#2912,#2913),(#2914,#2915,#2916,#2917,#2918,#2919,#2920,#2921,#2922,#2923)),.UNSPECIFIED.,.F.,.F.,.U.,(4,1,1,1,1,1,1,1,1,1,1,1,1,1,1,1,1,1,1,1,1,1,1,1,1,1,
1,1,1,1,1,1,1,1,1,1,1,1,1,1,1,1,1,1,1,1,1,1,1,1,1,
1,1,3,3,4),(4,1,1,1,3,4),(-0.000009749,0.002666892,0.005343533,0.008020174,0.008689335,0.009358495,0.010027655,0.010696815,0.011365976,0.012035136,0.013373457,0.014711777,0.015380938,0.016050098,0.016719258,0.017388418,0.018057579,0.018726739,0.019395899,0.02006506,0.02140338,0.022741701,0.024080021,0.025418342,0.026756663,0.028094983,
0.029433304,0.032109945,0.034786586,0.036124907,0.037463228,0.038132388,0.038801548,0.039470708,0.039637999,0.039805289,0.039972579,0.040056224,0.040139869,0.040181691,0.040223514,0.040307159,0.040390804,0.040474449,0.040558094,0.040641739,0.040809029,0.040976319,0.041143609,0.041310899,0.041478189,
0.04181277,0.04214735,0.04281651,0.043982365,0.044422286),(-0.0000098,0.00014804,0.00030588,0.00046372,0.00062156,0.000648272),.UNSPECIFIED.);
#2925=OFFSET_SURFACE('',#2924,0.02,.F.);
#2926=CARTESIAN_POINT('',(-115.990618814,-29.806708894,18.459765259));
#2927=VERTEX_POINT('',#2926);
#2928=CARTESIAN_POINT('',(-115.990608908,-29.806704076,18.366193803));
#2929=VERTEX_POINT('',#2928);
#2930=CARTESIAN_POINT('',(-115.990618814,-29.806708894,18.459765259));
#2931=CARTESIAN_POINT('',(-115.99061486,-29.806706971,18.428574774));
#2932=CARTESIAN_POINT('',(-115.990611561,-29.806705366,18.397384289));
#2933=CARTESIAN_POINT('',(-115.990608908,-29.806704076,18.366193803));
#2934=B_SPLINE_CURVE_WITH_KNOTS('',3,(#2930,#2931,#2932,#2933),.UNSPECIFIED.,.F.,.F.,(4,4),(0.000035109,0.00012868),.UNSPECIFIED.);
#2935=EDGE_CURVE('',#2927,#2929,#2934,.T.);
#2936=ORIENTED_EDGE('',*,*,#2935,.T.);
#2937=CARTESIAN_POINT('',(-115.664904343,-30.537895705,18.366193803));
#2938=VERTEX_POINT('',#2937);
#2939=CARTESIAN_POINT('',(-115.990608908,-29.806704076,18.366193803));
#2940=CARTESIAN_POINT('',(-115.885579455,-30.052010925,18.366193803));
#2941=CARTESIAN_POINT('',(-115.776129647,-30.295348757,18.366193803));
#2942=CARTESIAN_POINT('',(-115.664904343,-30.537895705,18.366193803));
#2943=B_SPLINE_CURVE_WITH_KNOTS('',3,(#2939,#2940,#2941,#2942),.UNSPECIFIED.,.F.,.F.,(4,4),(0.,0.000800453),.UNSPECIFIED.);
#2944=EDGE_CURVE('',#2929,#2938,#2943,.T.);
#2945=ORIENTED_EDGE('',*,*,#2944,.T.);
#2946=CARTESIAN_POINT('',(-115.664912821,-30.537899828,18.459765259));
#2947=VERTEX_POINT('',#2946);
#2948=CARTESIAN_POINT('',(-115.664912822,-30.537899828,18.459765259));
#2949=CARTESIAN_POINT('',(-115.664909812,-30.537898365,18.428574774));
#2950=CARTESIAN_POINT('',(-115.664906935,-30.537896965,18.397384288));
#2951=CARTESIAN_POINT('',(-115.664904343,-30.537895705,18.366193803));
#2952=B_SPLINE_CURVE_WITH_KNOTS('',3,(#2948,#2949,#2950,#2951),.UNSPECIFIED.,.F.,.F.,(4,4),(0.000035201,0.000128772),.UNSPECIFIED.);
#2953=EDGE_CURVE('',#2947,#2938,#2952,.T.);
#2954=ORIENTED_EDGE('',*,*,#2953,.F.);
#2955=CARTESIAN_POINT('',(-114.612567797,-32.694883453,18.459765259));
#2956=VERTEX_POINT('',#2955);
#2957=CARTESIAN_POINT('',(-114.612567797,-32.694883453,18.459765259));
#2958=CARTESIAN_POINT('',(-114.803973814,-32.344332896,18.459765259));
#2959=CARTESIAN_POINT('',(-114.989422798,-31.990452012,18.459765259));
#2960=CARTESIAN_POINT('',(-115.160412369,-31.628487473,18.459765259));
#2961=CARTESIAN_POINT('',(-115.245907155,-31.447505203,18.459765259));
#2962=CARTESIAN_POINT('',(-115.328925378,-31.26513839,18.459765259));
#2963=CARTESIAN_POINT('',(-115.412932108,-31.083324211,18.459765259));
#2964=CARTESIAN_POINT('',(-115.496938837,-30.901510031,18.459765259));
#2965=CARTESIAN_POINT('',(-115.581415314,-30.719930734,18.459765259));
#2966=CARTESIAN_POINT('',(-115.664912821,-30.537899828,18.459765259));
#2967=B_SPLINE_CURVE_WITH_KNOTS('',3,(#2957,#2958,#2959,#2960,#2961,#2962,#2963,#2964,#2965,#2966),.UNSPECIFIED.,.F.,.F.,(4,3,3,4),(0.112762903,0.113931429,0.114515691,0.115099954),.UNSPECIFIED.);
#2968=EDGE_CURVE('',#2956,#2947,#2967,.T.);
#2969=ORIENTED_EDGE('',*,*,#2968,.F.);
#2970=CARTESIAN_POINT('',(-114.612566676,-32.694882908,18.366193803));
#2971=VERTEX_POINT('',#2970);
#2972=CARTESIAN_POINT('',(-114.612566676,-32.694882908,18.366193803));
#2973=CARTESIAN_POINT('',(-114.612567033,-32.694883081,18.397384288));
#2974=CARTESIAN_POINT('',(-114.612567387,-32.694883254,18.428574774));
#2975=CARTESIAN_POINT('',(-114.612567797,-32.694883453,18.459765259));
#2976=B_SPLINE_CURVE_WITH_KNOTS('',3,(#2972,#2973,#2974,#2975),.UNSPECIFIED.,.F.,.F.,(4,4),(0.,0.000093571),.UNSPECIFIED.);
#2977=EDGE_CURVE('',#2971,#2956,#2976,.T.);
#2978=ORIENTED_EDGE('',*,*,#2977,.F.);
#2979=CARTESIAN_POINT('',(-114.223971872,-33.395485774,18.366193803));
#2980=VERTEX_POINT('',#2979);
#2981=CARTESIAN_POINT('',(-114.223971872,-33.395485774,18.366193803));
#2982=CARTESIAN_POINT('',(-114.354879887,-33.162714924,18.366193803));
#2983=CARTESIAN_POINT('',(-114.484613768,-32.929292831,18.366193803));
#2984=CARTESIAN_POINT('',(-114.612566676,-32.694882908,18.366193803));
#2985=B_SPLINE_CURVE_WITH_KNOTS('',3,(#2981,#2982,#2983,#2984),.UNSPECIFIED.,.F.,.F.,(4,4),(0.,0.000801156),.UNSPECIFIED.);
#2986=EDGE_CURVE('',#2980,#2971,#2985,.T.);
#2987=ORIENTED_EDGE('',*,*,#2986,.F.);
#2988=CARTESIAN_POINT('',(-114.223939337,-33.395469949,18.459765259));
#2989=VERTEX_POINT('',#2988);
#2990=CARTESIAN_POINT('',(-114.223939337,-33.395469949,18.459765259));
#2991=CARTESIAN_POINT('',(-114.223951921,-33.39547607,18.428574774));
#2992=CARTESIAN_POINT('',(-114.223962814,-33.395481368,18.397384289));
#2993=CARTESIAN_POINT('',(-114.223971872,-33.395485774,18.366193803));
#2994=B_SPLINE_CURVE_WITH_KNOTS('',3,(#2990,#2991,#2992,#2993),.UNSPECIFIED.,.F.,.F.,(4,4),(0.000035319,0.00012889),.UNSPECIFIED.);
#2995=EDGE_CURVE('',#2989,#2980,#2994,.T.);
#2996=ORIENTED_EDGE('',*,*,#2995,.F.);
#2997=CARTESIAN_POINT('',(-111.000732289,-38.144566401,18.459765259));
#2998=VERTEX_POINT('',#2997);
#2999=CARTESIAN_POINT('',(-111.000732289,-38.144566401,18.459765259));
#3000=CARTESIAN_POINT('',(-111.15916826,-37.964751883,18.459765259));
#3001=CARTESIAN_POINT('',(-111.311256513,-37.779896339,18.459765259));
#3002=CARTESIAN_POINT('',(-111.456897289,-37.589920543,18.459765259));
#3003=CARTESIAN_POINT('',(-111.602538065,-37.399944748,18.459765259));
#3004=CARTESIAN_POINT('',(-111.741400674,-37.204586086,18.459765259));
#3005=CARTESIAN_POINT('',(-111.880053435,-37.009060773,18.459765259));
#3006=CARTESIAN_POINT('',(-112.018706197,-36.813535461,18.459765259));
#3007=CARTESIAN_POINT('',(-112.157474496,-36.618101902,18.459765259));
#3008=CARTESIAN_POINT('',(-112.296836207,-36.423139601,18.459765259));
#3009=CARTESIAN_POINT('',(-112.436197918,-36.2281773,18.459765259));
#3010=CARTESIAN_POINT('',(-112.576108576,-36.033650943,18.459765259));
#3011=CARTESIAN_POINT('',(-112.713430399,-35.837068669,18.459765259));
#3012=CARTESIAN_POINT('',(-112.988074045,-35.44390412,18.459765259));
#3013=CARTESIAN_POINT('',(-113.25093618,-35.042429125,18.459765259));
#3014=CARTESIAN_POINT('',(-113.50076399,-34.634366269,18.459765259));
#3015=CARTESIAN_POINT('',(-113.750591801,-34.226303413,18.459765259));
#3016=CARTESIAN_POINT('',(-113.98960212,-33.81219295,18.459765259));
#3017=CARTESIAN_POINT('',(-114.223939337,-33.395469949,18.459765259));
#3018=B_SPLINE_CURVE_WITH_KNOTS('',3,(#2999,#3000,#3001,#3002,#3003,#3004,#3005,#3006,#3007,#3008,#3009,#3010,#3011,#3012,#3013,#3014,#3015,#3016,#3017),.UNSPECIFIED.,.F.,.F.,(4,3,3,3,3,3,4),(0.115881301,0.116580707,0.117280114,0.11797952,0.118678927,0.12007774,0.121476553),.UNSPECIFIED.);
#3019=EDGE_CURVE('',#2998,#2989,#3018,.T.);
#3020=ORIENTED_EDGE('',*,*,#3019,.F.);
#3021=CARTESIAN_POINT('',(-102.101593663,-44.54521755,18.459765259));
#3022=VERTEX_POINT('',#3021);
#3023=CARTESIAN_POINT('',(-102.101593663,-44.54521755,18.459765259));
#3024=CARTESIAN_POINT('',(-102.529583557,-44.371318893,18.459765259));
#3025=CARTESIAN_POINT('',(-102.951726346,-44.185374376,18.459765259));
#3026=CARTESIAN_POINT('',(-103.366510246,-43.984269506,18.459765259));
#3027=CARTESIAN_POINT('',(-103.781294146,-43.783164636,18.459765259));
#3028=CARTESIAN_POINT('',(-104.189393094,-43.568287821,18.459765259));
#3029=CARTESIAN_POINT('',(-104.594379656,-43.346999051,18.459765259));
#3030=CARTESIAN_POINT('',(-104.999366218,-43.125710281,18.459765259));
#3031=CARTESIAN_POINT('',(-105.400707443,-42.896911601,18.459765259));
#3032=CARTESIAN_POINT('',(-105.796414217,-42.656505156,18.459765259));
#3033=CARTESIAN_POINT('',(-106.192120991,-42.416098712,18.459765259));
#3034=CARTESIAN_POINT('',(-106.580557572,-42.16400458,18.459765259));
#3035=CARTESIAN_POINT('',(-106.957850197,-41.895289569,18.459765259));
#3036=CARTESIAN_POINT('',(-107.712435445,-41.357859549,18.459765259));
#3037=CARTESIAN_POINT('',(-108.414205019,-40.763031444,18.459765259));
#3038=CARTESIAN_POINT('',(-109.081765474,-40.131026158,18.459765259));
#3039=CARTESIAN_POINT('',(-109.415545701,-39.815023515,18.459765259));
#3040=CARTESIAN_POINT('',(-109.740539421,-39.489472026,18.459765259));
#3041=CARTESIAN_POINT('',(-110.0594649,-39.157325803,18.459765259));
#3042=CARTESIAN_POINT('',(-110.218927639,-38.991252691,18.459765259));
#3043=CARTESIAN_POINT('',(-110.376962355,-38.823627657,18.459765259));
#3044=CARTESIAN_POINT('',(-110.534102744,-38.655030702,18.459765259));
#3045=CARTESIAN_POINT('',(-110.691243133,-38.486433747,18.459765259));
#3046=CARTESIAN_POINT('',(-110.848492264,-38.317348928,18.459765259));
#3047=CARTESIAN_POINT('',(-111.000732289,-38.144566401,18.459765259));
#3048=B_SPLINE_CURVE_WITH_KNOTS('',3,(#3023,#3024,#3025,#3026,#3027,#3028,#3029,#3030,#3031,#3032,#3033,#3034,#3035,#3036,#3037,#3038,#3039,#3040,#3041,#3042,#3043,#3044,#3045,#3046,#3047),.UNSPECIFIED.,.F.,.F.,(4,3,3,3,3,3,3,3,4),(0.006386562,0.007764871,0.009143179,0.010521488,0.011899797,0.014656414,0.016034723,0.016723878,0.017413032),.UNSPECIFIED.);
#3049=EDGE_CURVE('',#3022,#2998,#3048,.T.);
#3050=ORIENTED_EDGE('',*,*,#3049,.F.);
#3051=CARTESIAN_POINT('',(-101.879801753,-44.634091738,18.459765259));
#3052=VERTEX_POINT('',#3051);
#3053=CARTESIAN_POINT('',(-101.879801753,-44.634091738,18.459765259));
#3054=CARTESIAN_POINT('',(-101.953869729,-44.604817617,18.459765259));
#3055=CARTESIAN_POINT('',(-102.027803061,-44.575199768,18.459765259));
#3056=CARTESIAN_POINT('',(-102.101593663,-44.54521755,18.459765259));
#3057=B_SPLINE_CURVE_WITH_KNOTS('',3,(#3053,#3054,#3055,#3056),.UNSPECIFIED.,.F.,.F.,(4,4),(0.020954416,0.021194087),.UNSPECIFIED.);
#3058=EDGE_CURVE('',#3052,#3022,#3057,.T.);
#3059=ORIENTED_EDGE('',*,*,#3058,.F.);
#3060=CARTESIAN_POINT('',(-101.733717862,-44.691322849,18.45005097));
#3061=VERTEX_POINT('',#3060);
#3062=CARTESIAN_POINT('',(-101.879801753,-44.634091738,18.459765259));
#3063=CARTESIAN_POINT('',(-101.831221343,-44.653292625,18.455846749));
#3064=CARTESIAN_POINT('',(-101.782537223,-44.672363682,18.452528348));
#3065=CARTESIAN_POINT('',(-101.733733208,-44.691316887,18.450051922));
#3066=B_SPLINE_CURVE_WITH_KNOTS('',3,(#3062,#3063,#3064,#3065),.UNSPECIFIED.,.F.,.F.,(4,4),(0.000349286,0.000506435),.UNSPECIFIED.);
#3067=EDGE_CURVE('',#3052,#3061,#3066,.T.);
#3068=ORIENTED_EDGE('',*,*,#3067,.T.);
#3069=CARTESIAN_POINT('',(-101.645612106,-44.725361996,18.447002495));
#3070=VERTEX_POINT('',#3069);
#3071=CARTESIAN_POINT('',(-101.733702508,-44.691328809,18.450050006));
#3072=CARTESIAN_POINT('',(-101.704375093,-44.702718169,18.448564161));
#3073=CARTESIAN_POINT('',(-101.675007206,-44.714063834,18.447549051));
#3074=CARTESIAN_POINT('',(-101.645612106,-44.725361996,18.447002493));
#3075=B_SPLINE_CURVE_WITH_KNOTS('',3,(#3071,#3072,#3073,#3074),.UNSPECIFIED.,.F.,.F.,(4,4),(0.000068294,0.000162783),.UNSPECIFIED.);
#3076=EDGE_CURVE('',#3061,#3070,#3075,.T.);
#3077=ORIENTED_EDGE('',*,*,#3076,.T.);
#3078=CARTESIAN_POINT('',(-101.64561079,-44.725362501,18.447002499));
#3079=CARTESIAN_POINT('',(-101.251273312,-44.876928166,18.439717992));
#3080=CARTESIAN_POINT('',(-100.853590221,-45.019557219,18.428550025));
#3081=CARTESIAN_POINT('',(-100.453917884,-45.155655894,18.420238874));
#3082=CARTESIAN_POINT('',(-100.054245547,-45.291754569,18.411927724));
#3083=CARTESIAN_POINT('',(-99.652310261,-45.420764621,18.40514433));
#3084=CARTESIAN_POINT('',(-99.247734145,-45.541380534,18.398153432));
#3085=CARTESIAN_POINT('',(-98.843158029,-45.661996447,18.391162534));
#3086=CARTESIAN_POINT('',(-98.435632608,-45.774265819,18.383902185));
#3087=CARTESIAN_POINT('',(-98.025960847,-45.87648737,18.374704613));
#3088=CARTESIAN_POINT('',(-97.616289086,-45.97870892,18.365507042));
#3089=CARTESIAN_POINT('',(-97.204516652,-46.071131737,18.355332276));
#3090=CARTESIAN_POINT('',(-96.790969327,-46.15555518,18.347348754));
#3091=CARTESIAN_POINT('',(-96.377422001,-46.239978624,18.339365232));
#3092=CARTESIAN_POINT('',(-95.961942159,-46.316386566,18.33338781));
#3093=CARTESIAN_POINT('',(-95.54503762,-46.384339385,18.326049839));
#3094=CARTESIAN_POINT('',(-95.128133081,-46.452292203,18.318711868));
#3095=CARTESIAN_POINT('',(-94.709859193,-46.510782596,18.310154483));
#3096=CARTESIAN_POINT('',(-94.291321254,-46.567913733,18.30650689));
#3097=CARTESIAN_POINT('',(-94.082052285,-46.596479302,18.304683094));
#3098=CARTESIAN_POINT('',(-93.872779933,-46.625095604,18.303977035));
#3099=CARTESIAN_POINT('',(-93.663619696,-46.654481575,18.302642619));
#3100=CARTESIAN_POINT('',(-93.454459459,-46.683867546,18.301308202));
#3101=CARTESIAN_POINT('',(-93.245481021,-46.714597303,18.299265863));
#3102=CARTESIAN_POINT('',(-93.036268995,-46.743961083,18.295400276));
#3103=CARTESIAN_POINT('',(-92.931662982,-46.758642973,18.293467482));
#3104=CARTESIAN_POINT('',(-92.826975923,-46.77284624,18.290937589));
#3105=CARTESIAN_POINT('',(-92.722239038,-46.786676298,18.288638939));
#3106=CARTESIAN_POINT('',(-92.617502152,-46.800506356,18.286340289));
#3107=CARTESIAN_POINT('',(-92.512724623,-46.814019087,18.28432804));
#3108=CARTESIAN_POINT('',(-92.40814636,-46.828468297,18.285604968));
#3109=CARTESIAN_POINT('',(-92.198989834,-46.857366716,18.288158824));
#3110=CARTESIAN_POINT('',(-91.990779814,-46.890822616,18.305508311));
#3111=CARTESIAN_POINT('',(-91.783069132,-46.926426517,18.332605938));
#3112=B_SPLINE_CURVE_WITH_KNOTS('',3,(#3078,#3079,#3080,#3081,#3082,#3083,#3084,#3085,#3086,#3087,#3088,#3089,#3090,#3091,#3092,#3093,#3094,#3095,#3096,#3097,#3098,#3099,#3100,#3101,#3102,#3103,
#3104,#3105,#3106,#3107,#3108,#3109,#3110,#3111),.UNSPECIFIED.,.F.,.F.,(4,3,3,3,3,3,3,3,3,3,3,4),(0.000033297,0.001300795,0.002568293,0.003835791,0.005103288,0.006370786,0.007638284,0.008272033,0.008905782,0.009222656,0.00953953,0.010173279),.UNSPECIFIED.);
#3113=EDGE_CURVE('',#3070,#749,#3112,.T.);
#3114=ORIENTED_EDGE('',*,*,#3113,.T.);
#3115=ORIENTED_EDGE('',*,*,#755,.T.);
#3116=CARTESIAN_POINT('',(-90.096102309,-47.230156718,18.459765259));
#3117=CARTESIAN_POINT('',(-90.412470587,-47.175490503,18.459765259));
#3118=CARTESIAN_POINT('',(-90.728735613,-47.120212423,18.459765259));
#3119=CARTESIAN_POINT('',(-91.044969295,-47.064748596,18.459765259));
#3120=B_SPLINE_CURVE_WITH_KNOTS('',3,(#3116,#3117,#3118,#3119),.UNSPECIFIED.,.F.,.F.,(4,4),(0.014380761,0.015343947),.UNSPECIFIED.);
#3121=EDGE_CURVE('',#2075,#740,#3120,.T.);
#3122=ORIENTED_EDGE('',*,*,#3121,.F.);
#3123=ORIENTED_EDGE('',*,*,#2081,.T.);
#3124=ORIENTED_EDGE('',*,*,#2298,.T.);
#3125=CARTESIAN_POINT('',(-89.324309544,-47.111381504,17.859765259));
#3126=VERTEX_POINT('',#3125);
#3127=CARTESIAN_POINT('',(-89.324309544,-47.111381504,17.859765259));
#3128=CARTESIAN_POINT('',(-89.335652968,-47.14722963,17.947440027));
#3129=CARTESIAN_POINT('',(-89.346885452,-47.182727161,18.035270438));
#3130=CARTESIAN_POINT('',(-89.358007842,-47.217876762,18.123255309));
#3131=B_SPLINE_CURVE_WITH_KNOTS('',3,(#3127,#3128,#3129,#3130),.UNSPECIFIED.,.F.,.F.,(4,4),(0.000010881,0.00029707),.UNSPECIFIED.);
#3132=EDGE_CURVE('',#3126,#2282,#3131,.T.);
#3133=ORIENTED_EDGE('',*,*,#3132,.F.);
#3134=CARTESIAN_POINT('',(-102.10162555,-44.545301378,17.859765259));
#3135=VERTEX_POINT('',#3134);
#3136=CARTESIAN_POINT('',(-89.324309544,-47.111381504,17.859765259));
#3137=CARTESIAN_POINT('',(-89.868298212,-47.069204249,17.859765259));
#3138=CARTESIAN_POINT('',(-90.412293265,-47.02656074,17.859765259));
#3139=CARTESIAN_POINT('',(-90.955735546,-46.977803843,17.859765259));
#3140=CARTESIAN_POINT('',(-91.499177827,-46.929046946,17.859765259));
#3141=CARTESIAN_POINT('',(-92.042058978,-46.872734536,17.859765259));
#3142=CARTESIAN_POINT('',(-92.58315459,-46.805178736,17.859765259));
#3143=CARTESIAN_POINT('',(-92.853702396,-46.771400835,17.859765259));
#3144=CARTESIAN_POINT('',(-93.123450386,-46.73224248,17.859765259));
#3145=CARTESIAN_POINT('',(-93.393211075,-46.693169554,17.859765259));
#3146=CARTESIAN_POINT('',(-93.662971763,-46.654096628,17.859765259));
#3147=CARTESIAN_POINT('',(-93.932996002,-46.616796632,17.859765259));
#3148=CARTESIAN_POINT('',(-94.203084238,-46.579927154,17.859765259));
#3149=CARTESIAN_POINT('',(-94.473172475,-46.543057676,17.859765259));
#3150=CARTESIAN_POINT('',(-94.743284468,-46.506348013,17.859765259));
#3151=CARTESIAN_POINT('',(-95.012953486,-46.46665841,17.859765259));
#3152=CARTESIAN_POINT('',(-95.282622505,-46.426968808,17.859765259));
#3153=CARTESIAN_POINT('',(-95.55186886,-46.384435902,17.859765259));
#3154=CARTESIAN_POINT('',(-95.820562179,-46.338182665,17.859765259));
#3155=CARTESIAN_POINT('',(-96.357948818,-46.245676191,17.859765259));
#3156=CARTESIAN_POINT('',(-96.893815746,-46.139439316,17.859765259));
#3157=CARTESIAN_POINT('',(-97.426087772,-46.019040528,17.859765259));
#3158=CARTESIAN_POINT('',(-97.958359797,-45.898641741,17.859765259));
#3159=CARTESIAN_POINT('',(-98.486573434,-45.762521983,17.859765259));
#3160=CARTESIAN_POINT('',(-99.010796362,-45.610943428,17.859765259));
#3161=CARTESIAN_POINT('',(-99.53501929,-45.459364873,17.859765259));
#3162=CARTESIAN_POINT('',(-100.055337957,-45.293118591,17.859765259));
#3163=CARTESIAN_POINT('',(-100.570638707,-45.115687024,17.859765259));
#3164=CARTESIAN_POINT('',(-101.085939456,-44.938255457,17.859765259));
#3165=CARTESIAN_POINT('',(-101.597096892,-44.7502427,17.859765259));
#3166=CARTESIAN_POINT('',(-102.10162555,-44.545301378,17.859765259));
#3167=B_SPLINE_CURVE_WITH_KNOTS('',3,(#3136,#3137,#3138,#3139,#3140,#3141,#3142,#3143,#3144,#3145,#3146,#3147,#3148,#3149,#3150,#3151,#3152,#3153,#3154,#3155,#3156,#3157,#3158,#3159,#3160,#3161,
#3162,#3163,#3164,#3165,#3166),.UNSPECIFIED.,.F.,.F.,(4,3,3,3,3,3,3,3,3,3,4),(0.005518692,0.007155624,0.008792555,0.00961102,0.010429486,0.011247951,0.012066417,0.013703348,0.015340279,0.01697721,0.018614141),.UNSPECIFIED.);
#3168=EDGE_CURVE('',#3126,#3135,#3167,.T.);
#3169=ORIENTED_EDGE('',*,*,#3168,.T.);
#3170=CARTESIAN_POINT('',(-111.000708522,-38.144552209,17.859765259));
#3171=VERTEX_POINT('',#3170);
#3172=CARTESIAN_POINT('',(-102.10162555,-44.545301378,17.859765259));
#3173=CARTESIAN_POINT('',(-102.529635199,-44.371442348,17.859765259));
#3174=CARTESIAN_POINT('',(-102.951809743,-44.185564208,17.859765259));
#3175=CARTESIAN_POINT('',(-103.36657854,-43.984431762,17.859765259));
#3176=CARTESIAN_POINT('',(-103.781347338,-43.783299316,17.859765259));
#3177=CARTESIAN_POINT('',(-104.189351253,-43.568232612,17.859765259));
#3178=CARTESIAN_POINT('',(-104.594328788,-43.346932189,17.859765259));
#3179=CARTESIAN_POINT('',(-105.404283858,-42.904331344,17.859765259));
#3180=CARTESIAN_POINT('',(-106.2032286,-42.432733936,17.859765259));
#3181=CARTESIAN_POINT('',(-106.957818466,-41.895301886,17.859765259));
#3182=CARTESIAN_POINT('',(-107.712408333,-41.357869835,17.859765259));
#3183=CARTESIAN_POINT('',(-108.414207694,-40.763053743,17.859765259));
#3184=CARTESIAN_POINT('',(-109.081751359,-40.131028138,17.859765259));
#3185=CARTESIAN_POINT('',(-109.415523191,-39.815015336,17.859765259));
#3186=CARTESIAN_POINT('',(-109.740541925,-39.489491674,17.859765259));
#3187=CARTESIAN_POINT('',(-110.059491264,-39.157373188,17.859765259));
#3188=CARTESIAN_POINT('',(-110.218965933,-38.991313945,17.859765259));
#3189=CARTESIAN_POINT('',(-110.377002756,-38.823692381,17.859765259));
#3190=CARTESIAN_POINT('',(-110.534108564,-38.655059202,17.859765259));
#3191=CARTESIAN_POINT('',(-110.691214371,-38.486426023,17.859765259));
#3192=CARTESIAN_POINT('',(-110.848420197,-38.317302303,17.859765259));
#3193=CARTESIAN_POINT('',(-111.000708522,-38.144552209,17.859765259));
#3194=B_SPLINE_CURVE_WITH_KNOTS('',3,(#3172,#3173,#3174,#3175,#3176,#3177,#3178,#3179,#3180,#3181,#3182,#3183,#3184,#3185,#3186,#3187,#3188,#3189,#3190,#3191,#3192,#3193),.UNSPECIFIED.,.F.,.F.,(4,3,3,3,3,3,3,4),(0.006388441,0.007766743,0.009145044,0.011901648,0.014658252,0.016036554,0.016725704,0.017414855),.UNSPECIFIED.);
#3195=EDGE_CURVE('',#3135,#3171,#3194,.T.);
#3196=ORIENTED_EDGE('',*,*,#3195,.T.);
#3197=CARTESIAN_POINT('',(-118.306276445,-20.811039046,17.859765259));
#3198=VERTEX_POINT('',#3197);
#3199=CARTESIAN_POINT('',(-111.000708522,-38.144552209,17.859765259));
#3200=CARTESIAN_POINT('',(-111.133600108,-37.993805042,17.859765259));
#3201=CARTESIAN_POINT('',(-111.262076575,-37.839526702,17.859765259));
#3202=CARTESIAN_POINT('',(-111.385921389,-37.681544009,17.859765259));
#3203=CARTESIAN_POINT('',(-111.509766204,-37.523561316,17.859765259));
#3204=CARTESIAN_POINT('',(-111.628646854,-37.361608329,17.859765259));
#3205=CARTESIAN_POINT('',(-111.745602554,-37.198115785,17.859765259));
#3206=CARTESIAN_POINT('',(-111.862558255,-37.034623242,17.859765259));
#3207=CARTESIAN_POINT('',(-111.978366543,-36.870213008,17.859765259));
#3208=CARTESIAN_POINT('',(-112.094892742,-36.706376953,17.859765259));
#3209=CARTESIAN_POINT('',(-112.211418941,-36.542540898,17.859765259));
#3210=CARTESIAN_POINT('',(-112.328416196,-36.379081589,17.859765259));
#3211=CARTESIAN_POINT('',(-112.445308785,-36.215538569,17.859765259));
#3212=CARTESIAN_POINT('',(-112.679093963,-35.888452529,17.859765259));
#3213=CARTESIAN_POINT('',(-112.909917807,-35.558309785,17.859765259));
#3214=CARTESIAN_POINT('',(-113.129590465,-35.221883486,17.859765259));
#3215=CARTESIAN_POINT('',(-113.349263122,-34.885457188,17.859765259));
#3216=CARTESIAN_POINT('',(-113.55903846,-34.543461319,17.859765259));
#3217=CARTESIAN_POINT('',(-113.762686041,-34.198017145,17.859765259));
#3218=CARTESIAN_POINT('',(-113.966333622,-33.852572972,17.859765259));
#3219=CARTESIAN_POINT('',(-114.164220819,-33.503887228,17.859765259));
#3220=CARTESIAN_POINT('',(-114.359274879,-33.153607178,17.859765259));
#3221=CARTESIAN_POINT('',(-114.55432894,-32.803327128,17.859765259));
#3222=CARTESIAN_POINT('',(-114.748130523,-32.452342266,17.859765259));
#3223=CARTESIAN_POINT('',(-114.930876579,-32.095136069,17.859765259));
#3224=CARTESIAN_POINT('',(-115.022249606,-31.91653297,17.859765259));
#3225=CARTESIAN_POINT('',(-115.110279317,-31.736048469,17.859765259));
#3226=CARTESIAN_POINT('',(-115.19548036,-31.553972177,17.859765259));
#3227=CARTESIAN_POINT('',(-115.280681403,-31.371895886,17.859765259));
#3228=CARTESIAN_POINT('',(-115.364075384,-31.188809813,17.859765259));
#3229=CARTESIAN_POINT('',(-115.448519987,-31.006299313,17.859765259));
#3230=CARTESIAN_POINT('',(-115.617409195,-30.641278314,17.859765259));
#3231=CARTESIAN_POINT('',(-115.787146056,-30.276641703,17.859765259));
#3232=CARTESIAN_POINT('',(-115.947157252,-29.907594766,17.859765259));
#3233=CARTESIAN_POINT('',(-116.267179644,-29.169500893,17.859765259));
#3234=CARTESIAN_POINT('',(-116.545557329,-28.423973289,17.859765259));
#3235=CARTESIAN_POINT('',(-116.794372367,-27.674186362,17.859765259));
#3236=CARTESIAN_POINT('',(-117.043187405,-26.924399435,17.859765259));
#3237=CARTESIAN_POINT('',(-117.262718279,-26.169980344,17.859765259));
#3238=CARTESIAN_POINT('',(-117.457504342,-25.411647121,17.859765259));
#3239=CARTESIAN_POINT('',(-117.652290405,-24.653313899,17.859765259));
#3240=CARTESIAN_POINT('',(-117.822141821,-23.891036517,17.859765259));
#3241=CARTESIAN_POINT('',(-117.965381959,-23.124549768,17.859765259));
#3242=CARTESIAN_POINT('',(-118.108622098,-22.358063018,17.859765259));
#3243=CARTESIAN_POINT('',(-118.226070379,-21.587496517,17.859765259));
#3244=CARTESIAN_POINT('',(-118.306276445,-20.811039046,17.859765259));
#3245=B_SPLINE_CURVE_WITH_KNOTS('',3,(#3199,#3200,#3201,#3202,#3203,#3204,#3205,#3206,#3207,#3208,#3209,#3210,#3211,#3212,#3213,#3214,#3215,#3216,#3217,#3218,#3219,#3220,#3221,#3222,#3223,#3224,
#3225,#3226,#3227,#3228,#3229,#3230,#3231,#3232,#3233,#3234,#3235,#3236,#3237,#3238,#3239,#3240,#3241,#3242,#3243,#3244),.UNSPECIFIED.,.F.,.F.,(4,3,3,3,3,3,3,3,3,3,3,3,3,3,3,4),(0.102632203,0.103218501,0.103804799,0.104391097,0.104977395,0.106149991,0.107322588,0.108495184,0.10966778,0.110254078,0.110840376,0.112012972,0.114358164,0.116703357,0.119048549,0.121393741),.UNSPECIFIED.);
#3246=EDGE_CURVE('',#3171,#3198,#3245,.T.);
#3247=ORIENTED_EDGE('',*,*,#3246,.T.);
#3248=CARTESIAN_POINT('',(-118.306698139,-20.808041504,18.459765259));
#3249=VERTEX_POINT('',#3248);
#3250=CARTESIAN_POINT('',(-118.30627627,-20.811040742,17.85976521));
#3251=CARTESIAN_POINT('',(-118.30605837,-20.80894715,18.059920886));
#3252=CARTESIAN_POINT('',(-118.306190639,-20.807999148,18.259720131));
#3253=CARTESIAN_POINT('',(-118.306698139,-20.808041499,18.459765081));
#3254=B_SPLINE_CURVE_WITH_KNOTS('',3,(#3250,#3251,#3252,#3253),.UNSPECIFIED.,.F.,.F.,(4,4),(0.002398614,0.003017253),.UNSPECIFIED.);
#3255=EDGE_CURVE('',#3198,#3249,#3254,.T.);
#3256=ORIENTED_EDGE('',*,*,#3255,.T.);
#3257=CARTESIAN_POINT('',(-115.990618814,-29.806708894,18.459765259));
#3258=CARTESIAN_POINT('',(-116.303481221,-29.075917937,18.459765259));
#3259=CARTESIAN_POINT('',(-116.575994086,-28.338327416,18.459765259));
#3260=CARTESIAN_POINT('',(-116.820062274,-27.596478805,18.459765259));
#3261=CARTESIAN_POINT('',(-117.064130461,-26.854630194,18.459765259));
#3262=CARTESIAN_POINT('',(-117.27969498,-26.108293127,18.459765259));
#3263=CARTESIAN_POINT('',(-117.471183684,-25.358164854,18.459765259));
#3264=CARTESIAN_POINT('',(-117.662672388,-24.608036582,18.459765259));
#3265=CARTESIAN_POINT('',(-117.829775964,-23.854068398,18.459765259));
#3266=CARTESIAN_POINT('',(-117.970729476,-23.095982378,18.459765259));
#3267=CARTESIAN_POINT('',(-118.111682988,-22.337896358,18.459765259));
#3268=CARTESIAN_POINT('',(-118.227139628,-21.57579536,18.459765259));
#3269=CARTESIAN_POINT('',(-118.306698139,-20.808041504,18.459765259));
#3270=B_SPLINE_CURVE_WITH_KNOTS('',3,(#3257,#3258,#3259,#3260,#3261,#3262,#3263,#3264,#3265,#3266,#3267,#3268,#3269),.UNSPECIFIED.,.F.,.F.,(4,3,3,3,4),(0.102709307,0.1050281,0.107346894,0.109665687,0.111984481),.UNSPECIFIED.);
#3271=EDGE_CURVE('',#2927,#3249,#3270,.T.);
#3272=ORIENTED_EDGE('',*,*,#3271,.F.);
#3273=EDGE_LOOP('',(#2936,#2945,#2954,#2969,#2978,#2987,#2996,#3020,#3050,#3059,#3068,#3077,#3114,#3115,#3122,#3123,#3124,#3133,#3169,#3196,#3247,#3256,#3272));
#3274=FACE_BOUND('',#3273,.T.);
#3275=ADVANCED_FACE('',(#3274),#2925,.F.);
#3276=CARTESIAN_POINT('',(-84.982355795,10.80598806,18.459765259));
#3277=DIRECTION('',(0.,0.,1.));
#3278=DIRECTION('',(-1.,0.,0.));
#3279=AXIS2_PLACEMENT_3D('',#3276,#3277,#3278);
#3280=PLANE('',#3279);
#3281=CARTESIAN_POINT('',(-115.760581518,-29.694822592,18.459765259));
#3282=DIRECTION('',(-0.899271584,-0.437390692,0.));
#3283=VECTOR('',#3282,0.255804031);
#3284=LINE('',#3281,#3283);
#3285=EDGE_CURVE('',#1306,#2927,#3284,.T.);
#3286=ORIENTED_EDGE('',*,*,#3285,.T.);
#3287=ORIENTED_EDGE('',*,*,#3271,.T.);
#3288=CARTESIAN_POINT('',(-118.327102033,-20.325979331,18.459765259));
#3289=VERTEX_POINT('',#3288);
#3290=CARTESIAN_POINT('',(-118.306698139,-20.808041504,18.459765259));
#3291=CARTESIAN_POINT('',(-118.323306358,-20.647769204,18.459765259));
#3292=CARTESIAN_POINT('',(-118.330107684,-20.487081814,18.459765259));
#3293=CARTESIAN_POINT('',(-118.327102033,-20.325979331,18.459765259));
#3294=B_SPLINE_CURVE_WITH_KNOTS('',3,(#3290,#3291,#3292,#3293),.UNSPECIFIED.,.F.,.F.,(4,4),(0.,0.000482494),.UNSPECIFIED.);
#3295=EDGE_CURVE('',#3249,#3289,#3294,.T.);
#3296=ORIENTED_EDGE('',*,*,#3295,.T.);
#3297=CARTESIAN_POINT('',(-118.100267965,-20.327481904,18.459765259));
#3298=DIRECTION('',(-0.999978061,0.006623961,0.));
#3299=VECTOR('',#3298,0.226839045);
#3300=LINE('',#3297,#3299);
#3301=EDGE_CURVE('',#1315,#3289,#3300,.T.);
#3302=ORIENTED_EDGE('',*,*,#3301,.F.);
#3303=ORIENTED_EDGE('',*,*,#1333,.F.);
#3304=EDGE_LOOP('',(#3286,#3287,#3296,#3302,#3303));
#3305=FACE_BOUND('',#3304,.T.);
#3306=ADVANCED_FACE('',(#3305),#3280,.F.);
#3307=CARTESIAN_POINT('',(-84.982355795,10.80598806,18.459765259));
#3308=DIRECTION('',(0.,0.,1.));
#3309=DIRECTION('',(-1.,0.,0.));
#3310=AXIS2_PLACEMENT_3D('',#3307,#3308,#3309);
#3311=PLANE('',#3310);
#3312=ORIENTED_EDGE('',*,*,#1246,.F.);
#3313=CARTESIAN_POINT('',(-111.518850432,-37.130552525,18.459757789));
#3314=VERTEX_POINT('',#3313);
#3315=CARTESIAN_POINT('',(-111.518808815,-37.130514492,18.459765259));
#3316=CARTESIAN_POINT('',(-111.51904494,-37.13073015,18.459765259));
#3317=CARTESIAN_POINT('',(-111.519281066,-37.130945807,18.459765259));
#3318=CARTESIAN_POINT('',(-111.519517192,-37.131161465,18.459765259));
#3319=B_SPLINE_CURVE_WITH_KNOTS('',3,(#3315,#3316,#3317,#3318),.UNSPECIFIED.,.F.,.F.,(4,4),(0.,0.000000959),.UNSPECIFIED.);
#3320=EDGE_CURVE('',#3314,#1219,#3319,.T.);
#3321=ORIENTED_EDGE('',*,*,#3320,.F.);
#3322=CARTESIAN_POINT('',(-108.206706415,-40.654287494,18.459765259));
#3323=VERTEX_POINT('',#3322);
#3324=CARTESIAN_POINT('',(-108.206706415,-40.654287494,18.459765259));
#3325=CARTESIAN_POINT('',(-108.511234478,-40.389097034,18.459765259));
#3326=CARTESIAN_POINT('',(-108.8114117,-40.119239767,18.459765259));
#3327=CARTESIAN_POINT('',(-109.103622461,-39.840837495,18.459765259));
#3328=CARTESIAN_POINT('',(-109.395833222,-39.562435222,18.459765259));
#3329=CARTESIAN_POINT('',(-109.678991982,-39.274038499,18.459765259));
#3330=CARTESIAN_POINT('',(-109.955006162,-38.979185155,18.459765259));
#3331=CARTESIAN_POINT('',(-110.231020342,-38.684331811,18.459765259));
#3332=CARTESIAN_POINT('',(-110.503495041,-38.386066126,18.459765259));
#3333=CARTESIAN_POINT('',(-110.770540834,-38.083051049,18.459765259));
#3334=CARTESIAN_POINT('',(-110.904063731,-37.93154351,18.459765259));
#3335=CARTESIAN_POINT('',(-111.035381428,-37.777951657,18.459765259));
#3336=CARTESIAN_POINT('',(-111.159275182,-37.618396262,18.459765259));
#3337=CARTESIAN_POINT('',(-111.283168937,-37.458840866,18.459765259));
#3338=CARTESIAN_POINT('',(-111.401244451,-37.294829248,18.459765259));
#3339=CARTESIAN_POINT('',(-111.518851229,-37.130553103,18.459765259));
#3340=B_SPLINE_CURVE_WITH_KNOTS('',3,(#3324,#3325,#3326,#3327,#3328,#3329,#3330,#3331,#3332,#3333,#3334,#3335,#3336,#3337,#3338,#3339),.UNSPECIFIED.,.F.,.F.,(4,3,3,3,3,4),(0.000089957,0.001300694,0.00251143,0.003722166,0.004327535,0.004932903),.UNSPECIFIED.);
#3341=EDGE_CURVE('',#3323,#3314,#3340,.T.);
#3342=ORIENTED_EDGE('',*,*,#3341,.F.);
#3343=CARTESIAN_POINT('',(-108.206706292,-40.654287334,18.459765259));
#3344=CARTESIAN_POINT('',(-107.739402041,-41.070103276,18.459765259));
#3345=CARTESIAN_POINT('',(-107.253030042,-41.461340586,18.459765259));
#3346=CARTESIAN_POINT('',(-106.74699624,-41.827233516,18.459765259));
#3347=CARTESIAN_POINT('',(-106.493979339,-42.010179981,18.459765259));
#3348=CARTESIAN_POINT('',(-106.235636728,-42.186495081,18.459765259));
#3349=CARTESIAN_POINT('',(-105.974948005,-42.359167909,18.459765259));
#3350=CARTESIAN_POINT('',(-105.844603644,-42.445504323,18.459765259));
#3351=CARTESIAN_POINT('',(-105.714108391,-42.531594414,18.459765259));
#3352=CARTESIAN_POINT('',(-105.583809931,-42.61800576,18.459765259));
#3353=CARTESIAN_POINT('',(-105.453511471,-42.704417106,18.459765259));
#3354=CARTESIAN_POINT('',(-105.322821532,-42.79018938,18.459765259));
#3355=CARTESIAN_POINT('',(-105.190244289,-42.872880717,18.459765259));
#3356=CARTESIAN_POINT('',(-104.925089802,-43.038263391,18.459765259));
#3357=CARTESIAN_POINT('',(-104.653835898,-43.193689049,18.459765259));
#3358=CARTESIAN_POINT('',(-104.381458274,-43.347280284,18.459765259));
#3359=CARTESIAN_POINT('',(-104.109080649,-43.50087152,18.459765259));
#3360=CARTESIAN_POINT('',(-103.834886925,-43.651631466,18.459765259));
#3361=CARTESIAN_POINT('',(-103.559302753,-43.799425964,18.459765259));
#3362=CARTESIAN_POINT('',(-103.28371858,-43.947220461,18.459765259));
#3363=CARTESIAN_POINT('',(-103.006681775,-44.092103586,18.459765259));
#3364=CARTESIAN_POINT('',(-102.727353982,-44.232395105,18.459765259));
#3365=CARTESIAN_POINT('',(-102.448026189,-44.372686625,18.459765259));
#3366=CARTESIAN_POINT('',(-102.166745043,-44.509063226,18.459765259));
#3367=CARTESIAN_POINT('',(-101.879801753,-44.634091738,18.459765259));
#3368=B_SPLINE_CURVE_WITH_KNOTS('',3,(#3343,#3344,#3345,#3346,#3347,#3348,#3349,#3350,#3351,#3352,#3353,#3354,#3355,#3356,#3357,#3358,#3359,#3360,#3361,#3362,#3363,#3364,#3365,#3366,#3367),.UNSPECIFIED.,.F.,.F.,(4,3,3,3,3,3,3,3,4),(0.000071291,0.001943597,0.00287975,0.003347827,0.003815904,0.004752057,0.00568821,0.006624363,0.007560516),.UNSPECIFIED.);
#3369=EDGE_CURVE('',#3323,#3052,#3368,.T.);
#3370=ORIENTED_EDGE('',*,*,#3369,.T.);
#3371=ORIENTED_EDGE('',*,*,#3058,.T.);
#3372=ORIENTED_EDGE('',*,*,#3049,.T.);
#3373=ORIENTED_EDGE('',*,*,#3019,.T.);
#3374=CARTESIAN_POINT('',(-114.008097622,-33.290488141,18.459765259));
#3375=DIRECTION('',(-0.899271584,-0.437390692,0.));
#3376=VECTOR('',#3375,0.240018386);
#3377=LINE('',#3374,#3376);
#3378=EDGE_CURVE('',#1231,#2989,#3377,.T.);
#3379=ORIENTED_EDGE('',*,*,#3378,.F.);
#3380=EDGE_LOOP('',(#3312,#3321,#3342,#3370,#3371,#3372,#3373,#3379));
#3381=FACE_BOUND('',#3380,.T.);
#3382=ADVANCED_FACE('',(#3381),#3311,.F.);
#3383=CARTESIAN_POINT('',(-118.231009629,-18.551369543,17.856268459));
#3384=CARTESIAN_POINT('',(-118.238853251,-18.551369543,19.522593229));
#3385=CARTESIAN_POINT('',(-118.24658847,-18.551369543,21.185262584));
#3386=CARTESIAN_POINT('',(-118.25807481,-18.551369543,23.683012469));
#3387=CARTESIAN_POINT('',(-118.261886423,-18.551369543,24.516720382));
#3388=CARTESIAN_POINT('',(-118.267578709,-18.551369543,25.769003285));
#3389=CARTESIAN_POINT('',(-118.269471949,-18.551369543,26.186717759));
#3390=CARTESIAN_POINT('',(-118.272306176,-18.551369543,26.813848793));
#3391=CARTESIAN_POINT('',(-118.27324998,-18.551369543,27.022985692));
#3392=CARTESIAN_POINT('',(-118.274664359,-18.551369543,27.336847005));
#3393=CARTESIAN_POINT('',(-118.275135598,-18.551369543,27.441493437));
#3394=CARTESIAN_POINT('',(-118.275842134,-18.551369543,27.598504092));
#3395=CARTESIAN_POINT('',(-118.276077593,-18.551369543,27.650847812));
#3396=CARTESIAN_POINT('',(-118.276548404,-18.551369543,27.755549257));
#3397=CARTESIAN_POINT('',(-118.276783814,-18.55136582,27.807906984));
#3398=CARTESIAN_POINT('',(-118.277019059,-18.551369543,27.860271877));
#3399=CARTESIAN_POINT('',(-118.257113069,-19.250721241,17.859765252));
#3400=CARTESIAN_POINT('',(-118.264956564,-19.250721241,19.526090974));
#3401=CARTESIAN_POINT('',(-118.272691655,-19.250721241,21.188761276));
#3402=CARTESIAN_POINT('',(-118.284177808,-19.250721241,23.68651256));
#3403=CARTESIAN_POINT('',(-118.287989359,-19.250721241,24.520220935));
#3404=CARTESIAN_POINT('',(-118.293681553,-19.250721241,25.772504526));
#3405=CARTESIAN_POINT('',(-118.295574762,-19.250721241,26.190219227));
#3406=CARTESIAN_POINT('',(-118.298408944,-19.250721241,26.817350601));
#3407=CARTESIAN_POINT('',(-118.299352733,-19.250721241,27.026487613));
#3408=CARTESIAN_POINT('',(-118.300767089,-19.250721241,27.340349095));
#3409=CARTESIAN_POINT('',(-118.30123832,-19.250721241,27.444995583));
#3410=CARTESIAN_POINT('',(-118.301944845,-19.250721241,27.602006322));
#3411=CARTESIAN_POINT('',(-118.3021803,-19.250721241,27.65435007));
#3412=CARTESIAN_POINT('',(-118.302651104,-19.250721241,27.75905157));
#3413=CARTESIAN_POINT('',(-118.302886905,-19.250691473,27.811409338));
#3414=CARTESIAN_POINT('',(-118.303121751,-19.250721241,27.863774247));
#3415=B_SPLINE_SURFACE_WITH_KNOTS('',1,3,((#3383,#3384,#3385,#3386,#3387,#3388,#3389,#3390,#3391,#3392,#3393,#3394,#3395,#3396,#3397,#3398),(#3399,#3400,#3401,#3402,#3403,#3404,#3405,#3406,#3407,#3408,#3409,#3410,#3411,#3412,#3413,#3414)),.UNSPECIFIED.,.F.,.F.,.U.,(2,2),(4,2,2,2,2,2,2,4),(0.125190722,1.),(0.000181228,0.151246978,0.226870467,0.264682212,0.283588084,0.29304102,0.297767488,0.302493956),.UNSPECIFIED.);
#3416=CARTESIAN_POINT('',(-118.277016784,-18.551369543,27.859765259));
#3417=VERTEX_POINT('',#3416);
#3418=CARTESIAN_POINT('',(-118.270683117,-18.551369543,26.454765259));
#3419=VERTEX_POINT('',#3418);
#3420=CARTESIAN_POINT('',(-118.277016784,-18.551369543,27.859765259));
#3421=CARTESIAN_POINT('',(-118.274914052,-18.551369543,27.391431887));
#3422=CARTESIAN_POINT('',(-118.272801142,-18.551369543,26.923098562));
#3423=CARTESIAN_POINT('',(-118.270683117,-18.551369543,26.454765259));
#3424=B_SPLINE_CURVE_WITH_KNOTS('',3,(#3420,#3421,#3422,#3423),.UNSPECIFIED.,.F.,.F.,(4,4),(0.,0.001405014),.UNSPECIFIED.);
#3425=EDGE_CURVE('',#3417,#3419,#3424,.T.);
#3426=ORIENTED_EDGE('',*,*,#3425,.F.);
#3427=CARTESIAN_POINT('',(-118.27701906,-18.551369576,27.860271878));
#3428=VERTEX_POINT('',#3427);
#3429=CARTESIAN_POINT('',(-118.27701906,-18.551369576,27.860271878));
#3430=CARTESIAN_POINT('',(-118.277018301,-18.551369554,27.860103005));
#3431=CARTESIAN_POINT('',(-118.277017542,-18.551369543,27.859934132));
#3432=CARTESIAN_POINT('',(-118.277016784,-18.551369543,27.859765259));
#3433=B_SPLINE_CURVE_WITH_KNOTS('',3,(#3429,#3430,#3431,#3432),.UNSPECIFIED.,.F.,.F.,(4,4),(0.,0.000000507),.UNSPECIFIED.);
#3434=EDGE_CURVE('',#3428,#3417,#3433,.T.);
#3435=ORIENTED_EDGE('',*,*,#3434,.F.);
#3436=CARTESIAN_POINT('',(-118.303121751,-19.250721241,27.863774247));
#3437=VERTEX_POINT('',#3436);
#3438=CARTESIAN_POINT('',(-118.27701906,-18.551369576,27.860271878));
#3439=DIRECTION('',(-0.03729769,-0.999291668,0.005004476));
#3440=VECTOR('',#3439,0.69984739);
#3441=LINE('',#3438,#3440);
#3442=EDGE_CURVE('',#3428,#3437,#3441,.T.);
#3443=ORIENTED_EDGE('',*,*,#3442,.T.);
#3444=CARTESIAN_POINT('',(-118.259942646,-19.250721241,18.461742589));
#3445=VERTEX_POINT('',#3444);
#3446=CARTESIAN_POINT('',(-118.259942646,-19.250721241,18.461742589));
#3447=CARTESIAN_POINT('',(-118.266818776,-19.250721241,19.926654857));
#3448=CARTESIAN_POINT('',(-118.273613625,-19.250721241,21.389250548));
#3449=CARTESIAN_POINT('',(-118.284177808,-19.250721241,23.68651256));
#3450=CARTESIAN_POINT('',(-118.287989359,-19.250721241,24.520220935));
#3451=CARTESIAN_POINT('',(-118.293681553,-19.250721241,25.772504526));
#3452=CARTESIAN_POINT('',(-118.295574762,-19.250721241,26.190219227));
#3453=CARTESIAN_POINT('',(-118.298408944,-19.250721241,26.817350601));
#3454=CARTESIAN_POINT('',(-118.299352733,-19.250721241,27.026487613));
#3455=CARTESIAN_POINT('',(-118.300767089,-19.250721241,27.340349095));
#3456=CARTESIAN_POINT('',(-118.30123832,-19.250721241,27.444995583));
#3457=CARTESIAN_POINT('',(-118.301944845,-19.250721241,27.602006322));
#3458=CARTESIAN_POINT('',(-118.3021803,-19.250721241,27.65435007));
#3459=CARTESIAN_POINT('',(-118.302651104,-19.250721241,27.75905157));
#3460=CARTESIAN_POINT('',(-118.302886905,-19.250691473,27.811409338));
#3461=CARTESIAN_POINT('',(-118.303121751,-19.250721241,27.863774247));
#3462=B_SPLINE_CURVE_WITH_KNOTS('',3,(#3446,#3447,#3448,#3449,#3450,#3451,#3452,#3453,#3454,#3455,#3456,#3457,#3458,#3459,#3460,#3461),.UNSPECIFIED.,.F.,.F.,(4,2,2,2,2,2,2,4),(0.018377099,0.151246978,0.226870467,0.264682212,0.283588084,0.29304102,0.297767488,0.302493956),.UNSPECIFIED.);
#3463=EDGE_CURVE('',#3445,#3437,#3462,.T.);
#3464=ORIENTED_EDGE('',*,*,#3463,.F.);
#3465=CARTESIAN_POINT('',(-118.257112847,-19.250721306,17.859770293));
#3466=VERTEX_POINT('',#3465);
#3467=CARTESIAN_POINT('',(-118.257113069,-19.250721241,17.859765259));
#3468=CARTESIAN_POINT('',(-118.258057818,-19.250721241,18.060474207));
#3469=CARTESIAN_POINT('',(-118.259000995,-19.250721241,18.26113012));
#3470=CARTESIAN_POINT('',(-118.259942646,-19.250721241,18.461742589));
#3471=B_SPLINE_CURVE_WITH_KNOTS('',3,(#3467,#3468,#3469,#3470),.UNSPECIFIED.,.F.,.F.,(4,4),(0.,1.),.UNSPECIFIED.);
#3472=EDGE_CURVE('',#3466,#3445,#3471,.T.);
#3473=ORIENTED_EDGE('',*,*,#3472,.F.);
#3474=CARTESIAN_POINT('',(-118.231026089,-18.551369543,17.859765259));
#3475=CARTESIAN_POINT('',(-118.239721749,-18.784486776,17.859765259));
#3476=CARTESIAN_POINT('',(-118.248417409,-19.017604008,17.859765259));
#3477=CARTESIAN_POINT('',(-118.257113069,-19.250721241,17.859765259));
#3478=B_SPLINE_CURVE_WITH_KNOTS('',3,(#3474,#3475,#3476,#3477),.UNSPECIFIED.,.F.,.F.,(4,4),(0.00010007,0.000799908),.UNSPECIFIED.);
#3479=EDGE_CURVE('',#637,#3466,#3478,.T.);
#3480=ORIENTED_EDGE('',*,*,#3479,.F.);
#3481=ORIENTED_EDGE('',*,*,#643,.F.);
#3482=CARTESIAN_POINT('',(-118.270683117,-18.551369543,26.454765259));
#3483=CARTESIAN_POINT('',(-118.267366635,-18.551369543,25.721431849));
#3484=CARTESIAN_POINT('',(-118.264033393,-18.551369543,24.988098515));
#3485=CARTESIAN_POINT('',(-118.260683016,-18.551369543,24.254765259));
#3486=B_SPLINE_CURVE_WITH_KNOTS('',3,(#3482,#3483,#3484,#3485),.UNSPECIFIED.,.F.,.F.,(4,4),(0.001405014,0.003605037),.UNSPECIFIED.);
#3487=EDGE_CURVE('',#3419,#627,#3486,.T.);
#3488=ORIENTED_EDGE('',*,*,#3487,.F.);
#3489=EDGE_LOOP('',(#3426,#3435,#3443,#3464,#3473,#3480,#3481,#3488));
#3490=FACE_BOUND('',#3489,.T.);
#3491=ADVANCED_FACE('',(#3490),#3415,.F.);
#3492=CARTESIAN_POINT('',(-113.785199336,-39.409435103,31.759787492));
#3493=CARTESIAN_POINT('',(-113.343200197,-38.965614309,27.126420428));
#3494=CARTESIAN_POINT('',(-112.90120194,-38.521792856,22.493055388));
#3495=CARTESIAN_POINT('',(-112.459201422,-38.077973094,17.859685163));
#3496=CARTESIAN_POINT('',(-113.865467027,-39.249661035,31.759787492));
#3497=CARTESIAN_POINT('',(-113.430373918,-38.812774893,27.126420428));
#3498=CARTESIAN_POINT('',(-112.995280204,-38.375887846,22.493055388));
#3499=CARTESIAN_POINT('',(-112.560188039,-37.939003115,17.859685163));
#3500=CARTESIAN_POINT('',(-113.957846989,-39.071867967,31.759787492));
#3501=CARTESIAN_POINT('',(-113.529660313,-38.641916648,27.126420428));
#3502=CARTESIAN_POINT('',(-113.101473136,-38.211964788,22.493055388));
#3503=CARTESIAN_POINT('',(-112.673287243,-37.782014312,17.859685163));
#3504=CARTESIAN_POINT('',(-114.094603624,-38.815526084,31.759787492));
#3505=CARTESIAN_POINT('',(-113.675624567,-38.394820753,27.126420428));
#3506=CARTESIAN_POINT('',(-113.256645378,-37.974115234,22.493055388));
#3507=CARTESIAN_POINT('',(-112.837666529,-37.553410196,17.859685163));
#3508=CARTESIAN_POINT('',(-114.129954348,-38.749813408,31.759787492));
#3509=CARTESIAN_POINT('',(-113.713277102,-38.331419535,27.126420428));
#3510=CARTESIAN_POINT('',(-113.296599828,-37.913025548,22.493055388));
#3511=CARTESIAN_POINT('',(-112.879922626,-37.494631856,17.859685163));
#3512=CARTESIAN_POINT('',(-114.238815102,-38.54850158,31.759787492));
#3513=CARTESIAN_POINT('',(-113.829043208,-38.137042039,27.126420428));
#3514=CARTESIAN_POINT('',(-113.41927158,-37.725582538,22.493055388));
#3515=CARTESIAN_POINT('',(-113.009499272,-37.314122935,17.859685163));
#3516=CARTESIAN_POINT('',(-114.315080645,-38.408764475,31.759787492));
#3517=CARTESIAN_POINT('',(-113.909912254,-38.001927779,27.126420428));
#3518=CARTESIAN_POINT('',(-113.504744303,-37.595091144,22.493055388));
#3519=CARTESIAN_POINT('',(-113.099575223,-37.188254352,17.859685163));
#3520=CARTESIAN_POINT('',(-114.4317645,-38.194064021,31.759787492));
#3521=CARTESIAN_POINT('',(-114.033502611,-37.794162108,27.126420428));
#3522=CARTESIAN_POINT('',(-113.635241254,-37.394260152,22.493055388));
#3523=CARTESIAN_POINT('',(-113.236978534,-36.994358305,17.859685163));
#3524=CARTESIAN_POINT('',(-114.471033306,-38.121655287,31.759787492));
#3525=CARTESIAN_POINT('',(-114.075073816,-37.724065063,27.126420428));
#3526=CARTESIAN_POINT('',(-113.679114859,-37.326474739,22.493055388));
#3527=CARTESIAN_POINT('',(-113.283154538,-36.928884673,17.859685163));
#3528=CARTESIAN_POINT('',(-114.628612096,-37.829621733,31.759787492));
#3529=CARTESIAN_POINT('',(-114.241863261,-37.441278712,27.126420428));
#3530=CARTESIAN_POINT('',(-113.855114816,-37.052935268,22.493055388));
#3531=CARTESIAN_POINT('',(-113.468365374,-36.664592906,17.859685163));
#3532=CARTESIAN_POINT('',(-114.748092732,-37.605024523,31.759787492));
#3533=CARTESIAN_POINT('',(-114.36825369,-37.223617656,27.126420428));
#3534=CARTESIAN_POINT('',(-113.988414648,-36.842209965,22.493055388));
#3535=CARTESIAN_POINT('',(-113.608575607,-36.460804385,17.859685163));
#3536=CARTESIAN_POINT('',(-114.942872519,-37.227321446,31.759787492));
#3537=CARTESIAN_POINT('',(-114.574537814,-36.857469876,27.126420428));
#3538=CARTESIAN_POINT('',(-114.206202948,-36.487617527,22.493055388));
#3539=CARTESIAN_POINT('',(-113.837868496,-36.117767174,17.859685163));
#3540=CARTESIAN_POINT('',(-115.057901251,-36.99945788,31.759787492));
#3541=CARTESIAN_POINT('',(-114.696462513,-36.636536733,27.126420428));
#3542=CARTESIAN_POINT('',(-114.335023747,-36.273615164,22.493055388));
#3543=CARTESIAN_POINT('',(-113.973585053,-35.910694676,17.859685163));
#3544=CARTESIAN_POINT('',(-115.207153316,-36.693039455,31.759787492));
#3545=CARTESIAN_POINT('',(-114.854937347,-36.339370721,27.126420428));
#3546=CARTESIAN_POINT('',(-114.502721483,-35.98570193,22.493055388));
#3547=CARTESIAN_POINT('',(-114.150505348,-35.632033284,17.859685163));
#3548=CARTESIAN_POINT('',(-115.280384503,-36.538955802,31.759787492));
#3549=CARTESIAN_POINT('',(-114.932791517,-36.189918146,27.126420428));
#3550=CARTESIAN_POINT('',(-114.585198638,-35.840880486,22.493055388));
#3551=CARTESIAN_POINT('',(-114.237605484,-35.491842835,17.859685163));
#3552=CARTESIAN_POINT('',(-115.389281505,-36.307241772,31.759787492));
#3553=CARTESIAN_POINT('',(-115.048619321,-35.965149175,27.126420428));
#3554=CARTESIAN_POINT('',(-114.70795726,-35.623056608,22.493055388));
#3555=CARTESIAN_POINT('',(-114.367294884,-35.280963964,17.859685163));
#3556=CARTESIAN_POINT('',(-115.460597081,-36.151971445,31.759787492));
#3557=CARTESIAN_POINT('',(-115.124546802,-35.814505235,27.126420428));
#3558=CARTESIAN_POINT('',(-114.788496696,-35.477039012,22.493055388));
#3559=CARTESIAN_POINT('',(-114.452446145,-35.139572821,17.859685163));
#3560=CARTESIAN_POINT('',(-115.601158474,-35.840176806,31.759787492));
#3561=CARTESIAN_POINT('',(-115.274292496,-35.511946707,27.126420428));
#3562=CARTESIAN_POINT('',(-114.947426938,-35.183716539,22.493055388));
#3563=CARTESIAN_POINT('',(-114.620560304,-34.855486547,17.859685163));
#3564=CARTESIAN_POINT('',(-115.670421971,-35.68366191,31.759787492));
#3565=CARTESIAN_POINT('',(-115.348136729,-35.360045055,27.126420428));
#3566=CARTESIAN_POINT('',(-115.025852052,-35.036428116,22.493055388));
#3567=CARTESIAN_POINT('',(-114.703565926,-34.712811392,17.859685163));
#3568=CARTESIAN_POINT('',(-115.807562384,-35.3698117,31.759787492));
#3569=CARTESIAN_POINT('',(-115.494469332,-35.055434335,27.126420428));
#3570=CARTESIAN_POINT('',(-115.181376796,-34.741056995,22.493055388));
#3571=CARTESIAN_POINT('',(-114.868282939,-34.426679589,17.859685163));
#3572=CARTESIAN_POINT('',(-115.87542755,-35.212469201,31.759787492));
#3573=CARTESIAN_POINT('',(-115.566943199,-34.902716917,27.126420428));
#3574=CARTESIAN_POINT('',(-115.258459191,-34.592964771,22.493055388));
#3575=CARTESIAN_POINT('',(-114.949974305,-34.283212269,17.859685163));
#3576=CARTESIAN_POINT('',(-116.010051755,-34.897153899,31.759787492));
#3577=CARTESIAN_POINT('',(-115.71078296,-34.596650976,27.126420428));
#3578=CARTESIAN_POINT('',(-115.411514139,-34.296148285,22.493055388));
#3579=CARTESIAN_POINT('',(-115.112245387,-33.995645,17.859685163));
#3580=CARTESIAN_POINT('',(-116.076892933,-34.739223563,31.759787492));
#3581=CARTESIAN_POINT('',(-115.782228779,-34.443343982,27.126420428));
#3582=CARTESIAN_POINT('',(-115.487564412,-34.147464589,22.493055388));
#3583=CARTESIAN_POINT('',(-115.192900593,-33.851584715,17.859685163));
#3584=CARTESIAN_POINT('',(-116.208799674,-34.422433784,31.759787492));
#3585=CARTESIAN_POINT('',(-115.923342143,-34.135799739,27.126420428));
#3586=CARTESIAN_POINT('',(-115.637884158,-33.8491657,22.493055388));
#3587=CARTESIAN_POINT('',(-115.352427333,-33.562531644,17.859685163));
#3588=CARTESIAN_POINT('',(-116.30635134,-34.184126607,31.759787492));
#3589=CARTESIAN_POINT('',(-116.027798655,-33.904426645,27.126420428));
#3590=CARTESIAN_POINT('',(-115.749245446,-33.624726503,22.493055388));
#3591=CARTESIAN_POINT('',(-115.470693579,-33.345026822,17.859685163));
#3592=CARTESIAN_POINT('',(-116.400834053,-33.944246729,31.759787492));
#3593=CARTESIAN_POINT('',(-116.129188181,-33.671481665,27.126420428));
#3594=CARTESIAN_POINT('',(-115.857541956,-33.398716251,22.493055388));
#3595=CARTESIAN_POINT('',(-115.585896637,-33.125951733,17.859685163));
#3596=CARTESIAN_POINT('',(-116.463040574,-33.783923037,31.759787492));
#3597=CARTESIAN_POINT('',(-116.19599916,-33.5157812,27.126420428));
#3598=CARTESIAN_POINT('',(-115.928957562,-33.247638907,22.493055388));
#3599=CARTESIAN_POINT('',(-115.661916437,-32.979497781,17.859685163));
#3600=CARTESIAN_POINT('',(-116.493742221,-33.703553218,31.759787492));
#3601=CARTESIAN_POINT('',(-116.229003023,-33.437722987,27.126420428));
#3602=CARTESIAN_POINT('',(-115.964263757,-33.17189225,22.493055388));
#3603=CARTESIAN_POINT('',(-115.699524666,-32.906062808,17.859685163));
#3604=CARTESIAN_POINT('',(-116.584601602,-33.461807415,31.759787492));
#3605=CARTESIAN_POINT('',(-116.326768849,-33.202911916,27.126420428));
#3606=CARTESIAN_POINT('',(-116.068936438,-32.94401579,22.493055388));
#3607=CARTESIAN_POINT('',(-115.811103152,-32.685121271,17.859685163));
#3608=CARTESIAN_POINT('',(-116.643559494,-33.299822694,31.759787492));
#3609=CARTESIAN_POINT('',(-116.390330847,-33.045550272,27.126420428));
#3610=CARTESIAN_POINT('',(-116.137102884,-32.791277183,22.493055388));
#3611=CARTESIAN_POINT('',(-115.883873169,-32.537005804,17.859685163));
#3612=CARTESIAN_POINT('',(-116.758786855,-32.974603541,31.759787492));
#3613=CARTESIAN_POINT('',(-116.514766484,-32.729577365,27.126420428));
#3614=CARTESIAN_POINT('',(-116.270747192,-32.484550681,22.493055388));
#3615=CARTESIAN_POINT('',(-116.026725135,-32.239525299,17.859685163));
#3616=CARTESIAN_POINT('',(-116.815037494,-32.811375494,31.759787492));
#3617=CARTESIAN_POINT('',(-116.575621305,-32.570972494,27.126420428));
#3618=CARTESIAN_POINT('',(-116.33620624,-32.330569194,22.493055388));
#3619=CARTESIAN_POINT('',(-116.096788297,-32.090166664,17.859685163));
#3620=CARTESIAN_POINT('',(-116.898401676,-32.56568726,31.759787492));
#3621=CARTESIAN_POINT('',(-116.665891734,-32.332219037,27.126420428));
#3622=CARTESIAN_POINT('',(-116.433382792,-32.098750867,22.493055388));
#3623=CARTESIAN_POINT('',(-116.200871289,-31.865282559,17.859685163));
#3624=CARTESIAN_POINT('',(-116.926022252,-32.483665352,31.759787492));
#3625=CARTESIAN_POINT('',(-116.695814386,-32.252508722,27.126420428));
#3626=CARTESIAN_POINT('',(-116.465607445,-32.021352271,22.493055388));
#3627=CARTESIAN_POINT('',(-116.235398136,-31.790195361,17.859685163));
#3628=CARTESIAN_POINT('',(-117.008631387,-32.237081368,31.759787492));
#3629=CARTESIAN_POINT('',(-116.785329722,-32.012859508,27.126420428));
#3630=CARTESIAN_POINT('',(-116.562028687,-31.788638186,22.493055388));
#3631=CARTESIAN_POINT('',(-116.338726037,-31.564415486,17.859685163));
#3632=CARTESIAN_POINT('',(-117.063360271,-32.071880543,31.759787492));
#3633=CARTESIAN_POINT('',(-116.844662709,-31.852281852,27.126420428));
#3634=CARTESIAN_POINT('',(-116.625965509,-31.632683918,22.493055388));
#3635=CARTESIAN_POINT('',(-116.407267385,-31.413084047,17.859685163));
#3636=CARTESIAN_POINT('',(-117.145831569,-31.820502012,31.759787492));
#3637=CARTESIAN_POINT('',(-116.934040214,-31.607838047,27.126420428));
#3638=CARTESIAN_POINT('',(-116.722249071,-31.395174998,22.493055388));
#3639=CARTESIAN_POINT('',(-116.510457389,-31.182509602,17.859685163));
#3640=CARTESIAN_POINT('',(-117.173386167,-31.736139193,31.759787492));
#3641=CARTESIAN_POINT('',(-116.963896892,-31.525786798,27.126420428));
#3642=CARTESIAN_POINT('',(-116.754407829,-31.315435342,22.493055388));
#3643=CARTESIAN_POINT('',(-116.544918224,-31.10508148,17.859685163));
#3644=CARTESIAN_POINT('',(-117.256443477,-31.480247794,31.759787492));
#3645=CARTESIAN_POINT('',(-117.05386046,-31.276830096,27.126420428));
#3646=CARTESIAN_POINT('',(-116.851277749,-31.073413332,22.493055388));
#3647=CARTESIAN_POINT('',(-116.648694255,-30.869994176,17.859685163));
#3648=CARTESIAN_POINT('',(-117.312342584,-31.305872625,31.759787492));
#3649=CARTESIAN_POINT('',(-117.114363762,-31.107078044,27.126420428));
#3650=CARTESIAN_POINT('',(-116.916385422,-30.908284301,22.493055388));
#3651=CARTESIAN_POINT('',(-116.718405848,-30.70948841,17.859685163));
#3652=CARTESIAN_POINT('',(-117.454693498,-30.852784338,31.759787492));
#3653=CARTESIAN_POINT('',(-117.268225111,-30.665547546,27.126420428));
#3654=CARTESIAN_POINT('',(-117.081757399,-30.47831131,22.493055388));
#3655=CARTESIAN_POINT('',(-116.895287959,-30.29107365,17.859685163));
#3656=CARTESIAN_POINT('',(-117.542364265,-30.565742065,31.759787492));
#3657=CARTESIAN_POINT('',(-117.362802104,-30.385439942,27.126420428));
#3658=CARTESIAN_POINT('',(-117.183240562,-30.205138162,22.493055388));
#3659=CARTESIAN_POINT('',(-117.003677434,-30.024835503,17.859685163));
#3660=CARTESIAN_POINT('',(-117.662663557,-30.154628845,31.759787492));
#3661=CARTESIAN_POINT('',(-117.49230972,-29.983572936,27.126420428));
#3662=CARTESIAN_POINT('',(-117.321956431,-29.812517257,22.493055388));
#3663=CARTESIAN_POINT('',(-117.15160174,-29.641460989,17.859685163));
#3664=CARTESIAN_POINT('',(-117.693030906,-30.049456343,31.759787492));
#3665=CARTESIAN_POINT('',(-117.524979153,-29.880711987,27.126420428));
#3666=CARTESIAN_POINT('',(-117.356927932,-29.711967848,22.493055388));
#3667=CARTESIAN_POINT('',(-117.188875349,-29.543223151,17.859685163));
#3668=CARTESIAN_POINT('',(-117.846089,-29.511446912,31.759787492));
#3669=CARTESIAN_POINT('',(-117.689547668,-29.354260325,27.126420428));
#3670=CARTESIAN_POINT('',(-117.533006787,-29.197073952,22.493055388));
#3671=CARTESIAN_POINT('',(-117.376464751,-29.03988703,17.859685163));
#3672=CARTESIAN_POINT('',(-117.972426644,-29.042290024,31.759787492));
#3673=CARTESIAN_POINT('',(-117.825093643,-28.894349695,27.126420428));
#3674=CARTESIAN_POINT('',(-117.677761024,-28.746409748,22.493055388));
#3675=CARTESIAN_POINT('',(-117.530427426,-28.598468824,17.859685163));
#3676=CARTESIAN_POINT('',(-118.162302489,-28.279438093,31.759787492));
#3677=CARTESIAN_POINT('',(-118.028781762,-28.145367466,27.126420428));
#3678=CARTESIAN_POINT('',(-117.895261174,-28.011297209,22.493055388));
#3679=CARTESIAN_POINT('',(-117.761740232,-27.877226006,17.859685163));
#3680=CARTESIAN_POINT('',(-118.225621316,-28.015302512,31.759787492));
#3681=CARTESIAN_POINT('',(-118.096704661,-27.885855146,27.126420428));
#3682=CARTESIAN_POINT('',(-117.96778805,-27.756408113,22.493055388));
#3683=CARTESIAN_POINT('',(-117.838871326,-27.626960227,17.859685163));
#3684=CARTESIAN_POINT('',(-118.351062631,-27.467174069,31.759787492));
#3685=CARTESIAN_POINT('',(-118.231354211,-27.346973066,27.126420428));
#3686=CARTESIAN_POINT('',(-118.111645708,-27.226772286,22.493055388));
#3687=CARTESIAN_POINT('',(-117.991937421,-27.106570933,17.859685163));
#3688=CARTESIAN_POINT('',(-118.413184256,-27.183203608,31.759787492));
#3689=CARTESIAN_POINT('',(-118.298080004,-27.0676257,27.126420428));
#3690=CARTESIAN_POINT('',(-118.182975635,-26.952047943,22.493055388));
#3691=CARTESIAN_POINT('',(-118.067871568,-26.836469799,17.859685163));
#3692=CARTESIAN_POINT('',(-118.565434886,-26.448143589,31.759787492));
#3693=CARTESIAN_POINT('',(-118.461841314,-26.344122993,27.126420428));
#3694=CARTESIAN_POINT('',(-118.358247711,-26.240102354,22.493055388));
#3695=CARTESIAN_POINT('',(-118.254654187,-26.136081824,17.859685163));
#3696=CARTESIAN_POINT('',(-118.654051357,-25.984119023,31.759787492));
#3697=CARTESIAN_POINT('',(-118.557364364,-25.88703254,27.126420428));
#3698=CARTESIAN_POINT('',(-118.460677525,-25.789945891,22.493055388));
#3699=CARTESIAN_POINT('',(-118.363990292,-25.692859664,17.859685163));
#3700=CARTESIAN_POINT('',(-118.766053142,-25.326520969,31.759787492));
#3701=CARTESIAN_POINT('',(-118.678574099,-25.238681471,27.126420428));
#3702=CARTESIAN_POINT('',(-118.591095329,-25.150841758,22.493055388));
#3703=CARTESIAN_POINT('',(-118.503615861,-25.063002595,17.859685163));
#3704=CARTESIAN_POINT('',(-118.821029794,-24.991270096,31.759787492));
#3705=CARTESIAN_POINT('',(-118.738154546,-24.908054421,27.126420428));
#3706=CARTESIAN_POINT('',(-118.655279607,-24.824838527,22.493055388));
#3707=CARTESIAN_POINT('',(-118.572403879,-24.741623192,17.859685163));
#3708=CARTESIAN_POINT('',(-118.873659435,-24.641738217,31.759787492));
#3709=CARTESIAN_POINT('',(-118.795388141,-24.563146062,27.126420428));
#3710=CARTESIAN_POINT('',(-118.717117154,-24.484553704,22.493055388));
#3711=CARTESIAN_POINT('',(-118.63884538,-24.405961868,17.859685163));
#3712=CARTESIAN_POINT('',(-118.924965417,-24.284356486,31.759787492));
#3713=CARTESIAN_POINT('',(-118.851298442,-24.210387169,27.126420428));
#3714=CARTESIAN_POINT('',(-118.777631762,-24.136417657,22.493055388));
#3715=CARTESIAN_POINT('',(-118.703964325,-24.062448644,17.859685163));
#3716=CARTESIAN_POINT('',(-118.949962437,-24.101716368,31.759787492));
#3717=CARTESIAN_POINT('',(-118.878597836,-24.030058068,27.126420428));
#3718=CARTESIAN_POINT('',(-118.807233521,-23.958399574,22.493055388));
#3719=CARTESIAN_POINT('',(-118.735868474,-23.886741577,17.859685163));
#3720=CARTESIAN_POINT('',(-119.022702185,-23.541143782,31.759787492));
#3721=CARTESIAN_POINT('',(-118.958245441,-23.476417165,27.126420428));
#3722=CARTESIAN_POINT('',(-118.893788948,-23.411690335,22.493055388));
#3723=CARTESIAN_POINT('',(-118.829331814,-23.346964054,17.859685163));
#3724=CARTESIAN_POINT('',(-119.068126381,-23.150849098,31.759787492));
#3725=CARTESIAN_POINT('',(-119.008275475,-23.090742488,27.126420428));
#3726=CARTESIAN_POINT('',(-118.948424789,-23.030635627,22.493055388));
#3727=CARTESIAN_POINT('',(-118.888573538,-22.970529408,17.859685163));
#3728=CARTESIAN_POINT('',(-119.11913681,-22.643841489,31.759787492));
#3729=CARTESIAN_POINT('',(-119.065038646,-22.589518356,27.126420428));
#3730=CARTESIAN_POINT('',(-119.010940694,-22.535194984,22.493055388));
#3731=CARTESIAN_POINT('',(-118.956842201,-22.480872224,17.859685163));
#3732=CARTESIAN_POINT('',(-119.12905208,-22.541476769,31.759787492));
#3733=CARTESIAN_POINT('',(-119.076104208,-22.488310809,27.126420428));
#3734=CARTESIAN_POINT('',(-119.023156546,-22.435144616,22.493055388));
#3735=CARTESIAN_POINT('',(-118.970208347,-22.38197902,17.859685163));
#3736=CARTESIAN_POINT('',(-119.167444905,-22.128334874,31.759787492));
#3737=CARTESIAN_POINT('',(-119.11909733,-22.079799224,27.126420428));
#3738=CARTESIAN_POINT('',(-119.070749968,-22.031263375,22.493055388));
#3739=CARTESIAN_POINT('',(-119.022402063,-21.982728037,17.859685163));
#3740=CARTESIAN_POINT('',(-119.193361994,-21.810280901,31.759787492));
#3741=CARTESIAN_POINT('',(-119.148463101,-21.765220851,27.126420428));
#3742=CARTESIAN_POINT('',(-119.103564426,-21.720160648,22.493055388));
#3743=CARTESIAN_POINT('',(-119.058665194,-21.675100834,17.859685163));
#3744=CARTESIAN_POINT('',(-119.229850228,-21.270486256,31.759787492));
#3745=CARTESIAN_POINT('',(-119.190707884,-21.231202578,27.126420428));
#3746=CARTESIAN_POINT('',(-119.151565633,-21.191918737,22.493055388));
#3747=CARTESIAN_POINT('',(-119.112423141,-21.152635316,17.859685163));
#3748=CARTESIAN_POINT('',(-119.242636847,-21.051987595,31.759787492));
#3749=CARTESIAN_POINT('',(-119.205800412,-21.015008339,27.126420428));
#3750=CARTESIAN_POINT('',(-119.168963976,-20.978028886,22.493055388));
#3751=CARTESIAN_POINT('',(-119.132127542,-20.941049936,17.859685163));
#3752=CARTESIAN_POINT('',(-119.264084771,-20.6111754,31.759787492));
#3753=CARTESIAN_POINT('',(-119.231862605,-20.578800412,27.126420428));
#3754=CARTESIAN_POINT('',(-119.199640203,-20.546425092,22.493055388));
#3755=CARTESIAN_POINT('',(-119.167418405,-20.514050623,17.859685163));
#3756=CARTESIAN_POINT('',(-119.272762174,-20.388856186,31.759787492));
#3757=CARTESIAN_POINT('',(-119.242847602,-20.358782469,27.126420428));
#3758=CARTESIAN_POINT('',(-119.212932665,-20.32870832,22.493055388));
#3759=CARTESIAN_POINT('',(-119.183018662,-20.29863528,17.859685163));
#3760=CARTESIAN_POINT('',(-119.285638187,-19.941695108,31.759787492));
#3761=CARTESIAN_POINT('',(-119.260329775,-19.916240711,27.126420428));
#3762=CARTESIAN_POINT('',(-119.235020838,-19.890785615,22.493055388));
#3763=CARTESIAN_POINT('',(-119.209713245,-19.865332313,17.859685163));
#3764=CARTESIAN_POINT('',(-119.289819321,-19.716868849,31.759787492));
#3765=CARTESIAN_POINT('',(-119.266808182,-19.693734899,27.126420428));
#3766=CARTESIAN_POINT('',(-119.243796489,-19.67060007,22.493055388));
#3767=CARTESIAN_POINT('',(-119.220786216,-19.647467496,17.859685163));
#3768=CARTESIAN_POINT('',(-119.293579796,-19.265762703,31.759787492));
#3769=CARTESIAN_POINT('',(-119.275163671,-19.247268877,27.126420428));
#3770=CARTESIAN_POINT('',(-119.256747138,-19.228773966,22.493055388));
#3771=CARTESIAN_POINT('',(-119.238331651,-19.210281833,17.859685163));
#3772=CARTESIAN_POINT('',(-119.293131069,-19.039513195,31.759787492));
#3773=CARTESIAN_POINT('',(-119.277014234,-19.023336186,27.126420428));
#3774=CARTESIAN_POINT('',(-119.260897203,-19.007158103,22.493055388));
#3775=CARTESIAN_POINT('',(-119.244780675,-18.990982772,17.859685163));
#3776=CARTESIAN_POINT('',(-119.289460032,-18.728854218,31.759787492));
#3777=CARTESIAN_POINT('',(-119.27649973,-18.715846375,27.126420428));
#3778=CARTESIAN_POINT('',(-119.263539572,-18.702837622,22.493055388));
#3779=CARTESIAN_POINT('',(-119.250579043,-18.689831203,17.859685163));
#3780=CARTESIAN_POINT('',(-119.288162873,-18.644725057,31.759787492));
#3781=CARTESIAN_POINT('',(-119.276057152,-18.63257447,27.126420428));
#3782=CARTESIAN_POINT('',(-119.263951671,-18.620423027,22.493055388));
#3783=CARTESIAN_POINT('',(-119.251845579,-18.608273775,17.859685163));
#3784=CARTESIAN_POINT('',(-119.286571894,-18.560560866,31.759787492));
#3785=CARTESIAN_POINT('',(-119.275320881,-18.549267299,27.126420428));
#3786=CARTESIAN_POINT('',(-119.264070192,-18.53797294,22.493055388));
#3787=CARTESIAN_POINT('',(-119.252818675,-18.526680611,17.859685163));
#3788=B_SPLINE_SURFACE_WITH_KNOTS('',3,3,((#3492,#3493,#3494,#3495),(#3496,#3497,#3498,#3499),(#3500,#3501,#3502,#3503),(#3504,#3505,#3506,#3507),(#3508,#3509,#3510,#3511),(#3512,#3513,#3514,#3515),(#3516,#3517,#3518,#3519),(#3520,#3521,#3522,#3523),(#3524,#3525,#3526,#3527),(#3528,#3529,#3530,#3531),(#3532,#3533,#3534,#3535),(#3536,#3537,#3538,#3539),(#3540,#3541,#3542,#3543),(#3544,#3545,#3546,#3547),(#3548,#3549,#3550,#3551),(#3552,#3553,#3554,#3555),(#3556,#3557,#3558,#3559),(#3560,#3561,#3562,#3563),(#3564,#3565,#3566,#3567),(#3568,#3569,#3570,#3571),(#3572,#3573,#3574,#3575),(#3576,#3577,#3578,#3579),(#3580,#3581,#3582,#3583),(#3584,#3585,#3586,#3587),(#3588,#3589,#3590,#3591),(#3592,#3593,#3594,#3595),
(#3596,#3597,#3598,#3599),(#3600,#3601,#3602,#3603),(#3604,#3605,#3606,#3607),(#3608,#3609,#3610,#3611),(#3612,#3613,#3614,#3615),(#3616,#3617,#3618,#3619),(#3620,#3621,#3622,#3623),(#3624,#3625,#3626,#3627),(#3628,#3629,#3630,#3631),(#3632,#3633,#3634,#3635),(#3636,#3637,#3638,#3639),(#3640,#3641,#3642,#3643),(#3644,#3645,#3646,#3647),(#3648,#3649,#3650,#3651),(#3652,#3653,#3654,#3655),(#3656,#3657,#3658,#3659),(#3660,#3661,#3662,#3663),(#3664,#3665,#3666,#3667),(#3668,#3669,#3670,#3671),(#3672,#3673,#3674,#3675),(#3676,#3677,#3678,#3679),(#3680,#3681,#3682,#3683),(#3684,#3685,#3686,#3687),(#3688,#3689,#3690,#3691),(#3692,#3693,#3694,#3695),
(#3696,#3697,#3698,#3699),(#3700,#3701,#3702,#3703),(#3704,#3705,#3706,#3707),(#3708,#3709,#3710,#3711),(#3712,#3713,#3714,#3715),(#3716,#3717,#3718,#3719),(#3720,#3721,#3722,#3723),(#3724,#3725,#3726,#3727),(#3728,#3729,#3730,#3731),(#3732,#3733,#3734,#3735),(#3736,#3737,#3738,#3739),(#3740,#3741,#3742,#3743),(#3744,#3745,#3746,#3747),(#3748,#3749,#3750,#3751),(#3752,#3753,#3754,#3755),(#3756,#3757,#3758,#3759),(#3760,#3761,#3762,#3763),(#3764,#3765,#3766,#3767),(#3768,#3769,#3770,#3771),(#3772,#3773,#3774,#3775),(#3776,#3777,#3778,#3779),(#3780,#3781,#3782,#3783),(#3784,#3785,#3786,#3787)),.UNSPECIFIED.,.F.,.F.,.U.,(4,2,2,2,2,2,1,1,2,2,2,2,2,1,2,2,2,2,2,2,2,2,2,2,2,2,
2,2,1,2,2,2,2,2,2,2,2,2,4),(4,4),(0.220075498,0.256634264,0.268820587,0.293193234,0.305379558,0.341938528,0.366311176,0.378497499,0.390683823,0.41505647,0.439429117,0.463801764,0.488174411,0.512547058,0.524733382,0.536919705,0.561292352,0.585664999,0.597851323,0.62222397,0.634410294,0.658782941,0.695341911,0.707528235,0.756273529,0.780646176,
0.805018823,0.841577794,0.853764117,0.865950441,0.878136765,0.902509412,0.908602573,0.926882059,0.939068382,0.951254706,0.963441029,0.975627353,0.980149534),(0.073331854,1.00000534),.UNSPECIFIED.);
#3789=CARTESIAN_POINT('',(-119.27710497,-18.551369543,27.859765259));
#3790=VERTEX_POINT('',#3789);
#3791=CARTESIAN_POINT('',(-119.273717338,-18.551369543,26.454765259));
#3792=VERTEX_POINT('',#3791);
#3793=CARTESIAN_POINT('',(-119.27710497,-18.551369543,27.859765259));
#3794=CARTESIAN_POINT('',(-119.275979335,-18.551369543,27.391431917));
#3795=CARTESIAN_POINT('',(-119.274850156,-18.551369543,26.923098584));
#3796=CARTESIAN_POINT('',(-119.273717336,-18.551369543,26.454765259));
#3797=B_SPLINE_CURVE_WITH_KNOTS('',3,(#3793,#3794,#3795,#3796),.UNSPECIFIED.,.F.,.F.,(4,4),(0.024435723,0.025840727),.UNSPECIFIED.);
#3798=EDGE_CURVE('',#3790,#3792,#3797,.T.);
#3799=ORIENTED_EDGE('',*,*,#3798,.T.);
#3800=CARTESIAN_POINT('',(-119.268369385,-18.551369543,24.254765259));
#3801=CARTESIAN_POINT('',(-119.270160968,-18.551369543,24.98809857));
#3802=CARTESIAN_POINT('',(-119.271943526,-18.551369543,25.721431904));
#3803=CARTESIAN_POINT('',(-119.273717336,-18.551369543,26.454765259));
#3804=B_SPLINE_CURVE_WITH_KNOTS('',3,(#3800,#3801,#3802,#3803),.UNSPECIFIED.,.F.,.F.,(4,4),(0.022235716,0.024435723),.UNSPECIFIED.);
#3805=EDGE_CURVE('',#629,#3792,#3804,.T.);
#3806=ORIENTED_EDGE('',*,*,#3805,.F.);
#3807=ORIENTED_EDGE('',*,*,#658,.T.);
#3808=CARTESIAN_POINT('',(-115.357950393,-33.551667705,17.859765259));
#3809=VERTEX_POINT('',#3808);
#3810=CARTESIAN_POINT('',(-115.357950393,-33.551667705,17.859765259));
#3811=CARTESIAN_POINT('',(-115.514376134,-33.264938934,17.859765259));
#3812=CARTESIAN_POINT('',(-115.666525683,-32.975307401,17.859765259));
#3813=CARTESIAN_POINT('',(-115.811986326,-32.682022511,17.859765259));
#3814=CARTESIAN_POINT('',(-115.957446969,-32.388737621,17.859765259));
#3815=CARTESIAN_POINT('',(-116.096356797,-32.09280139,17.859765259));
#3816=CARTESIAN_POINT('',(-116.232751533,-31.795847216,17.859765259));
#3817=CARTESIAN_POINT('',(-116.505541005,-31.201938866,17.859765259));
#3818=CARTESIAN_POINT('',(-116.770944785,-30.605041273,17.859765259));
#3819=CARTESIAN_POINT('',(-117.012309478,-29.998414233,17.859765259));
#3820=CARTESIAN_POINT('',(-117.253674172,-29.391787194,17.859765259));
#3821=CARTESIAN_POINT('',(-117.472651195,-28.776099094,17.859765259));
#3822=CARTESIAN_POINT('',(-117.673281134,-28.152985296,17.859765259));
#3823=CARTESIAN_POINT('',(-117.873911072,-27.529871499,17.859765259));
#3824=CARTESIAN_POINT('',(-118.055533599,-26.900429108,17.859765259));
#3825=CARTESIAN_POINT('',(-118.217753553,-26.269265688,17.859765259));
#3826=CARTESIAN_POINT('',(-118.542193463,-25.006938849,17.859765259));
#3827=CARTESIAN_POINT('',(-118.787146005,-23.732065345,17.859765259));
#3828=CARTESIAN_POINT('',(-118.961441464,-22.446038991,17.859765259));
#3829=CARTESIAN_POINT('',(-119.048589193,-21.803025814,17.859765259));
#3830=CARTESIAN_POINT('',(-119.118086687,-21.15722664,17.859765259));
#3831=CARTESIAN_POINT('',(-119.167125876,-20.50819823,17.859765259));
#3832=CARTESIAN_POINT('',(-119.216165065,-19.859169819,17.859765259));
#3833=CARTESIAN_POINT('',(-119.244221377,-19.206829372,17.859765259));
#3834=CARTESIAN_POINT('',(-119.252515452,-18.551369559,17.859765259));
#3835=B_SPLINE_CURVE_WITH_KNOTS('',3,(#3810,#3811,#3812,#3813,#3814,#3815,#3816,#3817,#3818,#3819,#3820,#3821,#3822,#3823,#3824,#3825,#3826,#3827,#3828,#3829,#3830,#3831,#3832,#3833,#3834),.UNSPECIFIED.,.F.,.F.,(4,3,3,3,3,3,3,3,4),(0.005374566,0.006352785,0.007331004,0.009287443,0.011243881,0.013200319,0.017113195,0.019069634,0.021026072),.UNSPECIFIED.);
#3836=EDGE_CURVE('',#3809,#646,#3835,.T.);
#3837=ORIENTED_EDGE('',*,*,#3836,.F.);
#3838=CARTESIAN_POINT('',(-115.152288194,-33.923738979,17.859765259));
#3839=VERTEX_POINT('',#3838);
#3840=CARTESIAN_POINT('',(-115.152288194,-33.923738979,17.859765259));
#3841=CARTESIAN_POINT('',(-115.263772811,-33.724295461,17.859765259));
#3842=CARTESIAN_POINT('',(-115.357950393,-33.551667705,17.859765259));
#3843=B_SPLINE_CURVE_WITH_KNOTS('',2,(#3840,#3841,#3842),.UNSPECIFIED.,.F.,.F.,(3,3),(0.,1.),.UNSPECIFIED.);
#3844=EDGE_CURVE('',#3839,#3809,#3843,.T.);
#3845=ORIENTED_EDGE('',*,*,#3844,.F.);
#3846=CARTESIAN_POINT('',(-112.459182258,-38.077961177,17.8597654));
#3847=VERTEX_POINT('',#3846);
#3848=CARTESIAN_POINT('',(-112.459210503,-38.077978785,17.859765259));
#3849=CARTESIAN_POINT('',(-112.580762352,-37.910708175,17.859765259));
#3850=CARTESIAN_POINT('',(-112.701444465,-37.742895373,17.859765259));
#3851=CARTESIAN_POINT('',(-112.822103914,-37.575068443,17.859765259));
#3852=CARTESIAN_POINT('',(-112.942763364,-37.407241513,17.859765259));
#3853=CARTESIAN_POINT('',(-113.063310734,-37.239344713,17.859765259));
#3854=CARTESIAN_POINT('',(-113.182818242,-37.070799664,17.859765259));
#3855=CARTESIAN_POINT('',(-113.421833257,-36.733709566,17.859765259));
#3856=CARTESIAN_POINT('',(-113.656501713,-36.393909829,17.859765259));
#3857=CARTESIAN_POINT('',(-113.882628741,-36.048785379,17.859765259));
#3858=CARTESIAN_POINT('',(-114.334882795,-35.358536479,17.859765259));
#3859=CARTESIAN_POINT('',(-114.749289956,-34.644693884,17.859765259));
#3860=CARTESIAN_POINT('',(-115.152288193,-33.923738982,17.859765259));
#3861=B_SPLINE_CURVE_WITH_KNOTS('',3,(#3848,#3849,#3850,#3851,#3852,#3853,#3854,#3855,#3856,#3857,#3858,#3859,#3860),.UNSPECIFIED.,.F.,.F.,(4,3,3,3,4),(0.000000005,0.000618757,0.001237509,0.002475014,0.004950024),.UNSPECIFIED.);
#3862=EDGE_CURVE('',#3847,#3839,#3861,.T.);
#3863=ORIENTED_EDGE('',*,*,#3862,.F.);
#3864=CARTESIAN_POINT('',(-113.841302046,-39.298680815,31.759765259));
#3865=VERTEX_POINT('',#3864);
#3866=CARTESIAN_POINT('',(-113.841302046,-39.298680815,31.759765259));
#3867=CARTESIAN_POINT('',(-113.61190113,-39.100006088,29.442589218));
#3868=CARTESIAN_POINT('',(-113.383474335,-38.896078622,27.125770373));
#3869=CARTESIAN_POINT('',(-113.153446184,-38.692123976,24.809115287));
#3870=CARTESIAN_POINT('',(-112.923418033,-38.48816933,22.492460202));
#3871=CARTESIAN_POINT('',(-112.692176061,-38.28332166,20.176004167));
#3872=CARTESIAN_POINT('',(-112.459207269,-38.077983222,17.85976521));
#3873=B_SPLINE_CURVE_WITH_KNOTS('',3,(#3866,#3867,#3868,#3869,#3870,#3871,#3872),.UNSPECIFIED.,.F.,.F.,(4,3,4),(0.001109354,0.008120246,0.015131139),.UNSPECIFIED.);
#3874=EDGE_CURVE('',#3865,#3847,#3873,.T.);
#3875=ORIENTED_EDGE('',*,*,#3874,.F.);
#3876=CARTESIAN_POINT('',(-119.137423189,-22.451369543,31.759765259));
#3877=VERTEX_POINT('',#3876);
#3878=CARTESIAN_POINT('',(-119.137423189,-22.451369543,31.759765259));
#3879=CARTESIAN_POINT('',(-119.000945302,-23.914804758,31.759765259));
#3880=CARTESIAN_POINT('',(-118.786010638,-25.369588094,31.759765259));
#3881=CARTESIAN_POINT('',(-118.489304975,-26.815354072,31.759765259));
#3882=CARTESIAN_POINT('',(-118.340952144,-27.538237061,31.759765259));
#3883=CARTESIAN_POINT('',(-118.172894741,-28.258947113,31.759765259));
#3884=CARTESIAN_POINT('',(-117.986086392,-28.977589391,31.759765259));
#3885=CARTESIAN_POINT('',(-117.799278043,-29.696231669,31.759765259));
#3886=CARTESIAN_POINT('',(-117.592871864,-30.412833549,31.759765259));
#3887=CARTESIAN_POINT('',(-117.37013841,-31.121910316,31.759765259));
#3888=CARTESIAN_POINT('',(-117.258771683,-31.4764487,31.759765259));
#3889=CARTESIAN_POINT('',(-117.143642877,-31.829620168,31.759765259));
#3890=CARTESIAN_POINT('',(-117.02668329,-32.182126437,31.759765259));
#3891=CARTESIAN_POINT('',(-116.909723702,-32.534632706,31.759765259));
#3892=CARTESIAN_POINT('',(-116.791179707,-32.886563296,31.759765259));
#3893=CARTESIAN_POINT('',(-116.665951544,-33.236065255,31.759765259));
#3894=CARTESIAN_POINT('',(-116.54072338,-33.585567213,31.759765259));
#3895=CARTESIAN_POINT('',(-116.407816359,-33.932279129,31.759765259));
#3896=CARTESIAN_POINT('',(-116.268053097,-34.276499894,31.759765259));
#3897=CARTESIAN_POINT('',(-116.128289835,-34.620720658,31.759765259));
#3898=CARTESIAN_POINT('',(-115.983048387,-34.962950974,31.759765259));
#3899=CARTESIAN_POINT('',(-115.83558252,-35.304373067,31.759765259));
#3900=CARTESIAN_POINT('',(-115.688116653,-35.645795161,31.759765259));
#3901=CARTESIAN_POINT('',(-115.537626079,-35.986252952,31.759765259));
#3902=CARTESIAN_POINT('',(-115.380901955,-36.324156484,31.759765259));
#3903=CARTESIAN_POINT('',(-115.224177831,-36.662060015,31.759765259));
#3904=CARTESIAN_POINT('',(-115.060967529,-36.996616643,31.759765259));
#3905=CARTESIAN_POINT('',(-114.891039341,-37.327706803,31.759765259));
#3906=CARTESIAN_POINT('',(-114.721111153,-37.658796964,31.759765259));
#3907=CARTESIAN_POINT('',(-114.544676689,-37.98652985,31.759765259));
#3908=CARTESIAN_POINT('',(-114.366823862,-38.313530852,31.759765259));
#3909=CARTESIAN_POINT('',(-114.188971035,-38.640531854,31.759765259));
#3910=CARTESIAN_POINT('',(-114.010529427,-38.9672301,31.759765259));
#3911=CARTESIAN_POINT('',(-113.841302036,-39.29868081,31.759765259));
#3912=B_SPLINE_CURVE_WITH_KNOTS('',3,(#3878,#3879,#3880,#3881,#3882,#3883,#3884,#3885,#3886,#3887,#3888,#3889,#3890,#3891,#3892,#3893,#3894,#3895,#3896,#3897,#3898,#3899,#3900,#3901,#3902,#3903,
#3904,#3905,#3906,#3907,#3908,#3909,#3910,#3911),.UNSPECIFIED.,.F.,.F.,(4,3,3,3,3,3,3,3,3,3,3,4),(0.064184588,0.068648281,0.070880127,0.073111973,0.074227896,0.075343819,0.076459742,0.077575665,0.078691588,0.079807511,0.080923434,0.082039357),.UNSPECIFIED.);
#3913=EDGE_CURVE('',#3877,#3865,#3912,.T.);
#3914=ORIENTED_EDGE('',*,*,#3913,.F.);
#3915=CARTESIAN_POINT('',(-119.137423189,-22.451369543,31.759765259));
#3916=CARTESIAN_POINT('',(-119.161351012,-22.194799668,31.759765259));
#3917=CARTESIAN_POINT('',(-119.182110978,-21.942239157,31.734692031));
#3918=CARTESIAN_POINT('',(-119.199902445,-21.693553062,31.685430454));
#3919=CARTESIAN_POINT('',(-119.208798178,-21.569210014,31.660799665));
#3920=CARTESIAN_POINT('',(-119.216950103,-21.445842915,31.630077678));
#3921=CARTESIAN_POINT('',(-119.22437119,-21.323478905,31.593109967));
#3922=CARTESIAN_POINT('',(-119.231792278,-21.201114895,31.556142257));
#3923=CARTESIAN_POINT('',(-119.238493986,-21.079448154,31.512727705));
#3924=CARTESIAN_POINT('',(-119.244379296,-20.961449875,31.463948853));
#3925=CARTESIAN_POINT('',(-119.256149917,-20.725453317,31.366391151));
#3926=CARTESIAN_POINT('',(-119.264839866,-20.501425018,31.246898066));
#3927=CARTESIAN_POINT('',(-119.271176615,-20.289314954,31.105611829));
#3928=CARTESIAN_POINT('',(-119.277513363,-20.07720489,30.964325591));
#3929=CARTESIAN_POINT('',(-119.281444213,-19.87631477,30.799804601));
#3930=CARTESIAN_POINT('',(-119.283650356,-19.696232116,30.620058315));
#3931=CARTESIAN_POINT('',(-119.285856498,-19.516149462,30.440312029));
#3932=CARTESIAN_POINT('',(-119.286424141,-19.354446314,30.244069848));
#3933=CARTESIAN_POINT('',(-119.286152341,-19.211597807,30.030912214));
#3934=CARTESIAN_POINT('',(-119.286016441,-19.140173554,29.924333397));
#3935=CARTESIAN_POINT('',(-119.285667761,-19.07371656,29.813671009));
#3936=CARTESIAN_POINT('',(-119.285205704,-19.013459262,29.701170401));
#3937=CARTESIAN_POINT('',(-119.284743647,-18.953201963,29.588669793));
#3938=CARTESIAN_POINT('',(-119.284167543,-18.898740854,29.473755264));
#3939=CARTESIAN_POINT('',(-119.283550573,-18.849994324,29.356460463));
#3940=CARTESIAN_POINT('',(-119.282933603,-18.801247795,29.239165663));
#3941=CARTESIAN_POINT('',(-119.282275626,-18.75821581,29.119490608));
#3942=CARTESIAN_POINT('',(-119.281631575,-18.720982533,28.997399978));
#3943=CARTESIAN_POINT('',(-119.280987525,-18.683749256,28.875309349));
#3944=CARTESIAN_POINT('',(-119.280354453,-18.652211003,28.750214607));
#3945=CARTESIAN_POINT('',(-119.27977865,-18.627027815,28.624232622));
#3946=CARTESIAN_POINT('',(-119.278627043,-18.57666144,28.372268651));
#3947=CARTESIAN_POINT('',(-119.277724323,-18.551369543,28.117454474));
#3948=CARTESIAN_POINT('',(-119.27710497,-18.551369543,27.859765259));
#3949=B_SPLINE_CURVE_WITH_KNOTS('',3,(#3915,#3916,#3917,#3918,#3919,#3920,#3921,#3922,#3923,#3924,#3925,#3926,#3927,#3928,#3929,#3930,#3931,#3932,#3933,#3934,#3935,#3936,#3937,#3938,#3939,#3940,
#3941,#3942,#3943,#3944,#3945,#3946,#3947,#3948),.UNSPECIFIED.,.F.,.F.,(4,3,3,3,3,3,3,3,3,3,3,4),(0.,0.000762127,0.001143191,0.001524255,0.002286382,0.00304851,0.003810637,0.004191701,0.004572765,0.004953828,0.005334892,0.00609702),.UNSPECIFIED.);
#3950=EDGE_CURVE('',#3877,#3790,#3949,.T.);
#3951=ORIENTED_EDGE('',*,*,#3950,.T.);
#3952=EDGE_LOOP('',(#3799,#3806,#3807,#3837,#3845,#3863,#3875,#3914,#3951));
#3953=FACE_BOUND('',#3952,.T.);
#3954=ADVANCED_FACE('',(#3953),#3788,.T.);
#3955=CARTESIAN_POINT('',(-88.60073635,-44.824705447,22.254765294));
#3956=DIRECTION('',(-0.953407121,0.301686694,0.000000022));
#3957=DIRECTION('',(0.301686694,0.953407121,-0.));
#3958=AXIS2_PLACEMENT_3D('',#3955,#3956,#3957);
#3959=PLANE('',#3958);
#3960=CARTESIAN_POINT('',(-89.545342733,-47.809902919,17.859765259));
#3961=VERTEX_POINT('',#3960);
#3962=CARTESIAN_POINT('',(-89.545342733,-47.809902919,17.859765259));
#3963=DIRECTION('',(0.301686694,0.953407121,-0.));
#3964=VECTOR('',#3963,0.732658064);
#3965=LINE('',#3962,#3964);
#3966=EDGE_CURVE('',#3961,#3126,#3965,.T.);
#3967=ORIENTED_EDGE('',*,*,#3966,.T.);
#3968=ORIENTED_EDGE('',*,*,#3132,.T.);
#3969=ORIENTED_EDGE('',*,*,#2288,.T.);
#3970=CARTESIAN_POINT('',(-90.848473452,-51.92812982,24.659765239));
#3971=VERTEX_POINT('',#3970);
#3972=CARTESIAN_POINT('',(-90.848473452,-51.92812982,24.659765239));
#3973=DIRECTION('',(0.301686694,0.953407121,0.));
#3974=VECTOR('',#3973,0.776201826);
#3975=LINE('',#3972,#3974);
#3976=EDGE_CURVE('',#3971,#2274,#3975,.T.);
#3977=ORIENTED_EDGE('',*,*,#3976,.F.);
#3978=CARTESIAN_POINT('',(-89.545342733,-47.809902919,17.859765259));
#3979=CARTESIAN_POINT('',(-89.979156336,-49.180865037,20.127617164));
#3980=CARTESIAN_POINT('',(-90.413591162,-50.553790377,22.394163208));
#3981=CARTESIAN_POINT('',(-90.848473452,-51.92812982,24.659765239));
#3982=B_SPLINE_CURVE_WITH_KNOTS('',3,(#3978,#3979,#3980,#3981),.UNSPECIFIED.,.F.,.F.,(4,4),(0.041576347,0.04963228),.UNSPECIFIED.);
#3983=EDGE_CURVE('',#3961,#3971,#3982,.T.);
#3984=ORIENTED_EDGE('',*,*,#3983,.F.);
#3985=EDGE_LOOP('',(#3967,#3968,#3969,#3977,#3984));
#3986=FACE_BOUND('',#3985,.T.);
#3987=ADVANCED_FACE('',(#3986),#3959,.F.);
#3988=CARTESIAN_POINT('',(-89.545342733,-47.809902919,17.859765258));
#3989=CARTESIAN_POINT('',(-90.903899783,-52.467668731,25.559765263));
#3990=CARTESIAN_POINT('',(-89.800284748,-47.803302508,17.859765258));
#3991=CARTESIAN_POINT('',(-91.166117439,-52.484732105,25.559765263));
#3992=CARTESIAN_POINT('',(-90.055216973,-47.795886732,17.859765258));
#3993=CARTESIAN_POINT('',(-91.429627049,-52.485027603,25.559765263));
#3994=CARTESIAN_POINT('',(-90.580553494,-47.779293833,17.859765258));
#3995=CARTESIAN_POINT('',(-91.970257651,-52.451086663,25.559765263));
#3996=CARTESIAN_POINT('',(-90.850991365,-47.770325151,17.859765258));
#3997=CARTESIAN_POINT('',(-92.247238361,-52.414801545,25.559765263));
#3998=CARTESIAN_POINT('',(-91.121433784,-47.759954289,17.859765258));
#3999=CARTESIAN_POINT('',(-92.520115622,-52.359987963,25.559765263));
#4000=B_SPLINE_SURFACE_WITH_KNOTS('',3,1,((#3988,#3989),(#3990,#3991),(#3992,#3993),(#3994,#3995),(#3996,#3997),(#3998,#3999)),.UNSPECIFIED.,.F.,.F.,.U.,(4,2,4),(2,2),(0.51422939,0.75,1.),(0.001135074,0.875141885),.UNSPECIFIED.);
#4001=CARTESIAN_POINT('',(-91.12143379,-47.75995431,17.859765293));
#4002=VERTEX_POINT('',#4001);
#4003=CARTESIAN_POINT('',(-91.12143379,-47.75995431,17.859765293));
#4004=CARTESIAN_POINT('',(-90.596180671,-47.780096586,17.859765281));
#4005=CARTESIAN_POINT('',(-90.070802827,-47.796298857,17.85976527));
#4006=CARTESIAN_POINT('',(-89.545342733,-47.809902919,17.859765259));
#4007=B_SPLINE_CURVE_WITH_KNOTS('',3,(#4003,#4004,#4005,#4006),.UNSPECIFIED.,.F.,.F.,(4,4),(0.,0.001576882),.UNSPECIFIED.);
#4008=EDGE_CURVE('',#4002,#3961,#4007,.T.);
#4009=ORIENTED_EDGE('',*,*,#4008,.T.);
#4010=ORIENTED_EDGE('',*,*,#3983,.T.);
#4011=CARTESIAN_POINT('',(-91.956405901,-52.446252397,25.559765259));
#4012=VERTEX_POINT('',#4011);
#4013=CARTESIAN_POINT('',(-91.956405901,-52.446252397,25.559765259));
#4014=CARTESIAN_POINT('',(-91.887233373,-52.453585218,25.559765259));
#4015=CARTESIAN_POINT('',(-91.819245022,-52.454852013,25.552146942));
#4016=CARTESIAN_POINT('',(-91.752249061,-52.451057453,25.538142776));
#4017=CARTESIAN_POINT('',(-91.685253099,-52.447262894,25.524138609));
#4018=CARTESIAN_POINT('',(-91.61898541,-52.438209981,25.503450085));
#4019=CARTESIAN_POINT('',(-91.556563255,-52.425206848,25.477981143));
#4020=CARTESIAN_POINT('',(-91.431718945,-52.399200581,25.427043261));
#4021=CARTESIAN_POINT('',(-91.318317757,-52.357025815,25.355920701));
#4022=CARTESIAN_POINT('',(-91.221748339,-52.306589767,25.273483279));
#4023=CARTESIAN_POINT('',(-91.125178922,-52.25615372,25.191045856));
#4024=CARTESIAN_POINT('',(-91.042887589,-52.196122481,25.095060599));
#4025=CARTESIAN_POINT('',(-90.979729516,-52.132189288,24.99202867));
#4026=CARTESIAN_POINT('',(-90.916571443,-52.068256096,24.888996741));
#4027=CARTESIAN_POINT('',(-90.870891744,-51.998977358,24.776557556));
#4028=CARTESIAN_POINT('',(-90.848473452,-51.92812982,24.659765239));
#4029=B_SPLINE_CURVE_WITH_KNOTS('',3,(#4013,#4014,#4015,#4016,#4017,#4018,#4019,#4020,#4021,#4022,#4023,#4024,#4025,#4026,#4027,#4028),.UNSPECIFIED.,.F.,.F.,(4,3,3,3,3,4),(0.,0.000205069,0.000410139,0.000820278,0.001230417,0.001640556),.UNSPECIFIED.);
#4030=EDGE_CURVE('',#4012,#3971,#4029,.T.);
#4031=ORIENTED_EDGE('',*,*,#4030,.F.);
#4032=CARTESIAN_POINT('',(-92.520115621,-52.359987961,25.559765259));
#4033=VERTEX_POINT('',#4032);
#4034=CARTESIAN_POINT('',(-91.956405901,-52.446252397,25.559765259));
#4035=CARTESIAN_POINT('',(-92.145639671,-52.42619216,25.559765259));
#4036=CARTESIAN_POINT('',(-92.333547064,-52.397464484,25.559765259));
#4037=CARTESIAN_POINT('',(-92.520115621,-52.359987961,25.559765259));
#4038=B_SPLINE_CURVE_WITH_KNOTS('',3,(#4034,#4035,#4036,#4037),.UNSPECIFIED.,.F.,.F.,(4,4),(0.,0.000570272),.UNSPECIFIED.);
#4039=EDGE_CURVE('',#4012,#4033,#4038,.T.);
#4040=ORIENTED_EDGE('',*,*,#4039,.T.);
#4041=CARTESIAN_POINT('',(-91.12143379,-47.75995431,17.859765293));
#4042=CARTESIAN_POINT('',(-91.587661067,-49.29329886,20.426431948));
#4043=CARTESIAN_POINT('',(-92.053888344,-50.82664341,22.993098604));
#4044=CARTESIAN_POINT('',(-92.520115621,-52.359987961,25.559765259));
#4045=B_SPLINE_CURVE_WITH_KNOTS('',3,(#4041,#4042,#4043,#4044),.UNSPECIFIED.,.F.,.F.,(4,4),(0.001135078,0.875141884),.UNSPECIFIED.);
#4046=EDGE_CURVE('',#4002,#4033,#4045,.T.);
#4047=ORIENTED_EDGE('',*,*,#4046,.F.);
#4048=EDGE_LOOP('',(#4009,#4010,#4031,#4040,#4047));
#4049=FACE_BOUND('',#4048,.T.);
#4050=ADVANCED_FACE('',(#4049),#4000,.F.);
#4051=CARTESIAN_POINT('',(-102.660449319,-45.662097718,18.335009344));
#4052=CARTESIAN_POINT('',(-102.660449319,-45.662097718,18.335009344));
#4053=CARTESIAN_POINT('',(-102.660449319,-45.662097718,18.335009344));
#4054=CARTESIAN_POINT('',(-102.660449319,-45.662097718,18.335009344));
#4055=CARTESIAN_POINT('',(-102.661712665,-45.645854444,18.304296204));
#4056=CARTESIAN_POINT('',(-102.661709857,-45.645855789,18.304296671));
#4057=CARTESIAN_POINT('',(-102.651440363,-45.650794478,18.306033105));
#4058=CARTESIAN_POINT('',(-102.651440111,-45.650794594,18.306033139));
#4059=CARTESIAN_POINT('',(-102.657982282,-45.632367056,18.275075265));
#4060=CARTESIAN_POINT('',(-102.653369163,-45.634495603,18.275708067));
#4061=CARTESIAN_POINT('',(-102.648757814,-45.636628643,18.276338567));
#4062=CARTESIAN_POINT('',(-102.644148238,-45.638766172,18.276966765));
#4063=CARTESIAN_POINT('',(-102.655638424,-45.60259461,18.215024783));
#4064=CARTESIAN_POINT('',(-102.646525099,-45.606787282,18.216335021));
#4065=CARTESIAN_POINT('',(-102.637420164,-45.611001629,18.217634189));
#4066=CARTESIAN_POINT('',(-102.628323729,-45.6152376,18.218922275));
#4067=CARTESIAN_POINT('',(-102.654397987,-45.587772997,18.185030928));
#4068=CARTESIAN_POINT('',(-102.643054776,-45.592976754,18.18668205));
#4069=CARTESIAN_POINT('',(-102.631724819,-45.598214932,18.188315613));
#4070=CARTESIAN_POINT('',(-102.620408345,-45.603487427,18.189931588));
#4071=CARTESIAN_POINT('',(-102.650564087,-45.543434152,18.09508873));
#4072=CARTESIAN_POINT('',(-102.632603316,-45.551610866,18.097779422));
#4073=CARTESIAN_POINT('',(-102.614674556,-45.559871894,18.100427233));
#4074=CARTESIAN_POINT('',(-102.596778676,-45.568216838,18.103032036));
#4075=CARTESIAN_POINT('',(-102.647843688,-45.514053152,18.035188754));
#4076=CARTESIAN_POINT('',(-102.625566005,-45.524131072,18.038593247));
#4077=CARTESIAN_POINT('',(-102.603338364,-45.534342098,18.04193018));
#4078=CARTESIAN_POINT('',(-102.581162474,-45.544685443,18.045199299));
#4079=CARTESIAN_POINT('',(-102.642871149,-45.463279747,17.931210565));
#4080=CARTESIAN_POINT('',(-102.613257222,-45.476529624,17.935893553));
#4081=CARTESIAN_POINT('',(-102.583732065,-45.490020882,17.940454553));
#4082=CARTESIAN_POINT('',(-102.554300091,-45.503751506,17.944892882));
#4083=CARTESIAN_POINT('',(-102.640680321,-45.441814557,17.887105142));
#4084=CARTESIAN_POINT('',(-102.608004155,-45.456362855,17.892328664));
#4085=CARTESIAN_POINT('',(-102.575435392,-45.471205504,17.897403652));
#4086=CARTESIAN_POINT('',(-102.542979964,-45.486339796,17.902329184));
#4087=CARTESIAN_POINT('',(-102.638438717,-45.420413636,17.843009505));
#4088=CARTESIAN_POINT('',(-102.602729267,-45.436222557,17.848773274));
#4089=CARTESIAN_POINT('',(-102.567147908,-45.452385918,17.854358513));
#4090=CARTESIAN_POINT('',(-102.531702583,-45.468900107,17.859763976));
#4091=B_SPLINE_SURFACE_WITH_KNOTS('',3,3,((#4051,#4052,#4053,#4054),(#4055,#4056,#4057,#4058),(#4059,#4060,#4061,#4062),(#4063,#4064,#4065,#4066),(#4067,#4068,#4069,#4070),(#4071,#4072,#4073,#4074),(#4075,#4076,#4077,#4078),(#4079,#4080,#4081,#4082),(#4083,#4084,#4085,#4086),(#4087,#4088,#4089,#4090)),.UNSPECIFIED.,.F.,.F.,.U.,(4,2,2,2,4),(4,4),(-0.000040475,0.000057476,0.000155431,0.000351339,0.000495807),(0.000124428,1.),.UNSPECIFIED.);
#4092=CARTESIAN_POINT('',(-102.639230493,-45.428570199,17.859765259));
#4093=VERTEX_POINT('',#4092);
#4094=CARTESIAN_POINT('',(-102.639230246,-45.428569516,17.859765259));
#4095=CARTESIAN_POINT('',(-102.603237562,-45.441617653,17.859765259));
#4096=CARTESIAN_POINT('',(-102.567389434,-45.455062953,17.859765259));
#4097=CARTESIAN_POINT('',(-102.531694169,-45.468904027,17.859765259));
#4098=B_SPLINE_CURVE_WITH_KNOTS('',3,(#4094,#4095,#4096,#4097),.UNSPECIFIED.,.F.,.F.,(4,4),(0.,0.000114854),.UNSPECIFIED.);
#4099=EDGE_CURVE('',#4093,#560,#4098,.T.);
#4100=ORIENTED_EDGE('',*,*,#4099,.T.);
#4101=ORIENTED_EDGE('',*,*,#572,.T.);
#4102=CARTESIAN_POINT('',(-102.66045449,-45.662011216,18.334844587));
#4103=CARTESIAN_POINT('',(-102.660642321,-45.658824955,18.328773782));
#4104=CARTESIAN_POINT('',(-102.660734323,-45.656987983,18.325260152));
#4105=CARTESIAN_POINT('',(-102.660685042,-45.654531876,18.32042924));
#4106=CARTESIAN_POINT('',(-102.660635762,-45.652075768,18.315598329));
#4107=CARTESIAN_POINT('',(-102.66009689,-45.649618544,18.310388902));
#4108=CARTESIAN_POINT('',(-102.6598642,-45.647166321,18.305422449));
#4109=CARTESIAN_POINT('',(-102.659398819,-45.642261874,18.295489542));
#4110=CARTESIAN_POINT('',(-102.65881015,-45.637418598,18.285575499));
#4111=CARTESIAN_POINT('',(-102.658327904,-45.63253195,18.275652169));
#4112=CARTESIAN_POINT('',(-102.657363413,-45.622758655,18.255805508));
#4113=CARTESIAN_POINT('',(-102.656441734,-45.612960386,18.235927454));
#4114=CARTESIAN_POINT('',(-102.655591586,-45.603151859,18.216066795));
#4115=CARTESIAN_POINT('',(-102.65389129,-45.583534804,18.176345477));
#4116=CARTESIAN_POINT('',(-102.652309807,-45.56391821,18.136640437));
#4117=CARTESIAN_POINT('',(-102.650576784,-45.544447786,18.097037795));
#4118=CARTESIAN_POINT('',(-102.647110737,-45.50550694,18.017832513));
#4119=CARTESIAN_POINT('',(-102.643282323,-45.466929683,17.93879214));
#4120=CARTESIAN_POINT('',(-102.639279814,-45.428554202,17.859770529));
#4121=B_SPLINE_CURVE_WITH_KNOTS('',3,(#4102,#4103,#4104,#4105,#4106,#4107,#4108,#4109,#4110,#4111,#4112,#4113,#4114,#4115,#4116,#4117,#4118,#4119,#4120),.UNSPECIFIED.,.F.,.F.,(4,3,3,3,3,3,4),(-0.00002945,-0.000013271,0.000002909,0.000035268,0.000099987,0.000229424,0.000488299),.UNSPECIFIED.);
#4122=EDGE_CURVE('',#551,#4093,#4121,.T.);
#4123=ORIENTED_EDGE('',*,*,#4122,.T.);
#4124=EDGE_LOOP('',(#4100,#4101,#4123));
#4125=FACE_BOUND('',#4124,.T.);
#4126=ADVANCED_FACE('',(#4125),#4091,.T.);
#4127=CARTESIAN_POINT('',(-88.539512076,-51.260615682,21.754765259));
#4128=DIRECTION('',(0.258860414,0.818065188,0.513576318));
#4129=DIRECTION('',(0.,-0.531699431,0.846933123));
#4130=AXIS2_PLACEMENT_3D('',#4127,#4128,#4129);
#4131=PLANE('',#4130);
#4132=CARTESIAN_POINT('',(-93.398735581,-52.111767021,25.559765259));
#4133=VERTEX_POINT('',#4132);
#4134=CARTESIAN_POINT('',(-92.009595252,-47.717319936,17.859765312));
#4135=VERTEX_POINT('',#4134);
#4136=CARTESIAN_POINT('',(-93.398735581,-52.111767021,25.559765259));
#4137=CARTESIAN_POINT('',(-92.935689018,-50.646951259,22.99309861));
#4138=CARTESIAN_POINT('',(-92.472642028,-49.182135631,20.426431961));
#4139=CARTESIAN_POINT('',(-92.009595252,-47.717319936,17.859765312));
#4140=B_SPLINE_CURVE_WITH_KNOTS('',3,(#4136,#4137,#4138,#4139),.UNSPECIFIED.,.F.,.F.,(4,4),(0.000481499,0.009455399),.UNSPECIFIED.);
#4141=EDGE_CURVE('',#4133,#4135,#4140,.T.);
#4142=ORIENTED_EDGE('',*,*,#4141,.F.);
#4143=CARTESIAN_POINT('',(-93.398735581,-52.111767021,25.559765259));
#4144=DIRECTION('',(-0.953407128,0.301686672,0.));
#4145=VECTOR('',#4144,0.023962688);
#4146=LINE('',#4143,#4145);
#4147=EDGE_CURVE('',#4133,#504,#4146,.T.);
#4148=ORIENTED_EDGE('',*,*,#4147,.T.);
#4149=ORIENTED_EDGE('',*,*,#509,.F.);
#4150=CARTESIAN_POINT('',(-92.009595252,-47.717319936,17.859765312));
#4151=DIRECTION('',(-0.953407132,0.301686659,0.000000022));
#4152=VECTOR('',#4151,0.022632863);
#4153=LINE('',#4150,#4152);
#4154=EDGE_CURVE('',#4135,#495,#4153,.T.);
#4155=ORIENTED_EDGE('',*,*,#4154,.F.);
#4156=EDGE_LOOP('',(#4142,#4148,#4149,#4155));
#4157=FACE_BOUND('',#4156,.T.);
#4158=ADVANCED_FACE('',(#4157),#4131,.F.);
#4159=CARTESIAN_POINT('',(-91.540261426,-14.725547146,17.859765259));
#4160=DIRECTION('',(0.,0.,1.));
#4161=DIRECTION('',(-1.,0.,0.));
#4162=AXIS2_PLACEMENT_3D('',#4159,#4160,#4161);
#4163=PLANE('',#4162);
#4164=ORIENTED_EDGE('',*,*,#3168,.F.);
#4165=ORIENTED_EDGE('',*,*,#3966,.F.);
#4166=ORIENTED_EDGE('',*,*,#4008,.F.);
#4167=CARTESIAN_POINT('',(-92.009595252,-47.717319936,17.859765312));
#4168=CARTESIAN_POINT('',(-91.713733697,-47.735222019,17.859765305));
#4169=CARTESIAN_POINT('',(-91.41761541,-47.748567135,17.859765299));
#4170=CARTESIAN_POINT('',(-91.12143379,-47.75995431,17.859765293));
#4171=B_SPLINE_CURVE_WITH_KNOTS('',3,(#4167,#4168,#4169,#4170),.UNSPECIFIED.,.F.,.F.,(4,4),(0.,0.000889201),.UNSPECIFIED.);
#4172=EDGE_CURVE('',#4135,#4002,#4171,.T.);
#4173=ORIENTED_EDGE('',*,*,#4172,.F.);
#4174=ORIENTED_EDGE('',*,*,#4154,.T.);
#4175=ORIENTED_EDGE('',*,*,#501,.F.);
#4176=ORIENTED_EDGE('',*,*,#616,.F.);
#4177=ORIENTED_EDGE('',*,*,#609,.T.);
#4178=ORIENTED_EDGE('',*,*,#602,.F.);
#4179=ORIENTED_EDGE('',*,*,#593,.T.);
#4180=ORIENTED_EDGE('',*,*,#581,.F.);
#4181=ORIENTED_EDGE('',*,*,#4099,.F.);
#4182=CARTESIAN_POINT('',(-108.215826949,-42.332421617,17.859765259));
#4183=VERTEX_POINT('',#4182);
#4184=CARTESIAN_POINT('',(-108.215826949,-42.332421617,17.859765259));
#4185=CARTESIAN_POINT('',(-108.004426781,-42.493955062,17.859765259));
#4186=CARTESIAN_POINT('',(-107.7892575,-42.650486008,17.859765259));
#4187=CARTESIAN_POINT('',(-107.570270932,-42.801950515,17.859765259));
#4188=CARTESIAN_POINT('',(-107.351284364,-42.953415022,17.859765259));
#4189=CARTESIAN_POINT('',(-107.128152599,-43.099683517,17.859765259));
#4190=CARTESIAN_POINT('',(-106.90256746,-43.241894024,17.859765259));
#4191=CARTESIAN_POINT('',(-106.789774891,-43.312999278,17.859765259));
#4192=CARTESIAN_POINT('',(-106.676547466,-43.383343721,17.859765259));
#4193=CARTESIAN_POINT('',(-106.56316846,-43.453422962,17.859765259));
#4194=CARTESIAN_POINT('',(-106.449789454,-43.523502203,17.859765259));
#4195=CARTESIAN_POINT('',(-106.335984137,-43.592835582,17.859765259));
#4196=CARTESIAN_POINT('',(-106.220976986,-43.660066268,17.859765259));
#4197=CARTESIAN_POINT('',(-105.990962684,-43.79452764,17.859765259));
#4198=CARTESIAN_POINT('',(-105.756640038,-43.921451258,17.859765259));
#4199=CARTESIAN_POINT('',(-105.521864199,-44.047581986,17.859765259));
#4200=CARTESIAN_POINT('',(-105.052312523,-44.29984344,17.859765259));
#4201=CARTESIAN_POINT('',(-104.579052551,-44.545974336,17.859765259));
#4202=CARTESIAN_POINT('',(-104.100580229,-44.78103709,17.859765259));
#4203=CARTESIAN_POINT('',(-103.861344067,-44.898568467,17.859765259));
#4204=CARTESIAN_POINT('',(-103.620748279,-45.013306116,17.859765259));
#4205=CARTESIAN_POINT('',(-103.377652793,-45.122907448,17.859765259));
#4206=CARTESIAN_POINT('',(-103.134557308,-45.232508779,17.859765259));
#4207=CARTESIAN_POINT('',(-102.889473409,-45.337861923,17.859765259));
#4208=CARTESIAN_POINT('',(-102.639230493,-45.428570198,17.859765259));
#4209=B_SPLINE_CURVE_WITH_KNOTS('',3,(#4184,#4185,#4186,#4187,#4188,#4189,#4190,#4191,#4192,#4193,#4194,#4195,#4196,#4197,#4198,#4199,#4200,#4201,#4202,#4203,#4204,#4205,#4206,#4207,#4208),.UNSPECIFIED.,.F.,.F.,(4,3,3,3,3,3,3,3,4),(0.001256376,0.002054392,0.002852407,0.003251414,0.003650422,0.004448437,0.006044468,0.006842483,0.007640498),.UNSPECIFIED.);
#4210=EDGE_CURVE('',#4183,#4093,#4209,.T.);
#4211=ORIENTED_EDGE('',*,*,#4210,.F.);
#4212=CARTESIAN_POINT('',(-108.43793292,-42.159800237,17.859765259));
#4213=VERTEX_POINT('',#4212);
#4214=CARTESIAN_POINT('',(-108.43793292,-42.159800237,17.859765259));
#4215=CARTESIAN_POINT('',(-108.326876461,-42.247481088,17.859765259));
#4216=CARTESIAN_POINT('',(-108.215826949,-42.332421617,17.859765259));
#4217=B_SPLINE_CURVE_WITH_KNOTS('',2,(#4214,#4215,#4216),.UNSPECIFIED.,.F.,.F.,(3,3),(0.,1.),.UNSPECIFIED.);
#4218=EDGE_CURVE('',#4213,#4183,#4217,.T.);
#4219=ORIENTED_EDGE('',*,*,#4218,.F.);
#4220=CARTESIAN_POINT('',(-109.133318742,-41.580597279,17.859765259));
#4221=VERTEX_POINT('',#4220);
#4222=CARTESIAN_POINT('',(-109.133318612,-41.580597131,17.859765259));
#4223=CARTESIAN_POINT('',(-108.90609547,-41.779733071,17.859765259));
#4224=CARTESIAN_POINT('',(-108.674383599,-41.972911411,17.859765259));
#4225=CARTESIAN_POINT('',(-108.43793292,-42.159800237,17.859765259));
#4226=B_SPLINE_CURVE_WITH_KNOTS('',3,(#4222,#4223,#4224,#4225),.UNSPECIFIED.,.F.,.F.,(4,4),(0.000071356,0.000975151),.UNSPECIFIED.);
#4227=EDGE_CURVE('',#4221,#4213,#4226,.T.);
#4228=ORIENTED_EDGE('',*,*,#4227,.F.);
#4229=CARTESIAN_POINT('',(-109.133318742,-41.580597279,17.859765259));
#4230=CARTESIAN_POINT('',(-109.438055169,-41.315951132,17.859765259));
#4231=CARTESIAN_POINT('',(-109.738878218,-41.046573732,17.859765259));
#4232=CARTESIAN_POINT('',(-110.031642853,-40.769349319,17.859765259));
#4233=CARTESIAN_POINT('',(-110.324407488,-40.492124905,17.859765259));
#4234=CARTESIAN_POINT('',(-110.607984871,-40.205796648,17.859765259));
#4235=CARTESIAN_POINT('',(-110.884530245,-39.912500222,17.859765259));
#4236=CARTESIAN_POINT('',(-111.161075619,-39.619203796,17.859765259));
#4237=CARTESIAN_POINT('',(-111.433840016,-39.322023304,17.859765259));
#4238=CARTESIAN_POINT('',(-111.7029869,-39.02162069,17.859765259));
#4239=CARTESIAN_POINT('',(-111.837560342,-38.871419382,17.859765259));
#4240=CARTESIAN_POINT('',(-111.970865122,-38.720097994,17.859765259));
#4241=CARTESIAN_POINT('',(-112.096336797,-38.562108889,17.859765259));
#4242=CARTESIAN_POINT('',(-112.221808472,-38.404119784,17.859765259));
#4243=CARTESIAN_POINT('',(-112.340673752,-38.241174313,17.859765259));
#4244=CARTESIAN_POINT('',(-112.459204799,-38.077978088,17.859765259));
#4245=B_SPLINE_CURVE_WITH_KNOTS('',3,(#4229,#4230,#4231,#4232,#4233,#4234,#4235,#4236,#4237,#4238,#4239,#4240,#4241,#4242,#4243,#4244),.UNSPECIFIED.,.F.,.F.,(4,3,3,3,3,4),(-0.000614755,0.000594211,0.001803178,0.003012144,0.003616627,0.004221111),.UNSPECIFIED.);
#4246=EDGE_CURVE('',#4221,#3847,#4245,.T.);
#4247=ORIENTED_EDGE('',*,*,#4246,.T.);
#4248=ORIENTED_EDGE('',*,*,#3862,.T.);
#4249=ORIENTED_EDGE('',*,*,#3844,.T.);
#4250=ORIENTED_EDGE('',*,*,#3836,.T.);
#4251=ORIENTED_EDGE('',*,*,#651,.F.);
#4252=ORIENTED_EDGE('',*,*,#3479,.T.);
#4253=CARTESIAN_POINT('',(-118.317857029,-20.131721584,17.859765259));
#4254=VERTEX_POINT('',#4253);
#4255=CARTESIAN_POINT('',(-118.317857021,-20.131721585,17.859765259));
#4256=CARTESIAN_POINT('',(-118.257112251,-19.250721483,17.859765259));
#4257=B_SPLINE_CURVE_WITH_KNOTS('',1,(#4255,#4256),.UNSPECIFIED.,.F.,.F.,(2,2),(0.180641342,1.),.UNSPECIFIED.);
#4258=EDGE_CURVE('',#4254,#3466,#4257,.T.);
#4259=ORIENTED_EDGE('',*,*,#4258,.F.);
#4260=CARTESIAN_POINT('',(-118.317857029,-20.131721584,17.859765259));
#4261=CARTESIAN_POINT('',(-118.333492468,-20.358493088,17.859765259));
#4262=CARTESIAN_POINT('',(-118.329632804,-20.584932251,17.859765259));
#4263=CARTESIAN_POINT('',(-118.306276445,-20.811039046,17.859765259));
#4264=B_SPLINE_CURVE_WITH_KNOTS('',3,(#4260,#4261,#4262,#4263),.UNSPECIFIED.,.F.,.F.,(4,4),(0.,0.000679416),.UNSPECIFIED.);
#4265=EDGE_CURVE('',#4254,#3198,#4264,.T.);
#4266=ORIENTED_EDGE('',*,*,#4265,.T.);
#4267=ORIENTED_EDGE('',*,*,#3246,.F.);
#4268=ORIENTED_EDGE('',*,*,#3195,.F.);
#4269=EDGE_LOOP('',(#4164,#4165,#4166,#4173,#4174,#4175,#4176,#4177,#4178,#4179,#4180,#4181,#4211,#4219,#4228,#4247,#4248,#4249,#4250,#4251,#4252,#4259,#4266,#4267,#4268));
#4270=FACE_BOUND('',#4269,.T.);
#4271=ADVANCED_FACE('',(#4270),#4163,.F.);
#4272=CARTESIAN_POINT('',(-102.524869202,-61.525296319,25.559765259));
#4273=DIRECTION('',(0.,0.,1.));
#4274=DIRECTION('',(-1.,0.,0.));
#4275=AXIS2_PLACEMENT_3D('',#4272,#4273,#4274);
#4276=PLANE('',#4275);
#4277=CARTESIAN_POINT('',(-101.454784567,-48.392711531,25.559765259));
#4278=VERTEX_POINT('',#4277);
#4279=CARTESIAN_POINT('',(-101.368011541,-48.419631738,25.559765259));
#4280=VERTEX_POINT('',#4279);
#4281=CARTESIAN_POINT('',(-101.454784567,-48.392711531,25.559765259));
#4282=CARTESIAN_POINT('',(-101.425860493,-48.401685797,25.559765259));
#4283=CARTESIAN_POINT('',(-101.396936151,-48.4106592,25.559765259));
#4284=CARTESIAN_POINT('',(-101.368011541,-48.419631738,25.559765259));
#4285=B_SPLINE_CURVE_WITH_KNOTS('',3,(#4281,#4282,#4283,#4284),.UNSPECIFIED.,.F.,.F.,(4,4),(0.014510493,0.014601346),.UNSPECIFIED.);
#4286=EDGE_CURVE('',#4278,#4280,#4285,.T.);
#4287=ORIENTED_EDGE('',*,*,#4286,.F.);
#4288=CARTESIAN_POINT('',(-103.628060828,-47.07895628,25.559765259));
#4289=VERTEX_POINT('',#4288);
#4290=CARTESIAN_POINT('',(-103.628060828,-47.07895628,25.559765259));
#4291=CARTESIAN_POINT('',(-103.323041733,-47.379022379,25.559765259));
#4292=CARTESIAN_POINT('',(-102.985228625,-47.644125631,25.559765259));
#4293=CARTESIAN_POINT('',(-102.619509143,-47.866331288,25.559765259));
#4294=CARTESIAN_POINT('',(-102.436649402,-47.977434116,25.559765259));
#4295=CARTESIAN_POINT('',(-102.248049922,-48.07706761,25.559765259));
#4296=CARTESIAN_POINT('',(-102.0536309,-48.165072309,25.559765259));
#4297=CARTESIAN_POINT('',(-101.859211878,-48.253077007,25.559765259));
#4298=CARTESIAN_POINT('',(-101.658822767,-48.329403935,25.559765259));
#4299=CARTESIAN_POINT('',(-101.454784567,-48.392711531,25.559765259));
#4300=B_SPLINE_CURVE_WITH_KNOTS('',3,(#4290,#4291,#4292,#4293,#4294,#4295,#4296,#4297,#4298,#4299),.UNSPECIFIED.,.F.,.F.,(4,3,3,4),(0.01029197,0.011575593,0.012217404,0.012859215),.UNSPECIFIED.);
#4301=EDGE_CURVE('',#4289,#4278,#4300,.T.);
#4302=ORIENTED_EDGE('',*,*,#4301,.F.);
#4303=CARTESIAN_POINT('',(-103.878392832,-46.834215842,25.559766036));
#4304=VERTEX_POINT('',#4303);
#4305=CARTESIAN_POINT('',(-103.878299769,-46.834305926,25.559765259));
#4306=CARTESIAN_POINT('',(-103.794481955,-46.915440499,25.559765259));
#4307=CARTESIAN_POINT('',(-103.71122033,-46.997147436,25.559765259));
#4308=CARTESIAN_POINT('',(-103.628060828,-47.07895628,25.559765259));
#4309=B_SPLINE_CURVE_WITH_KNOTS('',3,(#4305,#4306,#4307,#4308),.UNSPECIFIED.,.F.,.F.,(4,4),(0.001481334,0.001831298),.UNSPECIFIED.);
#4310=EDGE_CURVE('',#4304,#4289,#4309,.T.);
#4311=ORIENTED_EDGE('',*,*,#4310,.F.);
#4312=CARTESIAN_POINT('',(-104.479936348,-48.167704306,25.559765259));
#4313=VERTEX_POINT('',#4312);
#4314=CARTESIAN_POINT('',(-104.479936348,-48.167704306,25.559765259));
#4315=CARTESIAN_POINT('',(-104.278378468,-47.723699708,25.559765259));
#4316=CARTESIAN_POINT('',(-104.078017352,-47.279149202,25.559765259));
#4317=CARTESIAN_POINT('',(-103.878299769,-46.834305926,25.559765259));
#4318=B_SPLINE_CURVE_WITH_KNOTS('',3,(#4314,#4315,#4316,#4317),.UNSPECIFIED.,.F.,.F.,(4,4),(0.0147424,0.016203966),.UNSPECIFIED.);
#4319=EDGE_CURVE('',#4313,#4304,#4318,.T.);
#4320=ORIENTED_EDGE('',*,*,#4319,.F.);
#4321=CARTESIAN_POINT('',(-104.479936348,-48.167704306,25.559765259));
#4322=CARTESIAN_POINT('',(-104.334480452,-48.301044194,25.559765259));
#4323=CARTESIAN_POINT('',(-104.182447748,-48.426471383,25.559765259));
#4324=CARTESIAN_POINT('',(-104.023647995,-48.54375699,25.559765259));
#4325=CARTESIAN_POINT('',(-103.864848242,-48.661042596,25.559765259));
#4326=CARTESIAN_POINT('',(-103.698403247,-48.770630075,25.559765259));
#4327=CARTESIAN_POINT('',(-103.527787427,-48.869790582,25.559765259));
#4328=CARTESIAN_POINT('',(-103.186555788,-49.068111597,25.559765259));
#4329=CARTESIAN_POINT('',(-102.827814362,-49.2266762,25.559765259));
#4330=CARTESIAN_POINT('',(-102.450696724,-49.343517148,25.559765259));
#4331=B_SPLINE_CURVE_WITH_KNOTS('',3,(#4321,#4322,#4323,#4324,#4325,#4326,#4327,#4328,#4329,#4330),.UNSPECIFIED.,.F.,.F.,(4,3,3,4),(0.013966001,0.014558189,0.015150377,0.016334752),.UNSPECIFIED.);
#4332=EDGE_CURVE('',#4313,#512,#4331,.T.);
#4333=ORIENTED_EDGE('',*,*,#4332,.T.);
#4334=ORIENTED_EDGE('',*,*,#524,.T.);
#4335=ORIENTED_EDGE('',*,*,#4147,.F.);
#4336=CARTESIAN_POINT('',(-92.520115621,-52.359987961,25.559765259));
#4337=CARTESIAN_POINT('',(-92.813082832,-52.277580296,25.559765259));
#4338=CARTESIAN_POINT('',(-93.105985601,-52.194943173,25.559765259));
#4339=CARTESIAN_POINT('',(-93.398735581,-52.111767021,25.559765259));
#4340=B_SPLINE_CURVE_WITH_KNOTS('',3,(#4336,#4337,#4338,#4339),.UNSPECIFIED.,.F.,.F.,(4,4),(0.003773062,0.004686072),.UNSPECIFIED.);
#4341=EDGE_CURVE('',#4033,#4133,#4340,.T.);
#4342=ORIENTED_EDGE('',*,*,#4341,.F.);
#4343=ORIENTED_EDGE('',*,*,#4039,.F.);
#4344=CARTESIAN_POINT('',(-91.626964534,-51.405133407,25.559765259));
#4345=VERTEX_POINT('',#4344);
#4346=CARTESIAN_POINT('',(-91.626964534,-51.405133407,25.559765259));
#4347=DIRECTION('',(-0.301686694,-0.953407121,-0.));
#4348=VECTOR('',#4347,1.091998337);
#4349=LINE('',#4346,#4348);
#4350=EDGE_CURVE('',#4345,#4012,#4349,.T.);
#4351=ORIENTED_EDGE('',*,*,#4350,.F.);
#4352=CARTESIAN_POINT('',(-93.210214138,-50.949629026,25.559765259));
#4353=VERTEX_POINT('',#4352);
#4354=CARTESIAN_POINT('',(-91.626964534,-51.405133407,25.559765259));
#4355=CARTESIAN_POINT('',(-92.154714402,-51.253298613,25.559765259));
#4356=CARTESIAN_POINT('',(-92.68246427,-51.10146382,25.559765259));
#4357=CARTESIAN_POINT('',(-93.210214138,-50.949629026,25.559765259));
#4358=B_SPLINE_CURVE_WITH_KNOTS('',3,(#4354,#4355,#4356,#4357),.UNSPECIFIED.,.F.,.F.,(4,4),(0.000145985,0.001793457),.UNSPECIFIED.);
#4359=EDGE_CURVE('',#4345,#4353,#4358,.T.);
#4360=ORIENTED_EDGE('',*,*,#4359,.T.);
#4361=CARTESIAN_POINT('',(-93.311975409,-50.919207402,25.559765259));
#4362=VERTEX_POINT('',#4361);
#4363=CARTESIAN_POINT('',(-93.210214138,-50.949629026,25.559765259));
#4364=CARTESIAN_POINT('',(-93.244239595,-50.939839826,25.559765259));
#4365=CARTESIAN_POINT('',(-93.278160054,-50.929699402,25.559765259));
#4366=CARTESIAN_POINT('',(-93.311975409,-50.919207402,25.559765259));
#4367=B_SPLINE_CURVE_WITH_KNOTS('',3,(#4363,#4364,#4365,#4366),.UNSPECIFIED.,.F.,.F.,(4,4),(0.,0.000106211),.UNSPECIFIED.);
#4368=EDGE_CURVE('',#4353,#4362,#4367,.T.);
#4369=ORIENTED_EDGE('',*,*,#4368,.T.);
#4370=CARTESIAN_POINT('',(-101.368012477,-48.41963459,25.559765259));
#4371=CARTESIAN_POINT('',(-98.682666787,-49.252825527,25.559765259));
#4372=CARTESIAN_POINT('',(-95.997321098,-50.086016464,25.559765259));
#4373=CARTESIAN_POINT('',(-93.311975409,-50.919207402,25.559765259));
#4374=B_SPLINE_CURVE_WITH_KNOTS('',3,(#4370,#4371,#4372,#4373),.UNSPECIFIED.,.F.,.F.,(4,4),(0.002655295,0.011135119),.UNSPECIFIED.);
#4375=EDGE_CURVE('',#4280,#4362,#4374,.T.);
#4376=ORIENTED_EDGE('',*,*,#4375,.F.);
#4377=EDGE_LOOP('',(#4287,#4302,#4311,#4320,#4333,#4334,#4335,#4342,#4343,#4351,#4360,#4369,#4376));
#4378=FACE_BOUND('',#4377,.T.);
#4379=ADVANCED_FACE('',(#4378),#4276,.T.);
#4380=CARTESIAN_POINT('',(-101.454784567,-48.392711531,25.559765259));
#4381=CARTESIAN_POINT('',(-101.425860494,-48.401685797,25.559765259));
#4382=CARTESIAN_POINT('',(-101.396936152,-48.4106592,25.559765259));
#4383=CARTESIAN_POINT('',(-101.368011541,-48.419631738,25.559765259));
#4384=CARTESIAN_POINT('',(-101.454784567,-48.392711531,24.859765259));
#4385=CARTESIAN_POINT('',(-101.425860494,-48.401685797,24.859765259));
#4386=CARTESIAN_POINT('',(-101.396936152,-48.4106592,24.859765259));
#4387=CARTESIAN_POINT('',(-101.368011541,-48.419631738,24.859765259));
#4388=B_SPLINE_SURFACE_WITH_KNOTS('',1,3,((#4380,#4381,#4382,#4383),(#4384,#4385,#4386,#4387)),.UNSPECIFIED.,.F.,.F.,.U.,(2,2),(4,4),(0.125,1.),(0.,0.010348862),.UNSPECIFIED.);
#4389=CARTESIAN_POINT('',(-101.454784567,-48.392711531,24.859765259));
#4390=VERTEX_POINT('',#4389);
#4391=CARTESIAN_POINT('',(-101.368012431,-48.419634604,24.859765259));
#4392=VERTEX_POINT('',#4391);
#4393=CARTESIAN_POINT('',(-101.454784567,-48.392711531,24.859765259));
#4394=CARTESIAN_POINT('',(-101.425860494,-48.401685797,24.859765259));
#4395=CARTESIAN_POINT('',(-101.396936152,-48.4106592,24.859765259));
#4396=CARTESIAN_POINT('',(-101.368011542,-48.419631737,24.859765259));
#4397=B_SPLINE_CURVE_WITH_KNOTS('',3,(#4393,#4394,#4395,#4396),.UNSPECIFIED.,.F.,.F.,(4,4),(0.,0.010348862),.UNSPECIFIED.);
#4398=EDGE_CURVE('',#4390,#4392,#4397,.T.);
#4399=ORIENTED_EDGE('',*,*,#4398,.F.);
#4400=CARTESIAN_POINT('',(-101.454784567,-48.392711531,25.559765259));
#4401=DIRECTION('',(-0.,-0.,-1.));
#4402=VECTOR('',#4401,0.7);
#4403=LINE('',#4400,#4402);
#4404=EDGE_CURVE('',#4278,#4390,#4403,.T.);
#4405=ORIENTED_EDGE('',*,*,#4404,.F.);
#4406=ORIENTED_EDGE('',*,*,#4286,.T.);
#4407=CARTESIAN_POINT('',(-101.368012431,-48.419634604,24.859765259));
#4408=DIRECTION('',(-0.,-0.,1.));
#4409=VECTOR('',#4408,0.7);
#4410=LINE('',#4407,#4409);
#4411=EDGE_CURVE('',#4392,#4280,#4410,.T.);
#4412=ORIENTED_EDGE('',*,*,#4411,.F.);
#4413=EDGE_LOOP('',(#4399,#4405,#4406,#4412));
#4414=FACE_BOUND('',#4413,.T.);
#4415=ADVANCED_FACE('',(#4414),#4388,.F.);
#4416=CARTESIAN_POINT('',(-112.8594555,-38.309588551,31.759794979));
#4417=CARTESIAN_POINT('',(-112.635743491,-38.696473387,31.759794979));
#4418=CARTESIAN_POINT('',(-112.400413225,-39.076705651,31.759794979));
#4419=CARTESIAN_POINT('',(-112.028846842,-39.634735316,31.759794979));
#4420=CARTESIAN_POINT('',(-111.901886862,-39.818674276,31.759794979));
#4421=CARTESIAN_POINT('',(-111.706950053,-40.091364292,31.759794979));
#4422=CARTESIAN_POINT('',(-111.641221609,-40.181724617,31.759794979));
#4423=CARTESIAN_POINT('',(-111.541524597,-40.31644671,31.759794979));
#4424=CARTESIAN_POINT('',(-111.508108202,-40.361217675,31.759794979));
#4425=CARTESIAN_POINT('',(-111.457710013,-40.42816779,31.759794979));
#4426=CARTESIAN_POINT('',(-111.440865017,-40.450450106,31.759794979));
#4427=CARTESIAN_POINT('',(-111.415529434,-40.48382178,31.759794979));
#4428=CARTESIAN_POINT('',(-111.407072892,-40.494937038,31.759794979));
#4429=CARTESIAN_POINT('',(-111.394371096,-40.511596947,31.759794979));
#4430=CARTESIAN_POINT('',(-111.390134333,-40.517148088,31.759794979));
#4431=CARTESIAN_POINT('',(-111.381655153,-40.528246038,31.759794979));
#4432=CARTESIAN_POINT('',(-111.37742388,-40.53377827,31.759794885));
#4433=CARTESIAN_POINT('',(-111.368086577,-40.545973626,31.759795092));
#4434=CARTESIAN_POINT('',(-111.362984962,-40.552629827,31.759800658));
#4435=CARTESIAN_POINT('',(-111.352821781,-40.565874132,31.759814797));
#4436=CARTESIAN_POINT('',(-111.347746482,-40.572480147,31.759823269));
#4437=CARTESIAN_POINT('',(-111.332538097,-40.592248678,31.759840174));
#4438=CARTESIAN_POINT('',(-111.322422503,-40.605361661,31.759840077));
#4439=CARTESIAN_POINT('',(-111.312326942,-40.618405883,31.759795425));
#4440=CARTESIAN_POINT('',(-112.918456864,-38.343705457,31.063571105));
#4441=CARTESIAN_POINT('',(-112.694062214,-38.731770843,31.063571105));
#4442=CARTESIAN_POINT('',(-112.457982064,-39.113219279,31.063571105));
#4443=CARTESIAN_POINT('',(-112.08515709,-39.673139134,31.063571105));
#4444=CARTESIAN_POINT('',(-111.957767684,-39.857700163,31.063571105));
#4445=CARTESIAN_POINT('',(-111.762177,-40.13130486,31.063571105));
#4446=CARTESIAN_POINT('',(-111.696228723,-40.221967388,31.063571105));
#4447=CARTESIAN_POINT('',(-111.59619921,-40.357138794,31.063571105));
#4448=CARTESIAN_POINT('',(-111.562671523,-40.402058865,31.063571105));
#4449=CARTESIAN_POINT('',(-111.512105715,-40.469231648,31.063571105));
#4450=CARTESIAN_POINT('',(-111.495204733,-40.491588021,31.063571105));
#4451=CARTESIAN_POINT('',(-111.469785002,-40.525070534,31.063571105));
#4452=CARTESIAN_POINT('',(-111.461300382,-40.536222698,31.063571105));
#4453=CARTESIAN_POINT('',(-111.448556427,-40.552937904,31.063571105));
#4454=CARTESIAN_POINT('',(-111.444305604,-40.558507466,31.063571105));
#4455=CARTESIAN_POINT('',(-111.43579829,-40.56964224,31.063571105));
#4456=CARTESIAN_POINT('',(-111.431630631,-40.575091411,31.063571007));
#4457=CARTESIAN_POINT('',(-111.422092013,-40.58754969,31.063571221));
#4458=CARTESIAN_POINT('',(-111.416760211,-40.594506148,31.063576976));
#4459=CARTESIAN_POINT('',(-111.40646886,-40.607916658,31.063591244));
#4460=CARTESIAN_POINT('',(-111.401400018,-40.614513434,31.063599652));
#4461=CARTESIAN_POINT('',(-111.38642343,-40.633977871,31.06361613));
#4462=CARTESIAN_POINT('',(-111.37674541,-40.646519487,31.063615066));
#4463=CARTESIAN_POINT('',(-111.367374877,-40.658626919,31.06357362));
#4464=B_SPLINE_SURFACE_WITH_KNOTS('',1,3,((#4416,#4417,#4418,#4419,#4420,#4421,#4422,#4423,#4424,#4425,#4426,#4427,#4428,#4429,#4430,#4431,#4432,#4433,#4434,#4435,#4436,#4437,#4438,#4439),(#4440,#4441,#4442,#4443,#4444,#4445,#4446,#4447,#4448,#4449,#4450,#4451,#4452,#4453,#4454,#4455,#4456,#4457,#4458,#4459,#4460,#4461,#4462,#4463)),.UNSPECIFIED.,.F.,.F.,.U.,(2,2),(4,2,2,2,2,2,2,2,2,2,2,4),(0.125560172,1.),(0.,0.26218929,0.393283935,0.458831258,0.491604919,0.50799175,0.516185165,0.520281873,0.524378581,0.529268888,0.534159196,0.543939812),.UNSPECIFIED.);
#4465=CARTESIAN_POINT('',(-111.312329573,-40.618407309,31.759765259));
#4466=VERTEX_POINT('',#4465);
#4467=CARTESIAN_POINT('',(-111.312329573,-40.618407309,31.759765259));
#4468=CARTESIAN_POINT('',(-111.880445592,-39.884760508,31.759765259));
#4469=CARTESIAN_POINT('',(-112.395020125,-39.112783268,31.759765259));
#4470=CARTESIAN_POINT('',(-112.859458019,-38.309590008,31.759765259));
#4471=B_SPLINE_CURVE_WITH_KNOTS('',3,(#4467,#4468,#4469,#4470),.UNSPECIFIED.,.F.,.F.,(4,4),(0.000351768,0.003135428),.UNSPECIFIED.);
#4472=EDGE_CURVE('',#4466,#1761,#4471,.T.);
#4473=ORIENTED_EDGE('',*,*,#4472,.F.);
#4474=CARTESIAN_POINT('',(-111.367374877,-40.658626919,31.06357362));
#4475=VERTEX_POINT('',#4474);
#4476=CARTESIAN_POINT('',(-111.312329328,-40.618407626,31.759765258));
#4477=DIRECTION('',(-0.078690284,-0.057495431,-0.995239727));
#4478=VECTOR('',#4477,0.699521551);
#4479=LINE('',#4476,#4478);
#4480=EDGE_CURVE('',#4466,#4475,#4479,.T.);
#4481=ORIENTED_EDGE('',*,*,#4480,.T.);
#4482=CARTESIAN_POINT('',(-112.918456864,-38.343705457,31.063571105));
#4483=CARTESIAN_POINT('',(-112.685691476,-38.746247096,31.063571105));
#4484=CARTESIAN_POINT('',(-112.440349296,-39.141678397,31.063571105));
#4485=CARTESIAN_POINT('',(-112.181564661,-39.528238534,31.063571105));
#4486=CARTESIAN_POINT('',(-112.052172344,-39.721518603,31.063571105));
#4487=CARTESIAN_POINT('',(-111.919438016,-39.912555013,31.063571105));
#4488=CARTESIAN_POINT('',(-111.78348365,-40.101260891,31.063571105));
#4489=CARTESIAN_POINT('',(-111.715506467,-40.19561383,31.063571105));
#4490=CARTESIAN_POINT('',(-111.646724005,-40.289384544,31.063571105));
#4491=CARTESIAN_POINT('',(-111.577151127,-40.382562745,31.063571105));
#4492=CARTESIAN_POINT('',(-111.542364689,-40.429151845,31.063571105));
#4493=CARTESIAN_POINT('',(-111.507380646,-40.475592817,31.063571105));
#4494=CARTESIAN_POINT('',(-111.472200857,-40.521884376,31.063571105));
#4495=CARTESIAN_POINT('',(-111.437021068,-40.568175934,31.063571105));
#4496=CARTESIAN_POINT('',(-111.399945719,-40.616542947,31.06371768));
#4497=CARTESIAN_POINT('',(-111.367374877,-40.658626919,31.06357362));
#4498=B_SPLINE_CURVE_WITH_KNOTS('',3,(#4482,#4483,#4484,#4485,#4486,#4487,#4488,#4489,#4490,#4491,#4492,#4493,#4494,#4495,#4496,#4497),.UNSPECIFIED.,.F.,.F.,(4,3,3,3,3,4),(0.,0.5,0.75,0.875,0.9375,1.),.UNSPECIFIED.);
#4499=EDGE_CURVE('',#1803,#4475,#4498,.T.);
#4500=ORIENTED_EDGE('',*,*,#4499,.F.);
#4501=ORIENTED_EDGE('',*,*,#1808,.F.);
#4502=EDGE_LOOP('',(#4473,#4481,#4500,#4501));
#4503=FACE_BOUND('',#4502,.T.);
#4504=ADVANCED_FACE('',(#4503),#4464,.F.);
#4505=CARTESIAN_POINT('',(-118.277017408,-18.551325314,27.860271656));
#4506=CARTESIAN_POINT('',(-118.277161629,-18.551327189,27.892373565));
#4507=CARTESIAN_POINT('',(-118.277299611,-18.551726271,27.924434235));
#4508=CARTESIAN_POINT('',(-118.277563164,-18.5533045,27.98847417));
#4509=CARTESIAN_POINT('',(-118.2776887,-18.554485985,28.020453434));
#4510=CARTESIAN_POINT('',(-118.278046364,-18.559207246,28.116270749));
#4511=CARTESIAN_POINT('',(-118.278259553,-18.563923769,28.179988325));
#4512=CARTESIAN_POINT('',(-118.278634231,-18.576494479,28.307111078));
#4513=CARTESIAN_POINT('',(-118.278795722,-18.584348667,28.370516269));
#4514=CARTESIAN_POINT('',(-118.279065787,-18.603196063,28.497022988));
#4515=CARTESIAN_POINT('',(-118.27917439,-18.614191586,28.56013677));
#4516=CARTESIAN_POINT('',(-118.279337324,-18.639315404,28.686019868));
#4517=CARTESIAN_POINT('',(-118.279389653,-18.653497269,28.748932763));
#4518=CARTESIAN_POINT('',(-118.279426704,-18.684808397,28.873407042));
#4519=CARTESIAN_POINT('',(-118.279411659,-18.701947677,28.935052851));
#4520=CARTESIAN_POINT('',(-118.279251306,-18.757738703,29.118225331));
#4521=CARTESIAN_POINT('',(-118.278992249,-18.800746767,29.23797331));
#4522=CARTESIAN_POINT('',(-118.278058843,-18.898272565,29.472840256));
#4523=CARTESIAN_POINT('',(-118.277384889,-18.952775016,29.58792211));
#4524=CARTESIAN_POINT('',(-118.275943287,-19.043296554,29.756993639));
#4525=CARTESIAN_POINT('',(-118.275390597,-19.074932834,29.812754385));
#4526=CARTESIAN_POINT('',(-118.274115783,-19.141175237,29.923041844));
#4527=CARTESIAN_POINT('',(-118.273391916,-19.175845255,29.977649655));
#4528=CARTESIAN_POINT('',(-118.27176532,-19.247413627,30.084438141));
#4529=CARTESIAN_POINT('',(-118.270862315,-19.284393909,30.136789401));
#4530=CARTESIAN_POINT('',(-118.268854247,-19.360690705,30.239358946));
#4531=CARTESIAN_POINT('',(-118.267749033,-19.400014743,30.289588476));
#4532=CARTESIAN_POINT('',(-118.264094226,-19.52149977,30.437140625));
#4533=CARTESIAN_POINT('',(-118.261205263,-19.607181197,30.531335671));
#4534=CARTESIAN_POINT('',(-118.254332878,-19.787818222,30.711471828));
#4535=CARTESIAN_POINT('',(-118.250348026,-19.882766817,30.797344542));
#4536=CARTESIAN_POINT('',(-118.243356276,-20.032379578,30.919695267));
#4537=CARTESIAN_POINT('',(-118.240858357,-20.083390006,30.959336533));
#4538=CARTESIAN_POINT('',(-118.235556254,-20.186652753,31.035574257));
#4539=CARTESIAN_POINT('',(-118.232745658,-20.239045858,31.072288045));
#4540=CARTESIAN_POINT('',(-118.217846059,-20.50480081,31.248978402));
#4541=CARTESIAN_POINT('',(-118.20322809,-20.729180184,31.368352695));
#4542=CARTESIAN_POINT('',(-118.180849166,-21.024490681,31.490073152));
#4543=CARTESIAN_POINT('',(-118.176168707,-21.08428348,31.513022611));
#4544=CARTESIAN_POINT('',(-118.166374638,-21.205384767,31.556092408));
#4545=CARTESIAN_POINT('',(-118.161283453,-21.266408344,31.576105075));
#4546=CARTESIAN_POINT('',(-118.145503221,-21.449874427,31.631334081));
#4547=CARTESIAN_POINT('',(-118.134278001,-21.573108021,31.661897778));
#4548=CARTESIAN_POINT('',(-118.11036348,-21.821444547,31.710875908));
#4549=CARTESIAN_POINT('',(-118.097679908,-21.946482948,31.729319746));
#4550=CARTESIAN_POINT('',(-118.07749313,-22.135358615,31.747796637));
#4551=CARTESIAN_POINT('',(-118.070570348,-22.198539653,31.75242447));
#4552=CARTESIAN_POINT('',(-118.05988556,-22.293653043,31.757053797));
#4553=CARTESIAN_POINT('',(-118.056273862,-22.32541448,31.75821149));
#4554=CARTESIAN_POINT('',(-118.048948602,-22.389052638,31.759753264));
#4555=CARTESIAN_POINT('',(-118.045234964,-22.420929349,31.760135041));
#4556=CARTESIAN_POINT('',(-118.041469722,-22.452864384,31.760133184));
#4557=CARTESIAN_POINT('',(-118.303121751,-19.250721241,27.863774247));
#4558=CARTESIAN_POINT('',(-118.303240168,-19.250736251,27.890178342));
#4559=CARTESIAN_POINT('',(-118.303352847,-19.251111583,27.916527481));
#4560=CARTESIAN_POINT('',(-118.303568379,-19.252468655,27.969126959));
#4561=CARTESIAN_POINT('',(-118.303670951,-19.253469107,27.995377285));
#4562=CARTESIAN_POINT('',(-118.30396299,-19.257434519,28.073996919));
#4563=CARTESIAN_POINT('',(-118.304136794,-19.261363101,28.126234873));
#4564=CARTESIAN_POINT('',(-118.304441993,-19.271791531,28.23045173));
#4565=CARTESIAN_POINT('',(-118.304573394,-19.278291389,28.282430743));
#4566=CARTESIAN_POINT('',(-118.30479294,-19.293877486,28.38621985));
#4567=CARTESIAN_POINT('',(-118.304881273,-19.302983157,28.438130212));
#4568=CARTESIAN_POINT('',(-118.305012866,-19.323731517,28.541466902));
#4569=CARTESIAN_POINT('',(-118.305054578,-19.335436044,28.59310537));
#4570=CARTESIAN_POINT('',(-118.305082381,-19.361239379,28.695181631));
#4571=CARTESIAN_POINT('',(-118.305068688,-19.375369096,28.745780399));
#4572=CARTESIAN_POINT('',(-118.304932566,-19.421353304,28.896130636));
#4573=CARTESIAN_POINT('',(-118.304716747,-19.456740006,28.994302051));
#4574=CARTESIAN_POINT('',(-118.303942055,-19.537063415,29.18711159));
#4575=CARTESIAN_POINT('',(-118.303384624,-19.581878694,29.281453166));
#4576=CARTESIAN_POINT('',(-118.302192484,-19.656381303,29.420219233));
#4577=CARTESIAN_POINT('',(-118.301735551,-19.68242085,29.465989191));
#4578=CARTESIAN_POINT('',(-118.30068331,-19.73687261,29.556407667));
#4579=CARTESIAN_POINT('',(-118.300085351,-19.765406225,29.601238135));
#4580=CARTESIAN_POINT('',(-118.29874227,-19.824285983,29.688874106));
#4581=CARTESIAN_POINT('',(-118.297995348,-19.854774579,29.731932603));
#4582=CARTESIAN_POINT('',(-118.296338764,-19.917510272,29.816067194));
#4583=CARTESIAN_POINT('',(-118.295427878,-19.94981879,29.857235946));
#4584=CARTESIAN_POINT('',(-118.29241619,-20.049628312,29.978174094));
#4585=CARTESIAN_POINT('',(-118.290034666,-20.120073736,30.055446001));
#4586=CARTESIAN_POINT('',(-118.284360655,-20.268833561,30.203452744));
#4587=CARTESIAN_POINT('',(-118.28107767,-20.346859703,30.273845216));
#4588=CARTESIAN_POINT('',(-118.275315439,-20.469882929,30.374213648));
#4589=CARTESIAN_POINT('',(-118.273254254,-20.511884027,30.406775957));
#4590=CARTESIAN_POINT('',(-118.268885532,-20.596787176,30.469306872));
#4591=CARTESIAN_POINT('',(-118.266569926,-20.639869057,30.499424327));
#4592=CARTESIAN_POINT('',(-118.254272583,-20.858770318,30.644601013));
#4593=CARTESIAN_POINT('',(-118.242247124,-21.043045845,30.742376697));
#4594=CARTESIAN_POINT('',(-118.223768654,-21.286506029,30.842399465));
#4595=CARTESIAN_POINT('',(-118.219910836,-21.335713322,30.861219084));
#4596=CARTESIAN_POINT('',(-118.211832849,-21.435447999,30.896560283));
#4597=CARTESIAN_POINT('',(-118.207631064,-21.485739893,30.912990025));
#4598=CARTESIAN_POINT('',(-118.194610339,-21.636911675,30.958307698));
#4599=CARTESIAN_POINT('',(-118.185357638,-21.738366335,30.983354335));
#4600=CARTESIAN_POINT('',(-118.165587868,-21.94340281,31.023549824));
#4601=CARTESIAN_POINT('',(-118.155114555,-22.04652319,31.038638035));
#4602=CARTESIAN_POINT('',(-118.138452775,-22.202231952,31.053689182));
#4603=CARTESIAN_POINT('',(-118.132737924,-22.254328641,31.057445578));
#4604=CARTESIAN_POINT('',(-118.123908928,-22.332831856,31.061176276));
#4605=CARTESIAN_POINT('',(-118.12092315,-22.359059297,31.062102424));
#4606=CARTESIAN_POINT('',(-118.114863308,-22.411644748,31.063316487));
#4607=CARTESIAN_POINT('',(-118.111788628,-22.438002673,31.063585968));
#4608=CARTESIAN_POINT('',(-118.108669713,-22.464431557,31.063571105));
#4609=B_SPLINE_SURFACE_WITH_KNOTS('',1,3,((#4505,#4506,#4507,#4508,#4509,#4510,#4511,#4512,#4513,#4514,#4515,#4516,#4517,#4518,#4519,#4520,#4521,#4522,#4523,#4524,#4525,#4526,#4527,#4528,#4529,#4530,
#4531,#4532,#4533,#4534,#4535,#4536,#4537,#4538,#4539,#4540,#4541,#4542,#4543,#4544,#4545,#4546,#4547,#4548,#4549,#4550,#4551,#4552,#4553,#4554,#4555,
#4556),(#4557,#4558,#4559,#4560,#4561,#4562,#4563,#4564,#4565,#4566,#4567,#4568,#4569,#4570,#4571,#4572,#4573,#4574,#4575,#4576,#4577,#4578,#4579,#4580,#4581,#4582,
#4583,#4584,#4585,#4586,#4587,#4588,#4589,#4590,#4591,#4592,#4593,#4594,#4595,#4596,#4597,#4598,#4599,#4600,#4601,#4602,#4603,#4604,#4605,#4606,#4607,
#4608)),.UNSPECIFIED.,.F.,.F.,.U.,(2,2),(4,2,2,2,2,2,2,2,2,2,2,2,2,2,2,2,2,2,2,2,2,2,2,2,2,4),(0.125135396,1.),(0.302493956,0.305464998,0.30843604,0.314378123,0.320320206,0.32626229,0.332204373,0.338146457,0.350030623,0.36191479,0.367856873,0.373798957,0.37974104,0.385683124,0.39756729,0.409451457,0.41539354,0.421335624,0.445103957,0.451046041,0.456988124,0.468872291,0.480756458,0.486698541,0.489669583,0.492640624),.UNSPECIFIED.);
#4610=CARTESIAN_POINT('',(-118.041682132,-22.451369543,31.759765259));
#4611=VERTEX_POINT('',#4610);
#4612=CARTESIAN_POINT('',(-118.041682132,-22.451369543,31.759765259));
#4613=CARTESIAN_POINT('',(-118.041623181,-22.451869862,31.759765259));
#4614=CARTESIAN_POINT('',(-118.041564209,-22.45237018,31.759765259));
#4615=CARTESIAN_POINT('',(-118.041505218,-22.452870494,31.759765259));
#4616=B_SPLINE_CURVE_WITH_KNOTS('',3,(#4612,#4613,#4614,#4615),.UNSPECIFIED.,.F.,.F.,(4,4),(0.,0.000001511),.UNSPECIFIED.);
#4617=EDGE_CURVE('',#4611,#1753,#4616,.T.);
#4618=ORIENTED_EDGE('',*,*,#4617,.T.);
#4619=ORIENTED_EDGE('',*,*,#1758,.T.);
#4620=CARTESIAN_POINT('',(-118.303121751,-19.250721241,27.863774247));
#4621=CARTESIAN_POINT('',(-118.303240168,-19.250736251,27.890178342));
#4622=CARTESIAN_POINT('',(-118.303352847,-19.251111583,27.916527481));
#4623=CARTESIAN_POINT('',(-118.303568379,-19.252468655,27.969126959));
#4624=CARTESIAN_POINT('',(-118.303670951,-19.253469107,27.995377285));
#4625=CARTESIAN_POINT('',(-118.30396299,-19.257434519,28.073996919));
#4626=CARTESIAN_POINT('',(-118.304136794,-19.261363101,28.126234873));
#4627=CARTESIAN_POINT('',(-118.304441993,-19.271791531,28.23045173));
#4628=CARTESIAN_POINT('',(-118.304573394,-19.278291389,28.282430743));
#4629=CARTESIAN_POINT('',(-118.30479294,-19.293877486,28.38621985));
#4630=CARTESIAN_POINT('',(-118.304881273,-19.302983157,28.438130212));
#4631=CARTESIAN_POINT('',(-118.305012866,-19.323731517,28.541466902));
#4632=CARTESIAN_POINT('',(-118.305054578,-19.335436044,28.59310537));
#4633=CARTESIAN_POINT('',(-118.305082381,-19.361239379,28.695181631));
#4634=CARTESIAN_POINT('',(-118.305068688,-19.375369096,28.745780399));
#4635=CARTESIAN_POINT('',(-118.304932566,-19.421353304,28.896130636));
#4636=CARTESIAN_POINT('',(-118.304716747,-19.456740006,28.994302051));
#4637=CARTESIAN_POINT('',(-118.303942055,-19.537063415,29.18711159));
#4638=CARTESIAN_POINT('',(-118.303384624,-19.581878694,29.281453166));
#4639=CARTESIAN_POINT('',(-118.302192484,-19.656381303,29.420219233));
#4640=CARTESIAN_POINT('',(-118.301735551,-19.68242085,29.465989191));
#4641=CARTESIAN_POINT('',(-118.30068331,-19.73687261,29.556407667));
#4642=CARTESIAN_POINT('',(-118.300085351,-19.765406225,29.601238135));
#4643=CARTESIAN_POINT('',(-118.29874227,-19.824285983,29.688874106));
#4644=CARTESIAN_POINT('',(-118.297995348,-19.854774579,29.731932603));
#4645=CARTESIAN_POINT('',(-118.296338764,-19.917510272,29.816067194));
#4646=CARTESIAN_POINT('',(-118.295427878,-19.94981879,29.857235946));
#4647=CARTESIAN_POINT('',(-118.29241619,-20.049628312,29.978174094));
#4648=CARTESIAN_POINT('',(-118.290034666,-20.120073736,30.055446001));
#4649=CARTESIAN_POINT('',(-118.284360655,-20.268833561,30.203452744));
#4650=CARTESIAN_POINT('',(-118.28107767,-20.346859703,30.273845216));
#4651=CARTESIAN_POINT('',(-118.275315439,-20.469882929,30.374213648));
#4652=CARTESIAN_POINT('',(-118.273254254,-20.511884027,30.406775957));
#4653=CARTESIAN_POINT('',(-118.268885532,-20.596787176,30.469306872));
#4654=CARTESIAN_POINT('',(-118.266569926,-20.639869057,30.499424327));
#4655=CARTESIAN_POINT('',(-118.254272583,-20.858770318,30.644601013));
#4656=CARTESIAN_POINT('',(-118.242247124,-21.043045845,30.742376697));
#4657=CARTESIAN_POINT('',(-118.223768654,-21.286506029,30.842399465));
#4658=CARTESIAN_POINT('',(-118.219910836,-21.335713322,30.861219084));
#4659=CARTESIAN_POINT('',(-118.211832849,-21.435447999,30.896560283));
#4660=CARTESIAN_POINT('',(-118.207631064,-21.485739893,30.912990025));
#4661=CARTESIAN_POINT('',(-118.194610339,-21.636911675,30.958307698));
#4662=CARTESIAN_POINT('',(-118.185357638,-21.738366335,30.983354335));
#4663=CARTESIAN_POINT('',(-118.165587868,-21.94340281,31.023549824));
#4664=CARTESIAN_POINT('',(-118.155114555,-22.04652319,31.038638035));
#4665=CARTESIAN_POINT('',(-118.138452775,-22.202231952,31.053689182));
#4666=CARTESIAN_POINT('',(-118.132737924,-22.254328641,31.057445578));
#4667=CARTESIAN_POINT('',(-118.123908928,-22.332831856,31.061176276));
#4668=CARTESIAN_POINT('',(-118.12092315,-22.359059297,31.062102424));
#4669=CARTESIAN_POINT('',(-118.114863308,-22.411644748,31.063316487));
#4670=CARTESIAN_POINT('',(-118.111788628,-22.438002673,31.063585968));
#4671=CARTESIAN_POINT('',(-118.108669713,-22.464431557,31.063571105));
#4672=B_SPLINE_CURVE_WITH_KNOTS('',3,(#4620,#4621,#4622,#4623,#4624,#4625,#4626,#4627,#4628,#4629,#4630,#4631,#4632,#4633,#4634,#4635,#4636,#4637,#4638,#4639,#4640,#4641,#4642,#4643,#4644,#4645,
#4646,#4647,#4648,#4649,#4650,#4651,#4652,#4653,#4654,#4655,#4656,#4657,#4658,#4659,#4660,#4661,#4662,#4663,#4664,#4665,#4666,#4667,#4668,#4669,#4670,
#4671),.UNSPECIFIED.,.F.,.F.,(4,2,2,2,2,2,2,2,2,2,2,2,2,2,2,2,2,2,2,2,2,2,2,2,2,4),(0.302493956,0.305464998,0.30843604,0.314378123,0.320320206,0.32626229,0.332204373,0.338146457,0.350030623,0.36191479,0.367856873,0.373798957,0.37974104,0.385683124,0.39756729,0.409451457,0.41539354,0.421335624,0.445103957,0.451046041,0.456988124,0.468872291,0.480756458,0.486698541,0.489669583,0.492640624),.UNSPECIFIED.);
#4673=EDGE_CURVE('',#3437,#1728,#4672,.T.);
#4674=ORIENTED_EDGE('',*,*,#4673,.F.);
#4675=ORIENTED_EDGE('',*,*,#3442,.F.);
#4676=CARTESIAN_POINT('',(-118.27701906,-18.551369576,27.860271878));
#4677=CARTESIAN_POINT('',(-118.278178198,-18.551403072,28.118129121));
#4678=CARTESIAN_POINT('',(-118.278929841,-18.576757501,28.371672025));
#4679=CARTESIAN_POINT('',(-118.279254845,-18.626398358,28.621076913));
#4680=CARTESIAN_POINT('',(-118.279417347,-18.651218787,28.745779357));
#4681=CARTESIAN_POINT('',(-118.279467141,-18.682156035,28.869439602));
#4682=CARTESIAN_POINT('',(-118.279363281,-18.719350266,28.99203383));
#4683=CARTESIAN_POINT('',(-118.279259421,-18.756544498,29.114628058));
#4684=CARTESIAN_POINT('',(-118.278998754,-18.800203,29.236480213));
#4685=CARTESIAN_POINT('',(-118.278530196,-18.84923079,29.35462191));
#4686=CARTESIAN_POINT('',(-118.27759308,-18.947286372,29.590905304));
#4687=CARTESIAN_POINT('',(-118.275849094,-19.06728375,29.815019211));
#4688=CARTESIAN_POINT('',(-118.272640404,-19.209024277,30.027067079));
#4689=CARTESIAN_POINT('',(-118.269431713,-19.350764804,30.239114947));
#4690=CARTESIAN_POINT('',(-118.264678557,-19.515741892,30.439856098));
#4691=CARTESIAN_POINT('',(-118.257835531,-19.69585556,30.619682411));
#4692=CARTESIAN_POINT('',(-118.250992506,-19.875969227,30.799508724));
#4693=CARTESIAN_POINT('',(-118.242047867,-20.072472885,30.960828736));
#4694=CARTESIAN_POINT('',(-118.230135034,-20.285713526,31.103210035));
#4695=CARTESIAN_POINT('',(-118.224178617,-20.392333847,31.174400685));
#4696=CARTESIAN_POINT('',(-118.217474884,-20.503085769,31.240660338));
#4697=CARTESIAN_POINT('',(-118.210087628,-20.615594476,31.30068518));
#4698=CARTESIAN_POINT('',(-118.202700371,-20.728103183,31.360710022));
#4699=CARTESIAN_POINT('',(-118.194598108,-20.842959514,31.41491567));
#4700=CARTESIAN_POINT('',(-118.18573824,-20.960120266,31.463398924));
#4701=CARTESIAN_POINT('',(-118.176878373,-21.077281017,31.511882178));
#4702=CARTESIAN_POINT('',(-118.167256985,-21.196745993,31.554642788));
#4703=CARTESIAN_POINT('',(-118.156813892,-21.31853826,31.591613767));
#4704=CARTESIAN_POINT('',(-118.146370799,-21.440330527,31.628584745));
#4705=CARTESIAN_POINT('',(-118.135051002,-21.565026206,31.659868216));
#4706=CARTESIAN_POINT('',(-118.122985779,-21.690578587,31.684840045));
#4707=CARTESIAN_POINT('',(-118.098855335,-21.941683349,31.734783704));
#4708=CARTESIAN_POINT('',(-118.071855439,-22.195290284,31.759765259));
#4709=CARTESIAN_POINT('',(-118.041682132,-22.451369543,31.759765259));
#4710=B_SPLINE_CURVE_WITH_KNOTS('',3,(#4676,#4677,#4678,#4679,#4680,#4681,#4682,#4683,#4684,#4685,#4686,#4687,#4688,#4689,#4690,#4691,#4692,#4693,#4694,#4695,#4696,#4697,#4698,#4699,#4700,#4701,
#4702,#4703,#4704,#4705,#4706,#4707,#4708,#4709),.UNSPECIFIED.,.F.,.F.,(4,3,3,3,3,3,3,3,3,3,3,4),(0.,0.0007626,0.001143899,0.001525199,0.002287799,0.003050399,0.003812998,0.004194298,0.004575598,0.004956898,0.005338198,0.006100797),.UNSPECIFIED.);
#4711=EDGE_CURVE('',#3428,#4611,#4710,.T.);
#4712=ORIENTED_EDGE('',*,*,#4711,.T.);
#4713=EDGE_LOOP('',(#4618,#4619,#4674,#4675,#4712));
#4714=FACE_BOUND('',#4713,.T.);
#4715=ADVANCED_FACE('',(#4714),#4609,.F.);
#4716=CARTESIAN_POINT('',(-91.12143379,-47.75995431,17.859765293));
#4717=CARTESIAN_POINT('',(-92.520115621,-52.359987961,25.559765259));
#4718=CARTESIAN_POINT('',(-91.417665818,-47.748565193,17.859765293));
#4719=CARTESIAN_POINT('',(-92.813011217,-52.277600441,25.559765259));
#4720=CARTESIAN_POINT('',(-91.713831384,-47.7352161,17.859765293));
#4721=CARTESIAN_POINT('',(-93.105898505,-52.194967924,25.559765259));
#4722=CARTESIAN_POINT('',(-92.009595247,-47.717319925,17.859765293));
#4723=CARTESIAN_POINT('',(-93.39873558,-52.111767022,25.559765259));
#4724=B_SPLINE_SURFACE_WITH_KNOTS('',3,1,((#4716,#4717),(#4718,#4719),(#4720,#4721),(#4722,#4723)),.UNSPECIFIED.,.F.,.F.,.U.,(4,4),(2,2),(0.,0.974422046),(0.001135078,0.875141884),.UNSPECIFIED.);
#4725=ORIENTED_EDGE('',*,*,#4172,.T.);
#4726=ORIENTED_EDGE('',*,*,#4046,.T.);
#4727=ORIENTED_EDGE('',*,*,#4341,.T.);
#4728=ORIENTED_EDGE('',*,*,#4141,.T.);
#4729=EDGE_LOOP('',(#4725,#4726,#4727,#4728));
#4730=FACE_BOUND('',#4729,.T.);
#4731=ADVANCED_FACE('',(#4730),#4724,.F.);
#4732=CARTESIAN_POINT('',(-116.14243962,-18.551369543,31.859765259));
#4733=DIRECTION('',(0.,1.,0.));
#4734=DIRECTION('',(0.,0.,1.));
#4735=AXIS2_PLACEMENT_3D('',#4732,#4733,#4734);
#4736=PLANE('',#4735);
#4737=CARTESIAN_POINT('',(-118.270683117,-18.551369543,26.454765259));
#4738=DIRECTION('',(-1.,0.,0.));
#4739=VECTOR('',#4738,1.003034221);
#4740=LINE('',#4737,#4739);
#4741=EDGE_CURVE('',#3419,#3792,#4740,.T.);
#4742=ORIENTED_EDGE('',*,*,#4741,.T.);
#4743=ORIENTED_EDGE('',*,*,#3798,.F.);
#4744=CARTESIAN_POINT('',(-118.277016784,-18.551369543,27.859765259));
#4745=DIRECTION('',(-1.,0.,0.));
#4746=VECTOR('',#4745,1.000088186);
#4747=LINE('',#4744,#4746);
#4748=EDGE_CURVE('',#3417,#3790,#4747,.T.);
#4749=ORIENTED_EDGE('',*,*,#4748,.F.);
#4750=ORIENTED_EDGE('',*,*,#3425,.T.);
#4751=EDGE_LOOP('',(#4742,#4743,#4749,#4750));
#4752=FACE_BOUND('',#4751,.T.);
#4753=ADVANCED_FACE('',(#4752),#4736,.T.);
#4754=CARTESIAN_POINT('',(-101.622142173,-44.651199774,18.284339971));
#4755=CARTESIAN_POINT('',(-100.370740645,-45.142889632,18.28433826));
#4756=CARTESIAN_POINT('',(-99.090551018,-45.562325598,18.284336549));
#4757=CARTESIAN_POINT('',(-97.350025495,-46.000508914,18.284334263));
#4758=CARTESIAN_POINT('',(-96.90959233,-46.100096464,18.284333688));
#4759=CARTESIAN_POINT('',(-96.024574555,-46.279090412,18.284332538));
#4760=CARTESIAN_POINT('',(-95.580048951,-46.358746382,18.284331963));
#4761=CARTESIAN_POINT('',(-94.911382832,-46.465717011,18.2843311));
#4762=CARTESIAN_POINT('',(-94.688166088,-46.499109221,18.284330812));
#4763=CARTESIAN_POINT('',(-94.241378718,-46.563056566,18.284330237));
#4764=CARTESIAN_POINT('',(-94.017830342,-46.593875864,18.28432995));
#4765=CARTESIAN_POINT('',(-93.682651724,-46.641415585,18.284329519));
#4766=CARTESIAN_POINT('',(-93.570950453,-46.657488868,18.284329375));
#4767=CARTESIAN_POINT('',(-93.12435861,-46.723599646,18.2843288));
#4768=CARTESIAN_POINT('',(-92.789830009,-46.776709227,18.284328369));
#4769=CARTESIAN_POINT('',(-92.230835974,-46.851529887,18.28432765));
#4770=CARTESIAN_POINT('',(-92.006775349,-46.877129862,18.284327363));
#4771=CARTESIAN_POINT('',(-91.775870642,-46.899240418,18.284327067));
#4772=CARTESIAN_POINT('',(-91.769446014,-46.899852447,18.284327059));
#4773=CARTESIAN_POINT('',(-91.763021071,-46.900461365,18.284327051));
#4774=CARTESIAN_POINT('',(-101.93840159,-45.650609873,20.47621941));
#4775=CARTESIAN_POINT('',(-100.692757156,-46.158436374,20.476208866));
#4776=CARTESIAN_POINT('',(-99.420443323,-46.599326609,20.476198322));
#4777=CARTESIAN_POINT('',(-97.692654697,-47.075169425,20.476184235));
#4778=CARTESIAN_POINT('',(-97.255617867,-47.18501266,20.476180691));
#4779=CARTESIAN_POINT('',(-96.377698293,-47.38600324,20.476173604));
#4780=CARTESIAN_POINT('',(-95.936870214,-47.477381787,20.47617006));
#4781=CARTESIAN_POINT('',(-95.273888573,-47.60285722,20.476164744));
#4782=CARTESIAN_POINT('',(-95.052590796,-47.642584368,20.476162972));
#4783=CARTESIAN_POINT('',(-94.609667409,-47.719410388,20.476159428));
#4784=CARTESIAN_POINT('',(-94.388062407,-47.756753982,20.476157656));
#4785=CARTESIAN_POINT('',(-94.055788258,-47.813983679,20.476154999));
#4786=CARTESIAN_POINT('',(-93.945053309,-47.833270269,20.476154113));
#4787=CARTESIAN_POINT('',(-93.502311057,-47.912100501,20.476150569));
#4788=CARTESIAN_POINT('',(-93.170639086,-47.974490137,20.476147912));
#4789=CARTESIAN_POINT('',(-92.616512549,-48.065785478,20.476143482));
#4790=CARTESIAN_POINT('',(-92.394432999,-48.098293873,20.47614171));
#4791=CARTESIAN_POINT('',(-92.165597841,-48.127821284,20.476139888));
#4792=CARTESIAN_POINT('',(-92.159230816,-48.128639899,20.476139837));
#4793=CARTESIAN_POINT('',(-92.152863499,-48.129455631,20.476139787));
#4794=CARTESIAN_POINT('',(-102.253909721,-46.647274176,22.66809885));
#4795=CARTESIAN_POINT('',(-100.983796143,-47.060619145,22.668079472));
#4796=CARTESIAN_POINT('',(-99.704678299,-47.451364732,22.668060096));
#4797=CARTESIAN_POINT('',(-97.986260173,-47.935206355,22.668034206));
#4798=CARTESIAN_POINT('',(-97.553185015,-48.053587376,22.668027694));
#4799=CARTESIAN_POINT('',(-96.68573622,-48.284037211,22.668014669));
#4800=CARTESIAN_POINT('',(-96.25138104,-48.396184085,22.668008157));
#4801=CARTESIAN_POINT('',(-95.599260963,-48.560490512,22.667998389));
#4802=CARTESIAN_POINT('',(-95.381785002,-48.614550984,22.667995132));
#4803=CARTESIAN_POINT('',(-94.946722392,-48.721784556,22.66798862));
#4804=CARTESIAN_POINT('',(-94.729142703,-48.77504028,22.667985363));
#4805=CARTESIAN_POINT('',(-94.402818192,-48.855333846,22.667980479));
#4806=CARTESIAN_POINT('',(-94.294051155,-48.882169278,22.667978851));
#4807=CARTESIAN_POINT('',(-93.859049702,-48.990079522,22.667972339));
#4808=CARTESIAN_POINT('',(-93.532928503,-49.072115215,22.667967455));
#4809=CARTESIAN_POINT('',(-92.988940779,-49.204557786,22.667959315));
#4810=CARTESIAN_POINT('',(-92.771200871,-49.256181024,22.667956059));
#4811=CARTESIAN_POINT('',(-92.547094503,-49.307961083,22.66795271));
#4812=CARTESIAN_POINT('',(-92.540859239,-49.309400744,22.667952616));
#4813=CARTESIAN_POINT('',(-92.534623877,-49.310839432,22.667952523));
#4814=CARTESIAN_POINT('',(-102.569954395,-47.645899437,24.859978289));
#4815=CARTESIAN_POINT('',(-101.296958261,-48.043762742,24.859950078));
#4816=CARTESIAN_POINT('',(-100.021520241,-48.435497276,24.859921869));
#4817=CARTESIAN_POINT('',(-98.314876785,-48.948520399,24.859884177));
#4818=CARTESIAN_POINT('',(-97.885359553,-49.076666074,24.859874697));
#4819=CARTESIAN_POINT('',(-97.025972954,-49.331245604,24.859855735));
#4820=CARTESIAN_POINT('',(-96.59610859,-49.457700628,24.859846254));
#4821=CARTESIAN_POINT('',(-95.951152773,-49.64632175,24.859832033));
#4822=CARTESIAN_POINT('',(-95.736139676,-49.709003362,24.859827292));
#4823=CARTESIAN_POINT('',(-95.306083463,-49.834125938,24.859817811));
#4824=CARTESIAN_POINT('',(-95.091042235,-49.896589309,24.859813071));
#4825=CARTESIAN_POINT('',(-94.768492604,-49.990395549,24.85980596));
#4826=CARTESIAN_POINT('',(-94.660978175,-50.021683525,24.85980359));
#4827=CARTESIAN_POINT('',(-94.230938548,-50.146989609,24.859794109));
#4828=CARTESIAN_POINT('',(-93.908444053,-50.2412683,24.859786998));
#4829=CARTESIAN_POINT('',(-93.370830543,-50.397237777,24.859775147));
#4830=CARTESIAN_POINT('',(-93.155745865,-50.45925843,24.859770407));
#4831=CARTESIAN_POINT('',(-92.934469144,-50.522695901,24.85976553));
#4832=CARTESIAN_POINT('',(-92.92831268,-50.524460614,24.859765395));
#4833=CARTESIAN_POINT('',(-92.92215619,-50.526225063,24.859765259));
#4834=B_SPLINE_SURFACE_WITH_KNOTS('',3,3,((#4754,#4755,#4756,#4757,#4758,#4759,#4760,#4761,#4762,#4763,#4764,#4765,#4766,#4767,#4768,#4769,#4770,#4771,#4772,#4773),(#4774,#4775,#4776,#4777,#4778,#4779,#4780,#4781,#4782,#4783,#4784,#4785,#4786,#4787,#4788,#4789,#4790,#4791,#4792,#4793),(#4794,#4795,#4796,#4797,#4798,#4799,#4800,#4801,#4802,#4803,#4804,#4805,#4806,#4807,#4808,#4809,#4810,#4811,#4812,#4813),(#4814,#4815,#4816,#4817,#4818,#4819,#4820,#4821,#4822,#4823,#4824,#4825,#4826,#4827,#4828,#4829,#4830,#4831,#4832,#4833)),.UNSPECIFIED.,.F.,.F.,.U.,(4,4),(4,2,2,2,2,2,2,2,2,4),(0.049825356,0.821499951),(0.003068474,0.375,0.5,0.625,0.6875,0.75,0.78125,0.875,0.9375,0.939288661),.UNSPECIFIED.);
#4835=CARTESIAN_POINT('',(-101.429694762,-48.000310138,24.859765259));
#4836=VERTEX_POINT('',#4835);
#4837=CARTESIAN_POINT('',(-101.645610831,-44.725362313,18.447002163));
#4838=CARTESIAN_POINT('',(-101.629893201,-44.797785954,18.576183766));
#4839=CARTESIAN_POINT('',(-101.618361988,-44.869529137,18.707278047));
#4840=CARTESIAN_POINT('',(-101.607562991,-44.941190467,18.838935906));
#4841=CARTESIAN_POINT('',(-101.596763994,-45.012851796,18.970593765));
#4842=CARTESIAN_POINT('',(-101.587141064,-45.084404517,19.103104944));
#4843=CARTESIAN_POINT('',(-101.578193163,-45.155881548,19.236258802));
#4844=CARTESIAN_POINT('',(-101.560297361,-45.298835609,19.502566518));
#4845=CARTESIAN_POINT('',(-101.544803301,-45.441593839,19.771458243));
#4846=CARTESIAN_POINT('',(-101.530698094,-45.583616628,20.041635942));
#4847=CARTESIAN_POINT('',(-101.502487678,-45.867662205,20.581991341));
#4848=CARTESIAN_POINT('',(-101.479117797,-46.148540351,21.126950557));
#4849=CARTESIAN_POINT('',(-101.460822434,-46.423340886,21.669788147));
#4850=CARTESIAN_POINT('',(-101.442527071,-46.698141422,22.212625737));
#4851=CARTESIAN_POINT('',(-101.42934782,-46.966845188,22.753112981));
#4852=CARTESIAN_POINT('',(-101.423421209,-47.229325457,23.286080426));
#4853=CARTESIAN_POINT('',(-101.417494597,-47.491805725,23.819047871));
#4854=CARTESIAN_POINT('',(-101.418860277,-47.748249967,24.344633674));
#4855=CARTESIAN_POINT('',(-101.429692418,-48.000305808,24.859767427));
#4856=B_SPLINE_CURVE_WITH_KNOTS('',3,(#4837,#4838,#4839,#4840,#4841,#4842,#4843,#4844,#4845,#4846,#4847,#4848,#4849,#4850,#4851,#4852,#4853,#4854,#4855),.UNSPECIFIED.,.F.,.F.,(4,3,3,3,3,3,4),(0.000082483,0.000528191,0.000973899,0.001865316,0.003648149,0.005430983,0.007213816),.UNSPECIFIED.);
#4857=EDGE_CURVE('',#3070,#4836,#4856,.T.);
#4858=ORIENTED_EDGE('',*,*,#4857,.T.);
#4859=CARTESIAN_POINT('',(-101.429692372,-48.000304747,24.859765259));
#4860=CARTESIAN_POINT('',(-100.016583903,-48.437269477,24.859765259));
#4861=CARTESIAN_POINT('',(-98.600854355,-48.865748379,24.859765259));
#4862=CARTESIAN_POINT('',(-97.18232851,-49.284760769,24.859765259));
#4863=CARTESIAN_POINT('',(-96.473065587,-49.494266964,24.859765259));
#4864=CARTESIAN_POINT('',(-95.763044927,-49.701226025,24.859765259));
#4865=CARTESIAN_POINT('',(-95.052880635,-49.907674995,24.859765259));
#4866=CARTESIAN_POINT('',(-94.342716344,-50.114123966,24.859765259));
#4867=CARTESIAN_POINT('',(-93.63310021,-50.322459163,24.859765259));
#4868=CARTESIAN_POINT('',(-92.92215619,-50.526225063,24.859765259));
#4869=B_SPLINE_CURVE_WITH_KNOTS('',3,(#4859,#4860,#4861,#4862,#4863,#4864,#4865,#4866,#4867,#4868),.UNSPECIFIED.,.F.,.F.,(4,3,3,4),(0.001227114,0.005664508,0.007883205,0.010101902),.UNSPECIFIED.);
#4870=EDGE_CURVE('',#4836,#758,#4869,.T.);
#4871=ORIENTED_EDGE('',*,*,#4870,.T.);
#4872=ORIENTED_EDGE('',*,*,#767,.F.);
#4873=ORIENTED_EDGE('',*,*,#3113,.F.);
#4874=EDGE_LOOP('',(#4858,#4871,#4872,#4873));
#4875=FACE_BOUND('',#4874,.T.);
#4876=ADVANCED_FACE('',(#4875),#4834,.T.);
#4877=CARTESIAN_POINT('',(-102.67216057,-47.622401016,24.95298468));
#4878=CARTESIAN_POINT('',(-103.30286871,-47.265578821,25.390958915));
#4879=CARTESIAN_POINT('',(-103.937915799,-46.873594222,25.829319636));
#4880=CARTESIAN_POINT('',(-104.866069586,-46.252032878,26.49337755));
#4881=CARTESIAN_POINT('',(-105.176047277,-46.035569543,26.719420283));
#4882=CARTESIAN_POINT('',(-106.076284488,-45.379036212,27.39681702));
#4883=CARTESIAN_POINT('',(-106.637150713,-44.931637631,27.847439199));
#4884=CARTESIAN_POINT('',(-107.262006409,-44.39665155,28.352232364));
#4885=CARTESIAN_POINT('',(-107.331358184,-44.336765819,28.408290545));
#4886=CARTESIAN_POINT('',(-107.608597503,-44.095356271,28.632396152));
#4887=CARTESIAN_POINT('',(-108.369271871,-43.416215416,29.24763794));
#4888=CARTESIAN_POINT('',(-109.119756243,-42.678768265,29.85836947));
#4889=CARTESIAN_POINT('',(-109.654824262,-42.108373537,30.299222717));
#4890=CARTESIAN_POINT('',(-102.34767419,-46.607910588,22.702646105));
#4891=CARTESIAN_POINT('',(-102.960826783,-46.297334883,23.001909675));
#4892=CARTESIAN_POINT('',(-103.632001541,-45.916863143,23.301466109));
#4893=CARTESIAN_POINT('',(-104.581547413,-45.332537051,23.755200899));
#4894=CARTESIAN_POINT('',(-104.892933931,-45.132235285,23.909641092));
#4895=CARTESIAN_POINT('',(-105.748489547,-44.554356494,24.372407396));
#4896=CARTESIAN_POINT('',(-106.215241964,-44.199101748,24.680178957));
#4897=CARTESIAN_POINT('',(-106.775355396,-43.749618983,25.024787632));
#4898=CARTESIAN_POINT('',(-106.838108749,-43.698972233,25.063054791));
#4899=CARTESIAN_POINT('',(-107.091759772,-43.493176236,25.216027102));
#4900=CARTESIAN_POINT('',(-107.809700618,-42.901285781,25.635906343));
#4901=CARTESIAN_POINT('',(-108.589768842,-42.203164167,26.05236788));
#4902=CARTESIAN_POINT('',(-109.172118115,-41.623678279,26.352736908));
#4903=CARTESIAN_POINT('',(-102.021988984,-45.594219029,20.452165117));
#4904=CARTESIAN_POINT('',(-102.609074509,-45.335632182,20.611300776));
#4905=CARTESIAN_POINT('',(-103.406428915,-44.908643997,20.770463788));
#4906=CARTESIAN_POINT('',(-104.452615743,-44.309861127,21.011783397));
#4907=CARTESIAN_POINT('',(-104.780249451,-44.114504331,21.09396445));
#4908=CARTESIAN_POINT('',(-105.545842321,-43.637022723,21.34045584));
#4909=CARTESIAN_POINT('',(-105.770189475,-43.461310657,21.504714384));
#4910=CARTESIAN_POINT('',(-106.174258888,-43.162315532,21.689352605));
#4911=CARTESIAN_POINT('',(-106.221361913,-43.127648334,21.709865843));
#4912=CARTESIAN_POINT('',(-106.420367764,-42.981963529,21.7919098));
#4913=CARTESIAN_POINT('',(-107.050807709,-42.525070693,22.017456466));
#4914=CARTESIAN_POINT('',(-107.94846861,-41.826030784,22.24268393));
#4915=CARTESIAN_POINT('',(-108.689411967,-41.13898302,22.4062511));
#4916=CARTESIAN_POINT('',(-101.697978436,-44.579411518,18.201883068));
#4917=CARTESIAN_POINT('',(-102.270886761,-44.364791932,18.222870586));
#4918=CARTESIAN_POINT('',(-103.068625896,-43.972349281,18.243860063));
#4919=CARTESIAN_POINT('',(-104.106337437,-43.431318982,18.275686915));
#4920=CARTESIAN_POINT('',(-104.429490408,-43.256575786,18.286526042));
#4921=CARTESIAN_POINT('',(-105.16837443,-42.849118747,18.319039718));
#4922=CARTESIAN_POINT('',(-105.357466813,-42.730860641,18.340710561));
#4923=CARTESIAN_POINT('',(-105.733032956,-42.491575609,18.365079337));
#4924=CARTESIAN_POINT('',(-105.777130393,-42.463471963,18.367786827));
#4925=CARTESIAN_POINT('',(-105.964874872,-42.343677237,18.378616143));
#4926=CARTESIAN_POINT('',(-106.570350121,-41.955083236,18.408391453));
#4927=CARTESIAN_POINT('',(-107.462662889,-41.311342226,18.438143921));
#4928=CARTESIAN_POINT('',(-108.206705819,-40.654287762,18.459765291));
#4929=B_SPLINE_SURFACE_WITH_KNOTS('',3,3,((#4877,#4878,#4879,#4880,#4881,#4882,#4883,#4884,#4885,#4886,#4887,#4888,#4889),(#4890,#4891,#4892,#4893,#4894,#4895,#4896,#4897,#4898,#4899,#4900,#4901,#4902),(#4903,#4904,#4905,#4906,#4907,#4908,#4909,#4910,#4911,#4912,#4913,#4914,#4915),(#4916,#4917,#4918,#4919,#4920,#4921,#4922,#4923,#4924,#4925,#4926,#4927,#4928)),.UNSPECIFIED.,.F.,.F.,.U.,(4,4),(4,2,2,2,2,1,4),(0.170702836,0.959999998),(0.008139111,0.250116569,0.375097141,0.625058285,0.656303428,0.750038857,1.),.UNSPECIFIED.);
#4930=CARTESIAN_POINT('',(-108.485303412,-40.934033628,20.737510128));
#4931=VERTEX_POINT('',#4930);
#4932=CARTESIAN_POINT('',(-108.206706401,-40.654287477,18.459765259));
#4933=DIRECTION('',(-0.120515773,-0.1210126,0.985308022));
#4934=VECTOR('',#4933,2.311708435);
#4935=LINE('',#4932,#4934);
#4936=EDGE_CURVE('',#3323,#4931,#4935,.T.);
#4937=ORIENTED_EDGE('',*,*,#4936,.T.);
#4938=CARTESIAN_POINT('',(-109.654814526,-42.108381608,30.299216003));
#4939=VERTEX_POINT('',#4938);
#4940=CARTESIAN_POINT('',(-109.654814526,-42.108381608,30.299216003));
#4941=CARTESIAN_POINT('',(-109.264977941,-41.716930987,27.111979728));
#4942=CARTESIAN_POINT('',(-108.875140267,-41.325482726,23.924744966));
#4943=CARTESIAN_POINT('',(-108.485303412,-40.934033628,20.737510128));
#4944=B_SPLINE_CURVE_WITH_KNOTS('',3,(#4940,#4941,#4942,#4943),.UNSPECIFIED.,.F.,.F.,(4,4),(1.990280571,11.694559648),.UNSPECIFIED.);
#4945=EDGE_CURVE('',#4939,#4931,#4944,.T.);
#4946=ORIENTED_EDGE('',*,*,#4945,.F.);
#4947=CARTESIAN_POINT('',(-109.170693992,-42.542465325,29.666191643));
#4948=VERTEX_POINT('',#4947);
#4949=CARTESIAN_POINT('',(-109.654815639,-42.108382866,30.299216097));
#4950=CARTESIAN_POINT('',(-109.568995995,-42.194045927,30.207829571));
#4951=CARTESIAN_POINT('',(-109.485177592,-42.273523076,30.108644547));
#4952=CARTESIAN_POINT('',(-109.404283555,-42.346023465,30.002863122));
#4953=CARTESIAN_POINT('',(-109.323389519,-42.418523854,29.897081697));
#4954=CARTESIAN_POINT('',(-109.245782912,-42.483500022,29.784367284));
#4955=CARTESIAN_POINT('',(-109.170693992,-42.542465325,29.666191643));
#4956=B_SPLINE_CURVE_WITH_KNOTS('',3,(#4949,#4950,#4951,#4952,#4953,#4954,#4955),.UNSPECIFIED.,.F.,.F.,(4,3,4),(0.000069889,0.00052507,0.000980252),.UNSPECIFIED.);
#4957=EDGE_CURVE('',#4939,#4948,#4956,.T.);
#4958=ORIENTED_EDGE('',*,*,#4957,.T.);
#4959=CARTESIAN_POINT('',(-104.489062418,-45.992755612,25.091751572));
#4960=VERTEX_POINT('',#4959);
#4961=CARTESIAN_POINT('',(-109.170693992,-42.542465325,29.666191643));
#4962=CARTESIAN_POINT('',(-109.016706158,-42.663387817,29.423844156));
#4963=CARTESIAN_POINT('',(-108.857615219,-42.786907977,29.186507956));
#4964=CARTESIAN_POINT('',(-108.692258767,-42.914710608,28.955920603));
#4965=CARTESIAN_POINT('',(-108.526902315,-43.04251324,28.72533325));
#4966=CARTESIAN_POINT('',(-108.355419811,-43.174115427,28.5005866));
#4967=CARTESIAN_POINT('',(-108.17878995,-43.308747671,28.282618814));
#4968=CARTESIAN_POINT('',(-107.825530228,-43.578012158,27.846683244));
#4969=CARTESIAN_POINT('',(-107.451863768,-43.858776099,27.438050383));
#4970=CARTESIAN_POINT('',(-107.06114453,-44.153953493,27.055642077));
#4971=CARTESIAN_POINT('',(-106.670425292,-44.449130887,26.673233772));
#4972=CARTESIAN_POINT('',(-106.262321097,-44.759602016,26.316828934));
#4973=CARTESIAN_POINT('',(-105.834709594,-45.068838528,25.989794686));
#4974=CARTESIAN_POINT('',(-105.620903843,-45.223456784,25.826277562));
#4975=CARTESIAN_POINT('',(-105.401837019,-45.377851515,25.669809088));
#4976=CARTESIAN_POINT('',(-105.177306004,-45.53153786,25.520197276));
#4977=CARTESIAN_POINT('',(-105.065040497,-45.608381032,25.44539137));
#4978=CARTESIAN_POINT('',(-104.951469605,-45.685129591,25.372296228));
#4979=CARTESIAN_POINT('',(-104.836722627,-45.761945711,25.300891317));
#4980=CARTESIAN_POINT('',(-104.72197565,-45.838761832,25.229486406));
#4981=CARTESIAN_POINT('',(-104.606265052,-45.915070723,25.158918095));
#4982=CARTESIAN_POINT('',(-104.489062418,-45.992755612,25.091751572));
#4983=B_SPLINE_CURVE_WITH_KNOTS('',3,(#4961,#4962,#4963,#4964,#4965,#4966,#4967,#4968,#4969,#4970,#4971,#4972,#4973,#4974,#4975,#4976,#4977,#4978,#4979,#4980,#4981,#4982),.UNSPECIFIED.,.F.,.F.,(4,3,3,3,3,3,3,4),(0.,0.000933572,0.001867144,0.003734288,0.005601432,0.006535004,0.007001791,0.007468577),.UNSPECIFIED.);
#4984=EDGE_CURVE('',#4948,#4960,#4983,.T.);
#4985=ORIENTED_EDGE('',*,*,#4984,.T.);
#4986=CARTESIAN_POINT('',(-103.677639903,-46.624602929,24.859762858));
#4987=VERTEX_POINT('',#4986);
#4988=CARTESIAN_POINT('',(-104.489062418,-45.992755612,25.091751572));
#4989=CARTESIAN_POINT('',(-104.355420288,-46.081337001,25.015163861));
#4990=CARTESIAN_POINT('',(-104.218297209,-46.179034168,24.956476456));
#4991=CARTESIAN_POINT('',(-104.081606802,-46.284994684,24.917801069));
#4992=CARTESIAN_POINT('',(-103.944916394,-46.390955199,24.879125681));
#4993=CARTESIAN_POINT('',(-103.809031928,-46.505027179,24.860694099));
#4994=CARTESIAN_POINT('',(-103.677639903,-46.624602929,24.859762858));
#4995=B_SPLINE_CURVE_WITH_KNOTS('',3,(#4988,#4989,#4990,#4991,#4992,#4993,#4994),.UNSPECIFIED.,.F.,.F.,(4,3,4),(0.,0.000531288,0.001062576),.UNSPECIFIED.);
#4996=EDGE_CURVE('',#4960,#4987,#4995,.T.);
#4997=ORIENTED_EDGE('',*,*,#4996,.T.);
#4998=CARTESIAN_POINT('',(-103.46829621,-46.816656415,24.859765259));
#4999=VERTEX_POINT('',#4998);
#5000=CARTESIAN_POINT('',(-103.677639903,-46.624602929,24.859762858));
#5001=CARTESIAN_POINT('',(-103.607602866,-46.688341435,24.859266487));
#5002=CARTESIAN_POINT('',(-103.537938447,-46.752487335,24.859765259));
#5003=CARTESIAN_POINT('',(-103.468307863,-46.81666905,24.859765259));
#5004=B_SPLINE_CURVE_WITH_KNOTS('',3,(#5000,#5001,#5002,#5003),.UNSPECIFIED.,.F.,.F.,(4,4),(0.,0.000284094),.UNSPECIFIED.);
#5005=EDGE_CURVE('',#4987,#4999,#5004,.T.);
#5006=ORIENTED_EDGE('',*,*,#5005,.T.);
#5007=CARTESIAN_POINT('',(-103.468306575,-46.816667304,24.859759573));
#5008=CARTESIAN_POINT('',(-103.357781539,-46.645182226,24.329881354));
#5009=CARTESIAN_POINT('',(-103.237400444,-46.475369625,23.795406745));
#5010=CARTESIAN_POINT('',(-103.110231177,-46.303826541,23.260398086));
#5011=CARTESIAN_POINT('',(-102.98306191,-46.132283457,22.725389427));
#5012=CARTESIAN_POINT('',(-102.849675402,-45.958846669,22.190173512));
#5013=CARTESIAN_POINT('',(-102.711536438,-45.781930057,21.656536804));
#5014=CARTESIAN_POINT('',(-102.573397473,-45.605013444,21.122900096));
#5015=CARTESIAN_POINT('',(-102.430771155,-45.424676982,20.590715351));
#5016=CARTESIAN_POINT('',(-102.279379167,-45.240892425,20.05946941));
#5017=CARTESIAN_POINT('',(-102.203683174,-45.149000147,19.793846439));
#5018=CARTESIAN_POINT('',(-102.125241107,-45.056491309,19.528263303));
#5019=CARTESIAN_POINT('',(-102.040504293,-44.963803014,19.262009734));
#5020=CARTESIAN_POINT('',(-101.998135886,-44.917458866,19.128882949));
#5021=CARTESIAN_POINT('',(-101.953739233,-44.871197994,18.995381159));
#5022=CARTESIAN_POINT('',(-101.905249201,-44.825302092,18.860918582));
#5023=CARTESIAN_POINT('',(-101.881004185,-44.802354141,18.793687294));
#5024=CARTESIAN_POINT('',(-101.855664426,-44.77951729,18.726185475));
#5025=CARTESIAN_POINT('',(-101.827942126,-44.757028406,18.65799355));
#5026=CARTESIAN_POINT('',(-101.800219825,-44.734539521,18.589801626));
#5027=CARTESIAN_POINT('',(-101.770452384,-44.712345068,18.521026348));
#5028=CARTESIAN_POINT('',(-101.733730488,-44.691315329,18.450046665));
#5029=B_SPLINE_CURVE_WITH_KNOTS('',3,(#5007,#5008,#5009,#5010,#5011,#5012,#5013,#5014,#5015,#5016,#5017,#5018,#5019,#5020,#5021,#5022,#5023,#5024,#5025,#5026,#5027,#5028),.UNSPECIFIED.,.F.,.F.,(4,3,3,3,3,3,3,4),(0.001974966,0.003649077,0.005323188,0.006997299,0.007834354,0.008252882,0.008462146,0.00867141),.UNSPECIFIED.);
#5030=EDGE_CURVE('',#4999,#3061,#5029,.T.);
#5031=ORIENTED_EDGE('',*,*,#5030,.T.);
#5032=ORIENTED_EDGE('',*,*,#3067,.F.);
#5033=ORIENTED_EDGE('',*,*,#3369,.F.);
#5034=EDGE_LOOP('',(#4937,#4946,#4958,#4985,#4997,#5006,#5031,#5032,#5033));
#5035=FACE_BOUND('',#5034,.T.);
#5036=ADVANCED_FACE('',(#5035),#4929,.T.);
#5037=CARTESIAN_POINT('',(-101.733717889,-44.691322914,18.450050937));
#5038=CARTESIAN_POINT('',(-101.733653252,-44.691341126,18.450034168));
#5039=CARTESIAN_POINT('',(-101.733588615,-44.691359337,18.4500174));
#5040=CARTESIAN_POINT('',(-101.733523978,-44.691377549,18.450000631));
#5041=CARTESIAN_POINT('',(-101.719264031,-44.695395371,18.446301214));
#5042=CARTESIAN_POINT('',(-101.704982473,-44.699361016,18.44262844));
#5043=CARTESIAN_POINT('',(-101.676377083,-44.707187688,18.43533642));
#5044=CARTESIAN_POINT('',(-101.662053253,-44.711048715,18.431717176));
#5045=CARTESIAN_POINT('',(-101.647708767,-44.714857303,18.428124817));
#5046=CARTESIAN_POINT('',(-101.647689612,-44.714862389,18.42812002));
#5047=CARTESIAN_POINT('',(-101.647670457,-44.714867474,18.428115222));
#5048=CARTESIAN_POINT('',(-101.647651302,-44.71487256,18.428110425));
#5049=CARTESIAN_POINT('',(-101.749410528,-44.700112129,18.479994276));
#5050=CARTESIAN_POINT('',(-101.749331767,-44.700134721,18.479974066));
#5051=CARTESIAN_POINT('',(-101.749253006,-44.700157314,18.479953855));
#5052=CARTESIAN_POINT('',(-101.749174245,-44.700179906,18.479933644));
#5053=CARTESIAN_POINT('',(-101.731798252,-44.705164189,18.475474819));
#5054=CARTESIAN_POINT('',(-101.714390984,-44.710073528,18.471054245));
#5055=CARTESIAN_POINT('',(-101.679515485,-44.719741873,18.462289998));
#5056=CARTESIAN_POINT('',(-101.662047254,-44.72450088,18.457946326));
#5057=CARTESIAN_POINT('',(-101.644549335,-44.729184505,18.453641303));
#5058=CARTESIAN_POINT('',(-101.644525969,-44.729190759,18.453635555));
#5059=CARTESIAN_POINT('',(-101.644502603,-44.729197013,18.453629806));
#5060=CARTESIAN_POINT('',(-101.644479237,-44.729203268,18.453624057));
#5061=CARTESIAN_POINT('',(-101.763465887,-44.709191737,18.509404909));
#5062=CARTESIAN_POINT('',(-101.763374416,-44.709218502,18.509381688));
#5063=CARTESIAN_POINT('',(-101.763282946,-44.709245267,18.509358467));
#5064=CARTESIAN_POINT('',(-101.763191475,-44.709272031,18.509335246));
#5065=CARTESIAN_POINT('',(-101.743011601,-44.715176759,18.504212334));
#5066=CARTESIAN_POINT('',(-101.722788416,-44.720978716,18.499141846));
#5067=CARTESIAN_POINT('',(-101.682257983,-44.732376354,18.48910636));
#5068=CARTESIAN_POINT('',(-101.661950736,-44.737972037,18.484141362));
#5069=CARTESIAN_POINT('',(-101.641602745,-44.743464229,18.479229427));
#5070=CARTESIAN_POINT('',(-101.641575573,-44.743471563,18.479222868));
#5071=CARTESIAN_POINT('',(-101.641548401,-44.743478897,18.479216308));
#5072=CARTESIAN_POINT('',(-101.641521229,-44.743486231,18.479209749));
#5073=CARTESIAN_POINT('',(-101.806462288,-44.738821268,18.603490635));
#5074=CARTESIAN_POINT('',(-101.806331959,-44.738861247,18.603458324));
#5075=CARTESIAN_POINT('',(-101.806201631,-44.738901226,18.603426012));
#5076=CARTESIAN_POINT('',(-101.806071302,-44.738941205,18.603393701));
#5077=CARTESIAN_POINT('',(-101.777318717,-44.74776121,18.596265321));
#5078=CARTESIAN_POINT('',(-101.748478162,-44.756377534,18.589240713));
#5079=CARTESIAN_POINT('',(-101.690628143,-44.773200737,18.575400768));
#5080=CARTESIAN_POINT('',(-101.661618679,-44.781407615,18.568585429));
#5081=CARTESIAN_POINT('',(-101.632528298,-44.789408774,18.561875563));
#5082=CARTESIAN_POINT('',(-101.632489452,-44.789419459,18.561866603));
#5083=CARTESIAN_POINT('',(-101.632450605,-44.789430143,18.561857643));
#5084=CARTESIAN_POINT('',(-101.632411759,-44.789440828,18.561848682));
#5085=CARTESIAN_POINT('',(-101.832406456,-44.759858322,18.667239823));
#5086=CARTESIAN_POINT('',(-101.832252676,-44.759907031,18.667202225));
#5087=CARTESIAN_POINT('',(-101.832098895,-44.75995574,18.667164628));
#5088=CARTESIAN_POINT('',(-101.831945115,-44.760004449,18.667127031));
#5089=CARTESIAN_POINT('',(-101.798018706,-44.77075046,18.658832476));
#5090=CARTESIAN_POINT('',(-101.763964568,-44.781206068,18.650685768));
#5091=CARTESIAN_POINT('',(-101.695612975,-44.80153279,18.634690967));
#5092=CARTESIAN_POINT('',(-101.661315519,-44.811403904,18.626842875));
#5093=CARTESIAN_POINT('',(-101.626902512,-44.820981025,18.619145502));
#5094=CARTESIAN_POINT('',(-101.626856558,-44.820993814,18.619135223));
#5095=CARTESIAN_POINT('',(-101.626810604,-44.821006603,18.619124944));
#5096=CARTESIAN_POINT('',(-101.626764649,-44.821019392,18.619114665));
#5097=CARTESIAN_POINT('',(-101.90613996,-44.823470717,18.857393709));
#5098=CARTESIAN_POINT('',(-101.905919843,-44.823545468,18.857341356));
#5099=CARTESIAN_POINT('',(-101.905699725,-44.82362022,18.857289004));
#5100=CARTESIAN_POINT('',(-101.905479607,-44.823694971,18.857236651));
#5101=CARTESIAN_POINT('',(-101.856918098,-44.84018633,18.845686816));
#5102=CARTESIAN_POINT('',(-101.808088069,-44.856092187,18.834434699));
#5103=CARTESIAN_POINT('',(-101.70992556,-44.886721735,18.812533921));
#5104=CARTESIAN_POINT('',(-101.660593081,-44.901445427,18.80188526));
#5105=CARTESIAN_POINT('',(-101.611026841,-44.915572856,18.791542136));
#5106=CARTESIAN_POINT('',(-101.610960652,-44.915591721,18.791528324));
#5107=CARTESIAN_POINT('',(-101.610894462,-44.915610587,18.791514512));
#5108=CARTESIAN_POINT('',(-101.610828273,-44.915629452,18.7915007));
#5109=CARTESIAN_POINT('',(-101.949521662,-44.866609825,18.982594898));
#5110=CARTESIAN_POINT('',(-101.949262916,-44.866701693,18.982534261));
#5111=CARTESIAN_POINT('',(-101.949004169,-44.86679356,18.982473624));
#5112=CARTESIAN_POINT('',(-101.948745423,-44.866885428,18.982412987));
#5113=CARTESIAN_POINT('',(-101.891661844,-44.887152921,18.969035517));
#5114=CARTESIAN_POINT('',(-101.834187107,-44.906591404,18.956079319));
#5115=CARTESIAN_POINT('',(-101.718514391,-44.943790657,18.931022889));
#5116=CARTESIAN_POINT('',(-101.660316415,-44.961551426,18.918922657));
#5117=CARTESIAN_POINT('',(-101.601786702,-44.978464293,18.907256707));
#5118=CARTESIAN_POINT('',(-101.601708543,-44.978486878,18.907241129));
#5119=CARTESIAN_POINT('',(-101.601630384,-44.978509463,18.90722555));
#5120=CARTESIAN_POINT('',(-101.601552225,-44.978532048,18.907209972));
#5121=CARTESIAN_POINT('',(-102.073992639,-44.996186886,19.357213165));
#5122=CARTESIAN_POINT('',(-102.073624323,-44.996330842,19.357129204));
#5123=CARTESIAN_POINT('',(-102.073256006,-44.996474798,19.357045243));
#5124=CARTESIAN_POINT('',(-102.07288769,-44.996618754,19.356961282));
#5125=CARTESIAN_POINT('',(-101.991631217,-45.028377767,19.338438156));
#5126=CARTESIAN_POINT('',(-101.909538319,-45.058475192,19.320758834));
#5127=CARTESIAN_POINT('',(-101.743847132,-45.115286273,19.287124148));
#5128=CARTESIAN_POINT('',(-101.660248855,-45.141999926,19.271168785));
#5129=CARTESIAN_POINT('',(-101.575983079,-45.166994677,19.256091905));
#5130=CARTESIAN_POINT('',(-101.575870553,-45.167028054,19.256071772));
#5131=CARTESIAN_POINT('',(-101.575758027,-45.167061432,19.256051639));
#5132=CARTESIAN_POINT('',(-101.5756455,-45.167094809,19.256031505));
#5133=CARTESIAN_POINT('',(-102.148799397,-45.08290681,19.605432521));
#5134=CARTESIAN_POINT('',(-102.148366939,-45.083086381,19.605335211));
#5135=CARTESIAN_POINT('',(-102.147934481,-45.083265953,19.6052379));
#5136=CARTESIAN_POINT('',(-102.147502023,-45.083445524,19.60514059));
#5137=CARTESIAN_POINT('',(-102.052094843,-45.123061864,19.583672356));
#5138=CARTESIAN_POINT('',(-101.955450862,-45.160324553,19.563399273));
#5139=CARTESIAN_POINT('',(-101.759975593,-45.230034413,19.525303969));
#5140=CARTESIAN_POINT('',(-101.661144328,-45.262481576,19.507481751));
#5141=CARTESIAN_POINT('',(-101.561365536,-45.292473455,19.490911889));
#5142=CARTESIAN_POINT('',(-101.561232294,-45.292513505,19.490889762));
#5143=CARTESIAN_POINT('',(-101.561099052,-45.292553556,19.490867635));
#5144=CARTESIAN_POINT('',(-101.56096581,-45.292593606,19.490845508));
#5145=CARTESIAN_POINT('',(-102.366398032,-45.341227653,20.350808295));
#5146=CARTESIAN_POINT('',(-102.365783177,-45.341517914,20.350671925));
#5147=CARTESIAN_POINT('',(-102.365168323,-45.341808175,20.350535555));
#5148=CARTESIAN_POINT('',(-102.364553468,-45.342098436,20.350399185));
#5149=CARTESIAN_POINT('',(-102.228906717,-45.406134626,20.320313748));
#5150=CARTESIAN_POINT('',(-102.090506879,-45.465417411,20.292643755));
#5151=CARTESIAN_POINT('',(-101.809028289,-45.574127878,20.242301447));
#5152=CARTESIAN_POINT('',(-101.66594969,-45.623555503,20.21962916));
#5153=CARTESIAN_POINT('',(-101.520958611,-45.667909312,20.199524959));
#5154=CARTESIAN_POINT('',(-101.520764994,-45.667968541,20.199498112));
#5155=CARTESIAN_POINT('',(-101.520571377,-45.66802777,20.199471266));
#5156=CARTESIAN_POINT('',(-101.52037776,-45.668086999,20.199444419));
#5157=CARTESIAN_POINT('',(-102.50127692,-45.511004138,20.847978006));
#5158=CARTESIAN_POINT('',(-102.500554767,-45.511373121,20.847817145));
#5159=CARTESIAN_POINT('',(-102.499832613,-45.511742105,20.847656283));
#5160=CARTESIAN_POINT('',(-102.499110459,-45.512111089,20.847495421));
#5161=CARTESIAN_POINT('',(-102.339791763,-45.59351482,20.812006738));
#5162=CARTESIAN_POINT('',(-102.176283134,-45.668125268,20.7799731));
#5163=CARTESIAN_POINT('',(-101.842324532,-45.803119604,20.723097022));
#5164=CARTESIAN_POINT('',(-101.671874902,-45.86350336,20.698254644));
#5165=CARTESIAN_POINT('',(-101.498701626,-45.916510937,20.677119479));
#5166=CARTESIAN_POINT('',(-101.498470375,-45.916581722,20.677091256));
#5167=CARTESIAN_POINT('',(-101.498239124,-45.916652507,20.677063032));
#5168=CARTESIAN_POINT('',(-101.498007874,-45.916723292,20.677034809));
#5169=CARTESIAN_POINT('',(-102.764092056,-45.843853103,21.845267227));
#5170=CARTESIAN_POINT('',(-102.763171657,-45.844384928,21.845051449));
#5171=CARTESIAN_POINT('',(-102.762251257,-45.844916754,21.844835671));
#5172=CARTESIAN_POINT('',(-102.761330857,-45.845448579,21.844619893));
#5173=CARTESIAN_POINT('',(-102.558275929,-45.962777785,21.79701584));
#5174=CARTESIAN_POINT('',(-102.347262762,-46.068635448,21.75525764));
#5175=CARTESIAN_POINT('',(-101.912647654,-46.255751022,21.684090922));
#5176=CARTESIAN_POINT('',(-101.689047451,-46.33700819,21.654682689));
#5177=CARTESIAN_POINT('',(-101.46091529,-46.405326235,21.631683232));
#5178=CARTESIAN_POINT('',(-101.460610649,-46.405417465,21.631652519));
#5179=CARTESIAN_POINT('',(-101.460306007,-46.405508695,21.631621806));
#5180=CARTESIAN_POINT('',(-101.460001366,-46.405599925,21.631591093));
#5181=CARTESIAN_POINT('',(-102.891273546,-46.007094414,22.345413573));
#5182=CARTESIAN_POINT('',(-102.890263004,-46.007710306,22.345167483));
#5183=CARTESIAN_POINT('',(-102.889252461,-46.008326199,22.344921393));
#5184=CARTESIAN_POINT('',(-102.888241919,-46.008942091,22.344675303));
#5185=CARTESIAN_POINT('',(-102.665300081,-46.144817804,22.29038391));
#5186=CARTESIAN_POINT('',(-102.432063274,-46.266579677,22.243290775));
#5187=CARTESIAN_POINT('',(-101.949610481,-46.479490295,22.164422943));
#5188=CARTESIAN_POINT('',(-101.700397465,-46.570637749,22.132648725));
#5189=CARTESIAN_POINT('',(-101.44565586,-46.645579103,22.108847757));
#5190=CARTESIAN_POINT('',(-101.445315685,-46.645679178,22.108815974));
#5191=CARTESIAN_POINT('',(-101.44497551,-46.645779252,22.108784191));
#5192=CARTESIAN_POINT('',(-101.444635335,-46.645879327,22.108752408));
#5193=CARTESIAN_POINT('',(-103.135622495,-46.329388296,23.346383286));
#5194=CARTESIAN_POINT('',(-103.134451417,-46.330171054,23.346068055));
#5195=CARTESIAN_POINT('',(-103.133280339,-46.330953813,23.345752823));
#5196=CARTESIAN_POINT('',(-103.132109261,-46.331736571,23.345437592));
#5197=CARTESIAN_POINT('',(-102.87375073,-46.504425596,23.2758925));
#5198=CARTESIAN_POINT('',(-102.599662712,-46.657531944,23.216361018));
#5199=CARTESIAN_POINT('',(-102.027826983,-46.920240978,23.119011569));
#5200=CARTESIAN_POINT('',(-101.730086882,-47.029840184,23.081194893));
#5201=CARTESIAN_POINT('',(-101.424756222,-47.116127017,23.054773871));
#5202=CARTESIAN_POINT('',(-101.424348492,-47.116242242,23.054738589));
#5203=CARTESIAN_POINT('',(-101.423940762,-47.116357467,23.054703307));
#5204=CARTESIAN_POINT('',(-101.423533032,-47.116472692,23.054668025));
#5205=CARTESIAN_POINT('',(-103.252618614,-46.488435998,23.847164307));
#5206=CARTESIAN_POINT('',(-103.25137733,-46.489301557,23.846810256));
#5207=CARTESIAN_POINT('',(-103.250136046,-46.490167116,23.846456206));
#5208=CARTESIAN_POINT('',(-103.248894762,-46.491032675,23.846102156));
#5209=CARTESIAN_POINT('',(-102.975047638,-46.681988843,23.767993011));
#5210=CARTESIAN_POINT('',(-102.682371218,-46.850539503,23.701357964));
#5211=CARTESIAN_POINT('',(-102.069065357,-47.137264732,23.593226685));
#5212=CARTESIAN_POINT('',(-101.748446987,-47.255434157,23.551732372));
#5213=CARTESIAN_POINT('',(-101.419172492,-47.346454265,23.523492543));
#5214=CARTESIAN_POINT('',(-101.418732788,-47.346575811,23.523454832));
#5215=CARTESIAN_POINT('',(-101.418293084,-47.346697356,23.523417122));
#5216=CARTESIAN_POINT('',(-101.41785338,-47.346818902,23.523379411));
#5217=CARTESIAN_POINT('',(-103.431510423,-46.749507966,24.662844946));
#5218=CARTESIAN_POINT('',(-103.430173375,-46.750501502,24.662422354));
#5219=CARTESIAN_POINT('',(-103.428836327,-46.751495038,24.661999762));
#5220=CARTESIAN_POINT('',(-103.427499279,-46.752488574,24.66157717));
#5221=CARTESIAN_POINT('',(-103.132525093,-46.971678533,24.568346638));
#5222=CARTESIAN_POINT('',(-102.813376152,-47.164140265,24.48887753));
#5223=CARTESIAN_POINT('',(-102.139763873,-47.487755556,24.360700833));
#5224=CARTESIAN_POINT('',(-101.785319361,-47.618900085,24.311996812));
#5225=CARTESIAN_POINT('',(-101.4204723,-47.7167045,24.279669928));
#5226=CARTESIAN_POINT('',(-101.419985093,-47.716835105,24.27962676));
#5227=CARTESIAN_POINT('',(-101.419497887,-47.71696571,24.279583591));
#5228=CARTESIAN_POINT('',(-101.41901068,-47.717096316,24.279540423));
#5229=CARTESIAN_POINT('',(-103.497966058,-46.851318093,24.979291118));
#5230=CARTESIAN_POINT('',(-103.49659652,-46.852359553,24.978840644));
#5231=CARTESIAN_POINT('',(-103.495226982,-46.853401013,24.978390171));
#5232=CARTESIAN_POINT('',(-103.493857444,-46.854442473,24.977939697));
#5233=CARTESIAN_POINT('',(-103.191715364,-47.084205266,24.878558015));
#5234=CARTESIAN_POINT('',(-102.863251886,-47.285633745,24.793801831));
#5235=CARTESIAN_POINT('',(-102.168062759,-47.623011555,24.657243216));
#5236=CARTESIAN_POINT('',(-101.801359481,-47.758950046,24.605445159));
#5237=CARTESIAN_POINT('',(-101.423572545,-47.85916385,24.57125983));
#5238=CARTESIAN_POINT('',(-101.423068059,-47.859297673,24.57121418));
#5239=CARTESIAN_POINT('',(-101.422563573,-47.859431496,24.57116853));
#5240=CARTESIAN_POINT('',(-101.422059087,-47.859565319,24.57112288));
#5241=CARTESIAN_POINT('',(-103.560627133,-46.954265777,25.293670089));
#5242=CARTESIAN_POINT('',(-103.559230049,-46.955352075,25.29319132));
#5243=CARTESIAN_POINT('',(-103.557832965,-46.956438372,25.292712552));
#5244=CARTESIAN_POINT('',(-103.556435881,-46.95752467,25.292233783));
#5245=CARTESIAN_POINT('',(-103.248216778,-47.197179297,25.18660977));
#5246=CARTESIAN_POINT('',(-102.911556368,-47.407036458,25.096423334));
#5247=CARTESIAN_POINT('',(-102.197049308,-47.757370787,24.95113124));
#5248=CARTESIAN_POINT('',(-101.819228864,-47.897835105,24.896030912));
#5249=CARTESIAN_POINT('',(-101.429649451,-48.000322058,24.859761041));
#5250=CARTESIAN_POINT('',(-101.429129218,-48.000458916,24.859712607));
#5251=CARTESIAN_POINT('',(-101.428608984,-48.000595775,24.859664173));
#5252=CARTESIAN_POINT('',(-101.428088751,-48.000732633,24.859615739));
#5253=B_SPLINE_SURFACE_WITH_KNOTS('',3,3,((#5037,#5038,#5039,#5040,#5041,#5042,#5043,#5044,#5045,#5046,#5047,#5048),(#5049,#5050,#5051,#5052,#5053,#5054,#5055,#5056,#5057,#5058,#5059,#5060),(#5061,#5062,#5063,#5064,#5065,#5066,#5067,#5068,#5069,#5070,#5071,#5072),(#5073,#5074,#5075,#5076,#5077,#5078,#5079,#5080,#5081,#5082,#5083,#5084),(#5085,#5086,#5087,#5088,#5089,#5090,#5091,#5092,#5093,#5094,#5095,#5096),(#5097,#5098,#5099,#5100,#5101,#5102,#5103,#5104,#5105,#5106,#5107,#5108),(#5109,#5110,#5111,#5112,#5113,#5114,#5115,#5116,#5117,#5118,#5119,#5120),(#5121,#5122,#5123,#5124,#5125,#5126,#5127,#5128,#5129,#5130,#5131,#5132),(#5133,#5134,#5135,#5136,#5137,#5138,#5139,#5140,#5141,#5142,#5143,#5144),(#5145,#5146,#5147,#5148,#5149,#5150,#5151,#5152,#5153,#5154,#5155,#5156),(#5157,#5158,#5159,#5160,#5161,#5162,#5163,#5164,#5165,#5166,#5167,#5168),(#5169,#5170,#5171,#5172,#5173,#5174,#5175,#5176,#5177,#5178,#5179,#5180),(#5181,#5182,#5183,#5184,#5185,#5186,#5187,#5188,#5189,#5190,#5191,#5192),(#5193,#5194,#5195,#5196,#5197,#5198,#5199,#5200,#5201,#5202,#5203,#5204),(#5205,#5206,#5207,#5208,#5209,#5210,#5211,#5212,#5213,#5214,#5215,#5216),(#5217,#5218,#5219,#5220,#5221,#5222,#5223,#5224,#5225,#5226,#5227,#5228),(#5229,#5230,#5231,#5232,#5233,#5234,#5235,#5236,#5237,#5238,#5239,#5240),(#5241,#5242,#5243,#5244,#5245,#5246,#5247,#5248,#5249,#5250,#5251,#5252)),.UNSPECIFIED.,.F.,.F.,.U.,(4,2,2,2,2,2,2,2,4),(4,3,2,3,4),(0.000060754,0.00014879,0.000344493,0.000735897,0.001518706,0.003084323,0.004649941,0.006215558,0.007213812),(-0.002266381,0.,0.5,1.,1.000667686),.UNSPECIFIED.);
#5254=ORIENTED_EDGE('',*,*,#5030,.F.);
#5255=CARTESIAN_POINT('',(-103.414079874,-46.865980857,24.859765259));
#5256=VERTEX_POINT('',#5255);
#5257=CARTESIAN_POINT('',(-103.46829621,-46.816656415,24.859765259));
#5258=CARTESIAN_POINT('',(-103.450331432,-46.833215327,24.859765259));
#5259=CARTESIAN_POINT('',(-103.432267239,-46.849650245,24.859765259));
#5260=CARTESIAN_POINT('',(-103.414079874,-46.865980857,24.859765259));
#5261=B_SPLINE_CURVE_WITH_KNOTS('',3,(#5257,#5258,#5259,#5260),.UNSPECIFIED.,.F.,.F.,(4,4),(0.000284102,0.000357398),.UNSPECIFIED.);
#5262=EDGE_CURVE('',#4999,#5256,#5261,.T.);
#5263=ORIENTED_EDGE('',*,*,#5262,.T.);
#5264=CARTESIAN_POINT('',(-103.414079874,-46.865980857,24.859765259));
#5265=CARTESIAN_POINT('',(-103.271117648,-46.994347633,24.859765259));
#5266=CARTESIAN_POINT('',(-103.122030499,-47.114995515,24.859765259));
#5267=CARTESIAN_POINT('',(-102.966686842,-47.227758676,24.859765259));
#5268=CARTESIAN_POINT('',(-102.811343184,-47.340521836,24.859765259));
#5269=CARTESIAN_POINT('',(-102.648968367,-47.445818552,24.859765259));
#5270=CARTESIAN_POINT('',(-102.482135741,-47.541507795,24.859765259));
#5271=CARTESIAN_POINT('',(-102.14847049,-47.732886282,24.859765259));
#5272=CARTESIAN_POINT('',(-101.797931755,-47.886436737,24.859765259));
#5273=CARTESIAN_POINT('',(-101.429694764,-48.000310138,24.859765259));
#5274=B_SPLINE_CURVE_WITH_KNOTS('',3,(#5264,#5265,#5266,#5267,#5268,#5269,#5270,#5271,#5272,#5273),.UNSPECIFIED.,.F.,.F.,(4,3,3,4),(0.000376906,0.000952246,0.001527585,0.002678264),.UNSPECIFIED.);
#5275=EDGE_CURVE('',#5256,#4836,#5274,.T.);
#5276=ORIENTED_EDGE('',*,*,#5275,.T.);
#5277=ORIENTED_EDGE('',*,*,#4857,.F.);
#5278=ORIENTED_EDGE('',*,*,#3076,.F.);
#5279=EDGE_LOOP('',(#5254,#5263,#5276,#5277,#5278));
#5280=FACE_BOUND('',#5279,.T.);
#5281=ADVANCED_FACE('',(#5280),#5253,.T.);
#5282=CARTESIAN_POINT('',(-111.526049346,-37.137127392,18.459765259));
#5283=CARTESIAN_POINT('',(-112.770984228,-38.239229025,31.045935329));
#5284=CARTESIAN_POINT('',(-111.523651164,-37.134937092,18.459765259));
#5285=CARTESIAN_POINT('',(-112.770682152,-38.237280441,31.045935329));
#5286=CARTESIAN_POINT('',(-111.521252982,-37.132746792,18.459765259));
#5287=CARTESIAN_POINT('',(-112.770380076,-38.235331859,31.045935329));
#5288=CARTESIAN_POINT('',(-111.518854801,-37.130556492,18.459765259));
#5289=CARTESIAN_POINT('',(-112.770078001,-38.233383275,31.045935329));
#5290=CARTESIAN_POINT('',(-111.518853302,-37.130555123,18.459765259));
#5291=CARTESIAN_POINT('',(-112.770077812,-38.233382057,31.045935329));
#5292=CARTESIAN_POINT('',(-111.518851802,-37.130553753,18.459765259));
#5293=CARTESIAN_POINT('',(-112.770077623,-38.233380839,31.045935329));
#5294=CARTESIAN_POINT('',(-111.518850303,-37.130552384,18.459765259));
#5295=CARTESIAN_POINT('',(-112.770077434,-38.23337962,31.045935329));
#5296=B_SPLINE_SURFACE_WITH_KNOTS('',3,1,((#5282,#5283),(#5284,#5285),(#5286,#5287),(#5288,#5289),(#5290,#5291),(#5292,#5293),(#5294,#5295)),.UNSPECIFIED.,.F.,.F.,.U.,(4,3,4),(2,2),(0.994971783,0.999997507,1.000000649),(0.04,0.879078005),.UNSPECIFIED.);
#5297=ORIENTED_EDGE('',*,*,#3320,.T.);
#5298=ORIENTED_EDGE('',*,*,#1228,.F.);
#5299=ORIENTED_EDGE('',*,*,#1909,.F.);
#5300=CARTESIAN_POINT('',(-111.518850432,-37.130552525,18.459757789));
#5301=CARTESIAN_POINT('',(-111.935918586,-37.49815514,22.655074002));
#5302=CARTESIAN_POINT('',(-112.352986429,-37.865757729,26.850390249));
#5303=CARTESIAN_POINT('',(-112.770054687,-38.233359571,31.045706519));
#5304=B_SPLINE_CURVE_WITH_KNOTS('',3,(#5300,#5301,#5302,#5303),.UNSPECIFIED.,.F.,.F.,(4,4),(0.000605237,0.013301213),.UNSPECIFIED.);
#5305=EDGE_CURVE('',#3314,#1896,#5304,.T.);
#5306=ORIENTED_EDGE('',*,*,#5305,.F.);
#5307=EDGE_LOOP('',(#5297,#5298,#5299,#5306));
#5308=FACE_BOUND('',#5307,.T.);
#5309=ADVANCED_FACE('',(#5308),#5296,.F.);
#5310=CARTESIAN_POINT('',(-111.518851147,-37.130553218,18.459765259));
#5311=CARTESIAN_POINT('',(-111.935914555,-37.498152317,22.655036659));
#5312=CARTESIAN_POINT('',(-112.352976984,-37.865752042,26.850306091));
#5313=CARTESIAN_POINT('',(-112.770039745,-38.233351555,31.045576191));
#5314=CARTESIAN_POINT('',(-111.514971631,-37.135972225,18.459765259));
#5315=CARTESIAN_POINT('',(-111.931642124,-37.504654895,22.655036659));
#5316=CARTESIAN_POINT('',(-112.34831104,-37.873338975,26.850306091));
#5317=CARTESIAN_POINT('',(-112.764980492,-38.242022577,31.045576191));
#5318=CARTESIAN_POINT('',(-111.511100549,-37.141378326,18.459765259));
#5319=CARTESIAN_POINT('',(-111.927373654,-37.511149011,22.655036659));
#5320=CARTESIAN_POINT('',(-112.343646404,-37.880919648,26.850306091));
#5321=CARTESIAN_POINT('',(-112.759919276,-38.250690301,31.045576191));
#5322=CARTESIAN_POINT('',(-111.43465226,-37.248083857,18.459765259));
#5323=CARTESIAN_POINT('',(-111.842871597,-37.639609003,22.655036659));
#5324=CARTESIAN_POINT('',(-112.251090451,-38.031133896,26.850306091));
#5325=CARTESIAN_POINT('',(-112.659309468,-38.422658875,31.045576191));
#5326=CARTESIAN_POINT('',(-111.368005606,-37.340286697,18.459765259));
#5327=CARTESIAN_POINT('',(-111.766143537,-37.754729331,22.655036659));
#5328=CARTESIAN_POINT('',(-112.164280879,-38.169171888,26.850306091));
#5329=CARTESIAN_POINT('',(-112.562418421,-38.58361447,31.045576191));
#5330=CARTESIAN_POINT('',(-111.239366816,-37.514430323,18.459765259));
#5331=CARTESIAN_POINT('',(-111.612598103,-37.980147543,22.655036659));
#5332=CARTESIAN_POINT('',(-111.985828877,-38.445864507,26.850306091));
#5333=CARTESIAN_POINT('',(-112.359059824,-38.911581558,31.045576191));
#5334=CARTESIAN_POINT('',(-111.17809589,-37.595116516,18.459765259));
#5335=CARTESIAN_POINT('',(-111.536197237,-38.089498164,22.655036659));
#5336=CARTESIAN_POINT('',(-111.894297976,-38.583879632,26.850306091));
#5337=CARTESIAN_POINT('',(-112.252398923,-39.078261161,31.045576191));
#5338=CARTESIAN_POINT('',(-111.08622613,-37.711241711,18.459765259));
#5339=CARTESIAN_POINT('',(-111.420470032,-38.249296364,22.655036659));
#5340=CARTESIAN_POINT('',(-111.754713469,-38.787351218,26.850306091));
#5341=CARTESIAN_POINT('',(-112.088957062,-39.325406003,31.045576191));
#5342=CARTESIAN_POINT('',(-111.055596835,-37.7491499,18.459765259));
#5343=CARTESIAN_POINT('',(-111.381698008,-38.301870101,22.655036659));
#5344=CARTESIAN_POINT('',(-111.707798867,-38.854590414,26.850306091));
#5345=CARTESIAN_POINT('',(-112.033899832,-39.40731069,31.045576191));
#5346=CARTESIAN_POINT('',(-110.992174529,-37.826068444,18.459765259));
#5347=CARTESIAN_POINT('',(-111.302240523,-38.407542284,22.655036659));
#5348=CARTESIAN_POINT('',(-111.612306511,-38.989015989,26.850306091));
#5349=CARTESIAN_POINT('',(-111.9223725,-39.570489739,31.045576191));
#5350=CARTESIAN_POINT('',(-110.959390666,-37.865065542,18.459765259));
#5351=CARTESIAN_POINT('',(-111.261561545,-38.460631331,22.655036659));
#5352=CARTESIAN_POINT('',(-111.563732573,-39.056196832,26.850306091));
#5353=CARTESIAN_POINT('',(-111.865903551,-39.651762431,31.045576191));
#5354=CARTESIAN_POINT('',(-110.85450924,-37.987846331,18.459765259));
#5355=CARTESIAN_POINT('',(-111.134332924,-38.623607967,22.655036659));
#5356=CARTESIAN_POINT('',(-111.414156896,-39.259369275,26.850306091));
#5357=CARTESIAN_POINT('',(-111.693980771,-39.895130695,31.045576191));
#5358=CARTESIAN_POINT('',(-110.775515104,-38.077948953,18.459765259));
#5359=CARTESIAN_POINT('',(-111.042331757,-38.737580355,22.655036659));
#5360=CARTESIAN_POINT('',(-111.309148277,-39.397211772,26.850306091));
#5361=CARTESIAN_POINT('',(-111.575964843,-40.056843185,31.045576191));
#5362=CARTESIAN_POINT('',(-110.632164176,-38.238949978,18.459765259));
#5363=CARTESIAN_POINT('',(-110.885607671,-38.926036851,22.655036659));
#5364=CARTESIAN_POINT('',(-111.139050759,-39.613123546,26.850306091));
#5365=CARTESIAN_POINT('',(-111.392493986,-40.300210301,31.045576191));
#5366=CARTESIAN_POINT('',(-110.580262227,-38.296886809,18.459765259));
#5367=CARTESIAN_POINT('',(-110.83026363,-38.99174505,22.655036659));
#5368=CARTESIAN_POINT('',(-111.08026459,-39.686602945,26.850306091));
#5369=CARTESIAN_POINT('',(-111.330265701,-40.381460957,31.045576191));
#5370=CARTESIAN_POINT('',(-110.467148854,-38.422324732,18.459765259));
#5371=CARTESIAN_POINT('',(-110.712614009,-39.12966073,22.655036659));
#5372=CARTESIAN_POINT('',(-110.958078792,-39.836996091,26.850306091));
#5373=CARTESIAN_POINT('',(-111.203543701,-40.544331669,31.045576191));
#5374=CARTESIAN_POINT('',(-110.405926859,-38.489841418,18.459765259));
#5375=CARTESIAN_POINT('',(-110.650300908,-39.201879324,22.655036659));
#5376=CARTESIAN_POINT('',(-110.894674741,-39.913916357,26.850306091));
#5377=CARTESIAN_POINT('',(-111.139048646,-40.625953686,31.045576191));
#5378=CARTESIAN_POINT('',(-110.273145863,-38.635396836,18.459765259));
#5379=CARTESIAN_POINT('',(-110.517989233,-39.353488706,22.655036659));
#5380=CARTESIAN_POINT('',(-110.762832665,-40.071580033,26.850306091));
#5381=CARTESIAN_POINT('',(-111.007676076,-40.789671545,31.045576191));
#5382=CARTESIAN_POINT('',(-110.201629064,-38.713362736,18.459765259));
#5383=CARTESIAN_POINT('',(-110.448020707,-39.432827735,22.655036659));
#5384=CARTESIAN_POINT('',(-110.694412301,-40.152293033,26.850306091));
#5385=CARTESIAN_POINT('',(-110.940803912,-40.871758229,31.045576191));
#5386=CARTESIAN_POINT('',(-110.08636315,-38.838127837,18.459765259));
#5387=CARTESIAN_POINT('',(-110.337138392,-39.557159199,22.655036659));
#5388=CARTESIAN_POINT('',(-110.587913383,-40.276190749,26.850306091));
#5389=CARTESIAN_POINT('',(-110.83868846,-40.995222235,31.045576191));
#5390=CARTESIAN_POINT('',(-110.0466052,-38.881019064,18.459765259));
#5391=CARTESIAN_POINT('',(-110.299186383,-39.599490196,22.655036659));
#5392=CARTESIAN_POINT('',(-110.551767265,-40.317961404,26.850306091));
#5393=CARTESIAN_POINT('',(-110.804348249,-41.036432586,31.045576191));
#5394=CARTESIAN_POINT('',(-109.963972198,-38.969681514,18.459765259));
#5395=CARTESIAN_POINT('',(-110.220984957,-39.68612017,22.655036659));
#5396=CARTESIAN_POINT('',(-110.477997376,-40.402558674,26.850306091));
#5397=CARTESIAN_POINT('',(-110.735009911,-41.11899723,31.045576191));
#5398=CARTESIAN_POINT('',(-109.921108508,-39.015444691,18.459765259));
#5399=CARTESIAN_POINT('',(-110.180743592,-39.730413444,22.655036659));
#5400=CARTESIAN_POINT('',(-110.440378349,-40.445381931,26.850306091));
#5401=CARTESIAN_POINT('',(-110.700013216,-41.160350508,31.045576191));
#5402=CARTESIAN_POINT('',(-109.831766836,-39.110162162,18.459765259));
#5403=CARTESIAN_POINT('',(-110.097611646,-39.821187726,22.655036659));
#5404=CARTESIAN_POINT('',(-110.363456233,-40.532212915,26.850306091));
#5405=CARTESIAN_POINT('',(-110.629300896,-41.243238232,31.045576191));
#5406=CARTESIAN_POINT('',(-109.78524968,-39.15914419,18.459765259));
#5407=CARTESIAN_POINT('',(-110.054693309,-39.867688396,22.655036659));
#5408=CARTESIAN_POINT('',(-110.324136802,-40.57623222,26.850306091));
#5409=CARTESIAN_POINT('',(-110.593580341,-41.284776173,31.045576191));
#5410=CARTESIAN_POINT('',(-109.68749766,-39.261039697,18.459765259));
#5411=CARTESIAN_POINT('',(-109.965426069,-39.963401516,22.655036659));
#5412=CARTESIAN_POINT('',(-110.243354511,-40.66576297,26.850306091));
#5413=CARTESIAN_POINT('',(-110.521282942,-41.368124548,31.045576191));
#5414=CARTESIAN_POINT('',(-109.636276193,-39.313943692,18.459765259));
#5415=CARTESIAN_POINT('',(-109.91908666,-40.012607245,22.655036659));
#5416=CARTESIAN_POINT('',(-110.201897244,-40.711270458,26.850306091));
#5417=CARTESIAN_POINT('',(-110.484707788,-41.409933787,31.045576191));
#5418=CARTESIAN_POINT('',(-109.528028066,-39.424412186,18.459765259));
#5419=CARTESIAN_POINT('',(-109.822207203,-40.114246512,22.655036659));
#5420=CARTESIAN_POINT('',(-110.116386562,-40.804080536,26.850306091));
#5421=CARTESIAN_POINT('',(-110.410565845,-41.493914662,31.045576191));
#5422=CARTESIAN_POINT('',(-109.47096075,-39.482005468,18.459765259));
#5423=CARTESIAN_POINT('',(-109.771638343,-40.166700448,22.655036659));
#5424=CARTESIAN_POINT('',(-110.072316181,-40.851395138,26.850306091));
#5425=CARTESIAN_POINT('',(-110.372993936,-41.536089927,31.045576191));
#5426=CARTESIAN_POINT('',(-109.34933461,-39.603005537,18.459765259));
#5427=CARTESIAN_POINT('',(-109.665105539,-40.275652568,22.655036659));
#5428=CARTESIAN_POINT('',(-109.98087666,-40.948299336,26.850306091));
#5429=CARTESIAN_POINT('',(-110.296647715,-41.620946193,31.045576191));
#5430=CARTESIAN_POINT('',(-109.284791295,-39.666401343,18.459765259));
#5431=CARTESIAN_POINT('',(-109.609152588,-40.332142974,22.655036659));
#5432=CARTESIAN_POINT('',(-109.933513993,-40.99788435,26.850306091));
#5433=CARTESIAN_POINT('',(-110.257875358,-41.663625812,31.045576191));
#5434=CARTESIAN_POINT('',(-109.1465346,-39.800153971,18.459765259));
#5435=CARTESIAN_POINT('',(-109.490662635,-40.449980592,22.655036659));
#5436=CARTESIAN_POINT('',(-109.834790517,-41.099806973,26.850306091));
#5437=CARTESIAN_POINT('',(-110.178918451,-41.749633436,31.045576191));
#5438=CARTESIAN_POINT('',(-109.072779463,-39.870540353,18.459765259));
#5439=CARTESIAN_POINT('',(-109.428096032,-40.511348754,22.655036659));
#5440=CARTESIAN_POINT('',(-109.783412283,-41.152156921,26.850306091));
#5441=CARTESIAN_POINT('',(-110.138728643,-41.792965167,31.045576191));
#5442=CARTESIAN_POINT('',(-108.913830657,-40.019839263,18.459765259));
#5443=CARTESIAN_POINT('',(-109.294771639,-40.640050408,22.655036659));
#5444=CARTESIAN_POINT('',(-109.675712107,-41.260261315,26.850306091));
#5445=CARTESIAN_POINT('',(-110.056652749,-41.880472302,31.045576191));
#5446=CARTESIAN_POINT('',(-108.828658565,-40.098735889,18.459765259));
#5447=CARTESIAN_POINT('',(-109.224029116,-40.70737263,22.655036659));
#5448=CARTESIAN_POINT('',(-109.619399163,-41.316009125,26.850306091));
#5449=CARTESIAN_POINT('',(-110.014769381,-41.924645703,31.045576191));
#5450=CARTESIAN_POINT('',(-108.58705887,-40.319112191,18.459765259));
#5451=CARTESIAN_POINT('',(-109.025446836,-40.893397625,22.655036659));
#5452=CARTESIAN_POINT('',(-109.463834475,-41.467682779,26.850306091));
#5453=CARTESIAN_POINT('',(-109.902222224,-42.041968028,31.045576191));
#5454=CARTESIAN_POINT('',(-108.41926078,-40.468961462,18.459765259));
#5455=CARTESIAN_POINT('',(-108.889479925,-41.017968079,22.655036659));
#5456=CARTESIAN_POINT('',(-109.359698935,-41.566974368,26.850306091));
#5457=CARTESIAN_POINT('',(-109.829917996,-42.115980769,31.045576191));
#5458=CARTESIAN_POINT('',(-108.220526935,-40.642249904,18.459765259));
#5459=CARTESIAN_POINT('',(-108.73086457,-41.159700342,22.655036659));
#5460=CARTESIAN_POINT('',(-109.241202396,-41.677150131,26.850306091));
#5461=CARTESIAN_POINT('',(-109.751540157,-42.194600141,31.045576191));
#5462=CARTESIAN_POINT('',(-108.21361448,-40.64827178,18.459765259));
#5463=CARTESIAN_POINT('',(-108.725350725,-41.164622486,22.655036659));
#5464=CARTESIAN_POINT('',(-109.237087172,-41.680972532,26.850306091));
#5465=CARTESIAN_POINT('',(-109.748823551,-42.197322802,31.045576191));
#5466=CARTESIAN_POINT('',(-108.206686006,-40.654305267,18.459765259));
#5467=CARTESIAN_POINT('',(-108.719825454,-41.16955279,22.655036659));
#5468=CARTESIAN_POINT('',(-109.232965117,-41.68479964,26.850306091));
#5469=CARTESIAN_POINT('',(-109.746104707,-42.200046719,31.045576191));
#5470=B_SPLINE_SURFACE_WITH_KNOTS('',3,3,((#5310,#5311,#5312,#5313),(#5314,#5315,#5316,#5317),(#5318,#5319,#5320,#5321),(#5322,#5323,#5324,#5325),(#5326,#5327,#5328,#5329),(#5330,#5331,#5332,#5333),(#5334,#5335,#5336,#5337),(#5338,#5339,#5340,#5341),(#5342,#5343,#5344,#5345),(#5346,#5347,#5348,#5349),(#5350,#5351,#5352,#5353),(#5354,#5355,#5356,#5357),(#5358,#5359,#5360,#5361),(#5362,#5363,#5364,#5365),(#5366,#5367,#5368,#5369),(#5370,#5371,#5372,#5373),(#5374,#5375,#5376,#5377),(#5378,#5379,#5380,#5381),(#5382,#5383,#5384,#5385),(#5386,#5387,#5388,#5389),(#5390,#5391,#5392,#5393),(#5394,#5395,#5396,#5397),(#5398,#5399,#5400,#5401),(#5402,#5403,#5404,#5405),(#5406,#5407,#5408,#5409),(#5410,#5411,#5412,#5413),
(#5414,#5415,#5416,#5417),(#5418,#5419,#5420,#5421),(#5422,#5423,#5424,#5425),(#5426,#5427,#5428,#5429),(#5430,#5431,#5432,#5433),(#5434,#5435,#5436,#5437),(#5438,#5439,#5440,#5441),(#5442,#5443,#5444,#5445),(#5446,#5447,#5448,#5449),(#5450,#5451,#5452,#5453),(#5454,#5455,#5456,#5457),(#5458,#5459,#5460,#5461),(#5462,#5463,#5464,#5465),(#5466,#5467,#5468,#5469)),.UNSPECIFIED.,.F.,.F.,.U.,(4,2,2,2,2,2,2,2,2,2,2,2,2,2,2,2,2,2,2,4),(4,4),(0.000000765,0.006286702,0.124837426,0.251291532,0.314518585,0.377745638,0.504199743,0.567426796,0.630653849,0.693880902,0.725494429,0.757107955,0.788721482,0.820335008,0.851948534,0.883562061,0.915175587,0.946789114,0.998161094,1.000001907),(0.039999989,0.879054058),.UNSPECIFIED.);
#5471=ORIENTED_EDGE('',*,*,#3341,.T.);
#5472=ORIENTED_EDGE('',*,*,#5305,.T.);
#5473=ORIENTED_EDGE('',*,*,#1902,.F.);
#5474=CARTESIAN_POINT('',(-111.207984043,-40.537877513,31.043995373));
#5475=VERTEX_POINT('',#5474);
#5476=CARTESIAN_POINT('',(-111.207984043,-40.537877513,31.043995373));
#5477=CARTESIAN_POINT('',(-111.350351774,-40.356851624,31.04484907));
#5478=CARTESIAN_POINT('',(-111.489468367,-40.173394162,31.044346488));
#5479=CARTESIAN_POINT('',(-111.625379221,-39.987540875,31.044506096));
#5480=CARTESIAN_POINT('',(-111.761290076,-39.801687588,31.044665705));
#5481=CARTESIAN_POINT('',(-111.893907718,-39.613344896,31.044806436));
#5482=CARTESIAN_POINT('',(-112.023050566,-39.422732354,31.044930843));
#5483=CARTESIAN_POINT('',(-112.28133626,-39.041507272,31.045179656));
#5484=CARTESIAN_POINT('',(-112.525879429,-38.650998358,31.045364352));
#5485=CARTESIAN_POINT('',(-112.758348121,-38.253373277,31.045576191));
#5486=B_SPLINE_CURVE_WITH_KNOTS('',3,(#5476,#5477,#5478,#5479,#5480,#5481,#5482,#5483,#5484,#5485),.UNSPECIFIED.,.F.,.F.,(4,3,3,4),(0.,0.0006907,0.0013814,0.0027628),.UNSPECIFIED.);
#5487=EDGE_CURVE('',#5475,#1888,#5486,.T.);
#5488=ORIENTED_EDGE('',*,*,#5487,.F.);
#5489=CARTESIAN_POINT('',(-109.970679453,-41.854196224,30.567913278));
#5490=VERTEX_POINT('',#5489);
#5491=CARTESIAN_POINT('',(-109.970679453,-41.854196224,30.567913278));
#5492=CARTESIAN_POINT('',(-110.074964559,-41.764560506,30.645673863));
#5493=CARTESIAN_POINT('',(-110.179644091,-41.669274433,30.714859081));
#5494=CARTESIAN_POINT('',(-110.284897928,-41.567794741,30.774425826));
#5495=CARTESIAN_POINT('',(-110.390151765,-41.466315048,30.833992571));
#5496=CARTESIAN_POINT('',(-110.495395893,-41.359292684,30.883991173));
#5497=CARTESIAN_POINT('',(-110.599694453,-41.247976036,30.923970809));
#5498=CARTESIAN_POINT('',(-110.703993013,-41.136659388,30.963950446));
#5499=CARTESIAN_POINT('',(-110.807768434,-41.020596468,30.993975786));
#5500=CARTESIAN_POINT('',(-110.909228261,-40.90211447,31.013911918));
#5501=CARTESIAN_POINT('',(-111.010688089,-40.783632473,31.03384805));
#5502=CARTESIAN_POINT('',(-111.11025615,-40.662142077,31.04340935));
#5503=CARTESIAN_POINT('',(-111.207984043,-40.537877513,31.043995373));
#5504=B_SPLINE_CURVE_WITH_KNOTS('',3,(#5491,#5492,#5493,#5494,#5495,#5496,#5497,#5498,#5499,#5500,#5501,#5502,#5503),.UNSPECIFIED.,.F.,.F.,(4,3,3,3,4),(0.000045479,0.000518129,0.00099078,0.001463431,0.001936081),.UNSPECIFIED.);
#5505=EDGE_CURVE('',#5490,#5475,#5504,.T.);
#5506=ORIENTED_EDGE('',*,*,#5505,.F.);
#5507=CARTESIAN_POINT('',(-109.654814526,-42.108381608,30.299216003));
#5508=CARTESIAN_POINT('',(-109.75819152,-42.03060749,30.397598736));
#5509=CARTESIAN_POINT('',(-109.863719146,-41.945804249,30.486812857));
#5510=CARTESIAN_POINT('',(-109.970679453,-41.854196224,30.567913278));
#5511=B_SPLINE_CURVE_WITH_KNOTS('',3,(#5507,#5508,#5509,#5510),.UNSPECIFIED.,.F.,.F.,(4,4),(0.000052043,0.000538437),.UNSPECIFIED.);
#5512=EDGE_CURVE('',#4939,#5490,#5511,.T.);
#5513=ORIENTED_EDGE('',*,*,#5512,.F.);
#5514=ORIENTED_EDGE('',*,*,#4945,.T.);
#5515=ORIENTED_EDGE('',*,*,#4936,.F.);
#5516=EDGE_LOOP('',(#5471,#5472,#5473,#5488,#5506,#5513,#5514,#5515));
#5517=FACE_BOUND('',#5516,.T.);
#5518=ADVANCED_FACE('',(#5517),#5470,.F.);
#5519=CARTESIAN_POINT('',(-103.683144676,-48.889490395,25.418521043));
#5520=CARTESIAN_POINT('',(-104.339025289,-48.512082046,25.903490342));
#5521=CARTESIAN_POINT('',(-104.988873186,-48.104058133,26.388923036));
#5522=CARTESIAN_POINT('',(-105.933652762,-47.459352027,27.116282887));
#5523=CARTESIAN_POINT('',(-106.243581473,-47.239006266,27.358604909));
#5524=CARTESIAN_POINT('',(-107.153156119,-46.56497505,28.084805151));
#5525=CARTESIAN_POINT('',(-107.732721571,-46.098211041,28.567917169));
#5526=CARTESIAN_POINT('',(-108.370636748,-45.544960194,29.109160088));
#5527=CARTESIAN_POINT('',(-108.441324161,-45.483095733,29.169266835));
#5528=CARTESIAN_POINT('',(-108.723362004,-45.234031584,29.409560733));
#5529=CARTESIAN_POINT('',(-109.492939975,-44.535912996,30.069271064));
#5530=CARTESIAN_POINT('',(-110.238303988,-43.78878182,30.724259266));
#5531=CARTESIAN_POINT('',(-110.764651557,-43.218653402,31.197143454));
#5532=CARTESIAN_POINT('',(-110.764651684,-43.218653264,31.197143568));
#5533=CARTESIAN_POINT('',(-110.764651811,-43.218653127,31.197143683));
#5534=CARTESIAN_POINT('',(-110.764651939,-43.218652989,31.197143797));
#5535=CARTESIAN_POINT('',(-103.325433039,-47.75925749,22.938217849));
#5536=CARTESIAN_POINT('',(-103.959925779,-47.43560719,23.264561973));
#5537=CARTESIAN_POINT('',(-104.634669282,-47.051428228,23.591286717));
#5538=CARTESIAN_POINT('',(-105.589579383,-46.458604472,24.080725527));
#5539=CARTESIAN_POINT('',(-105.898347603,-46.25823942,24.243763926));
#5540=CARTESIAN_POINT('',(-106.766681327,-45.667442929,24.732250095));
#5541=CARTESIAN_POINT('',(-107.269089926,-45.286824867,25.057068528));
#5542=CARTESIAN_POINT('',(-107.851962487,-44.816468954,25.420634525));
#5543=CARTESIAN_POINT('',(-107.916993549,-44.763613237,25.461004992));
#5544=CARTESIAN_POINT('',(-108.178571888,-44.549547686,25.622377547));
#5545=CARTESIAN_POINT('',(-108.90897499,-43.939424457,26.065250295));
#5546=CARTESIAN_POINT('',(-109.670996714,-43.243288281,26.50424442));
#5547=CARTESIAN_POINT('',(-110.229351392,-42.681147401,26.820662001));
#5548=CARTESIAN_POINT('',(-110.229351527,-42.681147265,26.820662077));
#5549=CARTESIAN_POINT('',(-110.229351662,-42.681147129,26.820662154));
#5550=CARTESIAN_POINT('',(-110.229351797,-42.681146993,26.82066223));
#5551=CARTESIAN_POINT('',(-102.967678397,-46.629052416,20.457910704));
#5552=CARTESIAN_POINT('',(-103.558014371,-46.374241551,20.623519609));
#5553=CARTESIAN_POINT('',(-104.394850052,-45.925602931,20.78914027));
#5554=CARTESIAN_POINT('',(-105.47163214,-45.307900999,21.037551423));
#5555=CARTESIAN_POINT('',(-105.800805078,-45.111215107,21.120351934));
#5556=CARTESIAN_POINT('',(-106.562088904,-44.635252828,21.368734036));
#5557=CARTESIAN_POINT('',(-106.771822524,-44.467801083,21.534296193));
#5558=CARTESIAN_POINT('',(-107.166959839,-44.174784517,21.720496335));
#5559=CARTESIAN_POINT('',(-107.213179038,-44.140733895,21.741184444));
#5560=CARTESIAN_POINT('',(-107.409161627,-43.997270383,21.823933506));
#5561=CARTESIAN_POINT('',(-108.035327571,-43.544535527,22.051465572));
#5562=CARTESIAN_POINT('',(-108.941913884,-42.84090632,22.278877849));
#5563=CARTESIAN_POINT('',(-109.694051228,-42.143641398,22.444180547));
#5564=CARTESIAN_POINT('',(-109.69405141,-42.14364123,22.444180587));
#5565=CARTESIAN_POINT('',(-109.694051592,-42.143641061,22.444180627));
#5566=CARTESIAN_POINT('',(-109.694051773,-42.143640893,22.444180667));
#5567=CARTESIAN_POINT('',(-102.604301573,-45.480878222,17.938251703));
#5568=CARTESIAN_POINT('',(-103.178674389,-45.276860476,17.943252581));
#5569=CARTESIAN_POINT('',(-104.006068502,-44.874800061,17.948253551));
#5570=CARTESIAN_POINT('',(-105.064853779,-44.329236166,17.955754856));
#5571=CARTESIAN_POINT('',(-105.387388436,-44.156974876,17.958255269));
#5572=CARTESIAN_POINT('',(-106.123436914,-43.757568453,17.965756356));
#5573=CARTESIAN_POINT('',(-106.309349205,-43.645473554,17.970756878));
#5574=CARTESIAN_POINT('',(-106.682162511,-43.412758055,17.976382018));
#5575=CARTESIAN_POINT('',(-106.72596601,-43.385379116,17.977007027));
#5576=CARTESIAN_POINT('',(-106.912590986,-43.268456305,17.979507038));
#5577=CARTESIAN_POINT('',(-107.51543139,-42.887545799,17.986381851));
#5578=CARTESIAN_POINT('',(-108.406559268,-42.250527397,17.993255727));
#5579=CARTESIAN_POINT('',(-109.15025706,-41.597606391,17.998254222));
#5580=CARTESIAN_POINT('',(-109.150257239,-41.597606233,17.998254223));
#5581=CARTESIAN_POINT('',(-109.150257419,-41.597606075,17.998254225));
#5582=CARTESIAN_POINT('',(-109.150257599,-41.597605917,17.998254226));
#5583=CARTESIAN_POINT('',(-102.598625689,-45.462943847,17.8988949));
#5584=CARTESIAN_POINT('',(-103.17275733,-45.259714076,17.901387871));
#5585=CARTESIAN_POINT('',(-103.999954707,-44.858412912,17.903880822));
#5586=CARTESIAN_POINT('',(-105.058418756,-44.314003377,17.907620256));
#5587=CARTESIAN_POINT('',(-105.38084198,-44.142129453,17.908866737));
#5588=CARTESIAN_POINT('',(-106.116519924,-43.743907465,17.912606138));
#5589=CARTESIAN_POINT('',(-106.3021375,-43.632631622,17.91509906));
#5590=CARTESIAN_POINT('',(-106.674649752,-43.400824112,17.917903525));
#5591=CARTESIAN_POINT('',(-106.718420252,-43.373545865,17.918215122));
#5592=CARTESIAN_POINT('',(-106.904915259,-43.257024835,17.919461549));
#5593=CARTESIAN_POINT('',(-107.507414671,-42.877211313,17.922889183));
#5594=CARTESIAN_POINT('',(-108.398255172,-42.241254344,17.926316702));
#5595=CARTESIAN_POINT('',(-109.141763053,-41.589077387,17.928809328));
#5596=CARTESIAN_POINT('',(-109.141763232,-41.589077229,17.928809329));
#5597=CARTESIAN_POINT('',(-109.141763412,-41.589077072,17.92880933));
#5598=CARTESIAN_POINT('',(-109.141763592,-41.589076914,17.92880933));
#5599=CARTESIAN_POINT('',(-102.592949804,-45.445009491,17.859538126));
#5600=CARTESIAN_POINT('',(-103.166845732,-45.242564074,17.859523669));
#5601=CARTESIAN_POINT('',(-103.993813553,-44.842043286,17.859509207));
#5602=CARTESIAN_POINT('',(-105.051929645,-44.298806452,17.859487516));
#5603=CARTESIAN_POINT('',(-105.374236279,-44.127323787,17.859480286));
#5604=CARTESIAN_POINT('',(-106.109559412,-43.730278698,17.859458591));
#5605=CARTESIAN_POINT('',(-106.294933843,-43.619791538,17.859444127));
#5606=CARTESIAN_POINT('',(-106.667176779,-43.388869419,17.859427846));
#5607=CARTESIAN_POINT('',(-106.710917408,-43.361689524,17.859426035));
#5608=CARTESIAN_POINT('',(-106.897293261,-43.245561755,17.8594188));
#5609=CARTESIAN_POINT('',(-107.499467262,-42.866828598,17.859398896));
#5610=CARTESIAN_POINT('',(-108.389989778,-42.231947088,17.859378982));
#5611=CARTESIAN_POINT('',(-109.133269053,-41.580548381,17.859364484));
#5612=CARTESIAN_POINT('',(-109.133269232,-41.580548224,17.859364484));
#5613=CARTESIAN_POINT('',(-109.133269412,-41.580548066,17.859364484));
#5614=CARTESIAN_POINT('',(-109.133269592,-41.580547909,17.859364484));
#5615=B_SPLINE_SURFACE_WITH_KNOTS('',3,3,((#5519,#5520,#5521,#5522,#5523,#5524,#5525,#5526,#5527,#5528,#5529,#5530,#5531,#5532,#5533,#5534),(#5535,#5536,#5537,#5538,#5539,#5540,#5541,#5542,#5543,#5544,#5545,#5546,#5547,#5548,#5549,#5550),(#5551,#5552,#5553,#5554,#5555,#5556,#5557,#5558,#5559,#5560,#5561,#5562,#5563,#5564,#5565,#5566),(#5567,#5568,#5569,#5570,#5571,#5572,#5573,#5574,#5575,#5576,#5577,#5578,#5579,#5580,#5581,#5582),(#5583,#5584,#5585,#5586,#5587,#5588,#5589,#5590,#5591,#5592,#5593,#5594,#5595,#5596,#5597,#5598),(#5599,#5600,#5601,#5602,#5603,#5604,#5605,#5606,#5607,#5608,#5609,#5610,#5611,#5612,#5613,#5614)),.UNSPECIFIED.,.F.,.F.,.U.,(4,2,4),(4,2,2,2,2,1,3,4),(0.110841453,0.986137744,1.000026719),(0.000156023,0.250116569,0.375097141,0.625058285,0.656303428,0.750038857,1.,1.00000006),.UNSPECIFIED.);
#5616=ORIENTED_EDGE('',*,*,#4122,.F.);
#5617=CARTESIAN_POINT('',(-104.61072432,-48.048861578,25.569226011));
#5618=VERTEX_POINT('',#5617);
#5619=CARTESIAN_POINT('',(-104.61072432,-48.048861578,25.569226011));
#5620=CARTESIAN_POINT('',(-104.496686736,-47.852436652,24.977112131));
#5621=CARTESIAN_POINT('',(-104.368403251,-47.660873197,24.376640299));
#5622=CARTESIAN_POINT('',(-104.230193186,-47.468192254,23.773967013));
#5623=CARTESIAN_POINT('',(-104.091983121,-47.27551131,23.171293728));
#5624=CARTESIAN_POINT('',(-103.944072057,-47.081722438,22.566597443));
#5625=CARTESIAN_POINT('',(-103.790523717,-46.883494258,21.964071186));
#5626=CARTESIAN_POINT('',(-103.636975378,-46.685266079,21.361544928));
#5627=CARTESIAN_POINT('',(-103.477435447,-46.483024265,20.76059364));
#5628=CARTESIAN_POINT('',(-103.308245093,-46.276071803,20.16125134));
#5629=CARTESIAN_POINT('',(-103.223649916,-46.172595572,19.86158019));
#5630=CARTESIAN_POINT('',(-103.135999347,-46.068250423,19.562044068));
#5631=CARTESIAN_POINT('',(-103.0403953,-45.963683799,19.261667279));
#5632=CARTESIAN_POINT('',(-102.992593277,-45.911400486,19.111478885));
#5633=CARTESIAN_POINT('',(-102.942409562,-45.85918134,18.960884657));
#5634=CARTESIAN_POINT('',(-102.886242185,-45.807563538,18.808816165));
#5635=CARTESIAN_POINT('',(-102.858158497,-45.781754636,18.73278192));
#5636=CARTESIAN_POINT('',(-102.828542996,-45.75611475,18.656361881));
#5637=CARTESIAN_POINT('',(-102.794605309,-45.731153799,18.578631859));
#5638=CARTESIAN_POINT('',(-102.777636466,-45.718673323,18.539766848));
#5639=CARTESIAN_POINT('',(-102.759405757,-45.706405459,18.500509883));
#5640=CARTESIAN_POINT('',(-102.739148202,-45.694464181,18.460618411));
#5641=CARTESIAN_POINT('',(-102.729019425,-45.688493542,18.440672675));
#5642=CARTESIAN_POINT('',(-102.719394782,-45.682382884,18.42093264));
#5643=CARTESIAN_POINT('',(-102.705965876,-45.67706805,18.399858465));
#5644=CARTESIAN_POINT('',(-102.699251423,-45.674410633,18.389321378));
#5645=CARTESIAN_POINT('',(-102.691171737,-45.672012474,18.378259697));
#5646=CARTESIAN_POINT('',(-102.685022339,-45.669210382,18.367969003));
#5647=CARTESIAN_POINT('',(-102.67887294,-45.66640829,18.357678309));
#5648=CARTESIAN_POINT('',(-102.674269792,-45.663349294,18.348089111));
#5649=CARTESIAN_POINT('',(-102.661571416,-45.661834329,18.335358965));
#5650=B_SPLINE_CURVE_WITH_KNOTS('',3,(#5619,#5620,#5621,#5622,#5623,#5624,#5625,#5626,#5627,#5628,#5629,#5630,#5631,#5632,#5633,#5634,#5635,#5636,#5637,#5638,#5639,#5640,#5641,#5642,#5643,#5644,
#5645,#5646,#5647,#5648,#5649),.UNSPECIFIED.,.F.,.F.,(4,3,3,3,3,3,3,3,3,3,4),(0.001224411,0.003113069,0.005001727,0.006890384,0.007834713,0.008306878,0.00854296,0.008661001,0.008720021,0.008749532,0.008779042),.UNSPECIFIED.);
#5651=EDGE_CURVE('',#5618,#551,#5650,.T.);
#5652=ORIENTED_EDGE('',*,*,#5651,.F.);
#5653=CARTESIAN_POINT('',(-104.945763159,-47.778134438,25.67862974));
#5654=VERTEX_POINT('',#5653);
#5655=CARTESIAN_POINT('',(-104.61072432,-48.048861578,25.569226011));
#5656=CARTESIAN_POINT('',(-104.720577528,-47.94983436,25.58511787));
#5657=CARTESIAN_POINT('',(-104.83413113,-47.858286099,25.6214616));
#5658=CARTESIAN_POINT('',(-104.945766679,-47.778077304,25.678520947));
#5659=B_SPLINE_CURVE_WITH_KNOTS('',3,(#5655,#5656,#5657,#5658),.UNSPECIFIED.,.F.,.F.,(4,4),(0.001156796,0.001603449),.UNSPECIFIED.);
#5660=EDGE_CURVE('',#5618,#5654,#5659,.T.);
#5661=ORIENTED_EDGE('',*,*,#5660,.T.);
#5662=CARTESIAN_POINT('',(-109.877044831,-44.065085057,30.169510834));
#5663=VERTEX_POINT('',#5662);
#5664=CARTESIAN_POINT('',(-104.945763159,-47.778134438,25.67862974));
#5665=CARTESIAN_POINT('',(-105.42854293,-47.431370265,25.925613762));
#5666=CARTESIAN_POINT('',(-105.900077251,-47.097562591,26.205275847));
#5667=CARTESIAN_POINT('',(-106.353215133,-46.766773758,26.517546814));
#5668=CARTESIAN_POINT('',(-106.806353016,-46.435984925,26.829817781));
#5669=CARTESIAN_POINT('',(-107.240640439,-46.107086986,27.175307344));
#5670=CARTESIAN_POINT('',(-107.653239629,-45.790116297,27.551107148));
#5671=CARTESIAN_POINT('',(-107.859539223,-45.631630952,27.73900705));
#5672=CARTESIAN_POINT('',(-108.06085852,-45.47601887,27.934740471));
#5673=CARTESIAN_POINT('',(-108.257605876,-45.324006094,28.138468242));
#5674=CARTESIAN_POINT('',(-108.454353232,-45.171993319,28.342196012));
#5675=CARTESIAN_POINT('',(-108.646510393,-45.023533175,28.55397036));
#5676=CARTESIAN_POINT('',(-108.83249019,-44.879446533,28.772466801));
#5677=CARTESIAN_POINT('',(-109.204449782,-44.591273249,29.209459684));
#5678=CARTESIAN_POINT('',(-109.552909066,-44.319317635,29.674622513));
#5679=CARTESIAN_POINT('',(-109.877044829,-44.065085058,30.169510832));
#5680=B_SPLINE_CURVE_WITH_KNOTS('',3,(#5664,#5665,#5666,#5667,#5668,#5669,#5670,#5671,#5672,#5673,#5674,#5675,#5676,#5677,#5678,#5679),.UNSPECIFIED.,.F.,.F.,(4,3,3,3,3,4),(0.,0.001925033,0.003850066,0.004812583,0.005775099,0.007700132),.UNSPECIFIED.);
#5681=EDGE_CURVE('',#5654,#5663,#5680,.T.);
#5682=ORIENTED_EDGE('',*,*,#5681,.T.);
#5683=CARTESIAN_POINT('',(-110.764165593,-43.218185382,31.193251035));
#5684=VERTEX_POINT('',#5683);
#5685=CARTESIAN_POINT('',(-110.764167,-43.218186716,31.193251109));
#5686=CARTESIAN_POINT('',(-110.606539295,-43.391775566,31.061660538));
#5687=CARTESIAN_POINT('',(-110.453367513,-43.549620682,30.910121845));
#5688=CARTESIAN_POINT('',(-110.304625617,-43.691639622,30.738578788));
#5689=CARTESIAN_POINT('',(-110.15588372,-43.833658563,30.567035732));
#5690=CARTESIAN_POINT('',(-110.011461133,-43.959691589,30.374846073));
#5691=CARTESIAN_POINT('',(-109.877003196,-44.065157972,30.169575569));
#5692=B_SPLINE_CURVE_WITH_KNOTS('',3,(#5685,#5686,#5687,#5688,#5689,#5690,#5691),.UNSPECIFIED.,.F.,.F.,(4,3,4),(0.,0.000801113,0.001602227),.UNSPECIFIED.);
#5693=EDGE_CURVE('',#5684,#5663,#5692,.T.);
#5694=ORIENTED_EDGE('',*,*,#5693,.F.);
#5695=CARTESIAN_POINT('',(-109.485303412,-41.934033628,20.737510128));
#5696=VERTEX_POINT('',#5695);
#5697=CARTESIAN_POINT('',(-110.764165593,-43.218185382,31.193251035));
#5698=CARTESIAN_POINT('',(-110.337878279,-42.790133487,27.708002772));
#5699=CARTESIAN_POINT('',(-109.911590633,-42.362083839,24.222756496));
#5700=CARTESIAN_POINT('',(-109.485303412,-41.934033628,20.737510128));
#5701=B_SPLINE_CURVE_WITH_KNOTS('',3,(#5697,#5698,#5699,#5700),.UNSPECIFIED.,.F.,.F.,(4,4),(1.082915033,11.694559648),.UNSPECIFIED.);
#5702=EDGE_CURVE('',#5684,#5696,#5701,.T.);
#5703=ORIENTED_EDGE('',*,*,#5702,.T.);
#5704=CARTESIAN_POINT('',(-109.133318727,-41.580597262,17.859765259));
#5705=DIRECTION('',(-0.120515773,-0.1210126,0.985308022));
#5706=VECTOR('',#5705,2.920655066);
#5707=LINE('',#5704,#5706);
#5708=EDGE_CURVE('',#4221,#5696,#5707,.T.);
#5709=ORIENTED_EDGE('',*,*,#5708,.F.);
#5710=ORIENTED_EDGE('',*,*,#4227,.T.);
#5711=ORIENTED_EDGE('',*,*,#4218,.T.);
#5712=ORIENTED_EDGE('',*,*,#4210,.T.);
#5713=EDGE_LOOP('',(#5616,#5652,#5661,#5682,#5694,#5703,#5709,#5710,#5711,#5712));
#5714=FACE_BOUND('',#5713,.T.);
#5715=ADVANCED_FACE('',(#5714),#5615,.F.);
#5716=CARTESIAN_POINT('',(-112.45920475,-38.077977367,17.859761743));
#5717=CARTESIAN_POINT('',(-112.919817612,-38.483960071,22.493097619));
#5718=CARTESIAN_POINT('',(-113.380429205,-38.889943588,27.126430942));
#5719=CARTESIAN_POINT('',(-113.841041294,-39.295926788,31.759765261));
#5720=CARTESIAN_POINT('',(-112.455380888,-38.083242145,17.859761743));
#5721=CARTESIAN_POINT('',(-112.915559815,-38.490421646,22.493097619));
#5722=CARTESIAN_POINT('',(-113.375736693,-38.897602977,27.126430942));
#5723=CARTESIAN_POINT('',(-113.835914373,-39.304783594,31.759765261));
#5724=CARTESIAN_POINT('',(-112.451566114,-38.088493366,17.859761743));
#5725=CARTESIAN_POINT('',(-112.911305964,-38.496874815,22.493097619));
#5726=CARTESIAN_POINT('',(-113.371045355,-38.905256203,27.126430942));
#5727=CARTESIAN_POINT('',(-113.830784925,-39.313637614,31.759765261));
#5728=CARTESIAN_POINT('',(-112.376269137,-38.192088322,17.859761743));
#5729=CARTESIAN_POINT('',(-112.827114208,-38.624495993,22.493097619));
#5730=CARTESIAN_POINT('',(-113.277958652,-39.056903337,27.126430942));
#5731=CARTESIAN_POINT('',(-113.72880334,-39.489310808,31.759765261));
#5732=CARTESIAN_POINT('',(-112.311064315,-38.281013528,17.859761743));
#5733=CARTESIAN_POINT('',(-112.750775305,-38.738731679,22.493097619));
#5734=CARTESIAN_POINT('',(-113.190485532,-39.19644973,27.126430942));
#5735=CARTESIAN_POINT('',(-113.630196056,-39.65416782,31.759765261));
#5736=CARTESIAN_POINT('',(-112.185987649,-38.447823912,17.859761743));
#5737=CARTESIAN_POINT('',(-112.59819127,-38.962170689,22.493097619));
#5738=CARTESIAN_POINT('',(-113.010394227,-39.476517133,27.126430942));
#5739=CARTESIAN_POINT('',(-113.422597442,-39.990863707,31.759765261));
#5740=CARTESIAN_POINT('',(-112.126880591,-38.524410548,17.859761743));
#5741=CARTESIAN_POINT('',(-112.522374436,-39.070414843,22.493097619));
#5742=CARTESIAN_POINT('',(-112.917867493,-39.616418904,27.126430942));
#5743=CARTESIAN_POINT('',(-113.313360859,-40.162423056,31.759765261));
#5744=CARTESIAN_POINT('',(-112.0384229,-38.634289677,17.859761743));
#5745=CARTESIAN_POINT('',(-112.407568125,-39.228527208,22.493097619));
#5746=CARTESIAN_POINT('',(-112.776712745,-39.822765,27.126430942));
#5747=CARTESIAN_POINT('',(-113.1458576,-40.41700269,31.759765261));
#5748=CARTESIAN_POINT('',(-112.00895817,-38.670100413,17.859761743));
#5749=CARTESIAN_POINT('',(-112.369110397,-39.280534857,22.493097619));
#5750=CARTESIAN_POINT('',(-112.729262217,-39.890969448,27.126430942));
#5751=CARTESIAN_POINT('',(-113.089414195,-40.501403982,31.759765261));
#5752=CARTESIAN_POINT('',(-111.947829201,-38.742906639,17.859761743));
#5753=CARTESIAN_POINT('',(-112.290271846,-39.385097163,22.493097619));
#5754=CARTESIAN_POINT('',(-112.632714482,-40.027287512,27.126430942));
#5755=CARTESIAN_POINT('',(-112.97515712,-40.669477929,31.759765261));
#5756=CARTESIAN_POINT('',(-111.916174492,-38.779888319,17.859761743));
#5757=CARTESIAN_POINT('',(-112.249897607,-39.43764227,22.493097619));
#5758=CARTESIAN_POINT('',(-112.583620916,-40.095395848,27.126430942));
#5759=CARTESIAN_POINT('',(-112.91734415,-40.753149572,31.759765261));
#5760=CARTESIAN_POINT('',(-111.81448914,-38.896920338,17.859761743));
#5761=CARTESIAN_POINT('',(-112.123531583,-39.599067334,22.493097619));
#5762=CARTESIAN_POINT('',(-112.4325744,-40.301213904,27.126430942));
#5763=CARTESIAN_POINT('',(-112.741617072,-41.003360641,31.759765261));
#5764=CARTESIAN_POINT('',(-111.737355253,-38.983609133,17.859761743));
#5765=CARTESIAN_POINT('',(-112.032032536,-39.712118304,22.493097619));
#5766=CARTESIAN_POINT('',(-112.326709645,-40.440627495,27.126430942));
#5767=CARTESIAN_POINT('',(-112.621386823,-41.169136679,31.759765261));
#5768=CARTESIAN_POINT('',(-111.595916939,-39.140683503,17.859761743));
#5769=CARTESIAN_POINT('',(-111.875824687,-39.899515027,22.493097619));
#5770=CARTESIAN_POINT('',(-112.155731907,-40.658346321,27.126430942));
#5771=CARTESIAN_POINT('',(-112.435639333,-41.417177705,31.759765261));
#5772=CARTESIAN_POINT('',(-111.544507274,-39.197508879,17.859761743));
#5773=CARTESIAN_POINT('',(-111.820613515,-39.964923266,22.493097619));
#5774=CARTESIAN_POINT('',(-112.096719183,-40.732337202,27.126430942));
#5775=CARTESIAN_POINT('',(-112.372825075,-41.499751314,31.759765261));
#5776=CARTESIAN_POINT('',(-111.432042672,-39.321162243,17.859761743));
#5777=CARTESIAN_POINT('',(-111.703138989,-40.102357328,22.493097619));
#5778=CARTESIAN_POINT('',(-111.974234824,-40.883551586,27.126430942));
#5779=CARTESIAN_POINT('',(-112.245330846,-41.664746167,31.759765261));
#5780=CARTESIAN_POINT('',(-111.370976727,-39.388006466,17.859761743));
#5781=CARTESIAN_POINT('',(-111.640867989,-40.17439445,22.493097619));
#5782=CARTESIAN_POINT('',(-111.910758971,-40.960781302,27.126430942));
#5783=CARTESIAN_POINT('',(-112.180650062,-41.747168596,31.759765261));
#5784=CARTESIAN_POINT('',(-111.23812861,-39.532696054,17.859761743));
#5785=CARTESIAN_POINT('',(-111.50853817,-40.325770113,22.493097619));
#5786=CARTESIAN_POINT('',(-111.778947809,-41.118843468,27.126430942));
#5787=CARTESIAN_POINT('',(-112.049357417,-41.911917098,31.759765261));
#5788=CARTESIAN_POINT('',(-111.166390378,-39.610465576,17.859761743));
#5789=CARTESIAN_POINT('',(-111.438509891,-40.405056053,22.493097619));
#5790=CARTESIAN_POINT('',(-111.71062934,-41.199646917,27.126430942));
#5791=CARTESIAN_POINT('',(-111.982748815,-41.99423763,31.759765261));
#5792=CARTESIAN_POINT('',(-111.050497525,-39.735292695,17.859761743));
#5793=CARTESIAN_POINT('',(-111.327458388,-40.529404267,22.493097619));
#5794=CARTESIAN_POINT('',(-111.604418925,-41.323516083,27.126430942));
#5795=CARTESIAN_POINT('',(-111.88137959,-42.117627804,31.759765261));
#5796=CARTESIAN_POINT('',(-111.010481291,-39.778264045,17.859761743));
#5797=CARTESIAN_POINT('',(-111.289436674,-40.5717569,22.493097619));
#5798=CARTESIAN_POINT('',(-111.568391666,-41.365249855,27.126430942));
#5799=CARTESIAN_POINT('',(-111.847346811,-42.158742771,31.759765261));
#5800=CARTESIAN_POINT('',(-110.927214489,-39.867217176,17.859761743));
#5801=CARTESIAN_POINT('',(-111.211064192,-40.658465352,22.493097619));
#5802=CARTESIAN_POINT('',(-111.494913452,-41.449713331,27.126430942));
#5803=CARTESIAN_POINT('',(-111.778762885,-42.240961388,31.759765261));
#5804=CARTESIAN_POINT('',(-110.883975757,-39.913190577,17.859761743));
#5805=CARTESIAN_POINT('',(-111.170721602,-40.702815376,22.493097619));
#5806=CARTESIAN_POINT('',(-111.457467022,-41.492439832,27.126430942));
#5807=CARTESIAN_POINT('',(-111.744212608,-42.282064422,31.759765261));
#5808=CARTESIAN_POINT('',(-110.793745976,-40.008471997,17.859761743));
#5809=CARTESIAN_POINT('',(-111.087349947,-40.793741878,22.493097619));
#5810=CARTESIAN_POINT('',(-111.380953629,-41.579011273,27.126430942));
#5811=CARTESIAN_POINT('',(-111.674557423,-42.364280858,31.759765261));
#5812=CARTESIAN_POINT('',(-110.746714122,-40.057808907,17.859761743));
#5813=CARTESIAN_POINT('',(-111.044292686,-40.840338331,22.493097619));
#5814=CARTESIAN_POINT('',(-111.341871073,-41.622867259,27.126430942));
#5815=CARTESIAN_POINT('',(-111.639449528,-42.40539638,31.759765261));
#5816=CARTESIAN_POINT('',(-110.647748619,-40.160588613,17.859761743));
#5817=CARTESIAN_POINT('',(-110.954697912,-40.936290091,22.493097619));
#5818=CARTESIAN_POINT('',(-111.261647249,-41.711991097,27.126430942));
#5819=CARTESIAN_POINT('',(-111.56859657,-42.487692288,31.759765261));
#5820=CARTESIAN_POINT('',(-110.595828925,-40.21402153,17.859761743));
#5821=CARTESIAN_POINT('',(-110.908170045,-40.985638573,22.493097619));
#5822=CARTESIAN_POINT('',(-111.220511317,-41.757255174,27.126430942));
#5823=CARTESIAN_POINT('',(-111.53285253,-42.528871948,31.759765261));
#5824=CARTESIAN_POINT('',(-110.485954863,-40.325752771,17.859761743));
#5825=CARTESIAN_POINT('',(-110.810851742,-41.087618648,22.493097619));
#5826=CARTESIAN_POINT('',(-111.135748909,-41.849484132,27.126430942));
#5827=CARTESIAN_POINT('',(-111.460645964,-42.611349769,31.759765261));
#5828=CARTESIAN_POINT('',(-110.427958144,-40.384081078,17.859761743));
#5829=CARTESIAN_POINT('',(-110.760032037,-41.140270963,22.493097619));
#5830=CARTESIAN_POINT('',(-111.092106246,-41.896460473,27.126430942));
#5831=CARTESIAN_POINT('',(-111.424180333,-42.652650129,31.759765261));
#5832=CARTESIAN_POINT('',(-110.30417337,-40.506804232,17.859761743));
#5833=CARTESIAN_POINT('',(-110.652916629,-41.249688137,22.493097619));
#5834=CARTESIAN_POINT('',(-111.001660136,-41.992571699,27.126430942));
#5835=CARTESIAN_POINT('',(-111.350403546,-42.735455396,31.759765261));
#5836=CARTESIAN_POINT('',(-110.23840147,-40.571187642,17.859761743));
#5837=CARTESIAN_POINT('',(-110.596632095,-41.306445093,22.493097619));
#5838=CARTESIAN_POINT('',(-110.954862864,-42.041702214,27.126430942));
#5839=CARTESIAN_POINT('',(-111.313093576,-42.776959463,31.759765261));
#5840=CARTESIAN_POINT('',(-110.097317752,-40.707216418,17.859761743));
#5841=CARTESIAN_POINT('',(-110.477379164,-41.424897036,22.493097619));
#5842=CARTESIAN_POINT('',(-110.857440376,-42.142577342,27.126430942));
#5843=CARTESIAN_POINT('',(-111.237501665,-42.860257768,31.759765261));
#5844=CARTESIAN_POINT('',(-110.021962442,-40.778892578,17.859761743));
#5845=CARTESIAN_POINT('',(-110.414380695,-41.486613305,22.493097619));
#5846=CARTESIAN_POINT('',(-110.806798537,-42.194333727,27.126430942));
#5847=CARTESIAN_POINT('',(-111.199216539,-42.902054268,31.759765261));
#5848=CARTESIAN_POINT('',(-109.859348857,-40.931137287,17.859761743));
#5849=CARTESIAN_POINT('',(-110.280067209,-41.616110021,22.493097619));
#5850=CARTESIAN_POINT('',(-110.700784895,-42.301082447,27.126430942));
#5851=CARTESIAN_POINT('',(-111.121502841,-42.986054994,31.759765261));
#5852=CARTESIAN_POINT('',(-109.772113062,-41.011689272,17.859761743));
#5853=CARTESIAN_POINT('',(-110.208767698,-41.683879021,22.493097619));
#5854=CARTESIAN_POINT('',(-110.645421679,-42.35606845,27.126430942));
#5855=CARTESIAN_POINT('',(-111.082075916,-43.028258005,31.759765261));
#5856=CARTESIAN_POINT('',(-109.524361061,-41.236978464,17.859761743));
#5857=CARTESIAN_POINT('',(-110.00852491,-41.871229994,22.493097619));
#5858=CARTESIAN_POINT('',(-110.492688333,-42.505481162,27.126430942));
#5859=CARTESIAN_POINT('',(-110.976851923,-43.139732472,31.759765261));
#5860=CARTESIAN_POINT('',(-109.352010509,-41.390443085,17.859761743));
#5861=CARTESIAN_POINT('',(-109.871329282,-41.996776226,22.493097619));
#5862=CARTESIAN_POINT('',(-110.39064788,-42.603108942,27.126430942));
#5863=CARTESIAN_POINT('',(-110.909966552,-43.209441825,31.759765261));
#5864=CARTESIAN_POINT('',(-109.147537379,-41.568246032,17.859761743));
#5865=CARTESIAN_POINT('',(-109.711164064,-42.13972771,22.493097619));
#5866=CARTESIAN_POINT('',(-110.274790998,-42.711208544,27.126430942));
#5867=CARTESIAN_POINT('',(-110.838417835,-43.282689707,31.759765261));
#5868=CARTESIAN_POINT('',(-109.140423297,-41.574426579,17.859761743));
#5869=CARTESIAN_POINT('',(-109.70559498,-42.14469342,22.493097619));
#5870=CARTESIAN_POINT('',(-110.270766926,-42.714959402,27.126430942));
#5871=CARTESIAN_POINT('',(-110.83593877,-43.28522572,31.759765261));
#5872=CARTESIAN_POINT('',(-109.133292536,-41.580619232,17.859761743));
#5873=CARTESIAN_POINT('',(-109.70001429,-42.149667424,22.493097619));
#5874=CARTESIAN_POINT('',(-110.266736324,-42.718714742,27.126430942));
#5875=CARTESIAN_POINT('',(-110.833458248,-43.287762401,31.759765261));
#5876=B_SPLINE_SURFACE_WITH_KNOTS('',3,3,((#5716,#5717,#5718,#5719),(#5720,#5721,#5722,#5723),(#5724,#5725,#5726,#5727),(#5728,#5729,#5730,#5731),(#5732,#5733,#5734,#5735),(#5736,#5737,#5738,#5739),(#5740,#5741,#5742,#5743),(#5744,#5745,#5746,#5747),(#5748,#5749,#5750,#5751),(#5752,#5753,#5754,#5755),(#5756,#5757,#5758,#5759),(#5760,#5761,#5762,#5763),(#5764,#5765,#5766,#5767),(#5768,#5769,#5770,#5771),(#5772,#5773,#5774,#5775),(#5776,#5777,#5778,#5779),(#5780,#5781,#5782,#5783),(#5784,#5785,#5786,#5787),(#5788,#5789,#5790,#5791),(#5792,#5793,#5794,#5795),(#5796,#5797,#5798,#5799),(#5800,#5801,#5802,#5803),(#5804,#5805,#5806,#5807),(#5808,#5809,#5810,#5811),(#5812,#5813,#5814,#5815),(#5816,#5817,#5818,#5819),
(#5820,#5821,#5822,#5823),(#5824,#5825,#5826,#5827),(#5828,#5829,#5830,#5831),(#5832,#5833,#5834,#5835),(#5836,#5837,#5838,#5839),(#5840,#5841,#5842,#5843),(#5844,#5845,#5846,#5847),(#5848,#5849,#5850,#5851),(#5852,#5853,#5854,#5855),(#5856,#5857,#5858,#5859),(#5860,#5861,#5862,#5863),(#5864,#5865,#5866,#5867),(#5868,#5869,#5870,#5871),(#5872,#5873,#5874,#5875)),.UNSPECIFIED.,.F.,.F.,.U.,(4,2,2,2,2,2,2,2,2,2,2,2,2,2,2,2,2,2,2,4),(4,4),(-0.000000111,0.006286702,0.124837426,0.251291532,0.314518585,0.377745638,0.504199743,0.567426796,0.630653849,0.693880902,0.725494429,0.757107955,0.788721482,0.820335008,0.851948534,0.883562061,0.915175587,0.946789114,0.998161094,1.000002319),(-0.000000235,0.926666665),.UNSPECIFIED.);
#5877=ORIENTED_EDGE('',*,*,#4246,.F.);
#5878=ORIENTED_EDGE('',*,*,#5708,.T.);
#5879=ORIENTED_EDGE('',*,*,#5702,.F.);
#5880=CARTESIAN_POINT('',(-112.256296948,-41.650263345,31.759765259));
#5881=VERTEX_POINT('',#5880);
#5882=CARTESIAN_POINT('',(-110.764165593,-43.218185382,31.193251035));
#5883=CARTESIAN_POINT('',(-111.01549474,-43.01048406,31.376695662));
#5884=CARTESIAN_POINT('',(-111.274005988,-42.767487276,31.520813509));
#5885=CARTESIAN_POINT('',(-111.526382978,-42.501253941,31.616570483));
#5886=CARTESIAN_POINT('',(-111.778759968,-42.235020606,31.712327457));
#5887=CARTESIAN_POINT('',(-112.023228326,-41.949323118,31.759765259));
#5888=CARTESIAN_POINT('',(-112.256296945,-41.650263348,31.759765259));
#5889=B_SPLINE_CURVE_WITH_KNOTS('',3,(#5882,#5883,#5884,#5885,#5886,#5887,#5888),.UNSPECIFIED.,.F.,.F.,(4,3,4),(0.002666218,0.003799191,0.004932164),.UNSPECIFIED.);
#5890=EDGE_CURVE('',#5684,#5881,#5889,.T.);
#5891=ORIENTED_EDGE('',*,*,#5890,.T.);
#5892=CARTESIAN_POINT('',(-113.841041294,-39.295926788,31.759765259));
#5893=VERTEX_POINT('',#5892);
#5894=CARTESIAN_POINT('',(-113.841041294,-39.295926788,31.759765259));
#5895=CARTESIAN_POINT('',(-113.6037767,-39.705803679,31.759765259));
#5896=CARTESIAN_POINT('',(-113.35353715,-40.10814354,31.759765259));
#5897=CARTESIAN_POINT('',(-113.089420927,-40.5009336,31.759765259));
#5898=CARTESIAN_POINT('',(-112.957362816,-40.69732863,31.759765259));
#5899=CARTESIAN_POINT('',(-112.82189227,-40.891293302,31.759765259));
#5900=CARTESIAN_POINT('',(-112.683014225,-41.082831132,31.759765259));
#5901=CARTESIAN_POINT('',(-112.54413618,-41.274368962,31.759765259));
#5902=CARTESIAN_POINT('',(-112.402656968,-41.462462908,31.759765259));
#5903=CARTESIAN_POINT('',(-112.256296948,-41.650263345,31.759765259));
#5904=B_SPLINE_CURVE_WITH_KNOTS('',3,(#5894,#5895,#5896,#5897,#5898,#5899,#5900,#5901,#5902,#5903),.UNSPECIFIED.,.F.,.F.,(4,3,3,4),(0.,0.001420349,0.002130523,0.002840698),.UNSPECIFIED.);
#5905=EDGE_CURVE('',#5893,#5881,#5904,.T.);
#5906=ORIENTED_EDGE('',*,*,#5905,.F.);
#5907=CARTESIAN_POINT('',(-112.45920355,-38.077979944,17.859765869));
#5908=CARTESIAN_POINT('',(-112.919816211,-38.483962553,22.493098962));
#5909=CARTESIAN_POINT('',(-113.380428443,-38.889945203,27.126432095));
#5910=CARTESIAN_POINT('',(-113.841041294,-39.295926788,31.759765259));
#5911=B_SPLINE_CURVE_WITH_KNOTS('',3,(#5907,#5908,#5909,#5910),.UNSPECIFIED.,.F.,.F.,(4,4),(-0.,0.014021514),.UNSPECIFIED.);
#5912=EDGE_CURVE('',#3847,#5893,#5911,.T.);
#5913=ORIENTED_EDGE('',*,*,#5912,.F.);
#5914=EDGE_LOOP('',(#5877,#5878,#5879,#5891,#5906,#5913));
#5915=FACE_BOUND('',#5914,.T.);
#5916=ADVANCED_FACE('',(#5915),#5876,.T.);
#5917=CARTESIAN_POINT('',(-102.660679994,-45.662068713,18.335131295));
#5918=CARTESIAN_POINT('',(-102.660642097,-45.662077463,18.33511921));
#5919=CARTESIAN_POINT('',(-102.6606042,-45.662086213,18.335107124));
#5920=CARTESIAN_POINT('',(-102.660566303,-45.662094963,18.335095039));
#5921=CARTESIAN_POINT('',(-102.660546327,-45.662099575,18.335088669));
#5922=CARTESIAN_POINT('',(-102.660526351,-45.662104187,18.335082299));
#5923=CARTESIAN_POINT('',(-102.660486397,-45.662113411,18.335069558));
#5924=CARTESIAN_POINT('',(-102.660466421,-45.662118023,18.335063188));
#5925=CARTESIAN_POINT('',(-102.660446444,-45.662122635,18.335056818));
#5926=CARTESIAN_POINT('',(-102.660445379,-45.662122881,18.335056478));
#5927=CARTESIAN_POINT('',(-102.660444314,-45.662123127,18.335056139));
#5928=CARTESIAN_POINT('',(-102.660443249,-45.662123373,18.335055799));
#5929=CARTESIAN_POINT('',(-102.67958613,-45.661226478,18.348032703));
#5930=CARTESIAN_POINT('',(-102.676363964,-45.662005338,18.347073128));
#5931=CARTESIAN_POINT('',(-102.673141798,-45.662784199,18.346113552));
#5932=CARTESIAN_POINT('',(-102.669919632,-45.66356306,18.345153976));
#5933=CARTESIAN_POINT('',(-102.668221168,-45.663973612,18.344648166));
#5934=CARTESIAN_POINT('',(-102.666522696,-45.664384148,18.344142363));
#5935=CARTESIAN_POINT('',(-102.66312574,-45.665205187,18.343130775));
#5936=CARTESIAN_POINT('',(-102.661427255,-45.665615691,18.34262499));
#5937=CARTESIAN_POINT('',(-102.659728764,-45.666026177,18.342119213));
#5938=CARTESIAN_POINT('',(-102.659638203,-45.666048064,18.342092246));
#5939=CARTESIAN_POINT('',(-102.659547642,-45.66606995,18.342065278));
#5940=CARTESIAN_POINT('',(-102.65945708,-45.666091837,18.342038311));
#5941=CARTESIAN_POINT('',(-102.693730886,-45.66116578,18.358979436));
#5942=CARTESIAN_POINT('',(-102.688013106,-45.662613886,18.357365264));
#5943=CARTESIAN_POINT('',(-102.682295327,-45.664061992,18.355751092));
#5944=CARTESIAN_POINT('',(-102.676577547,-45.665510098,18.35413692));
#5945=CARTESIAN_POINT('',(-102.673563598,-45.666273422,18.35328606));
#5946=CARTESIAN_POINT('',(-102.670548872,-45.667034787,18.352436203));
#5947=CARTESIAN_POINT('',(-102.66451787,-45.6685536,18.350738497));
#5948=CARTESIAN_POINT('',(-102.661501596,-45.669311047,18.349890647));
#5949=CARTESIAN_POINT('',(-102.658484548,-45.670066535,18.349043803));
#5950=CARTESIAN_POINT('',(-102.658323683,-45.670106817,18.34899865));
#5951=CARTESIAN_POINT('',(-102.658162818,-45.670147098,18.348953498));
#5952=CARTESIAN_POINT('',(-102.658001954,-45.67018738,18.348908345));
#5953=CARTESIAN_POINT('',(-102.719965419,-45.661635256,18.380568587));
#5954=CARTESIAN_POINT('',(-102.709646056,-45.664326813,18.37773207));
#5955=CARTESIAN_POINT('',(-102.699326694,-45.667018371,18.374895552));
#5956=CARTESIAN_POINT('',(-102.689007332,-45.669709929,18.372059035));
#5957=CARTESIAN_POINT('',(-102.683567801,-45.6711287,18.370563853));
#5958=CARTESIAN_POINT('',(-102.678125373,-45.672540252,18.369072366));
#5959=CARTESIAN_POINT('',(-102.667234768,-45.675348903,18.366096794));
#5960=CARTESIAN_POINT('',(-102.661786592,-45.676746004,18.36461271));
#5961=CARTESIAN_POINT('',(-102.656335566,-45.678135873,18.363132332));
#5962=CARTESIAN_POINT('',(-102.656044925,-45.678209979,18.3630534));
#5963=CARTESIAN_POINT('',(-102.655754284,-45.678284085,18.362974469));
#5964=CARTESIAN_POINT('',(-102.655463643,-45.678358191,18.362895537));
#5965=CARTESIAN_POINT('',(-102.730866007,-45.66227877,18.390509492));
#5966=CARTESIAN_POINT('',(-102.718622988,-45.665513797,18.38718719));
#5967=CARTESIAN_POINT('',(-102.706379968,-45.668748824,18.383864889));
#5968=CARTESIAN_POINT('',(-102.694136949,-45.671983851,18.380542587));
#5969=CARTESIAN_POINT('',(-102.687683422,-45.673689095,18.378791339));
#5970=CARTESIAN_POINT('',(-102.681225699,-45.675383924,18.377045419));
#5971=CARTESIAN_POINT('',(-102.668301945,-45.678752727,18.373564259));
#5972=CARTESIAN_POINT('',(-102.661835914,-45.680426702,18.371829019));
#5973=CARTESIAN_POINT('',(-102.655365768,-45.68209024,18.37009913));
#5974=CARTESIAN_POINT('',(-102.655020789,-45.682178938,18.370006895));
#5975=CARTESIAN_POINT('',(-102.65467581,-45.682267635,18.369914659));
#5976=CARTESIAN_POINT('',(-102.65433083,-45.682356333,18.369822424));
#5977=CARTESIAN_POINT('',(-102.76415293,-45.664111104,18.42080376));
#5978=CARTESIAN_POINT('',(-102.746036916,-45.669022946,18.415989419));
#5979=CARTESIAN_POINT('',(-102.727920901,-45.673934789,18.411175079));
#5980=CARTESIAN_POINT('',(-102.709804886,-45.678846631,18.406360738));
#5981=CARTESIAN_POINT('',(-102.700255592,-45.681435756,18.403823008));
#5982=CARTESIAN_POINT('',(-102.69069723,-45.684002578,18.401296681));
#5983=CARTESIAN_POINT('',(-102.671562623,-45.68909155,18.396266896));
#5984=CARTESIAN_POINT('',(-102.661986378,-45.6916137,18.393763439));
#5985=CARTESIAN_POINT('',(-102.652401317,-45.694113481,18.391271451));
#5986=CARTESIAN_POINT('',(-102.651890255,-45.694246766,18.391138582));
#5987=CARTESIAN_POINT('',(-102.651379193,-45.694380051,18.391005712));
#5988=CARTESIAN_POINT('',(-102.65086813,-45.694513336,18.390872843));
#5989=CARTESIAN_POINT('',(-102.784397022,-45.665663247,18.440382554));
#5990=CARTESIAN_POINT('',(-102.762705003,-45.671638742,18.434676877));
#5991=CARTESIAN_POINT('',(-102.741012985,-45.677614236,18.428971201));
#5992=CARTESIAN_POINT('',(-102.719320967,-45.68358973,18.423265524));
#5993=CARTESIAN_POINT('',(-102.707886694,-45.686739526,18.420257954));
#5994=CARTESIAN_POINT('',(-102.696439022,-45.689856583,18.417267114));
#5995=CARTESIAN_POINT('',(-102.673517326,-45.6960251,18.41131901));
#5996=CARTESIAN_POINT('',(-102.662043304,-45.699076559,18.408361746));
#5997=CARTESIAN_POINT('',(-102.650556334,-45.702095158,18.40542133));
#5998=CARTESIAN_POINT('',(-102.649943865,-45.702256106,18.405264551));
#5999=CARTESIAN_POINT('',(-102.649331395,-45.702417053,18.405107772));
#6000=CARTESIAN_POINT('',(-102.648718926,-45.702578001,18.404950993));
#6001=CARTESIAN_POINT('',(-102.841363516,-45.670956034,18.497905702));
#6002=CARTESIAN_POINT('',(-102.809588934,-45.680021996,18.489728753));
#6003=CARTESIAN_POINT('',(-102.777814352,-45.689087958,18.481551805));
#6004=CARTESIAN_POINT('',(-102.74603977,-45.69815392,18.473374857));
#6005=CARTESIAN_POINT('',(-102.729290787,-45.70293276,18.469064633));
#6006=CARTESIAN_POINT('',(-102.712513191,-45.707642819,18.464789521));
#6007=CARTESIAN_POINT('',(-102.678902145,-45.716924989,18.456309868));
#6008=CARTESIAN_POINT('',(-102.662068695,-45.721497102,18.452105329));
#6009=CARTESIAN_POINT('',(-102.645208006,-45.726000055,18.447936248));
#6010=CARTESIAN_POINT('',(-102.644309017,-45.726240146,18.447713958));
#6011=CARTESIAN_POINT('',(-102.643410029,-45.726480237,18.447491669));
#6012=CARTESIAN_POINT('',(-102.64251104,-45.726720329,18.447269379));
#6013=CARTESIAN_POINT('',(-102.874870408,-45.675213979,18.534842791));
#6014=CARTESIAN_POINT('',(-102.837149655,-45.686224552,18.5252557));
#6015=CARTESIAN_POINT('',(-102.799428903,-45.697235124,18.515668609));
#6016=CARTESIAN_POINT('',(-102.76170815,-45.708245697,18.506081518));
#6017=CARTESIAN_POINT('',(-102.741824828,-45.714049578,18.501027981));
#6018=CARTESIAN_POINT('',(-102.72189974,-45.719754178,18.496025091));
#6019=CARTESIAN_POINT('',(-102.681968437,-45.730964132,18.486121211));
#6020=CARTESIAN_POINT('',(-102.661962223,-45.736469487,18.481220221));
#6021=CARTESIAN_POINT('',(-102.641916654,-45.741874887,18.476370481));
#6022=CARTESIAN_POINT('',(-102.640847852,-45.742163095,18.4761119));
#6023=CARTESIAN_POINT('',(-102.63977905,-45.742451304,18.475853318));
#6024=CARTESIAN_POINT('',(-102.638710248,-45.742739512,18.475594737));
#6025=CARTESIAN_POINT('',(-102.969711333,-45.688743774,18.64396356));
#6026=CARTESIAN_POINT('',(-102.915164656,-45.705476251,18.630440274));
#6027=CARTESIAN_POINT('',(-102.860617979,-45.722208728,18.616916987));
#6028=CARTESIAN_POINT('',(-102.806071302,-45.738941205,18.603393701));
#6029=CARTESIAN_POINT('',(-102.777318717,-45.74776121,18.596265321));
#6030=CARTESIAN_POINT('',(-102.748478162,-45.756377534,18.589240713));
#6031=CARTESIAN_POINT('',(-102.690628143,-45.773200737,18.575400768));
#6032=CARTESIAN_POINT('',(-102.661618679,-45.781407615,18.568585429));
#6033=CARTESIAN_POINT('',(-102.632528298,-45.789408774,18.561875563));
#6034=CARTESIAN_POINT('',(-102.630977239,-45.789835385,18.561517802));
#6035=CARTESIAN_POINT('',(-102.62942618,-45.790261995,18.561160041));
#6036=CARTESIAN_POINT('',(-102.627875121,-45.790688606,18.560802281));
#6037=CARTESIAN_POINT('',(-103.025031011,-45.698845511,18.71433396));
#6038=CARTESIAN_POINT('',(-102.960669045,-45.719231823,18.698598317));
#6039=CARTESIAN_POINT('',(-102.89630708,-45.739618136,18.682862674));
#6040=CARTESIAN_POINT('',(-102.831945115,-45.760004449,18.667127031));
#6041=CARTESIAN_POINT('',(-102.798018706,-45.77075046,18.658832476));
#6042=CARTESIAN_POINT('',(-102.763964568,-45.781206068,18.650685768));
#6043=CARTESIAN_POINT('',(-102.695612975,-45.80153279,18.634690967));
#6044=CARTESIAN_POINT('',(-102.661315519,-45.811403904,18.626842875));
#6045=CARTESIAN_POINT('',(-102.626902512,-45.820981025,18.619145502));
#6046=CARTESIAN_POINT('',(-102.625067658,-45.821491664,18.618735089));
#6047=CARTESIAN_POINT('',(-102.623232804,-45.822002303,18.618324675));
#6048=CARTESIAN_POINT('',(-102.62139795,-45.822512941,18.617914262));
#6049=CARTESIAN_POINT('',(-103.181858473,-45.729837445,18.922970405));
#6050=CARTESIAN_POINT('',(-103.089732184,-45.761123287,18.901059154));
#6051=CARTESIAN_POINT('',(-102.997605896,-45.792409129,18.879147902));
#6052=CARTESIAN_POINT('',(-102.905479607,-45.823694971,18.857236651));
#6053=CARTESIAN_POINT('',(-102.856918098,-45.84018633,18.845686816));
#6054=CARTESIAN_POINT('',(-102.808088069,-45.856092187,18.834434699));
#6055=CARTESIAN_POINT('',(-102.70992556,-45.886721735,18.812533921));
#6056=CARTESIAN_POINT('',(-102.660593081,-45.901445427,18.80188526));
#6057=CARTESIAN_POINT('',(-102.611026841,-45.915572856,18.791542136));
#6058=CARTESIAN_POINT('',(-102.608384038,-45.916326111,18.790990655));
#6059=CARTESIAN_POINT('',(-102.605741234,-45.917079366,18.790439174));
#6060=CARTESIAN_POINT('',(-102.603098431,-45.917832621,18.789887693));
#6061=CARTESIAN_POINT('',(-103.273626078,-45.751536732,19.058548389));
#6062=CARTESIAN_POINT('',(-103.165332526,-45.789986297,19.033169921));
#6063=CARTESIAN_POINT('',(-103.057038975,-45.828435863,19.007791454));
#6064=CARTESIAN_POINT('',(-102.948745423,-45.866885428,18.982412987));
#6065=CARTESIAN_POINT('',(-102.891661844,-45.887152921,18.969035517));
#6066=CARTESIAN_POINT('',(-102.834187107,-45.906591404,18.956079319));
#6067=CARTESIAN_POINT('',(-102.718514391,-45.943790657,18.931022889));
#6068=CARTESIAN_POINT('',(-102.660316415,-45.961551426,18.918922657));
#6069=CARTESIAN_POINT('',(-102.601786702,-45.978464293,18.907256707));
#6070=CARTESIAN_POINT('',(-102.598665979,-45.979366064,18.906634695));
#6071=CARTESIAN_POINT('',(-102.595545255,-45.980267834,18.906012682));
#6072=CARTESIAN_POINT('',(-102.592424532,-45.981169605,18.90539067));
#6073=CARTESIAN_POINT('',(-103.53534391,-45.815868193,19.462382235));
#6074=CARTESIAN_POINT('',(-103.381191837,-45.87611838,19.427241917));
#6075=CARTESIAN_POINT('',(-103.227039763,-45.936368567,19.3921016));
#6076=CARTESIAN_POINT('',(-103.07288769,-45.996618754,19.356961282));
#6077=CARTESIAN_POINT('',(-102.991631217,-46.028377767,19.338438156));
#6078=CARTESIAN_POINT('',(-102.909538319,-46.058475192,19.320758834));
#6079=CARTESIAN_POINT('',(-102.743847132,-46.115286273,19.287124148));
#6080=CARTESIAN_POINT('',(-102.660248855,-46.141999926,19.271168785));
#6081=CARTESIAN_POINT('',(-102.575983079,-46.166994677,19.256091905));
#6082=CARTESIAN_POINT('',(-102.571490144,-46.168327363,19.255288027));
#6083=CARTESIAN_POINT('',(-102.56699721,-46.169660048,19.254484148));
#6084=CARTESIAN_POINT('',(-102.562504275,-46.170992734,19.25368027));
#6085=CARTESIAN_POINT('',(-103.69049438,-45.857976436,19.727323082));
#6086=CARTESIAN_POINT('',(-103.509496928,-45.933132799,19.686595584));
#6087=CARTESIAN_POINT('',(-103.328499475,-46.008289161,19.645868087));
#6088=CARTESIAN_POINT('',(-103.147502023,-46.083445524,19.60514059));
#6089=CARTESIAN_POINT('',(-103.052094843,-46.123061864,19.583672356));
#6090=CARTESIAN_POINT('',(-102.955450862,-46.160324553,19.563399273));
#6091=CARTESIAN_POINT('',(-102.759975593,-46.230034413,19.525303969));
#6092=CARTESIAN_POINT('',(-102.661144328,-46.262481576,19.507481751));
#6093=CARTESIAN_POINT('',(-102.561365536,-46.292473455,19.490911889));
#6094=CARTESIAN_POINT('',(-102.556045469,-46.29407258,19.490028407));
#6095=CARTESIAN_POINT('',(-102.550725402,-46.295671706,19.489144925));
#6096=CARTESIAN_POINT('',(-102.545405335,-46.297270831,19.488261443));
#6097=CARTESIAN_POINT('',(-104.136561917,-45.977648279,20.521624897));
#6098=CARTESIAN_POINT('',(-103.879225768,-46.099131664,20.46454966));
#6099=CARTESIAN_POINT('',(-103.621889618,-46.22061505,20.407474422));
#6100=CARTESIAN_POINT('',(-103.364553468,-46.342098436,20.350399185));
#6101=CARTESIAN_POINT('',(-103.228906717,-46.406134626,20.320313748));
#6102=CARTESIAN_POINT('',(-103.090506879,-46.465417411,20.292643755));
#6103=CARTESIAN_POINT('',(-102.809028289,-46.574127878,20.242301447));
#6104=CARTESIAN_POINT('',(-102.66594969,-46.623555503,20.21962916));
#6105=CARTESIAN_POINT('',(-102.520958611,-46.667909312,20.199524959));
#6106=CARTESIAN_POINT('',(-102.513227887,-46.670274196,20.198453031));
#6107=CARTESIAN_POINT('',(-102.505497164,-46.672639079,20.197381103));
#6108=CARTESIAN_POINT('',(-102.49776644,-46.675003963,20.196309175));
#6109=CARTESIAN_POINT('',(-104.405843414,-46.048816777,21.049472711));
#6110=CARTESIAN_POINT('',(-104.103599096,-46.203248215,20.982146948));
#6111=CARTESIAN_POINT('',(-103.801354777,-46.357679652,20.914821184));
#6112=CARTESIAN_POINT('',(-103.499110459,-46.512111089,20.847495421));
#6113=CARTESIAN_POINT('',(-103.339791763,-46.59351482,20.812006738));
#6114=CARTESIAN_POINT('',(-103.176283134,-46.668125268,20.7799731));
#6115=CARTESIAN_POINT('',(-102.842324532,-46.803119604,20.723097022));
#6116=CARTESIAN_POINT('',(-102.671874902,-46.86350336,20.698254644));
#6117=CARTESIAN_POINT('',(-102.498701626,-46.916510937,20.677119479));
#6118=CARTESIAN_POINT('',(-102.489468267,-46.919337228,20.675992581));
#6119=CARTESIAN_POINT('',(-102.480234907,-46.922163518,20.674865684));
#6120=CARTESIAN_POINT('',(-102.471001548,-46.924989809,20.673738786));
#6121=CARTESIAN_POINT('',(-104.916980505,-46.177691056,22.115549575));
#6122=CARTESIAN_POINT('',(-104.531763956,-46.400276897,22.025239681));
#6123=CARTESIAN_POINT('',(-104.146547406,-46.622862738,21.934929787));
#6124=CARTESIAN_POINT('',(-103.761330857,-46.845448579,21.844619893));
#6125=CARTESIAN_POINT('',(-103.558275929,-46.962777785,21.79701584));
#6126=CARTESIAN_POINT('',(-103.347262762,-47.068635448,21.75525764));
#6127=CARTESIAN_POINT('',(-102.912647654,-47.255751022,21.684090922));
#6128=CARTESIAN_POINT('',(-102.689047451,-47.33700819,21.654682689));
#6129=CARTESIAN_POINT('',(-102.46091529,-47.405326235,21.631683232));
#6130=CARTESIAN_POINT('',(-102.448751599,-47.408968859,21.630456933));
#6131=CARTESIAN_POINT('',(-102.436587908,-47.412611482,21.629230634));
#6132=CARTESIAN_POINT('',(-102.424424217,-47.416254106,21.628004334));
#6133=CARTESIAN_POINT('',(-105.157074245,-46.235630547,22.653664747));
#6134=CARTESIAN_POINT('',(-104.734130137,-46.493401062,22.550668265));
#6135=CARTESIAN_POINT('',(-104.311186028,-46.751171576,22.447671784));
#6136=CARTESIAN_POINT('',(-103.888241919,-47.008942091,22.344675303));
#6137=CARTESIAN_POINT('',(-103.665300081,-47.144817804,22.29038391));
#6138=CARTESIAN_POINT('',(-103.432063274,-47.266579677,22.243290775));
#6139=CARTESIAN_POINT('',(-102.949610481,-47.479490295,22.164422943));
#6140=CARTESIAN_POINT('',(-102.700397465,-47.570637749,22.132648725));
#6141=CARTESIAN_POINT('',(-102.44565586,-47.645579103,22.108847757));
#6142=CARTESIAN_POINT('',(-102.43207339,-47.649574872,22.107578722));
#6143=CARTESIAN_POINT('',(-102.418490921,-47.653570641,22.106309688));
#6144=CARTESIAN_POINT('',(-102.404908451,-47.657566411,22.105040653));
#6145=CARTESIAN_POINT('',(-105.602509159,-46.348908856,23.741240648));
#6146=CARTESIAN_POINT('',(-105.11237586,-46.676518094,23.609306296));
#6147=CARTESIAN_POINT('',(-104.62224256,-47.004127333,23.477371944));
#6148=CARTESIAN_POINT('',(-104.132109261,-47.331736571,23.345437592));
#6149=CARTESIAN_POINT('',(-103.87375073,-47.504425596,23.2758925));
#6150=CARTESIAN_POINT('',(-103.599662712,-47.657531944,23.216361018));
#6151=CARTESIAN_POINT('',(-103.027826983,-47.920240978,23.119011569));
#6152=CARTESIAN_POINT('',(-102.730086882,-48.029840184,23.081194893));
#6153=CARTESIAN_POINT('',(-102.424756222,-48.116127017,23.054773871));
#6154=CARTESIAN_POINT('',(-102.408476414,-48.120727711,23.053365139));
#6155=CARTESIAN_POINT('',(-102.392196606,-48.125328406,23.051956406));
#6156=CARTESIAN_POINT('',(-102.375916798,-48.1299291,23.050547674));
#6157=CARTESIAN_POINT('',(-105.807445129,-46.404240886,24.29064594));
#6158=CARTESIAN_POINT('',(-105.28792834,-46.766504816,24.142464678));
#6159=CARTESIAN_POINT('',(-104.768411551,-47.128768745,23.994283417));
#6160=CARTESIAN_POINT('',(-104.248894762,-47.491032675,23.846102156));
#6161=CARTESIAN_POINT('',(-103.975047638,-47.681988843,23.767993011));
#6162=CARTESIAN_POINT('',(-103.682371218,-47.850539503,23.701357964));
#6163=CARTESIAN_POINT('',(-103.069065357,-48.137264732,23.593226685));
#6164=CARTESIAN_POINT('',(-102.748446987,-48.255434157,23.551732372));
#6165=CARTESIAN_POINT('',(-102.419172492,-48.346454265,23.523492543));
#6166=CARTESIAN_POINT('',(-102.401616032,-48.351307331,23.521986834));
#6167=CARTESIAN_POINT('',(-102.384059572,-48.356160397,23.520481126));
#6168=CARTESIAN_POINT('',(-102.366503111,-48.361013463,23.518975417));
#6169=CARTESIAN_POINT('',(-106.172422448,-46.527308621,25.391684007));
#6170=CARTESIAN_POINT('',(-105.603955965,-46.954987957,25.208467716));
#6171=CARTESIAN_POINT('',(-105.035489483,-47.382667294,25.025251424));
#6172=CARTESIAN_POINT('',(-104.467023001,-47.81034663,24.842035133));
#6173=CARTESIAN_POINT('',(-104.167373568,-48.035784496,24.745458361));
#6174=CARTESIAN_POINT('',(-103.842366474,-48.233537553,24.663149181));
#6175=CARTESIAN_POINT('',(-103.155408878,-48.565316314,24.530536596));
#6176=CARTESIAN_POINT('',(-102.793478916,-48.699332127,24.480237125));
#6177=CARTESIAN_POINT('',(-102.420759937,-48.798637854,24.44700581));
#6178=CARTESIAN_POINT('',(-102.400887077,-48.803932698,24.445233962));
#6179=CARTESIAN_POINT('',(-102.381014217,-48.809227542,24.443462115));
#6180=CARTESIAN_POINT('',(-102.361141357,-48.814522386,24.441690267));
#6181=CARTESIAN_POINT('',(-106.332272225,-46.595104819,25.943073763));
#6182=CARTESIAN_POINT('',(-105.744268017,-47.053531459,25.741110019));
#6183=CARTESIAN_POINT('',(-105.156263808,-47.511958098,25.539146274));
#6184=CARTESIAN_POINT('',(-104.5682596,-47.970384738,25.33718253));
#6185=CARTESIAN_POINT('',(-104.258311462,-48.212030089,25.230723621));
#6186=CARTESIAN_POINT('',(-103.919580692,-48.423540335,25.139863848));
#6187=CARTESIAN_POINT('',(-103.200479857,-48.776368095,24.993590972));
#6188=CARTESIAN_POINT('',(-102.820136363,-48.917672615,24.938183209));
#6189=CARTESIAN_POINT('',(-102.427934619,-49.020550223,24.901799072));
#6190=CARTESIAN_POINT('',(-102.407022965,-49.026035515,24.89985912));
#6191=CARTESIAN_POINT('',(-102.386111311,-49.031520806,24.897919168));
#6192=CARTESIAN_POINT('',(-102.365199657,-49.037006098,24.895979217));
#6193=CARTESIAN_POINT('',(-106.487649711,-46.69184054,26.574053667));
#6194=CARTESIAN_POINT('',(-105.88301731,-47.181389725,26.350418294));
#6195=CARTESIAN_POINT('',(-105.278384908,-47.670938909,26.12678292));
#6196=CARTESIAN_POINT('',(-104.673752507,-48.160488094,25.903147547));
#6197=CARTESIAN_POINT('',(-104.355039334,-48.418538727,25.785265112));
#6198=CARTESIAN_POINT('',(-104.003802887,-48.64413084,25.684334311));
#6199=CARTESIAN_POINT('',(-103.25449111,-49.018704135,25.521607536));
#6200=CARTESIAN_POINT('',(-102.856449779,-49.167668323,25.459818944));
#6201=CARTESIAN_POINT('',(-102.445339838,-49.274449093,25.419206489));
#6202=CARTESIAN_POINT('',(-102.423420025,-49.280142496,25.417041089));
#6203=CARTESIAN_POINT('',(-102.401500212,-49.285835899,25.414875689));
#6204=CARTESIAN_POINT('',(-102.379580399,-49.291529302,25.412710289));
#6205=CARTESIAN_POINT('',(-106.508206942,-46.705429876,26.659952876));
#6206=CARTESIAN_POINT('',(-105.901434657,-47.199127306,26.433363135));
#6207=CARTESIAN_POINT('',(-105.294662371,-47.692824737,26.206773395));
#6208=CARTESIAN_POINT('',(-104.687890086,-48.186522167,25.980183655));
#6209=CARTESIAN_POINT('',(-104.368048939,-48.446759419,25.860743918));
#6210=CARTESIAN_POINT('',(-104.015179344,-48.674232225,25.758436255));
#6211=CARTESIAN_POINT('',(-103.26189743,-49.05171451,25.593452367));
#6212=CARTESIAN_POINT('',(-102.86152013,-49.20170644,25.53078381));
#6213=CARTESIAN_POINT('',(-102.447909739,-49.30901441,25.489582495));
#6214=CARTESIAN_POINT('',(-102.425856605,-49.314735923,25.487385698));
#6215=CARTESIAN_POINT('',(-102.403803472,-49.320457435,25.485188901));
#6216=CARTESIAN_POINT('',(-102.381750338,-49.326178948,25.482992104));
#6217=CARTESIAN_POINT('',(-106.52812491,-46.719455019,26.745661292));
#6218=CARTESIAN_POINT('',(-105.919340122,-47.217196346,26.516124257));
#6219=CARTESIAN_POINT('',(-105.310555334,-47.714937673,26.286587222));
#6220=CARTESIAN_POINT('',(-104.701770547,-48.212678999,26.057050187));
#6221=CARTESIAN_POINT('',(-104.380868573,-48.475047866,25.936056875));
#6222=CARTESIAN_POINT('',(-104.026439606,-48.704358082,25.832371717));
#6223=CARTESIAN_POINT('',(-103.269342398,-49.084688338,25.665121846));
#6224=CARTESIAN_POINT('',(-102.866710197,-49.235690272,25.601565093));
#6225=CARTESIAN_POINT('',(-102.450681194,-49.343521066,25.559763486));
#6226=CARTESIAN_POINT('',(-102.428499103,-49.349270454,25.557534682));
#6227=CARTESIAN_POINT('',(-102.406317013,-49.355019843,25.555305878));
#6228=CARTESIAN_POINT('',(-102.384134922,-49.360769232,25.553077074));
#6229=B_SPLINE_SURFACE_WITH_KNOTS('',3,3,((#5917,#5918,#5919,#5920,#5921,#5922,#5923,#5924,#5925,#5926,#5927,#5928),(#5929,#5930,#5931,#5932,#5933,#5934,#5935,#5936,#5937,#5938,#5939,#5940),(#5941,#5942,#5943,#5944,#5945,#5946,#5947,#5948,#5949,#5950,#5951,#5952),(#5953,#5954,#5955,#5956,#5957,#5958,#5959,#5960,#5961,#5962,#5963,#5964),(#5965,#5966,#5967,#5968,#5969,#5970,#5971,#5972,#5973,#5974,#5975,#5976),(#5977,#5978,#5979,#5980,#5981,#5982,#5983,#5984,#5985,#5986,#5987,#5988),(#5989,#5990,#5991,#5992,#5993,#5994,#5995,#5996,#5997,#5998,#5999,#6000),(#6001,#6002,#6003,#6004,#6005,#6006,#6007,#6008,#6009,#6010,#6011,#6012),(#6013,#6014,#6015,#6016,#6017,#6018,#6019,#6020,#6021,#6022,#6023,#6024),(#6025,#6026,#6027,#6028,#6029,#6030,#6031,#6032,#6033,#6034,#6035,#6036),(#6037,#6038,#6039,#6040,#6041,#6042,#6043,#6044,#6045,#6046,#6047,#6048),(#6049,#6050,#6051,#6052,#6053,#6054,#6055,#6056,#6057,#6058,#6059,#6060),(#6061,#6062,#6063,#6064,#6065,#6066,#6067,#6068,#6069,#6070,#6071,#6072),(#6073,#6074,#6075,#6076,#6077,#6078,#6079,#6080,#6081,#6082,#6083,#6084),(#6085,#6086,#6087,#6088,#6089,#6090,#6091,#6092,#6093,#6094,#6095,#6096),(#6097,#6098,#6099,#6100,#6101,#6102,#6103,#6104,#6105,#6106,#6107,#6108),(#6109,#6110,#6111,#6112,#6113,#6114,#6115,#6116,#6117,#6118,#6119,#6120),(#6121,#6122,#6123,#6124,#6125,#6126,#6127,#6128,#6129,#6130,#6131,#6132),(#6133,#6134,#6135,#6136,#6137,#6138,#6139,#6140,#6141,#6142,#6143,#6144),(#6145,#6146,#6147,#6148,#6149,#6150,#6151,#6152,#6153,#6154,#6155,#6156),(#6157,#6158,#6159,#6160,#6161,#6162,#6163,#6164,#6165,#6166,#6167,#6168),(#6169,#6170,#6171,#6172,#6173,#6174,#6175,#6176,#6177,#6178,#6179,#6180),(#6181,#6182,#6183,#6184,#6185,#6186,#6187,#6188,#6189,#6190,#6191,#6192),(#6193,#6194,#6195,#6196,#6197,#6198,#6199,#6200,#6201,#6202,#6203,#6204),(#6205,#6206,#6207,#6208,#6209,#6210,#6211,#6212,#6213,#6214,#6215,#6216),(#6217,#6218,#6219,#6220,#6221,#6222,#6223,#6224,#6225,#6226,#6227,#6228)),.UNSPECIFIED.,.F.,.F.,.U.,(4,2,2,2,2,2,2,2,2,2,2,2,4),(4,3,2,3,4),(-0.000046862,-0.000022449,0.000002014,0.000050939,0.00014879,0.000344493,0.000735897,0.001518706,0.003084323,0.004649941,0.006215558,0.007781176,0.008028445),(-0.948552575,0.,0.5,1.,1.026659308),.UNSPECIFIED.);
#6230=CARTESIAN_POINT('',(-104.479936348,-48.167704306,25.559765259));
#6231=CARTESIAN_POINT('',(-104.523483343,-48.12778518,25.55976631));
#6232=CARTESIAN_POINT('',(-104.567092652,-48.088185145,25.562914518));
#6233=CARTESIAN_POINT('',(-104.610719781,-48.048856507,25.569225782));
#6234=B_SPLINE_CURVE_WITH_KNOTS('',3,(#6230,#6231,#6232,#6233),.UNSPECIFIED.,.F.,.F.,(4,4),(0.,0.000176971),.UNSPECIFIED.);
#6235=EDGE_CURVE('',#4313,#5618,#6234,.T.);
#6236=ORIENTED_EDGE('',*,*,#6235,.T.);
#6237=ORIENTED_EDGE('',*,*,#5651,.T.);
#6238=ORIENTED_EDGE('',*,*,#557,.T.);
#6239=ORIENTED_EDGE('',*,*,#548,.T.);
#6240=ORIENTED_EDGE('',*,*,#4332,.F.);
#6241=EDGE_LOOP('',(#6236,#6237,#6238,#6239,#6240));
#6242=FACE_BOUND('',#6241,.T.);
#6243=ADVANCED_FACE('',(#6242),#6229,.F.);
#6244=CARTESIAN_POINT('',(-112.466701592,-38.084588695,17.859765259));
#6245=CARTESIAN_POINT('',(-113.841591234,-39.301735182,31.759765259));
#6246=CARTESIAN_POINT('',(-112.464203485,-38.082386872,17.859765259));
#6247=CARTESIAN_POINT('',(-113.841408039,-39.299800308,31.759765259));
#6248=CARTESIAN_POINT('',(-112.461705379,-38.080185049,17.859765259));
#6249=CARTESIAN_POINT('',(-113.841224845,-39.297865434,31.759765259));
#6250=CARTESIAN_POINT('',(-112.459207274,-38.077983226,17.859765259));
#6251=CARTESIAN_POINT('',(-113.841041651,-39.29593056,31.759765259));
#6252=CARTESIAN_POINT('',(-112.45920565,-38.077981795,17.859765259));
#6253=CARTESIAN_POINT('',(-113.841041532,-39.295929303,31.759765259));
#6254=CARTESIAN_POINT('',(-112.459204027,-38.077980364,17.859765259));
#6255=CARTESIAN_POINT('',(-113.841041413,-39.295928045,31.759765259));
#6256=CARTESIAN_POINT('',(-112.459202403,-38.077978933,17.859765259));
#6257=CARTESIAN_POINT('',(-113.841041294,-39.295926788,31.759765259));
#6258=B_SPLINE_SURFACE_WITH_KNOTS('',3,1,((#6244,#6245),(#6246,#6247),(#6248,#6249),(#6250,#6251),(#6252,#6253),(#6254,#6255),(#6256,#6257)),.UNSPECIFIED.,.F.,.F.,.U.,(4,3,4),(2,2),(0.994971783,0.999997507,1.000000773),(0.,0.926666667),.UNSPECIFIED.);
#6259=ORIENTED_EDGE('',*,*,#3874,.T.);
#6260=ORIENTED_EDGE('',*,*,#5912,.T.);
#6261=CARTESIAN_POINT('',(-113.841302046,-39.298680815,31.759765259));
#6262=CARTESIAN_POINT('',(-113.841215128,-39.297762806,31.759765259));
#6263=CARTESIAN_POINT('',(-113.841128211,-39.296844797,31.759765259));
#6264=CARTESIAN_POINT('',(-113.841041294,-39.295926788,31.759765259));
#6265=B_SPLINE_CURVE_WITH_KNOTS('',3,(#6261,#6262,#6263,#6264),.UNSPECIFIED.,.F.,.F.,(4,4),(0.00002639,0.000029157),.UNSPECIFIED.);
#6266=EDGE_CURVE('',#3865,#5893,#6265,.T.);
#6267=ORIENTED_EDGE('',*,*,#6266,.F.);
#6268=EDGE_LOOP('',(#6259,#6260,#6267));
#6269=FACE_BOUND('',#6268,.T.);
#6270=ADVANCED_FACE('',(#6269),#6258,.T.);
#6271=CARTESIAN_POINT('',(-104.398191987,-46.41098937,25.706746288));
#6272=CARTESIAN_POINT('',(-104.48072066,-46.617428965,25.702334645));
#6273=CARTESIAN_POINT('',(-105.189898795,-48.386120602,25.666652435));
#6274=CARTESIAN_POINT('',(-104.646547287,-46.073822929,25.886949657));
#6275=CARTESIAN_POINT('',(-104.735658952,-46.27995901,25.881312609));
#6276=CARTESIAN_POINT('',(-105.501057109,-48.046088339,25.835017563));
#6277=CARTESIAN_POINT('',(-104.894974371,-45.747510712,26.088102021));
#6278=CARTESIAN_POINT('',(-104.990598112,-45.953314748,26.081443545));
#6279=CARTESIAN_POINT('',(-105.811629723,-47.716638213,26.026291119));
#6280=CARTESIAN_POINT('',(-105.142178118,-45.433812942,26.309253831));
#6281=CARTESIAN_POINT('',(-105.244209027,-45.639258156,26.301784376));
#6282=CARTESIAN_POINT('',(-106.119993565,-47.399546746,26.239584524));
#6283=CARTESIAN_POINT('',(-105.614394956,-44.834480206,26.732043482));
#6284=CARTESIAN_POINT('',(-105.728660705,-45.039235629,26.723025096));
#6285=CARTESIAN_POINT('',(-106.70904403,-46.793688858,26.647379429));
#6286=CARTESIAN_POINT('',(-106.082099973,-44.281291199,27.22780869));
#6287=CARTESIAN_POINT('',(-106.208219003,-44.485260718,27.218011136));
#6288=CARTESIAN_POINT('',(-107.289980439,-46.23305162,27.135533187));
#6289=CARTESIAN_POINT('',(-106.536393331,-43.784776784,27.787125231));
#6290=CARTESIAN_POINT('',(-106.673759723,-43.987879838,27.77733372));
#6291=CARTESIAN_POINT('',(-107.851745916,-45.728313181,27.694766724));
#6292=CARTESIAN_POINT('',(-106.990550589,-43.288385061,28.34676507));
#6293=CARTESIAN_POINT('',(-107.139158024,-43.490618582,28.336981835));
#6294=CARTESIAN_POINT('',(-108.413348066,-45.223661784,28.254356678));
#6295=CARTESIAN_POINT('',(-107.431245668,-42.848747245,28.969909075));
#6296=CARTESIAN_POINT('',(-107.590488855,-43.050032423,28.96092004));
#6297=CARTESIAN_POINT('',(-108.955722493,-44.775002831,28.88498389));
#6298=CARTESIAN_POINT('',(-107.850073358,-42.474220936,29.644706206));
#6299=CARTESIAN_POINT('',(-108.019144928,-42.674497299,29.63728234));
#6300=CARTESIAN_POINT('',(-109.468524812,-44.390869406,29.574653598));
#6301=CARTESIAN_POINT('',(-107.967587871,-42.369142808,29.834147156));
#6302=CARTESIAN_POINT('',(-108.139416841,-42.569135842,29.827163027));
#6303=CARTESIAN_POINT('',(-109.612407952,-44.28309176,29.768274964));
#6304=CARTESIAN_POINT('',(-108.083374941,-42.269198165,30.027649985));
#6305=CARTESIAN_POINT('',(-108.257897684,-42.468903202,30.021166301));
#6306=CARTESIAN_POINT('',(-109.753956073,-44.180402324,29.966540094));
#6307=CARTESIAN_POINT('',(-108.197267366,-42.174516462,30.224909696));
#6308=CARTESIAN_POINT('',(-108.374416469,-42.373929283,30.218986181));
#6309=CARTESIAN_POINT('',(-109.892965663,-44.082934896,30.169134549));
#6310=B_SPLINE_SURFACE_WITH_KNOTS('',3,1,((#6271,#6272,#6273),(#6274,#6275,#6276),(#6277,#6278,#6279),(#6280,#6281,#6282),(#6283,#6284,#6285),(#6286,#6287,#6288),(#6289,#6290,#6291),(#6292,#6293,#6294),(#6295,#6296,#6297),(#6298,#6299,#6300),(#6301,#6302,#6303),(#6304,#6305,#6306),(#6307,#6308,#6309)),.UNSPECIFIED.,.F.,.F.,.U.,(4,3,3,3,4),(2,1,2),(0.119156482,0.25,0.5,0.75,0.820162319),(0.48464512,0.520777917,0.830471614),.UNSPECIFIED.);
#6311=CARTESIAN_POINT('',(-104.411301801,-46.393230796,25.716183726));
#6312=VERTEX_POINT('',#6311);
#6313=CARTESIAN_POINT('',(-104.411405382,-46.393190836,25.716327106));
#6314=CARTESIAN_POINT('',(-104.586792477,-46.856258468,25.701517282));
#6315=CARTESIAN_POINT('',(-104.765148891,-47.317789706,25.689599148));
#6316=CARTESIAN_POINT('',(-104.946071476,-47.778014798,25.678920576));
#6317=B_SPLINE_CURVE_WITH_KNOTS('',3,(#6313,#6314,#6315,#6316),.UNSPECIFIED.,.F.,.F.,(4,4),(0.015875368,0.017358736),.UNSPECIFIED.);
#6318=EDGE_CURVE('',#6312,#5654,#6317,.T.);
#6319=ORIENTED_EDGE('',*,*,#6318,.F.);
#6320=CARTESIAN_POINT('',(-108.895137777,-43.071330026,30.106717528));
#6321=VERTEX_POINT('',#6320);
#6322=CARTESIAN_POINT('',(-104.411301801,-46.393230796,25.716183726));
#6323=CARTESIAN_POINT('',(-104.631505201,-46.239938088,25.847054213));
#6324=CARTESIAN_POINT('',(-104.849138638,-46.089187594,25.9844327));
#6325=CARTESIAN_POINT('',(-105.062686935,-45.938875092,26.128366612));
#6326=CARTESIAN_POINT('',(-105.276235232,-45.788562591,26.272300524));
#6327=CARTESIAN_POINT('',(-105.485950253,-45.638999227,26.422875572));
#6328=CARTESIAN_POINT('',(-105.691312951,-45.489979238,26.580238634));
#6329=CARTESIAN_POINT('',(-106.102038347,-45.19193926,26.894964757));
#6330=CARTESIAN_POINT('',(-106.49354236,-44.897788829,27.235246335));
#6331=CARTESIAN_POINT('',(-106.868898372,-44.613708665,27.602777972));
#6332=CARTESIAN_POINT('',(-107.619610395,-44.045548336,28.337841246));
#6333=CARTESIAN_POINT('',(-108.302669219,-43.527159176,29.175316835));
#6334=CARTESIAN_POINT('',(-108.895137777,-43.071330026,30.106717528));
#6335=B_SPLINE_CURVE_WITH_KNOTS('',3,(#6322,#6323,#6324,#6325,#6326,#6327,#6328,#6329,#6330,#6331,#6332,#6333,#6334),.UNSPECIFIED.,.F.,.F.,(4,3,3,3,4),(0.003699744,0.004595623,0.005491502,0.007283259,0.010866775),.UNSPECIFIED.);
#6336=EDGE_CURVE('',#6312,#6321,#6335,.T.);
#6337=ORIENTED_EDGE('',*,*,#6336,.T.);
#6338=CARTESIAN_POINT('',(-108.89565124,-43.070934951,30.107524811));
#6339=VERTEX_POINT('',#6338);
#6340=CARTESIAN_POINT('',(-108.895137777,-43.071330026,30.106717528));
#6341=CARTESIAN_POINT('',(-108.895308944,-43.071198335,30.106986615));
#6342=CARTESIAN_POINT('',(-108.895480098,-43.071066643,30.107255709));
#6343=CARTESIAN_POINT('',(-108.89565124,-43.070934951,30.107524811));
#6344=B_SPLINE_CURVE_WITH_KNOTS('',3,(#6340,#6341,#6342,#6343),.UNSPECIFIED.,.F.,.F.,(4,4),(0.,0.000001035),.UNSPECIFIED.);
#6345=EDGE_CURVE('',#6321,#6339,#6344,.T.);
#6346=ORIENTED_EDGE('',*,*,#6345,.T.);
#6347=CARTESIAN_POINT('',(-109.877080354,-44.065057251,30.16965604));
#6348=CARTESIAN_POINT('',(-109.550025437,-43.734075331,30.150104183));
#6349=CARTESIAN_POINT('',(-109.222887386,-43.402721307,30.129495208));
#6350=CARTESIAN_POINT('',(-108.895677891,-43.070915431,30.107652124));
#6351=B_SPLINE_CURVE_WITH_KNOTS('',3,(#6347,#6348,#6349,#6350),.UNSPECIFIED.,.F.,.F.,(4,4),(0.025911793,0.027295664),.UNSPECIFIED.);
#6352=EDGE_CURVE('',#5663,#6339,#6351,.T.);
#6353=ORIENTED_EDGE('',*,*,#6352,.F.);
#6354=ORIENTED_EDGE('',*,*,#5681,.F.);
#6355=EDGE_LOOP('',(#6319,#6337,#6346,#6353,#6354));
#6356=FACE_BOUND('',#6355,.T.);
#6357=ADVANCED_FACE('',(#6356),#6310,.T.);
#6358=CARTESIAN_POINT('',(-105.224758906,-49.791442049,25.659765259));
#6359=CARTESIAN_POINT('',(-105.296016222,-49.758372748,25.659765589));
#6360=CARTESIAN_POINT('',(-105.367272654,-49.725303859,25.666377926));
#6361=CARTESIAN_POINT('',(-105.507790835,-49.660091789,25.692645684));
#6362=CARTESIAN_POINT('',(-105.577051043,-49.627949327,25.712299763));
#6363=CARTESIAN_POINT('',(-105.644347572,-49.596718139,25.738206952));
#6364=CARTESIAN_POINT('',(-105.645693558,-49.59609349,25.738725117));
#6365=CARTESIAN_POINT('',(-105.647039543,-49.595468841,25.739243282));
#6366=CARTESIAN_POINT('',(-105.648385528,-49.594844192,25.739761447));
#6367=CARTESIAN_POINT('',(-104.796771711,-48.869395529,25.659765259));
#6368=CARTESIAN_POINT('',(-104.874484646,-48.833835417,25.659765479));
#6369=CARTESIAN_POINT('',(-104.952196332,-48.79827588,25.667538269));
#6370=CARTESIAN_POINT('',(-105.105100971,-48.728311386,25.698385785));
#6371=CARTESIAN_POINT('',(-105.180291692,-48.693907459,25.72145884));
#6372=CARTESIAN_POINT('',(-105.253006044,-48.660638617,25.75182218));
#6373=CARTESIAN_POINT('',(-105.254460391,-48.659973213,25.752429472));
#6374=CARTESIAN_POINT('',(-105.255914737,-48.659307809,25.753036764));
#6375=CARTESIAN_POINT('',(-105.257369083,-48.658642405,25.753644055));
#6376=CARTESIAN_POINT('',(-104.376763349,-47.943599041,25.659765259));
#6377=CARTESIAN_POINT('',(-104.462107884,-47.904981086,25.659765319));
#6378=CARTESIAN_POINT('',(-104.547450432,-47.866364034,25.669089471));
#6379=CARTESIAN_POINT('',(-104.714830158,-47.790628292,25.70603601));
#6380=CARTESIAN_POINT('',(-104.796863701,-47.753511256,25.733656125));
#6381=CARTESIAN_POINT('',(-104.87565656,-47.717863183,25.769907192));
#6382=CARTESIAN_POINT('',(-104.877232482,-47.717150192,25.770632243));
#6383=CARTESIAN_POINT('',(-104.878808403,-47.716437202,25.771357294));
#6384=CARTESIAN_POINT('',(-104.880384324,-47.715724211,25.772082344));
#6385=CARTESIAN_POINT('',(-103.624326546,-46.269489911,25.659765259));
#6386=CARTESIAN_POINT('',(-103.726278863,-46.223876179,25.659765331));
#6387=CARTESIAN_POINT('',(-103.828225861,-46.178264829,25.673123757));
#6388=CARTESIAN_POINT('',(-104.026395826,-46.089604542,25.72581384));
#6389=CARTESIAN_POINT('',(-104.12260893,-46.046560022,25.765140676));
#6390=CARTESIAN_POINT('',(-104.21325991,-46.006005408,25.816359009));
#6391=CARTESIAN_POINT('',(-104.215073004,-46.005194283,25.817383417));
#6392=CARTESIAN_POINT('',(-104.216886097,-46.004383157,25.818407826));
#6393=CARTESIAN_POINT('',(-104.218699191,-46.003572032,25.819432234));
#6394=CARTESIAN_POINT('',(-103.29070058,-45.521663694,25.659765259));
#6395=CARTESIAN_POINT('',(-103.401093568,-45.472384479,25.659765325));
#6396=CARTESIAN_POINT('',(-103.511479028,-45.423108621,25.675387927));
#6397=CARTESIAN_POINT('',(-103.725063797,-45.327763676,25.736882529));
#6398=CARTESIAN_POINT('',(-103.828249087,-45.281700841,25.782748084));
#6399=CARTESIAN_POINT('',(-103.924474412,-45.238743893,25.842273718));
#6400=CARTESIAN_POINT('',(-103.926398997,-45.237884719,25.843464279));
#6401=CARTESIAN_POINT('',(-103.928323582,-45.237025545,25.84465484));
#6402=CARTESIAN_POINT('',(-103.930248167,-45.236166371,25.845845401));
#6403=CARTESIAN_POINT('',(-102.858807403,-44.555773249,25.659765259));
#6404=CARTESIAN_POINT('',(-102.981593971,-44.500846386,25.659765333));
#6405=CARTESIAN_POINT('',(-103.104366528,-44.445925789,25.67927385));
#6406=CARTESIAN_POINT('',(-103.339814473,-44.34060134,25.755707772));
#6407=CARTESIAN_POINT('',(-103.452463835,-44.290209129,25.81262143));
#6408=CARTESIAN_POINT('',(-103.555428318,-44.244149234,25.885904181));
#6409=CARTESIAN_POINT('',(-103.557487691,-44.243227999,25.887369896));
#6410=CARTESIAN_POINT('',(-103.559547065,-44.242306763,25.888835611));
#6411=CARTESIAN_POINT('',(-103.561606438,-44.241385528,25.890301325));
#6412=CARTESIAN_POINT('',(-102.761117409,-44.337450601,25.659765259));
#6413=CARTESIAN_POINT('',(-102.886804993,-44.281186171,25.659765282));
#6414=CARTESIAN_POINT('',(-103.012476888,-44.224928761,25.680216425));
#6415=CARTESIAN_POINT('',(-103.252997471,-44.117258347,25.76026636));
#6416=CARTESIAN_POINT('',(-103.367817004,-44.065858388,25.819852031));
#6417=CARTESIAN_POINT('',(-103.472274014,-44.0190967,25.896448591));
#6418=CARTESIAN_POINT('',(-103.474363239,-44.018161428,25.897980585));
#6419=CARTESIAN_POINT('',(-103.476452464,-44.017226156,25.899512579));
#6420=CARTESIAN_POINT('',(-103.47854169,-44.016290884,25.901044572));
#6421=CARTESIAN_POINT('',(-102.663305922,-44.119182794,25.659765259));
#6422=CARTESIAN_POINT('',(-102.791990169,-44.061518161,25.659765208));
#6423=CARTESIAN_POINT('',(-102.920656682,-44.003861471,25.681230408));
#6424=CARTESIAN_POINT('',(-103.166357148,-43.893760097,25.765156644));
#6425=CARTESIAN_POINT('',(-103.283358153,-43.84133017,25.827602824));
#6426=CARTESIAN_POINT('',(-103.389246113,-43.793879568,25.907724495));
#6427=CARTESIAN_POINT('',(-103.391363959,-43.792930517,25.909326994));
#6428=CARTESIAN_POINT('',(-103.393481804,-43.791981467,25.910929492));
#6429=CARTESIAN_POINT('',(-103.39559965,-43.791032416,25.912531991));
#6430=B_SPLINE_SURFACE_WITH_KNOTS('',3,3,((#6358,#6359,#6360,#6361,#6362,#6363,#6364,#6365,#6366),(#6367,#6368,#6369,#6370,#6371,#6372,#6373,#6374,#6375),(#6376,#6377,#6378,#6379,#6380,#6381,#6382,#6383,#6384),(#6385,#6386,#6387,#6388,#6389,#6390,#6391,#6392,#6393),(#6394,#6395,#6396,#6397,#6398,#6399,#6400,#6401,#6402),(#6403,#6404,#6405,#6406,#6407,#6408,#6409,#6410,#6411),(#6412,#6413,#6414,#6415,#6416,#6417,#6418,#6419,#6420),(#6421,#6422,#6423,#6424,#6425,#6426,#6427,#6428,#6429)),.UNSPECIFIED.,.F.,.F.,.U.,(4,2,2,4),(4,2,3,4),(0.012957573,0.01600455,0.018458991,0.019175904),(0.,0.5,0.999959276,1.009958869),.UNSPECIFIED.);
#6431=OFFSET_SURFACE('',#6430,-0.1,.F.);
#6432=ORIENTED_EDGE('',*,*,#4319,.T.);
#6433=CARTESIAN_POINT('',(-104.408833408,-46.394949744,25.714714973));
#6434=VERTEX_POINT('',#6433);
#6435=CARTESIAN_POINT('',(-103.878392832,-46.834215831,25.55976527));
#6436=CARTESIAN_POINT('',(-103.963806023,-46.75154752,25.55977995));
#6437=CARTESIAN_POINT('',(-104.051953662,-46.672231494,25.572268321));
#6438=CARTESIAN_POINT('',(-104.141491922,-46.59819298,25.598078217));
#6439=CARTESIAN_POINT('',(-104.231030183,-46.524154466,25.623888114));
#6440=CARTESIAN_POINT('',(-104.321129289,-46.456063197,25.662869618));
#6441=CARTESIAN_POINT('',(-104.408833408,-46.394949744,25.714714973));
#6442=B_SPLINE_CURVE_WITH_KNOTS('',3,(#6435,#6436,#6437,#6438,#6439,#6440,#6441),.UNSPECIFIED.,.F.,.F.,(4,3,4),(0.00100976,0.001366362,0.001722965),.UNSPECIFIED.);
#6443=EDGE_CURVE('',#4304,#6434,#6442,.T.);
#6444=ORIENTED_EDGE('',*,*,#6443,.T.);
#6445=CARTESIAN_POINT('',(-104.408833408,-46.394949744,25.714714973));
#6446=CARTESIAN_POINT('',(-104.409657104,-46.394375781,25.715201893));
#6447=CARTESIAN_POINT('',(-104.410480484,-46.393802324,25.715689942));
#6448=CARTESIAN_POINT('',(-104.411303558,-46.393229347,25.716179071));
#6449=B_SPLINE_CURVE_WITH_KNOTS('',3,(#6445,#6446,#6447,#6448),.UNSPECIFIED.,.F.,.F.,(4,4),(0.,0.000003347),.UNSPECIFIED.);
#6450=EDGE_CURVE('',#6434,#6312,#6449,.T.);
#6451=ORIENTED_EDGE('',*,*,#6450,.T.);
#6452=ORIENTED_EDGE('',*,*,#6318,.T.);
#6453=ORIENTED_EDGE('',*,*,#5660,.F.);
#6454=ORIENTED_EDGE('',*,*,#6235,.F.);
#6455=EDGE_LOOP('',(#6432,#6444,#6451,#6452,#6453,#6454));
#6456=FACE_BOUND('',#6455,.T.);
#6457=ADVANCED_FACE('',(#6456),#6431,.T.);
#6458=CARTESIAN_POINT('',(-113.401570135,-42.83246046,31.859765259));
#6459=CARTESIAN_POINT('',(-113.39210896,-42.841237125,31.859765259));
#6460=CARTESIAN_POINT('',(-113.382647785,-42.85001379,31.859765259));
#6461=CARTESIAN_POINT('',(-113.37318661,-42.858790456,31.859765259));
#6462=CARTESIAN_POINT('',(-113.373174115,-42.858802047,31.859765259));
#6463=CARTESIAN_POINT('',(-113.373161619,-42.858813638,31.859765259));
#6464=CARTESIAN_POINT('',(-113.373149124,-42.858825229,31.859765259));
#6465=CARTESIAN_POINT('',(-113.373127795,-42.858845014,31.859765259));
#6466=CARTESIAN_POINT('',(-113.373106464,-42.858864801,31.859765259));
#6467=CARTESIAN_POINT('',(-113.373085134,-42.858884587,31.859765258));
#6468=CARTESIAN_POINT('',(-113.136567194,-43.078284505,31.85975904));
#6469=CARTESIAN_POINT('',(-112.900058148,-43.297676168,31.824929456));
#6470=CARTESIAN_POINT('',(-112.437899341,-43.726385385,31.687216614));
#6471=CARTESIAN_POINT('',(-112.212266999,-43.935686776,31.584332115));
#6472=CARTESIAN_POINT('',(-111.782282124,-44.334548423,31.315238622));
#6473=CARTESIAN_POINT('',(-111.577944885,-44.52409449,31.149039195));
#6474=CARTESIAN_POINT('',(-111.199967847,-44.874708955,30.760968592));
#6475=CARTESIAN_POINT('',(-111.026341494,-45.035764877,30.539111213));
#6476=CARTESIAN_POINT('',(-110.872065731,-45.178869597,30.294526889));
#6477=CARTESIAN_POINT('',(-110.872061041,-45.178873947,30.294519453));
#6478=CARTESIAN_POINT('',(-110.872056351,-45.178878298,30.294512018));
#6479=CARTESIAN_POINT('',(-110.872051661,-45.178882648,30.294504583));
#6480=CARTESIAN_POINT('',(-110.87204697,-45.178886999,30.294497147));
#6481=CARTESIAN_POINT('',(-110.87204228,-45.178891349,30.294489711));
#6482=CARTESIAN_POINT('',(-110.87203759,-45.1788957,30.294482275));
#6483=CARTESIAN_POINT('',(-110.865805059,-45.184677068,30.284600569));
#6484=CARTESIAN_POINT('',(-110.859572527,-45.190458436,30.274718863));
#6485=CARTESIAN_POINT('',(-110.853339996,-45.196239804,30.264837158));
#6486=CARTESIAN_POINT('',(-112.704411371,-42.080081762,31.859765259));
#6487=CARTESIAN_POINT('',(-112.694801789,-42.088957617,31.859765259));
#6488=CARTESIAN_POINT('',(-112.685192207,-42.097833473,31.859765259));
#6489=CARTESIAN_POINT('',(-112.675582626,-42.106709328,31.859765259));
#6490=CARTESIAN_POINT('',(-112.675569935,-42.10672105,31.859765259));
#6491=CARTESIAN_POINT('',(-112.675557245,-42.106732773,31.859765259));
#6492=CARTESIAN_POINT('',(-112.675544554,-42.106744495,31.859765259));
#6493=CARTESIAN_POINT('',(-112.675522891,-42.106764504,31.859765259));
#6494=CARTESIAN_POINT('',(-112.675501228,-42.106784516,31.859765259));
#6495=CARTESIAN_POINT('',(-112.675479565,-42.106804526,31.859765258));
#6496=CARTESIAN_POINT('',(-112.43526726,-42.328689991,31.859758898));
#6497=CARTESIAN_POINT('',(-112.19506446,-42.550566674,31.823975822));
#6498=CARTESIAN_POINT('',(-111.725983002,-42.983857952,31.682536261));
#6499=CARTESIAN_POINT('',(-111.497122948,-43.195255355,31.576878771));
#6500=CARTESIAN_POINT('',(-111.061579277,-43.597562024,31.300675647));
#6501=CARTESIAN_POINT('',(-110.854911985,-43.788456203,31.130140354));
#6502=CARTESIAN_POINT('',(-110.47353487,-44.140720285,30.732241971));
#6503=CARTESIAN_POINT('',(-110.298839347,-44.302076973,30.50489378));
#6504=CARTESIAN_POINT('',(-110.144257875,-44.444851299,30.254505912));
#6505=CARTESIAN_POINT('',(-110.144253176,-44.44485564,30.254498299));
#6506=CARTESIAN_POINT('',(-110.144248476,-44.44485998,30.254490688));
#6507=CARTESIAN_POINT('',(-110.144243777,-44.444864321,30.254483076));
#6508=CARTESIAN_POINT('',(-110.144239077,-44.444868661,30.254475464));
#6509=CARTESIAN_POINT('',(-110.144234378,-44.444873002,30.254467852));
#6510=CARTESIAN_POINT('',(-110.144229678,-44.444877342,30.25446024));
#6511=CARTESIAN_POINT('',(-110.137984523,-44.450645421,30.244344654));
#6512=CARTESIAN_POINT('',(-110.131739368,-44.4564135,30.234229068));
#6513=CARTESIAN_POINT('',(-110.125494213,-44.462181579,30.224113482));
#6514=CARTESIAN_POINT('',(-112.009762128,-41.32539823,31.859765259));
#6515=CARTESIAN_POINT('',(-111.999988997,-41.334381604,31.859765259));
#6516=CARTESIAN_POINT('',(-111.990215865,-41.343364978,31.859765259));
#6517=CARTESIAN_POINT('',(-111.980442734,-41.352348352,31.859765259));
#6518=CARTESIAN_POINT('',(-111.980429827,-41.352360216,31.859765259));
#6519=CARTESIAN_POINT('',(-111.980416921,-41.352372079,31.859765259));
#6520=CARTESIAN_POINT('',(-111.980404014,-41.352383943,31.859765259));
#6521=CARTESIAN_POINT('',(-111.980381983,-41.352404194,31.859765259));
#6522=CARTESIAN_POINT('',(-111.980359951,-41.352424445,31.859765259));
#6523=CARTESIAN_POINT('',(-111.980337919,-41.352444696,31.859765258));
#6524=CARTESIAN_POINT('',(-111.736037448,-41.577001881,31.859758735));
#6525=CARTESIAN_POINT('',(-111.491747205,-41.801549661,31.822910579));
#6526=CARTESIAN_POINT('',(-111.015023056,-42.239744928,31.677311992));
#6527=CARTESIAN_POINT('',(-110.782609159,-42.453374016,31.568560855));
#6528=CARTESIAN_POINT('',(-110.340982793,-42.859301744,31.284438638));
#6529=CARTESIAN_POINT('',(-110.13178787,-43.051584251,31.109078835));
#6530=CARTESIAN_POINT('',(-109.746792124,-43.405448356,30.700271549));
#6531=CARTESIAN_POINT('',(-109.571006604,-43.567015885,30.466840292));
#6532=CARTESIAN_POINT('',(-109.416202107,-43.709294739,30.210045634));
#6533=CARTESIAN_POINT('',(-109.4161974,-43.709299064,30.210037827));
#6534=CARTESIAN_POINT('',(-109.416192694,-43.70930339,30.21003002));
#6535=CARTESIAN_POINT('',(-109.416187988,-43.709307715,30.210022214));
#6536=CARTESIAN_POINT('',(-109.416183282,-43.709312041,30.210014407));
#6537=CARTESIAN_POINT('',(-109.416178576,-43.709316366,30.2100066));
#6538=CARTESIAN_POINT('',(-109.41617387,-43.709320692,30.209998793));
#6539=CARTESIAN_POINT('',(-109.409920077,-43.715068838,30.199624079));
#6540=CARTESIAN_POINT('',(-109.403666284,-43.720816984,30.189249366));
#6541=CARTESIAN_POINT('',(-109.397412491,-43.72656513,30.178874652));
#6542=CARTESIAN_POINT('',(-110.605148606,-39.786335675,31.859765259));
#6543=CARTESIAN_POINT('',(-110.595000669,-39.795553776,31.859765259));
#6544=CARTESIAN_POINT('',(-110.584852731,-39.804771877,31.859765259));
#6545=CARTESIAN_POINT('',(-110.574704794,-39.813989978,31.859765259));
#6546=CARTESIAN_POINT('',(-110.574691392,-39.814002152,31.859765259));
#6547=CARTESIAN_POINT('',(-110.57467799,-39.814014327,31.859765259));
#6548=CARTESIAN_POINT('',(-110.574664588,-39.814026502,31.859765259));
#6549=CARTESIAN_POINT('',(-110.574641711,-39.814047284,31.859765259));
#6550=CARTESIAN_POINT('',(-110.574618834,-39.814068067,31.859765259));
#6551=CARTESIAN_POINT('',(-110.574595956,-39.81408885,31.859765258));
#6552=CARTESIAN_POINT('',(-110.320919466,-40.044538189,31.859758294));
#6553=CARTESIAN_POINT('',(-110.067255022,-40.274976581,31.820439861));
#6554=CARTESIAN_POINT('',(-109.573056152,-40.723923375,31.66520693));
#6555=CARTESIAN_POINT('',(-109.332545253,-40.942410396,31.549292535));
#6556=CARTESIAN_POINT('',(-108.877173139,-41.356079136,31.246872626));
#6557=CARTESIAN_POINT('',(-108.662332512,-41.551242146,31.060380772));
#6558=CARTESIAN_POINT('',(-108.269464909,-41.908119544,30.626483208));
#6559=CARTESIAN_POINT('',(-108.091455702,-42.069817786,30.379097098));
#6560=CARTESIAN_POINT('',(-107.936480079,-42.210588117,30.107674442));
#6561=CARTESIAN_POINT('',(-107.936475367,-42.210592397,30.10766619));
#6562=CARTESIAN_POINT('',(-107.936470656,-42.210596676,30.107657939));
#6563=CARTESIAN_POINT('',(-107.936465945,-42.210600955,30.107649687));
#6564=CARTESIAN_POINT('',(-107.936461233,-42.210605235,30.107641436));
#6565=CARTESIAN_POINT('',(-107.936456522,-42.210609514,30.107633184));
#6566=CARTESIAN_POINT('',(-107.93645181,-42.210613794,30.107624933));
#6567=CARTESIAN_POINT('',(-107.930190708,-42.216300812,30.096659534));
#6568=CARTESIAN_POINT('',(-107.923929607,-42.221987829,30.085694134));
#6569=CARTESIAN_POINT('',(-107.917668505,-42.227674847,30.074728735));
#6570=CARTESIAN_POINT('',(-109.895456812,-39.001720799,31.859765259));
#6571=CARTESIAN_POINT('',(-109.885095346,-39.011069138,31.859765259));
#6572=CARTESIAN_POINT('',(-109.874733879,-39.020417476,31.859765259));
#6573=CARTESIAN_POINT('',(-109.864372413,-39.029765815,31.859765259));
#6574=CARTESIAN_POINT('',(-109.864358729,-39.029778161,31.859765259));
#6575=CARTESIAN_POINT('',(-109.864345046,-39.029790507,31.859765259));
#6576=CARTESIAN_POINT('',(-109.864331362,-39.029802853,31.859765259));
#6577=CARTESIAN_POINT('',(-109.864308004,-39.029823927,31.859765259));
#6578=CARTESIAN_POINT('',(-109.864284646,-39.029845002,31.859765259));
#6579=CARTESIAN_POINT('',(-109.864261288,-39.029866077,31.859765258));
#6580=CARTESIAN_POINT('',(-109.60525241,-39.263553532,31.859757912));
#6581=CARTESIAN_POINT('',(-109.346256701,-39.497229099,31.819021353));
#6582=CARTESIAN_POINT('',(-108.842145085,-39.952052801,31.658263368));
#6583=CARTESIAN_POINT('',(-108.597054848,-40.173177761,31.538242566));
#6584=CARTESIAN_POINT('',(-108.133963083,-40.590978624,31.22535177));
#6585=CARTESIAN_POINT('',(-107.915983989,-40.787634271,31.032496908));
#6586=CARTESIAN_POINT('',(-107.518843897,-41.145910737,30.584296437));
#6587=CARTESIAN_POINT('',(-107.339702152,-41.307514175,30.328972508));
#6588=CARTESIAN_POINT('',(-107.184792067,-41.447248201,30.049262434));
#6589=CARTESIAN_POINT('',(-107.184787357,-41.447252449,30.04925393));
#6590=CARTESIAN_POINT('',(-107.184782648,-41.447256697,30.049245427));
#6591=CARTESIAN_POINT('',(-107.184777939,-41.447260945,30.049236923));
#6592=CARTESIAN_POINT('',(-107.184773229,-41.447265193,30.04922842));
#6593=CARTESIAN_POINT('',(-107.18476852,-41.447269441,30.049219917));
#6594=CARTESIAN_POINT('',(-107.18476381,-41.447273689,30.049211413));
#6595=CARTESIAN_POINT('',(-107.178505366,-41.452918846,30.037911131));
#6596=CARTESIAN_POINT('',(-107.172246923,-41.458564004,30.02661085));
#6597=CARTESIAN_POINT('',(-107.165988479,-41.464209161,30.015310568));
#6598=CARTESIAN_POINT('',(-108.768784047,-37.740026315,31.859765259));
#6599=CARTESIAN_POINT('',(-108.758022782,-37.749602569,31.859765259));
#6600=CARTESIAN_POINT('',(-108.747261516,-37.759178824,31.859765259));
#6601=CARTESIAN_POINT('',(-108.73650025,-37.768755078,31.859765259));
#6602=CARTESIAN_POINT('',(-108.736486038,-37.768767725,31.859765259));
#6603=CARTESIAN_POINT('',(-108.736471827,-37.768780372,31.859765259));
#6604=CARTESIAN_POINT('',(-108.736457615,-37.768793019,31.859765259));
#6605=CARTESIAN_POINT('',(-108.736433356,-37.768814607,31.859765259));
#6606=CARTESIAN_POINT('',(-108.736409096,-37.768836196,31.859765259));
#6607=CARTESIAN_POINT('',(-108.736384837,-37.768857785,31.859765258));
#6608=CARTESIAN_POINT('',(-108.467383305,-38.008245759,31.859757426));
#6609=CARTESIAN_POINT('',(-108.198397297,-38.247619916,31.816326833));
#6610=CARTESIAN_POINT('',(-107.675794689,-38.712689218,31.645091994));
#6611=CARTESIAN_POINT('',(-107.422208297,-38.938357476,31.517289577));
#6612=CARTESIAN_POINT('',(-106.944974368,-39.363048038,31.184621135));
#6613=CARTESIAN_POINT('',(-106.721353152,-39.562046914,30.979773447));
#6614=CARTESIAN_POINT('',(-106.316876907,-39.921982435,30.504750016));
#6615=CARTESIAN_POINT('',(-106.136044191,-40.082899221,30.234600457));
#6616=CARTESIAN_POINT('',(-105.981782754,-40.220167562,29.939527437));
#6617=CARTESIAN_POINT('',(-105.981778064,-40.220171735,29.939518466));
#6618=CARTESIAN_POINT('',(-105.981773375,-40.220175908,29.939509496));
#6619=CARTESIAN_POINT('',(-105.981768685,-40.220180081,29.939500526));
#6620=CARTESIAN_POINT('',(-105.981763995,-40.220184254,29.939491555));
#6621=CARTESIAN_POINT('',(-105.981759306,-40.220188428,29.939482585));
#6622=CARTESIAN_POINT('',(-105.981754616,-40.220192601,29.939473614));
#6623=CARTESIAN_POINT('',(-105.97552275,-40.225738756,29.927552737));
#6624=CARTESIAN_POINT('',(-105.969290885,-40.23128491,29.91563186));
#6625=CARTESIAN_POINT('',(-105.963059019,-40.236831065,29.903710984));
#6626=CARTESIAN_POINT('',(-108.348513107,-37.265804659,31.859765259));
#6627=CARTESIAN_POINT('',(-108.337589801,-37.275471019,31.859765259));
#6628=CARTESIAN_POINT('',(-108.326666496,-37.28513738,31.859765259));
#6629=CARTESIAN_POINT('',(-108.31574319,-37.294803741,31.859765259));
#6630=CARTESIAN_POINT('',(-108.315728764,-37.294816507,31.859765259));
#6631=CARTESIAN_POINT('',(-108.315714338,-37.294829273,31.859765259));
#6632=CARTESIAN_POINT('',(-108.315699912,-37.294842039,31.859765259));
#6633=CARTESIAN_POINT('',(-108.315675288,-37.29486383,31.859765259));
#6634=CARTESIAN_POINT('',(-108.315650661,-37.294885622,31.859765259));
#6635=CARTESIAN_POINT('',(-108.315626036,-37.294907414,31.859765258));
#6636=CARTESIAN_POINT('',(-108.042563865,-37.536546808,31.859757227));
#6637=CARTESIAN_POINT('',(-107.769518225,-37.778171566,31.815225275));
#6638=CARTESIAN_POINT('',(-107.239416432,-38.247268207,31.639710682));
#6639=CARTESIAN_POINT('',(-106.982392422,-38.474711632,31.5087304));
#6640=CARTESIAN_POINT('',(-106.499468337,-38.902049798,31.167996187));
#6641=CARTESIAN_POINT('',(-106.273596233,-39.101919775,30.958261972));
#6642=CARTESIAN_POINT('',(-105.866256398,-39.462356718,30.472332615));
#6643=CARTESIAN_POINT('',(-105.68481227,-39.622902788,30.196165592));
#6644=CARTESIAN_POINT('',(-105.530907028,-39.759074277,29.894877185));
#6645=CARTESIAN_POINT('',(-105.530902349,-39.759078417,29.894868025));
#6646=CARTESIAN_POINT('',(-105.53089767,-39.759082557,29.894858866));
#6647=CARTESIAN_POINT('',(-105.530892991,-39.759086697,29.894849706));
#6648=CARTESIAN_POINT('',(-105.530888312,-39.759090836,29.894840547));
#6649=CARTESIAN_POINT('',(-105.530883634,-39.759094976,29.894831388));
#6650=CARTESIAN_POINT('',(-105.530878955,-39.759099116,29.894822228));
#6651=CARTESIAN_POINT('',(-105.524661707,-39.764600752,29.88265019));
#6652=CARTESIAN_POINT('',(-105.518444459,-39.770102389,29.870478151));
#6653=CARTESIAN_POINT('',(-105.512227212,-39.775604025,29.858306113));
#6654=CARTESIAN_POINT('',(-107.93063131,-36.789491811,31.859765259));
#6655=CARTESIAN_POINT('',(-107.91952552,-36.799254336,31.859765259));
#6656=CARTESIAN_POINT('',(-107.90841973,-36.80901686,31.859765259));
#6657=CARTESIAN_POINT('',(-107.89731394,-36.818779385,31.859765259));
#6658=CARTESIAN_POINT('',(-107.897299273,-36.818792278,31.859765259));
#6659=CARTESIAN_POINT('',(-107.897284607,-36.81880517,31.859765259));
#6660=CARTESIAN_POINT('',(-107.897269941,-36.818818063,31.859765259));
#6661=CARTESIAN_POINT('',(-107.897244907,-36.818840071,31.859765259));
#6662=CARTESIAN_POINT('',(-107.89721987,-36.818862079,31.859765259));
#6663=CARTESIAN_POINT('',(-107.897194835,-36.818884086,31.859765258));
#6664=CARTESIAN_POINT('',(-107.619587879,-37.062919491,31.859757003));
#6665=CARTESIAN_POINT('',(-107.341998685,-37.30693928,31.813981242));
#6666=CARTESIAN_POINT('',(-106.803533093,-37.780286601,31.633640359));
#6667=CARTESIAN_POINT('',(-106.542691198,-38.009583798,31.49907828));
#6668=CARTESIAN_POINT('',(-106.053510361,-38.439604821,31.149276178));
#6669=CARTESIAN_POINT('',(-105.825201393,-38.640302296,30.934057587));
#6670=CARTESIAN_POINT('',(-105.414885773,-39.000992971,30.435936084));
#6671=CARTESIAN_POINT('',(-105.232904265,-39.160964068,30.153063691));
#6672=CARTESIAN_POINT('',(-105.079575025,-39.295747128,29.844890669));
#6673=CARTESIAN_POINT('',(-105.079570363,-39.295751226,29.8448813));
#6674=CARTESIAN_POINT('',(-105.079565702,-39.295755323,29.844871931));
#6675=CARTESIAN_POINT('',(-105.079561041,-39.29575942,29.844862563));
#6676=CARTESIAN_POINT('',(-105.079556379,-39.295763518,29.844853194));
#6677=CARTESIAN_POINT('',(-105.079551718,-39.295767615,29.844843825));
#6678=CARTESIAN_POINT('',(-105.079547057,-39.295771713,29.844834456));
#6679=CARTESIAN_POINT('',(-105.073353065,-39.301216871,29.832384014));
#6680=CARTESIAN_POINT('',(-105.067159073,-39.30666203,29.819933571));
#6681=CARTESIAN_POINT('',(-105.060965081,-39.312107188,29.807483129));
#6682=B_SPLINE_SURFACE_WITH_KNOTS('',3,3,((#6458,#6459,#6460,#6461,#6462,#6463,#6464,#6465,#6466,#6467,#6468,#6469,#6470,#6471,#6472,#6473,#6474,#6475,#6476,#6477,#6478,#6479,#6480,#6481,#6482,#6483,
#6484,#6485),(#6486,#6487,#6488,#6489,#6490,#6491,#6492,#6493,#6494,#6495,#6496,#6497,#6498,#6499,#6500,#6501,#6502,#6503,#6504,#6505,#6506,#6507,#6508,#6509,#6510,#6511,
#6512,#6513),(#6514,#6515,#6516,#6517,#6518,#6519,#6520,#6521,#6522,#6523,#6524,#6525,#6526,#6527,#6528,#6529,#6530,#6531,#6532,#6533,#6534,#6535,#6536,#6537,#6538,#6539,
#6540,#6541),(#6542,#6543,#6544,#6545,#6546,#6547,#6548,#6549,#6550,#6551,#6552,#6553,#6554,#6555,#6556,#6557,#6558,#6559,#6560,#6561,#6562,#6563,#6564,#6565,#6566,#6567,
#6568,#6569),(#6570,#6571,#6572,#6573,#6574,#6575,#6576,#6577,#6578,#6579,#6580,#6581,#6582,#6583,#6584,#6585,#6586,#6587,#6588,#6589,#6590,#6591,#6592,#6593,#6594,#6595,
#6596,#6597),(#6598,#6599,#6600,#6601,#6602,#6603,#6604,#6605,#6606,#6607,#6608,#6609,#6610,#6611,#6612,#6613,#6614,#6615,#6616,#6617,#6618,#6619,#6620,#6621,#6622,#6623,
#6624,#6625),(#6626,#6627,#6628,#6629,#6630,#6631,#6632,#6633,#6634,#6635,#6636,#6637,#6638,#6639,#6640,#6641,#6642,#6643,#6644,#6645,#6646,#6647,#6648,#6649,#6650,#6651,
#6652,#6653),(#6654,#6655,#6656,#6657,#6658,#6659,#6660,#6661,#6662,#6663,#6664,#6665,#6666,#6667,#6668,#6669,#6670,#6671,#6672,#6673,#6674,#6675,#6676,#6677,#6678,#6679,
#6680,#6681)),.UNSPECIFIED.,.F.,.F.,.U.,(4,2,2,4),(4,3,3,3,2,2,2,3,3,3,4),(0.024429806,0.027507191,0.03068144,0.032582827),(-0.010013491,-0.000013207,0.,0.000022544,0.25,0.5,0.75,1.,1.000007601,1.000015201,1.010115488),.UNSPECIFIED.);
#6683=OFFSET_SURFACE('',#6682,0.1,.F.);
#6684=CARTESIAN_POINT('',(-109.814784423,-42.199399238,31.187359921));
#6685=VERTEX_POINT('',#6684);
#6686=CARTESIAN_POINT('',(-109.814784423,-42.199399238,31.187359921));
#6687=CARTESIAN_POINT('',(-109.651432884,-42.379551768,31.05005869));
#6688=CARTESIAN_POINT('',(-109.491157781,-42.54442198,30.889551367));
#6689=CARTESIAN_POINT('',(-109.336725879,-42.690820068,30.708138495));
#6690=CARTESIAN_POINT('',(-109.182293976,-42.837218155,30.526725622));
#6691=CARTESIAN_POINT('',(-109.034213973,-42.964311849,30.325402492));
#6692=CARTESIAN_POINT('',(-108.895649345,-43.070936445,30.107526861));
#6693=B_SPLINE_CURVE_WITH_KNOTS('',3,(#6686,#6687,#6688,#6689,#6690,#6691,#6692),.UNSPECIFIED.,.F.,.F.,(4,3,4),(0.002064579,0.002902647,0.003740714),.UNSPECIFIED.);
#6694=EDGE_CURVE('',#6685,#6339,#6693,.T.);
#6695=ORIENTED_EDGE('',*,*,#6694,.F.);
#6696=CARTESIAN_POINT('',(-111.311115889,-40.619974378,31.759765259));
#6697=VERTEX_POINT('',#6696);
#6698=CARTESIAN_POINT('',(-109.814784423,-42.199399238,31.187359921));
#6699=CARTESIAN_POINT('',(-109.942247334,-42.093952101,31.281051921));
#6700=CARTESIAN_POINT('',(-110.070902168,-41.980114928,31.364195536));
#6701=CARTESIAN_POINT('',(-110.198353205,-41.859788667,31.435466125));
#6702=CARTESIAN_POINT('',(-110.325804243,-41.739462406,31.506736714));
#6703=CARTESIAN_POINT('',(-110.452686047,-41.612225814,31.566645793));
#6704=CARTESIAN_POINT('',(-110.579202817,-41.478191312,31.61501314));
#6705=CARTESIAN_POINT('',(-110.705719587,-41.344156809,31.663380487));
#6706=CARTESIAN_POINT('',(-110.830083978,-41.205269541,31.699460309));
#6707=CARTESIAN_POINT('',(-110.952406634,-41.061767532,31.72358755));
#6708=CARTESIAN_POINT('',(-111.07472929,-40.918265523,31.747714791));
#6709=CARTESIAN_POINT('',(-111.194661424,-40.770313028,31.759764671));
#6710=CARTESIAN_POINT('',(-111.311115889,-40.619974378,31.759765259));
#6711=B_SPLINE_CURVE_WITH_KNOTS('',3,(#6698,#6699,#6700,#6701,#6702,#6703,#6704,#6705,#6706,#6707,#6708,#6709,#6710),.UNSPECIFIED.,.F.,.F.,(4,3,3,3,4),(0.009299637,0.009870137,0.010440638,0.011011139,0.01158164),.UNSPECIFIED.);
#6712=EDGE_CURVE('',#6685,#6697,#6711,.T.);
#6713=ORIENTED_EDGE('',*,*,#6712,.T.);
#6714=CARTESIAN_POINT('',(-111.311115834,-40.619974318,31.759765259));
#6715=CARTESIAN_POINT('',(-111.625528487,-40.963995839,31.759765259));
#6716=CARTESIAN_POINT('',(-111.94061838,-41.307399777,31.759765259));
#6717=CARTESIAN_POINT('',(-112.256296914,-41.650263308,31.759765259));
#6718=B_SPLINE_CURVE_WITH_KNOTS('',3,(#6714,#6715,#6716,#6717),.UNSPECIFIED.,.F.,.F.,(4,4),(0.029756946,0.031155096),.UNSPECIFIED.);
#6719=EDGE_CURVE('',#6697,#5881,#6718,.T.);
#6720=ORIENTED_EDGE('',*,*,#6719,.T.);
#6721=ORIENTED_EDGE('',*,*,#5890,.F.);
#6722=ORIENTED_EDGE('',*,*,#5693,.T.);
#6723=ORIENTED_EDGE('',*,*,#6352,.T.);
#6724=EDGE_LOOP('',(#6695,#6713,#6720,#6721,#6722,#6723));
#6725=FACE_BOUND('',#6724,.T.);
#6726=ADVANCED_FACE('',(#6725),#6683,.F.);
#6727=CARTESIAN_POINT('',(-115.170251313,-22.451369543,27.859765259));
#6728=DIRECTION('',(-1.,0.,0.));
#6729=DIRECTION('',(0.,0.,-1.));
#6730=AXIS2_PLACEMENT_3D('',#6727,#6728,#6729);
#6731=CYLINDRICAL_SURFACE('',#6730,3.9);
#6732=ORIENTED_EDGE('',*,*,#3434,.T.);
#6733=ORIENTED_EDGE('',*,*,#4748,.T.);
#6734=ORIENTED_EDGE('',*,*,#3950,.F.);
#6735=CARTESIAN_POINT('',(-119.137423189,-22.451369543,31.759765259));
#6736=DIRECTION('',(1.,0.,-0.));
#6737=VECTOR('',#6736,1.095741056);
#6738=LINE('',#6735,#6737);
#6739=EDGE_CURVE('',#3877,#4611,#6738,.T.);
#6740=ORIENTED_EDGE('',*,*,#6739,.T.);
#6741=ORIENTED_EDGE('',*,*,#4711,.F.);
#6742=EDGE_LOOP('',(#6732,#6733,#6734,#6740,#6741));
#6743=FACE_BOUND('',#6742,.T.);
#6744=ADVANCED_FACE('',(#6743),#6731,.T.);
#6745=CARTESIAN_POINT('',(-109.322612996,-42.734418893,29.66680612));
#6746=CARTESIAN_POINT('',(-109.314809576,-42.740423254,29.654624792));
#6747=CARTESIAN_POINT('',(-109.306659066,-42.746670521,29.641872054));
#6748=CARTESIAN_POINT('',(-109.293882401,-42.75645608,29.621919027));
#6749=CARTESIAN_POINT('',(-109.28953156,-42.759787095,29.615130786));
#6750=CARTESIAN_POINT('',(-109.282862203,-42.764894286,29.604747521));
#6751=CARTESIAN_POINT('',(-109.28061523,-42.766615126,29.60125295));
#6752=CARTESIAN_POINT('',(-109.276072588,-42.770094915,29.59419774));
#6753=CARTESIAN_POINT('',(-109.27371596,-42.771900609,29.590542814));
#6754=CARTESIAN_POINT('',(-109.269012857,-42.77550533,29.583260086));
#6755=CARTESIAN_POINT('',(-109.266695781,-42.777281284,29.579675832));
#6756=CARTESIAN_POINT('',(-109.261931311,-42.780932947,29.572312233));
#6757=CARTESIAN_POINT('',(-109.259547789,-42.782759728,29.568631918));
#6758=CARTESIAN_POINT('',(-109.252393366,-42.788242917,29.557595423));
#6759=CARTESIAN_POINT('',(-109.247618605,-42.791902172,29.550243694));
#6760=CARTESIAN_POINT('',(-109.233278899,-42.8028913,29.528206307));
#6761=CARTESIAN_POINT('',(-109.223698531,-42.81023254,29.513538447));
#6762=CARTESIAN_POINT('',(-109.194895823,-42.832301573,29.469606008));
#6763=CARTESIAN_POINT('',(-109.175611874,-42.847074671,29.440412571));
#6764=CARTESIAN_POINT('',(-109.117514323,-42.891573998,29.353116413));
#6765=CARTESIAN_POINT('',(-109.078454999,-42.921480236,29.295297847));
#6766=CARTESIAN_POINT('',(-108.9602999,-43.01190927,29.122975298));
#6767=CARTESIAN_POINT('',(-108.880226958,-43.073142345,29.009604526));
#6768=CARTESIAN_POINT('',(-108.636145656,-43.259604295,28.673995045));
#6769=CARTESIAN_POINT('',(-108.468298319,-43.387577811,28.456288971));
#6770=CARTESIAN_POINT('',(-108.122457086,-43.650544806,28.03258786));
#6771=CARTESIAN_POINT('',(-107.944375346,-43.785656517,27.826517194));
#6772=CARTESIAN_POINT('',(-107.580399331,-44.061774494,27.428035234));
#6773=CARTESIAN_POINT('',(-107.394371955,-44.203026525,27.235372815));
#6774=CARTESIAN_POINT('',(-107.013899465,-44.490973332,26.863016292));
#6775=CARTESIAN_POINT('',(-106.819476648,-44.637601201,26.683350942));
#6776=CARTESIAN_POINT('',(-106.421480636,-44.934637188,26.336740613));
#6777=CARTESIAN_POINT('',(-106.218471586,-45.084583244,26.170312869));
#6778=CARTESIAN_POINT('',(-105.80459818,-45.385446004,25.851212814));
#6779=CARTESIAN_POINT('',(-105.593491251,-45.536343702,25.6984105));
#6780=CARTESIAN_POINT('',(-105.271128035,-45.763701741,25.479024696));
#6781=CARTESIAN_POINT('',(-105.162734095,-45.839686217,25.407523426));
#6782=CARTESIAN_POINT('',(-104.998845444,-45.954103117,25.302677466));
#6783=CARTESIAN_POINT('',(-104.944000453,-45.992314808,25.268130391));
#6784=CARTESIAN_POINT('',(-104.861425691,-46.049757909,25.216909022));
#6785=CARTESIAN_POINT('',(-104.833849555,-46.068926534,25.199935106));
#6786=CARTESIAN_POINT('',(-104.792410502,-46.097712907,25.174623648));
#6787=CARTESIAN_POINT('',(-104.778585009,-46.107313936,25.166211398));
#6788=CARTESIAN_POINT('',(-104.757828311,-46.121724105,25.153630326));
#6789=CARTESIAN_POINT('',(-104.750906334,-46.126528931,25.149442853));
#6790=CARTESIAN_POINT('',(-104.737056266,-46.136141497,25.141080334));
#6791=CARTESIAN_POINT('',(-104.730009139,-46.141031875,25.136833796));
#6792=CARTESIAN_POINT('',(-104.716901738,-46.15012646,25.12894994));
#6793=CARTESIAN_POINT('',(-104.710797584,-46.154359313,25.125280599));
#6794=CARTESIAN_POINT('',(-104.698303068,-46.163019417,25.117776294));
#6795=CARTESIAN_POINT('',(-104.692032087,-46.16736388,25.114013204));
#6796=CARTESIAN_POINT('',(-104.673071221,-46.180495321,25.102649369));
#6797=CARTESIAN_POINT('',(-104.658733177,-46.190416401,25.094063953));
#6798=CARTESIAN_POINT('',(-104.642569665,-46.201683443,25.08461226));
#6799=CARTESIAN_POINT('',(-109.161658387,-42.531048607,29.666155096));
#6800=CARTESIAN_POINT('',(-109.153953927,-42.536974163,29.654124863));
#6801=CARTESIAN_POINT('',(-109.145865147,-42.543172513,29.641468849));
#6802=CARTESIAN_POINT('',(-109.133126115,-42.552928234,29.621578282));
#6803=CARTESIAN_POINT('',(-109.12877863,-42.556256587,29.614797121));
#6804=CARTESIAN_POINT('',(-109.122100382,-42.561370817,29.604403986));
#6805=CARTESIAN_POINT('',(-109.119848123,-42.563095844,29.600902711));
#6806=CARTESIAN_POINT('',(-109.115290219,-42.566587725,29.59382731));
#6807=CARTESIAN_POINT('',(-109.112917151,-42.568406453,29.590149419));
#6808=CARTESIAN_POINT('',(-109.108201797,-42.572020885,29.582851344));
#6809=CARTESIAN_POINT('',(-109.10589193,-42.573791118,29.579279038));
#6810=CARTESIAN_POINT('',(-109.101128316,-42.577442097,29.571919427));
#6811=CARTESIAN_POINT('',(-109.098745227,-42.579268532,29.56824111));
#6812=CARTESIAN_POINT('',(-109.091592111,-42.584750677,29.557210625));
#6813=CARTESIAN_POINT('',(-109.086818238,-42.588409222,29.549862921));
#6814=CARTESIAN_POINT('',(-109.072481243,-42.599396186,29.527837663));
#6815=CARTESIAN_POINT('',(-109.062902745,-42.606735934,29.513177961));
#6816=CARTESIAN_POINT('',(-109.034105839,-42.628800339,29.469270215));
#6817=CARTESIAN_POINT('',(-109.014826011,-42.643570154,29.44009353));
#6818=CARTESIAN_POINT('',(-108.956741602,-42.688059023,29.352848477));
#6819=CARTESIAN_POINT('',(-108.917692069,-42.717957483,29.29506512));
#6820=CARTESIAN_POINT('',(-108.799569523,-42.8083607,29.122851484));
#6821=CARTESIAN_POINT('',(-108.719522513,-42.869573264,29.009557713));
#6822=CARTESIAN_POINT('',(-108.475532278,-43.055963385,28.674191385));
#6823=CARTESIAN_POINT('',(-108.30776994,-43.18387012,28.456671605));
#6824=CARTESIAN_POINT('',(-107.962110071,-43.446695345,28.033337902));
#6825=CARTESIAN_POINT('',(-107.784094315,-43.581755847,27.827409046));
#6826=CARTESIAN_POINT('',(-107.42011597,-43.857876267,27.429057462));
#6827=CARTESIAN_POINT('',(-107.234123007,-43.999101598,27.236499583));
#6828=CARTESIAN_POINT('',(-106.853966284,-44.28680354,26.864579844));
#6829=CARTESIAN_POINT('',(-106.659864674,-44.433182035,26.685283572));
#6830=CARTESIAN_POINT('',(-106.262856685,-44.729462038,26.339658375));
#6831=CARTESIAN_POINT('',(-106.060468162,-44.878936558,26.173809188));
#6832=CARTESIAN_POINT('',(-105.648265864,-45.178554694,25.856117658));
#6833=CARTESIAN_POINT('',(-105.43802838,-45.328816745,25.703999681));
#6834=CARTESIAN_POINT('',(-105.116751557,-45.555391017,25.485435895));
#6835=CARTESIAN_POINT('',(-105.008648914,-45.631167069,25.414152156));
#6836=CARTESIAN_POINT('',(-104.845144101,-45.745310353,25.309590916));
#6837=CARTESIAN_POINT('',(-104.790415084,-45.783439606,25.275129675));
#6838=CARTESIAN_POINT('',(-104.707996007,-45.840772268,25.224023994));
#6839=CARTESIAN_POINT('',(-104.68046872,-45.859906282,25.207086465));
#6840=CARTESIAN_POINT('',(-104.639098335,-45.888644056,25.181826395));
#6841=CARTESIAN_POINT('',(-104.625294963,-45.898229438,25.173430744));
#6842=CARTESIAN_POINT('',(-104.604570293,-45.912616965,25.160873777));
#6843=CARTESIAN_POINT('',(-104.597658799,-45.917414382,25.156694208));
#6844=CARTESIAN_POINT('',(-104.583829312,-45.927012406,25.148347234));
#6845=CARTESIAN_POINT('',(-104.576779461,-45.931904795,25.144101166));
#6846=CARTESIAN_POINT('',(-104.563715786,-45.940968333,25.136245567));
#6847=CARTESIAN_POINT('',(-104.557653146,-45.945171661,25.132601251));
#6848=CARTESIAN_POINT('',(-104.545210831,-45.953794708,25.125129714));
#6849=CARTESIAN_POINT('',(-104.53896342,-45.958122454,25.121381574));
#6850=CARTESIAN_POINT('',(-104.520057562,-45.971214934,25.110053803));
#6851=CARTESIAN_POINT('',(-104.505570811,-45.981241478,25.101387306));
#6852=CARTESIAN_POINT('',(-104.489062418,-45.992755612,25.091751572));
#6853=B_SPLINE_SURFACE_WITH_KNOTS('',1,3,((#6745,#6746,#6747,#6748,#6749,#6750,#6751,#6752,#6753,#6754,#6755,#6756,#6757,#6758,#6759,#6760,#6761,#6762,#6763,#6764,#6765,#6766,#6767,#6768,#6769,#6770,
#6771,#6772,#6773,#6774,#6775,#6776,#6777,#6778,#6779,#6780,#6781,#6782,#6783,#6784,#6785,#6786,#6787,#6788,#6789,#6790,#6791,#6792,#6793,#6794,#6795,
#6796,#6797,#6798),(#6799,#6800,#6801,#6802,#6803,#6804,#6805,#6806,#6807,#6808,#6809,#6810,#6811,#6812,#6813,#6814,#6815,#6816,#6817,#6818,#6819,#6820,#6821,#6822,#6823,#6824,
#6825,#6826,#6827,#6828,#6829,#6830,#6831,#6832,#6833,#6834,#6835,#6836,#6837,#6838,#6839,#6840,#6841,#6842,#6843,#6844,#6845,#6846,#6847,#6848,#6849,
#6850,#6851,#6852)),.UNSPECIFIED.,.F.,.F.,.U.,(2,2),(4,2,2,2,2,2,2,2,2,2,2,2,2,2,2,2,2,2,2,2,2,2,2,2,2,2,
4),(0.,0.324196804),(0.138087793,0.142113915,0.144126975,0.145133506,0.146140036,0.147228513,0.14831699,0.150493943,0.154847851,0.163555666,0.180971296,0.215802557,0.285465077,0.355127598,0.424790119,0.49445264,0.56411516,0.633777681,0.668608942,0.686024572,0.694732387,0.699086294,0.701263248,0.703440202,0.705452006,0.70746381,
0.711487418),.UNSPECIFIED.);
#6854=ORIENTED_EDGE('',*,*,#4984,.F.);
#6855=CARTESIAN_POINT('',(-109.322612996,-42.734418893,29.66680612));
#6856=VERTEX_POINT('',#6855);
#6857=CARTESIAN_POINT('',(-109.322612996,-42.734418893,29.66680612));
#6858=DIRECTION('',(0.620589897,0.784131289,-0.002510145));
#6859=VECTOR('',#6858,0.244797741);
#6860=LINE('',#6857,#6859);
#6861=EDGE_CURVE('',#6856,#4948,#6860,.T.);
#6862=ORIENTED_EDGE('',*,*,#6861,.F.);
#6863=CARTESIAN_POINT('',(-104.642569665,-46.201683443,25.08461226));
#6864=VERTEX_POINT('',#6863);
#6865=CARTESIAN_POINT('',(-109.322612996,-42.734418893,29.66680612));
#6866=CARTESIAN_POINT('',(-109.314809576,-42.740423254,29.654624792));
#6867=CARTESIAN_POINT('',(-109.306659066,-42.746670521,29.641872054));
#6868=CARTESIAN_POINT('',(-109.293882401,-42.75645608,29.621919027));
#6869=CARTESIAN_POINT('',(-109.28953156,-42.759787095,29.615130786));
#6870=CARTESIAN_POINT('',(-109.282862203,-42.764894286,29.604747521));
#6871=CARTESIAN_POINT('',(-109.28061523,-42.766615126,29.60125295));
#6872=CARTESIAN_POINT('',(-109.276072588,-42.770094915,29.59419774));
#6873=CARTESIAN_POINT('',(-109.27371596,-42.771900609,29.590542814));
#6874=CARTESIAN_POINT('',(-109.269012857,-42.77550533,29.583260086));
#6875=CARTESIAN_POINT('',(-109.266695781,-42.777281284,29.579675832));
#6876=CARTESIAN_POINT('',(-109.261931311,-42.780932947,29.572312233));
#6877=CARTESIAN_POINT('',(-109.259547789,-42.782759728,29.568631918));
#6878=CARTESIAN_POINT('',(-109.252393366,-42.788242917,29.557595423));
#6879=CARTESIAN_POINT('',(-109.247618605,-42.791902172,29.550243694));
#6880=CARTESIAN_POINT('',(-109.233278899,-42.8028913,29.528206307));
#6881=CARTESIAN_POINT('',(-109.223698531,-42.81023254,29.513538447));
#6882=CARTESIAN_POINT('',(-109.194895823,-42.832301573,29.469606008));
#6883=CARTESIAN_POINT('',(-109.175611874,-42.847074671,29.440412571));
#6884=CARTESIAN_POINT('',(-109.117514323,-42.891573998,29.353116413));
#6885=CARTESIAN_POINT('',(-109.078454999,-42.921480236,29.295297847));
#6886=CARTESIAN_POINT('',(-108.9602999,-43.01190927,29.122975298));
#6887=CARTESIAN_POINT('',(-108.880226958,-43.073142345,29.009604526));
#6888=CARTESIAN_POINT('',(-108.636145656,-43.259604295,28.673995045));
#6889=CARTESIAN_POINT('',(-108.468298319,-43.387577811,28.456288971));
#6890=CARTESIAN_POINT('',(-108.122457086,-43.650544806,28.03258786));
#6891=CARTESIAN_POINT('',(-107.944375346,-43.785656517,27.826517194));
#6892=CARTESIAN_POINT('',(-107.580399331,-44.061774494,27.428035234));
#6893=CARTESIAN_POINT('',(-107.394371955,-44.203026525,27.235372815));
#6894=CARTESIAN_POINT('',(-107.013899465,-44.490973332,26.863016292));
#6895=CARTESIAN_POINT('',(-106.819476648,-44.637601201,26.683350942));
#6896=CARTESIAN_POINT('',(-106.421480636,-44.934637188,26.336740613));
#6897=CARTESIAN_POINT('',(-106.218471586,-45.084583244,26.170312869));
#6898=CARTESIAN_POINT('',(-105.80459818,-45.385446004,25.851212814));
#6899=CARTESIAN_POINT('',(-105.593491251,-45.536343702,25.6984105));
#6900=CARTESIAN_POINT('',(-105.271128035,-45.763701741,25.479024696));
#6901=CARTESIAN_POINT('',(-105.162734095,-45.839686217,25.407523426));
#6902=CARTESIAN_POINT('',(-104.998845444,-45.954103117,25.302677466));
#6903=CARTESIAN_POINT('',(-104.944000453,-45.992314808,25.268130391));
#6904=CARTESIAN_POINT('',(-104.861425691,-46.049757909,25.216909022));
#6905=CARTESIAN_POINT('',(-104.833849555,-46.068926534,25.199935106));
#6906=CARTESIAN_POINT('',(-104.792410502,-46.097712907,25.174623648));
#6907=CARTESIAN_POINT('',(-104.778585009,-46.107313936,25.166211398));
#6908=CARTESIAN_POINT('',(-104.757828311,-46.121724105,25.153630326));
#6909=CARTESIAN_POINT('',(-104.750906334,-46.126528931,25.149442853));
#6910=CARTESIAN_POINT('',(-104.737056266,-46.136141497,25.141080334));
#6911=CARTESIAN_POINT('',(-104.730009139,-46.141031875,25.136833796));
#6912=CARTESIAN_POINT('',(-104.716901738,-46.15012646,25.12894994));
#6913=CARTESIAN_POINT('',(-104.710797584,-46.154359313,25.125280599));
#6914=CARTESIAN_POINT('',(-104.698303068,-46.163019417,25.117776294));
#6915=CARTESIAN_POINT('',(-104.692032087,-46.16736388,25.114013204));
#6916=CARTESIAN_POINT('',(-104.673071221,-46.180495321,25.102649369));
#6917=CARTESIAN_POINT('',(-104.658733177,-46.190416401,25.094063953));
#6918=CARTESIAN_POINT('',(-104.642569665,-46.201683443,25.08461226));
#6919=B_SPLINE_CURVE_WITH_KNOTS('',3,(#6865,#6866,#6867,#6868,#6869,#6870,#6871,#6872,#6873,#6874,#6875,#6876,#6877,#6878,#6879,#6880,#6881,#6882,#6883,#6884,#6885,#6886,#6887,#6888,#6889,#6890,
#6891,#6892,#6893,#6894,#6895,#6896,#6897,#6898,#6899,#6900,#6901,#6902,#6903,#6904,#6905,#6906,#6907,#6908,#6909,#6910,#6911,#6912,#6913,#6914,#6915,
#6916,#6917,#6918),.UNSPECIFIED.,.F.,.F.,(4,2,2,2,2,2,2,2,2,2,2,2,2,2,2,2,2,2,2,2,2,2,2,2,2,2,
4),(0.138087793,0.142113915,0.144126975,0.145133506,0.146140036,0.147228513,0.14831699,0.150493943,0.154847851,0.163555666,0.180971296,0.215802557,0.285465077,0.355127598,0.424790119,0.49445264,0.56411516,0.633777681,0.668608942,0.686024572,0.694732387,0.699086294,0.701263248,0.703440202,0.705452006,0.70746381,
0.711487418),.UNSPECIFIED.);
#6920=EDGE_CURVE('',#6856,#6864,#6919,.T.);
#6921=ORIENTED_EDGE('',*,*,#6920,.T.);
#6922=CARTESIAN_POINT('',(-104.642569665,-46.201683443,25.08461226));
#6923=DIRECTION('',(0.591875235,0.805559417,0.02752692));
#6924=VECTOR('',#6923,0.259357443);
#6925=LINE('',#6922,#6924);
#6926=EDGE_CURVE('',#6864,#4960,#6925,.T.);
#6927=ORIENTED_EDGE('',*,*,#6926,.T.);
#6928=EDGE_LOOP('',(#6854,#6862,#6921,#6927));
#6929=FACE_BOUND('',#6928,.T.);
#6930=ADVANCED_FACE('',(#6929),#6853,.F.);
#6931=CARTESIAN_POINT('',(-104.642569665,-46.201683443,25.08461226));
#6932=CARTESIAN_POINT('',(-104.626436188,-46.21292955,25.07517813));
#6933=CARTESIAN_POINT('',(-104.60845599,-46.225540239,25.064864899));
#6934=CARTESIAN_POINT('',(-104.578804461,-46.246665343,25.04864073));
#6935=CARTESIAN_POINT('',(-104.568881328,-46.253786587,25.043332254));
#6936=CARTESIAN_POINT('',(-104.549017122,-46.268145892,25.032948448));
#6937=CARTESIAN_POINT('',(-104.538981899,-46.275452851,25.027825899));
#6938=CARTESIAN_POINT('',(-104.51752549,-46.291187026,25.017131644));
#6939=CARTESIAN_POINT('',(-104.506148979,-46.299596749,25.011617659));
#6940=CARTESIAN_POINT('',(-104.483200993,-46.316692384,25.000799464));
#6941=CARTESIAN_POINT('',(-104.471728733,-46.325305683,24.995544866));
#6942=CARTESIAN_POINT('',(-104.437322264,-46.35133761,24.980240863));
#6943=CARTESIAN_POINT('',(-104.414398401,-46.368948151,24.970651073));
#6944=CARTESIAN_POINT('',(-104.345707171,-46.422517633,24.943697076));
#6945=CARTESIAN_POINT('',(-104.300004041,-46.459226076,24.9281405));
#6946=CARTESIAN_POINT('',(-104.209070614,-46.534436987,24.901828436));
#6947=CARTESIAN_POINT('',(-104.16406507,-46.572753001,24.891132459));
#6948=CARTESIAN_POINT('',(-104.09731949,-46.631203614,24.878580523));
#6949=CARTESIAN_POINT('',(-104.07520135,-46.65084735,24.87498021));
#6950=CARTESIAN_POINT('',(-104.042235591,-46.680539445,24.870438492));
#6951=CARTESIAN_POINT('',(-104.031282226,-46.69047457,24.869067753));
#6952=CARTESIAN_POINT('',(-104.009448514,-46.71041825,24.8666103));
#6953=CARTESIAN_POINT('',(-103.998683743,-46.72031969,24.865533467));
#6954=CARTESIAN_POINT('',(-103.978369291,-46.73913878,24.863762008));
#6955=CARTESIAN_POINT('',(-103.968876679,-46.747988603,24.863042889));
#6956=CARTESIAN_POINT('',(-103.950218838,-46.765493378,24.86184246));
#6957=CARTESIAN_POINT('',(-103.940946095,-46.774248011,24.861351965));
#6958=CARTESIAN_POINT('',(-103.913366303,-46.800446368,24.860199196));
#6959=CARTESIAN_POINT('',(-103.896672441,-46.81651629,24.85990406));
#6960=CARTESIAN_POINT('',(-103.881683936,-46.831023116,24.859779002));
#6961=CARTESIAN_POINT('',(-104.470779716,-45.967872322,25.092601863));
#6962=CARTESIAN_POINT('',(-104.454263515,-45.979392678,25.082963619));
#6963=CARTESIAN_POINT('',(-104.435674633,-45.992440663,25.072326245));
#6964=CARTESIAN_POINT('',(-104.404783627,-46.014472433,25.055479448));
#6965=CARTESIAN_POINT('',(-104.394442606,-46.021901485,25.049965954));
#6966=CARTESIAN_POINT('',(-104.373739677,-46.036882948,25.039180731));
#6967=CARTESIAN_POINT('',(-104.363272178,-46.04451284,25.033856506));
#6968=CARTESIAN_POINT('',(-104.340916478,-46.060923409,25.022753368));
#6969=CARTESIAN_POINT('',(-104.329078138,-46.069683242,25.017035744));
#6970=CARTESIAN_POINT('',(-104.305180552,-46.087504104,25.005810863));
#6971=CARTESIAN_POINT('',(-104.29323258,-46.096483456,25.00035873));
#6972=CARTESIAN_POINT('',(-104.25739589,-46.123624198,24.984479382));
#6973=CARTESIAN_POINT('',(-104.233514437,-46.141988142,24.974529026));
#6974=CARTESIAN_POINT('',(-104.161935171,-46.197863599,24.946561454));
#6975=CARTESIAN_POINT('',(-104.114285606,-46.236170801,24.930419574));
#6976=CARTESIAN_POINT('',(-104.019404322,-46.314720785,24.903122592));
#6977=CARTESIAN_POINT('',(-103.972433731,-46.354746343,24.892035714));
#6978=CARTESIAN_POINT('',(-103.902742783,-46.41583252,24.879044336));
#6979=CARTESIAN_POINT('',(-103.879643299,-46.436366624,24.875322154));
#6980=CARTESIAN_POINT('',(-103.845204913,-46.467413703,24.870634452));
#6981=CARTESIAN_POINT('',(-103.83376057,-46.477803732,24.869221199));
#6982=CARTESIAN_POINT('',(-103.810944478,-46.498664019,24.866691082));
#6983=CARTESIAN_POINT('',(-103.799703469,-46.509012806,24.865584799));
#6984=CARTESIAN_POINT('',(-103.778449339,-46.528721038,24.863767665));
#6985=CARTESIAN_POINT('',(-103.768502545,-46.538003289,24.863031569));
#6986=CARTESIAN_POINT('',(-103.748972283,-46.556344033,24.861808664));
#6987=CARTESIAN_POINT('',(-103.739267199,-46.565515566,24.861312029));
#6988=CARTESIAN_POINT('',(-103.710410434,-46.592952799,24.860155364));
#6989=CARTESIAN_POINT('',(-103.693068662,-46.609660897,24.859875494));
#6990=CARTESIAN_POINT('',(-103.677639903,-46.624602929,24.859762858));
#6991=B_SPLINE_SURFACE_WITH_KNOTS('',1,3,((#6931,#6932,#6933,#6934,#6935,#6936,#6937,#6938,#6939,#6940,#6941,#6942,#6943,#6944,#6945,#6946,#6947,#6948,#6949,#6950,#6951,#6952,#6953,#6954,#6955,#6956,
#6957,#6958,#6959,#6960),(#6961,#6962,#6963,#6964,#6965,#6966,#6967,#6968,#6969,#6970,#6971,#6972,#6973,#6974,#6975,#6976,#6977,#6978,#6979,#6980,#6981,#6982,#6983,#6984,#6985,#6986,
#6987,#6988,#6989,#6990)),.UNSPECIFIED.,.F.,.F.,.U.,(2,2),(4,2,2,2,2,2,2,2,2,2,2,2,2,2,4),(0.,0.36280862),(0.711487418,0.715510019,0.717522044,0.719534068,0.721890871,0.724247673,0.728961279,0.73838849,0.747815701,0.752529306,0.754886109,0.757242912,0.759255218,0.761267525,0.765291508),.UNSPECIFIED.);
#6992=ORIENTED_EDGE('',*,*,#4996,.F.);
#6993=ORIENTED_EDGE('',*,*,#6926,.F.);
#6994=CARTESIAN_POINT('',(-103.881683936,-46.831023116,24.859779002));
#6995=VERTEX_POINT('',#6994);
#6996=CARTESIAN_POINT('',(-104.642569665,-46.201683443,25.08461226));
#6997=CARTESIAN_POINT('',(-104.626436188,-46.21292955,25.07517813));
#6998=CARTESIAN_POINT('',(-104.60845599,-46.225540239,25.064864899));
#6999=CARTESIAN_POINT('',(-104.578804461,-46.246665343,25.04864073));
#7000=CARTESIAN_POINT('',(-104.568881328,-46.253786587,25.043332254));
#7001=CARTESIAN_POINT('',(-104.549017122,-46.268145892,25.032948448));
#7002=CARTESIAN_POINT('',(-104.538981899,-46.275452851,25.027825899));
#7003=CARTESIAN_POINT('',(-104.51752549,-46.291187026,25.017131644));
#7004=CARTESIAN_POINT('',(-104.506148979,-46.299596749,25.011617659));
#7005=CARTESIAN_POINT('',(-104.483200993,-46.316692384,25.000799464));
#7006=CARTESIAN_POINT('',(-104.471728733,-46.325305683,24.995544866));
#7007=CARTESIAN_POINT('',(-104.437322264,-46.35133761,24.980240863));
#7008=CARTESIAN_POINT('',(-104.414398401,-46.368948151,24.970651073));
#7009=CARTESIAN_POINT('',(-104.345707171,-46.422517633,24.943697076));
#7010=CARTESIAN_POINT('',(-104.300004041,-46.459226076,24.9281405));
#7011=CARTESIAN_POINT('',(-104.209070614,-46.534436987,24.901828436));
#7012=CARTESIAN_POINT('',(-104.16406507,-46.572753001,24.891132459));
#7013=CARTESIAN_POINT('',(-104.09731949,-46.631203614,24.878580523));
#7014=CARTESIAN_POINT('',(-104.07520135,-46.65084735,24.87498021));
#7015=CARTESIAN_POINT('',(-104.042235591,-46.680539445,24.870438492));
#7016=CARTESIAN_POINT('',(-104.031282226,-46.69047457,24.869067753));
#7017=CARTESIAN_POINT('',(-104.009448514,-46.71041825,24.8666103));
#7018=CARTESIAN_POINT('',(-103.998683743,-46.72031969,24.865533467));
#7019=CARTESIAN_POINT('',(-103.978369291,-46.73913878,24.863762008));
#7020=CARTESIAN_POINT('',(-103.968876679,-46.747988603,24.863042889));
#7021=CARTESIAN_POINT('',(-103.950218838,-46.765493378,24.86184246));
#7022=CARTESIAN_POINT('',(-103.940946095,-46.774248011,24.861351965));
#7023=CARTESIAN_POINT('',(-103.913366303,-46.800446368,24.860199196));
#7024=CARTESIAN_POINT('',(-103.896672441,-46.81651629,24.85990406));
#7025=CARTESIAN_POINT('',(-103.881683936,-46.831023116,24.859779002));
#7026=B_SPLINE_CURVE_WITH_KNOTS('',3,(#6996,#6997,#6998,#6999,#7000,#7001,#7002,#7003,#7004,#7005,#7006,#7007,#7008,#7009,#7010,#7011,#7012,#7013,#7014,#7015,#7016,#7017,#7018,#7019,#7020,#7021,
#7022,#7023,#7024,#7025),.UNSPECIFIED.,.F.,.F.,(4,2,2,2,2,2,2,2,2,2,2,2,2,2,4),(0.711487418,0.715510019,0.717522044,0.719534068,0.721890871,0.724247673,0.728961279,0.73838849,0.747815701,0.752529306,0.754886109,0.757242912,0.759255218,0.761267525,0.765291508),.UNSPECIFIED.);
#7027=EDGE_CURVE('',#6864,#6995,#7026,.T.);
#7028=ORIENTED_EDGE('',*,*,#7027,.T.);
#7029=CARTESIAN_POINT('',(-103.881683936,-46.831023116,24.859779002));
#7030=DIRECTION('',(0.703001599,0.711188265,-0.000055621));
#7031=VECTOR('',#7030,0.290246896);
#7032=LINE('',#7029,#7031);
#7033=EDGE_CURVE('',#6995,#4987,#7032,.T.);
#7034=ORIENTED_EDGE('',*,*,#7033,.T.);
#7035=EDGE_LOOP('',(#6992,#6993,#7028,#7034));
#7036=FACE_BOUND('',#7035,.T.);
#7037=ADVANCED_FACE('',(#7036),#6991,.F.);
#7038=CARTESIAN_POINT('',(-103.881683936,-46.831023116,24.859779002));
#7039=CARTESIAN_POINT('',(-103.866670135,-46.845554424,24.859653732));
#7040=CARTESIAN_POINT('',(-103.853335859,-46.858550039,24.859698027));
#7041=CARTESIAN_POINT('',(-103.835662258,-46.875774732,24.859735239));
#7042=CARTESIAN_POINT('',(-103.829819232,-46.88147084,24.859745846));
#7043=CARTESIAN_POINT('',(-103.818184579,-46.892814493,24.85976086));
#7044=CARTESIAN_POINT('',(-103.812505346,-46.898352398,24.859765171));
#7045=CARTESIAN_POINT('',(-103.802253569,-46.908349323,24.859765325));
#7046=CARTESIAN_POINT('',(-103.797703195,-46.912787851,24.859765259));
#7047=CARTESIAN_POINT('',(-103.788759367,-46.921514674,24.859765259));
#7048=CARTESIAN_POINT('',(-103.784288014,-46.925878898,24.859765259));
#7049=CARTESIAN_POINT('',(-103.77087574,-46.938973943,24.859765259));
#7050=CARTESIAN_POINT('',(-103.761936605,-46.94770714,24.859765259));
#7051=CARTESIAN_POINT('',(-103.735127194,-46.973915749,24.859765259));
#7052=CARTESIAN_POINT('',(-103.717264605,-46.991400496,24.859765259));
#7053=CARTESIAN_POINT('',(-103.67561073,-47.032227737,24.859765259));
#7054=CARTESIAN_POINT('',(-103.651908957,-47.055495404,24.859765259));
#7055=CARTESIAN_POINT('',(-103.628060828,-47.07895628,24.859765259));
#7056=CARTESIAN_POINT('',(-103.669444528,-46.616312117,24.859762209));
#7057=CARTESIAN_POINT('',(-103.653969711,-46.631299113,24.85964987));
#7058=CARTESIAN_POINT('',(-103.640391921,-46.644537747,24.859703481));
#7059=CARTESIAN_POINT('',(-103.622660434,-46.661820057,24.859739618));
#7060=CARTESIAN_POINT('',(-103.616804347,-46.66752917,24.859749582));
#7061=CARTESIAN_POINT('',(-103.60515023,-46.678892204,24.859763008));
#7062=CARTESIAN_POINT('',(-103.599479717,-46.684421425,24.859765748));
#7063=CARTESIAN_POINT('',(-103.589201174,-46.694445007,24.859764892));
#7064=CARTESIAN_POINT('',(-103.584618239,-46.698915969,24.859765259));
#7065=CARTESIAN_POINT('',(-103.575630039,-46.70768701,24.859765259));
#7066=CARTESIAN_POINT('',(-103.571136388,-46.712073461,24.859765259));
#7067=CARTESIAN_POINT('',(-103.557656883,-46.725235545,24.859765259));
#7068=CARTESIAN_POINT('',(-103.54867248,-46.73401391,24.859765259));
#7069=CARTESIAN_POINT('',(-103.521725905,-46.760359466,24.859765259));
#7070=CARTESIAN_POINT('',(-103.503764316,-46.777943188,24.859765259));
#7071=CARTESIAN_POINT('',(-103.461901989,-46.818979097,24.859765259));
#7072=CARTESIAN_POINT('',(-103.438091807,-46.842371364,24.859765259));
#7073=CARTESIAN_POINT('',(-103.414079874,-46.865980857,24.859765259));
#7074=B_SPLINE_SURFACE_WITH_KNOTS('',1,3,((#7038,#7039,#7040,#7041,#7042,#7043,#7044,#7045,#7046,#7047,#7048,#7049,#7050,#7051,#7052,#7053,#7054,#7055),(#7056,#7057,#7058,#7059,#7060,#7061,#7062,#7063,#7064,#7065,#7066,#7067,#7068,#7069,#7070,#7071,#7072,#7073)),.UNSPECIFIED.,.F.,.F.,.U.,(2,2),(4,2,2,2,2,2,2,2,4),(0.,0.377380733),(0.765291508,0.769316179,0.7713284,0.77334062,0.774850675,0.776360731,0.779380842,0.785421063,0.79347673),.UNSPECIFIED.);
#7075=ORIENTED_EDGE('',*,*,#5005,.F.);
#7076=ORIENTED_EDGE('',*,*,#7033,.F.);
#7077=CARTESIAN_POINT('',(-103.628060828,-47.07895628,24.859765259));
#7078=VERTEX_POINT('',#7077);
#7079=CARTESIAN_POINT('',(-103.881683936,-46.831023116,24.859779002));
#7080=CARTESIAN_POINT('',(-103.866670135,-46.845554424,24.859653732));
#7081=CARTESIAN_POINT('',(-103.853335859,-46.858550039,24.859698027));
#7082=CARTESIAN_POINT('',(-103.835662258,-46.875774732,24.859735239));
#7083=CARTESIAN_POINT('',(-103.829819232,-46.88147084,24.859745846));
#7084=CARTESIAN_POINT('',(-103.818184579,-46.892814493,24.85976086));
#7085=CARTESIAN_POINT('',(-103.812505346,-46.898352398,24.859765171));
#7086=CARTESIAN_POINT('',(-103.802253569,-46.908349323,24.859765325));
#7087=CARTESIAN_POINT('',(-103.797703195,-46.912787851,24.859765259));
#7088=CARTESIAN_POINT('',(-103.788759367,-46.921514674,24.859765259));
#7089=CARTESIAN_POINT('',(-103.784288014,-46.925878898,24.859765259));
#7090=CARTESIAN_POINT('',(-103.77087574,-46.938973943,24.859765259));
#7091=CARTESIAN_POINT('',(-103.761936605,-46.94770714,24.859765259));
#7092=CARTESIAN_POINT('',(-103.735127194,-46.973915749,24.859765259));
#7093=CARTESIAN_POINT('',(-103.717264605,-46.991400496,24.859765259));
#7094=CARTESIAN_POINT('',(-103.67561073,-47.032227737,24.859765259));
#7095=CARTESIAN_POINT('',(-103.651908957,-47.055495404,24.859765259));
#7096=CARTESIAN_POINT('',(-103.628060828,-47.07895628,24.859765259));
#7097=B_SPLINE_CURVE_WITH_KNOTS('',3,(#7079,#7080,#7081,#7082,#7083,#7084,#7085,#7086,#7087,#7088,#7089,#7090,#7091,#7092,#7093,#7094,#7095,#7096),.UNSPECIFIED.,.F.,.F.,(4,2,2,2,2,2,2,2,4),(0.765291508,0.769316179,0.7713284,0.77334062,0.774850675,0.776360731,0.779380842,0.785421063,0.79347673),.UNSPECIFIED.);
#7098=EDGE_CURVE('',#6995,#7078,#7097,.T.);
#7099=ORIENTED_EDGE('',*,*,#7098,.T.);
#7100=CARTESIAN_POINT('',(-103.628060828,-47.07895628,24.859765259));
#7101=DIRECTION('',(0.708770133,0.705439508,-0.));
#7102=VECTOR('',#7101,0.301904587);
#7103=LINE('',#7100,#7102);
#7104=EDGE_CURVE('',#7078,#5256,#7103,.T.);
#7105=ORIENTED_EDGE('',*,*,#7104,.T.);
#7106=ORIENTED_EDGE('',*,*,#5262,.F.);
#7107=EDGE_LOOP('',(#7075,#7076,#7099,#7105,#7106));
#7108=FACE_BOUND('',#7107,.T.);
#7109=ADVANCED_FACE('',(#7108),#7074,.F.);
#7110=CARTESIAN_POINT('',(-103.344552775,-46.796780477,24.859765259));
#7111=DIRECTION('',(0.,0.,1.));
#7112=DIRECTION('',(-1.,0.,0.));
#7113=AXIS2_PLACEMENT_3D('',#7110,#7111,#7112);
#7114=PLANE('',#7113);
#7115=ORIENTED_EDGE('',*,*,#4870,.F.);
#7116=ORIENTED_EDGE('',*,*,#5275,.F.);
#7117=ORIENTED_EDGE('',*,*,#7104,.F.);
#7118=CARTESIAN_POINT('',(-103.628060828,-47.07895628,24.859765259));
#7119=CARTESIAN_POINT('',(-103.47545869,-47.229080417,24.859765259));
#7120=CARTESIAN_POINT('',(-103.315132607,-47.369980476,24.859765259));
#7121=CARTESIAN_POINT('',(-103.146939028,-47.501485025,24.859765259));
#7122=CARTESIAN_POINT('',(-102.978745449,-47.632989574,24.859765259));
#7123=CARTESIAN_POINT('',(-102.802399168,-47.755184781,24.859765259));
#7124=CARTESIAN_POINT('',(-102.619973173,-47.866049318,24.859765259));
#7125=CARTESIAN_POINT('',(-102.437547178,-47.976913855,24.859765259));
#7126=CARTESIAN_POINT('',(-102.24794672,-48.077128291,24.859765259));
#7127=CARTESIAN_POINT('',(-102.053346972,-48.16520082,24.859765259));
#7128=CARTESIAN_POINT('',(-101.858747224,-48.253273348,24.859765259));
#7129=CARTESIAN_POINT('',(-101.659286652,-48.329260004,24.859765259));
#7130=CARTESIAN_POINT('',(-101.45478457,-48.39271153,24.859765259));
#7131=B_SPLINE_CURVE_WITH_KNOTS('',3,(#7118,#7119,#7120,#7121,#7122,#7123,#7124,#7125,#7126,#7127,#7128,#7129,#7130),.UNSPECIFIED.,.F.,.F.,(4,3,3,3,4),(0.,0.000640142,0.001280284,0.001920426,0.002560568),.UNSPECIFIED.);
#7132=EDGE_CURVE('',#7078,#4390,#7131,.T.);
#7133=ORIENTED_EDGE('',*,*,#7132,.T.);
#7134=ORIENTED_EDGE('',*,*,#4398,.T.);
#7135=CARTESIAN_POINT('',(-93.650820532,-50.814072824,24.859765259));
#7136=VERTEX_POINT('',#7135);
#7137=CARTESIAN_POINT('',(-101.368012431,-48.419634604,24.859765259));
#7138=CARTESIAN_POINT('',(-98.795615131,-49.217780677,24.859765259));
#7139=CARTESIAN_POINT('',(-96.223217831,-50.01592675,24.859765259));
#7140=CARTESIAN_POINT('',(-93.650820532,-50.814072824,24.859765259));
#7141=B_SPLINE_CURVE_WITH_KNOTS('',3,(#7137,#7138,#7139,#7140),.UNSPECIFIED.,.F.,.F.,(4,4),(0.002127202,0.010207325),.UNSPECIFIED.);
#7142=EDGE_CURVE('',#4392,#7136,#7141,.T.);
#7143=ORIENTED_EDGE('',*,*,#7142,.T.);
#7144=CARTESIAN_POINT('',(-92.853629157,-50.991019579,24.859765259));
#7145=VERTEX_POINT('',#7144);
#7146=CARTESIAN_POINT('',(-93.650820532,-50.814072824,24.859765259));
#7147=CARTESIAN_POINT('',(-93.390406246,-50.894872192,24.859765259));
#7148=CARTESIAN_POINT('',(-93.123742272,-50.95386085,24.859765259));
#7149=CARTESIAN_POINT('',(-92.853629157,-50.991019579,24.859765259));
#7150=B_SPLINE_CURVE_WITH_KNOTS('',3,(#7146,#7147,#7148,#7149),.UNSPECIFIED.,.F.,.F.,(4,4),(-0.000436522,0.000380861),.UNSPECIFIED.);
#7151=EDGE_CURVE('',#7136,#7145,#7150,.T.);
#7152=ORIENTED_EDGE('',*,*,#7151,.T.);
#7153=CARTESIAN_POINT('',(-91.681854075,-51.152217504,24.859765259));
#7154=VERTEX_POINT('',#7153);
#7155=CARTESIAN_POINT('',(-92.853629157,-50.991019579,24.859765259));
#7156=DIRECTION('',(0.990669842,-0.136283767,0.));
#7157=VECTOR('',#7156,1.182810896);
#7158=LINE('',#7155,#7157);
#7159=EDGE_CURVE('',#7145,#7154,#7158,.T.);
#7160=ORIENTED_EDGE('',*,*,#7159,.T.);
#7161=CARTESIAN_POINT('',(-91.681854075,-51.152217504,24.859765259));
#7162=DIRECTION('',(0.301686672,0.953407128,0.));
#7163=VECTOR('',#7162,0.382259119);
#7164=LINE('',#7161,#7163);
#7165=EDGE_CURVE('',#7154,#770,#7164,.T.);
#7166=ORIENTED_EDGE('',*,*,#7165,.T.);
#7167=ORIENTED_EDGE('',*,*,#776,.F.);
#7168=EDGE_LOOP('',(#7115,#7116,#7117,#7133,#7134,#7143,#7152,#7160,#7166,#7167));
#7169=FACE_BOUND('',#7168,.T.);
#7170=ADVANCED_FACE('',(#7169),#7114,.T.);
#7171=CARTESIAN_POINT('',(-110.107327505,-41.989587878,30.587149193));
#7172=CARTESIAN_POINT('',(-110.106409101,-41.990600859,30.586377157));
#7173=CARTESIAN_POINT('',(-110.105490698,-41.991613841,30.585605122));
#7174=CARTESIAN_POINT('',(-110.103963041,-41.993298817,30.584320932));
#7175=CARTESIAN_POINT('',(-110.103353787,-41.993970812,30.583808777));
#7176=CARTESIAN_POINT('',(-110.10213528,-41.995314801,30.582784467));
#7177=CARTESIAN_POINT('',(-110.101473371,-41.996044896,30.582228094));
#7178=CARTESIAN_POINT('',(-110.100354343,-41.997279119,30.581287316));
#7179=CARTESIAN_POINT('',(-110.099898337,-41.997781969,30.580903734));
#7180=CARTESIAN_POINT('',(-110.098879969,-41.998904661,30.580046477));
#7181=CARTESIAN_POINT('',(-110.098370808,-41.999465845,30.579617571));
#7182=CARTESIAN_POINT('',(-110.096843396,-42.001148908,30.578330018));
#7183=CARTESIAN_POINT('',(-110.095825214,-42.002270299,30.57747054));
#7184=CARTESIAN_POINT('',(-110.092770961,-42.005632506,30.574888781));
#7185=CARTESIAN_POINT('',(-110.09073518,-42.007871358,30.573163179));
#7186=CARTESIAN_POINT('',(-110.084629088,-42.014579958,30.56797316));
#7187=CARTESIAN_POINT('',(-110.080560025,-42.019041754,30.564495528));
#7188=CARTESIAN_POINT('',(-110.068358511,-42.032394575,30.554010373));
#7189=CARTESIAN_POINT('',(-110.060231733,-42.041253038,30.546950589));
#7190=CARTESIAN_POINT('',(-110.035879495,-42.067692244,30.525567065));
#7191=CARTESIAN_POINT('',(-110.019682131,-42.085136786,30.511039118));
#7192=CARTESIAN_POINT('',(-109.971245493,-42.136878975,30.466678582));
#7193=CARTESIAN_POINT('',(-109.939179051,-42.17056694,30.436085958));
#7194=CARTESIAN_POINT('',(-109.843839647,-42.26901057,30.341435828));
#7195=CARTESIAN_POINT('',(-109.781309103,-42.331280052,30.274415324));
#7196=CARTESIAN_POINT('',(-109.658341963,-42.449049974,30.132530854));
#7197=CARTESIAN_POINT('',(-109.59761271,-42.504815871,30.057303142));
#7198=CARTESIAN_POINT('',(-109.508874478,-42.582661684,29.939497986));
#7199=CARTESIAN_POINT('',(-109.479608784,-42.607714777,29.899303042));
#7200=CARTESIAN_POINT('',(-109.436304472,-42.64385118,29.83778426));
#7201=CARTESIAN_POINT('',(-109.421966499,-42.655658108,29.81707068));
#7202=CARTESIAN_POINT('',(-109.400615026,-42.673002933,29.785703425));
#7203=CARTESIAN_POINT('',(-109.393523782,-42.678723617,29.775198194));
#7204=CARTESIAN_POINT('',(-109.382927064,-42.687212312,29.75936791));
#7205=CARTESIAN_POINT('',(-109.379401516,-42.690026489,29.754079075));
#7206=CARTESIAN_POINT('',(-109.374123389,-42.694224554,29.746127938));
#7207=CARTESIAN_POINT('',(-109.372365713,-42.695620043,29.743474577));
#7208=CARTESIAN_POINT('',(-109.368853785,-42.698403268,29.738161932));
#7209=CARTESIAN_POINT('',(-109.367039585,-42.699838353,29.735411641));
#7210=CARTESIAN_POINT('',(-109.363670132,-42.70249896,29.730293047));
#7211=CARTESIAN_POINT('',(-109.36209548,-42.703739597,29.727894104));
#7212=CARTESIAN_POINT('',(-109.358783467,-42.706343843,29.72283569));
#7213=CARTESIAN_POINT('',(-109.357107238,-42.70765919,29.720269141));
#7214=CARTESIAN_POINT('',(-109.352017272,-42.711645536,29.712457773));
#7215=CARTESIAN_POINT('',(-109.34854228,-42.714356796,29.707101207));
#7216=CARTESIAN_POINT('',(-109.337866743,-42.722658052,29.690587747));
#7217=CARTESIAN_POINT('',(-109.330415956,-42.728414887,29.678986728));
#7218=CARTESIAN_POINT('',(-109.322612996,-42.734418893,29.66680612));
#7219=CARTESIAN_POINT('',(-109.932305131,-41.816174731,30.562511333));
#7220=CARTESIAN_POINT('',(-109.931386727,-41.817187712,30.561739298));
#7221=CARTESIAN_POINT('',(-109.930468324,-41.818200694,30.560967263));
#7222=CARTESIAN_POINT('',(-109.928940666,-41.81988567,30.559683073));
#7223=CARTESIAN_POINT('',(-109.928331413,-41.820557665,30.559170917));
#7224=CARTESIAN_POINT('',(-109.927112906,-41.821901654,30.558146607));
#7225=CARTESIAN_POINT('',(-109.926444109,-41.82263948,30.557584738));
#7226=CARTESIAN_POINT('',(-109.925338928,-41.823858159,30.55665501));
#7227=CARTESIAN_POINT('',(-109.924903799,-41.824337575,30.556288094));
#7228=CARTESIAN_POINT('',(-109.923913264,-41.825429037,30.555453078));
#7229=CARTESIAN_POINT('',(-109.923418017,-41.82597461,30.555035299));
#7230=CARTESIAN_POINT('',(-109.921932345,-41.827610858,30.55378115));
#7231=CARTESIAN_POINT('',(-109.920941985,-41.828701059,30.552943968));
#7232=CARTESIAN_POINT('',(-109.917971182,-41.83196976,30.550429184));
#7233=CARTESIAN_POINT('',(-109.915991014,-41.834146356,30.548748345));
#7234=CARTESIAN_POINT('',(-109.9100517,-41.840668434,30.543692953));
#7235=CARTESIAN_POINT('',(-109.906093744,-41.845006207,30.540305524));
#7236=CARTESIAN_POINT('',(-109.894225333,-41.857987914,30.53009235));
#7237=CARTESIAN_POINT('',(-109.886320334,-41.866600241,30.523215714));
#7238=CARTESIAN_POINT('',(-109.862632719,-41.892304678,30.502387231));
#7239=CARTESIAN_POINT('',(-109.846877485,-41.909264229,30.488236768));
#7240=CARTESIAN_POINT('',(-109.799765602,-41.959564704,30.445032134));
#7241=CARTESIAN_POINT('',(-109.768582523,-41.992306675,30.41524356));
#7242=CARTESIAN_POINT('',(-109.675882039,-42.087971319,30.323096802));
#7243=CARTESIAN_POINT('',(-109.615090613,-42.148472036,30.257860789));
#7244=CARTESIAN_POINT('',(-109.495565703,-42.262870258,30.119786759));
#7245=CARTESIAN_POINT('',(-109.43651649,-42.317055695,30.046558799));
#7246=CARTESIAN_POINT('',(-109.350249783,-42.392675061,29.93190851));
#7247=CARTESIAN_POINT('',(-109.321792595,-42.417016609,29.892781773));
#7248=CARTESIAN_POINT('',(-109.279684386,-42.452125291,29.832897508));
#7249=CARTESIAN_POINT('',(-109.265742045,-42.463596513,29.812733765));
#7250=CARTESIAN_POINT('',(-109.244979531,-42.480447931,29.782198887));
#7251=CARTESIAN_POINT('',(-109.238083858,-42.486005839,29.771972386));
#7252=CARTESIAN_POINT('',(-109.227779389,-42.494252893,29.756562118));
#7253=CARTESIAN_POINT('',(-109.224351073,-42.496986943,29.751413609));
#7254=CARTESIAN_POINT('',(-109.219218518,-42.501065448,29.743673444));
#7255=CARTESIAN_POINT('',(-109.217509319,-42.502421188,29.741090489));
#7256=CARTESIAN_POINT('',(-109.214094256,-42.505125124,29.735918814));
#7257=CARTESIAN_POINT('',(-109.212322572,-42.506525456,29.73323066));
#7258=CARTESIAN_POINT('',(-109.209061038,-42.509098031,29.728269485));
#7259=CARTESIAN_POINT('',(-109.207549782,-42.510287059,29.725962989));
#7260=CARTESIAN_POINT('',(-109.204347981,-42.512801766,29.721066));
#7261=CARTESIAN_POINT('',(-109.202724566,-42.514074293,29.718577035));
#7262=CARTESIAN_POINT('',(-109.197786209,-42.517937931,29.710988972));
#7263=CARTESIAN_POINT('',(-109.194403181,-42.520575052,29.70576868));
#7264=CARTESIAN_POINT('',(-109.183976513,-42.528676214,29.689625836));
#7265=CARTESIAN_POINT('',(-109.176655628,-42.534329376,29.678220928));
#7266=CARTESIAN_POINT('',(-109.168947149,-42.540258145,29.666184577));
#7267=B_SPLINE_SURFACE_WITH_KNOTS('',1,3,((#7171,#7172,#7173,#7174,#7175,#7176,#7177,#7178,#7179,#7180,#7181,#7182,#7183,#7184,#7185,#7186,#7187,#7188,#7189,#7190,#7191,#7192,#7193,#7194,#7195,#7196,
#7197,#7198,#7199,#7200,#7201,#7202,#7203,#7204,#7205,#7206,#7207,#7208,#7209,#7210,#7211,#7212,#7213,#7214,#7215,#7216,#7217,#7218),(#7219,#7220,#7221,#7222,#7223,#7224,#7225,#7226,#7227,#7228,#7229,#7230,#7231,#7232,#7233,#7234,#7235,#7236,#7237,#7238,#7239,#7240,#7241,#7242,#7243,#7244,
#7245,#7246,#7247,#7248,#7249,#7250,#7251,#7252,#7253,#7254,#7255,#7256,#7257,#7258,#7259,#7260,#7261,#7262,#7263,#7264,#7265,#7266)),.UNSPECIFIED.,.F.,.F.,.U.,(2,2),(4,2,2,2,2,2,2,2,2,2,2,2,2,2,2,2,2,2,2,2,2,2,2,4),(0.,0.309515688),(-0.000881565,-0.000502685,-0.000251342,0.,0.000253976,0.000507953,0.001015906,0.002031811,0.004063623,0.008127246,0.016254492,0.032508984,0.065017968,0.097526951,0.113781443,0.121908689,0.125972312,0.128004124,0.129020029,0.130035935,0.131042417,0.1320489,0.134061864,0.138087793),.UNSPECIFIED.);
#7268=ORIENTED_EDGE('',*,*,#4957,.F.);
#7269=ORIENTED_EDGE('',*,*,#5512,.T.);
#7270=CARTESIAN_POINT('',(-110.099094203,-41.998668467,30.580226781));
#7271=VERTEX_POINT('',#7270);
#7272=CARTESIAN_POINT('',(-109.970679453,-41.854196224,30.567913278));
#7273=CARTESIAN_POINT('',(-110.013483993,-41.902353937,30.572017991));
#7274=CARTESIAN_POINT('',(-110.05628852,-41.95051146,30.576125062));
#7275=CARTESIAN_POINT('',(-110.099093757,-41.998668837,30.580226449));
#7276=B_SPLINE_CURVE_WITH_KNOTS('',3,(#7272,#7273,#7274,#7275),.UNSPECIFIED.,.F.,.F.,(4,4),(0.000607819,0.000801505),.UNSPECIFIED.);
#7277=EDGE_CURVE('',#5490,#7271,#7276,.T.);
#7278=ORIENTED_EDGE('',*,*,#7277,.T.);
#7279=CARTESIAN_POINT('',(-110.099094202,-41.998668467,30.580226784));
#7280=CARTESIAN_POINT('',(-110.098683343,-41.999121373,30.579880832));
#7281=CARTESIAN_POINT('',(-110.098272499,-41.999574172,30.5795347));
#7282=CARTESIAN_POINT('',(-110.096843396,-42.001148908,30.578330018));
#7283=CARTESIAN_POINT('',(-110.095825214,-42.002270299,30.57747054));
#7284=CARTESIAN_POINT('',(-110.092770961,-42.005632506,30.574888781));
#7285=CARTESIAN_POINT('',(-110.09073518,-42.007871358,30.573163179));
#7286=CARTESIAN_POINT('',(-110.084629088,-42.014579958,30.56797316));
#7287=CARTESIAN_POINT('',(-110.080560025,-42.019041754,30.564495528));
#7288=CARTESIAN_POINT('',(-110.068358511,-42.032394575,30.554010373));
#7289=CARTESIAN_POINT('',(-110.060231733,-42.041253038,30.546950589));
#7290=CARTESIAN_POINT('',(-110.035879495,-42.067692244,30.525567065));
#7291=CARTESIAN_POINT('',(-110.019682131,-42.085136786,30.511039118));
#7292=CARTESIAN_POINT('',(-109.971245493,-42.136878975,30.466678582));
#7293=CARTESIAN_POINT('',(-109.939179051,-42.17056694,30.436085958));
#7294=CARTESIAN_POINT('',(-109.843839647,-42.26901057,30.341435828));
#7295=CARTESIAN_POINT('',(-109.781309103,-42.331280052,30.274415324));
#7296=CARTESIAN_POINT('',(-109.658341963,-42.449049974,30.132530854));
#7297=CARTESIAN_POINT('',(-109.59761271,-42.504815871,30.057303142));
#7298=CARTESIAN_POINT('',(-109.508874478,-42.582661684,29.939497986));
#7299=CARTESIAN_POINT('',(-109.479608784,-42.607714777,29.899303042));
#7300=CARTESIAN_POINT('',(-109.436304472,-42.64385118,29.83778426));
#7301=CARTESIAN_POINT('',(-109.421966499,-42.655658108,29.81707068));
#7302=CARTESIAN_POINT('',(-109.400615026,-42.673002933,29.785703425));
#7303=CARTESIAN_POINT('',(-109.393523782,-42.678723617,29.775198194));
#7304=CARTESIAN_POINT('',(-109.382927064,-42.687212312,29.75936791));
#7305=CARTESIAN_POINT('',(-109.379401516,-42.690026489,29.754079075));
#7306=CARTESIAN_POINT('',(-109.374123389,-42.694224554,29.746127938));
#7307=CARTESIAN_POINT('',(-109.372365713,-42.695620043,29.743474577));
#7308=CARTESIAN_POINT('',(-109.368853785,-42.698403268,29.738161932));
#7309=CARTESIAN_POINT('',(-109.367039585,-42.699838353,29.735411641));
#7310=CARTESIAN_POINT('',(-109.363670132,-42.70249896,29.730293047));
#7311=CARTESIAN_POINT('',(-109.36209548,-42.703739597,29.727894104));
#7312=CARTESIAN_POINT('',(-109.358783467,-42.706343843,29.72283569));
#7313=CARTESIAN_POINT('',(-109.357107238,-42.70765919,29.720269141));
#7314=CARTESIAN_POINT('',(-109.352017272,-42.711645536,29.712457773));
#7315=CARTESIAN_POINT('',(-109.34854228,-42.714356796,29.707101207));
#7316=CARTESIAN_POINT('',(-109.337866743,-42.722658052,29.690587747));
#7317=CARTESIAN_POINT('',(-109.330415956,-42.728414887,29.678986728));
#7318=CARTESIAN_POINT('',(-109.322612996,-42.734418893,29.66680612));
#7319=B_SPLINE_CURVE_WITH_KNOTS('',3,(#7279,#7280,#7281,#7282,#7283,#7284,#7285,#7286,#7287,#7288,#7289,#7290,#7291,#7292,#7293,#7294,#7295,#7296,#7297,#7298,#7299,#7300,#7301,#7302,#7303,#7304,
#7305,#7306,#7307,#7308,#7309,#7310,#7311,#7312,#7313,#7314,#7315,#7316,#7317,#7318),.UNSPECIFIED.,.F.,.F.,(4,2,2,2,2,2,2,2,2,2,2,2,2,2,2,2,2,2,2,4),(0.000303017,0.000507953,0.001015906,0.002031811,0.004063623,0.008127246,0.016254492,0.032508984,0.065017968,0.097526951,0.113781443,0.121908689,0.125972312,0.128004124,0.129020029,0.130035935,0.131042417,0.1320489,0.134061864,0.138087793),.UNSPECIFIED.);
#7320=EDGE_CURVE('',#7271,#6856,#7319,.T.);
#7321=ORIENTED_EDGE('',*,*,#7320,.T.);
#7322=ORIENTED_EDGE('',*,*,#6861,.T.);
#7323=EDGE_LOOP('',(#7268,#7269,#7278,#7321,#7322));
#7324=FACE_BOUND('',#7323,.T.);
#7325=ADVANCED_FACE('',(#7324),#7267,.F.);
#7326=CARTESIAN_POINT('',(-115.170251313,-31.668560676,31.759765259));
#7327=DIRECTION('',(0.,0.,-1.));
#7328=DIRECTION('',(1.,0.,0.));
#7329=AXIS2_PLACEMENT_3D('',#7326,#7327,#7328);
#7330=PLANE('',#7329);
#7331=ORIENTED_EDGE('',*,*,#1800,.T.);
#7332=ORIENTED_EDGE('',*,*,#4617,.F.);
#7333=ORIENTED_EDGE('',*,*,#6739,.F.);
#7334=ORIENTED_EDGE('',*,*,#3913,.T.);
#7335=ORIENTED_EDGE('',*,*,#6266,.T.);
#7336=ORIENTED_EDGE('',*,*,#5905,.T.);
#7337=ORIENTED_EDGE('',*,*,#6719,.F.);
#7338=CARTESIAN_POINT('',(-111.311115889,-40.619974378,31.759765259));
#7339=CARTESIAN_POINT('',(-111.311520489,-40.619452052,31.759765259));
#7340=CARTESIAN_POINT('',(-111.311925051,-40.618929696,31.759765259));
#7341=CARTESIAN_POINT('',(-111.312329573,-40.618407309,31.759765259));
#7342=B_SPLINE_CURVE_WITH_KNOTS('',3,(#7338,#7339,#7340,#7341),.UNSPECIFIED.,.F.,.F.,(4,4),(0.,0.000001982),.UNSPECIFIED.);
#7343=EDGE_CURVE('',#6697,#4466,#7342,.T.);
#7344=ORIENTED_EDGE('',*,*,#7343,.T.);
#7345=ORIENTED_EDGE('',*,*,#4472,.T.);
#7346=EDGE_LOOP('',(#7331,#7332,#7333,#7334,#7335,#7336,#7337,#7344,#7345));
#7347=FACE_BOUND('',#7346,.T.);
#7348=ADVANCED_FACE('',(#7347),#7330,.F.);
#7349=CARTESIAN_POINT('',(-103.878670568,-46.833947024,25.560108848));
#7350=CARTESIAN_POINT('',(-103.866323069,-46.845897716,25.560005826));
#7351=CARTESIAN_POINT('',(-103.854218149,-46.857689958,25.560039398));
#7352=CARTESIAN_POINT('',(-103.83635579,-46.875098614,25.560077007));
#7353=CARTESIAN_POINT('',(-103.830408677,-46.880896169,25.560087817));
#7354=CARTESIAN_POINT('',(-103.81852189,-46.892485603,25.560103157));
#7355=CARTESIAN_POINT('',(-103.812596209,-46.898263796,25.560107602));
#7356=CARTESIAN_POINT('',(-103.802185382,-46.908415814,25.56010776));
#7357=CARTESIAN_POINT('',(-103.797703195,-46.912787851,25.560107692));
#7358=CARTESIAN_POINT('',(-103.788759367,-46.921514674,25.560107692));
#7359=CARTESIAN_POINT('',(-103.784288014,-46.925878898,25.560107692));
#7360=CARTESIAN_POINT('',(-103.77087574,-46.938973943,25.560107692));
#7361=CARTESIAN_POINT('',(-103.761936605,-46.94770714,25.560107692));
#7362=CARTESIAN_POINT('',(-103.735127194,-46.973915749,25.560107692));
#7363=CARTESIAN_POINT('',(-103.717264605,-46.991400496,25.560107692));
#7364=CARTESIAN_POINT('',(-103.67561073,-47.032227737,25.560107692));
#7365=CARTESIAN_POINT('',(-103.651908957,-47.055495404,25.560107692));
#7366=CARTESIAN_POINT('',(-103.628060828,-47.07895628,25.560107692));
#7367=CARTESIAN_POINT('',(-103.881683936,-46.831023116,24.859779002));
#7368=CARTESIAN_POINT('',(-103.866670135,-46.845554424,24.859653732));
#7369=CARTESIAN_POINT('',(-103.853335859,-46.858550039,24.859698027));
#7370=CARTESIAN_POINT('',(-103.835662258,-46.875774732,24.859735239));
#7371=CARTESIAN_POINT('',(-103.829819232,-46.88147084,24.859745846));
#7372=CARTESIAN_POINT('',(-103.818184579,-46.892814493,24.85976086));
#7373=CARTESIAN_POINT('',(-103.812505346,-46.898352398,24.859765171));
#7374=CARTESIAN_POINT('',(-103.802253569,-46.908349323,24.859765325));
#7375=CARTESIAN_POINT('',(-103.797703195,-46.912787851,24.859765259));
#7376=CARTESIAN_POINT('',(-103.788759367,-46.921514674,24.859765259));
#7377=CARTESIAN_POINT('',(-103.784288014,-46.925878898,24.859765259));
#7378=CARTESIAN_POINT('',(-103.77087574,-46.938973943,24.859765259));
#7379=CARTESIAN_POINT('',(-103.761936605,-46.94770714,24.859765259));
#7380=CARTESIAN_POINT('',(-103.735127194,-46.973915749,24.859765259));
#7381=CARTESIAN_POINT('',(-103.717264605,-46.991400496,24.859765259));
#7382=CARTESIAN_POINT('',(-103.67561073,-47.032227737,24.859765259));
#7383=CARTESIAN_POINT('',(-103.651908957,-47.055495404,24.859765259));
#7384=CARTESIAN_POINT('',(-103.628060828,-47.07895628,24.859765259));
#7385=B_SPLINE_SURFACE_WITH_KNOTS('',1,3,((#7349,#7350,#7351,#7352,#7353,#7354,#7355,#7356,#7357,#7358,#7359,#7360,#7361,#7362,#7363,#7364,#7365,#7366),(#7367,#7368,#7369,#7370,#7371,#7372,#7373,#7374,#7375,#7376,#7377,#7378,#7379,#7380,#7381,#7382,#7383,#7384)),.UNSPECIFIED.,.F.,.F.,.U.,(2,2),(4,2,2,2,2,2,2,2,4),(0.124571959,1.),(0.765291508,0.769316179,0.7713284,0.77334062,0.774850675,0.776360731,0.779380842,0.785421063,0.79347673),.UNSPECIFIED.);
#7386=CARTESIAN_POINT('',(-103.878672033,-46.833945603,25.559768365));
#7387=DIRECTION('',(-0.004302706,0.00417497,-0.999982028));
#7388=VECTOR('',#7387,0.700001944);
#7389=LINE('',#7386,#7388);
#7390=EDGE_CURVE('',#4304,#6995,#7389,.T.);
#7391=ORIENTED_EDGE('',*,*,#7390,.F.);
#7392=ORIENTED_EDGE('',*,*,#4310,.T.);
#7393=CARTESIAN_POINT('',(-103.628060828,-47.07895628,25.559765259));
#7394=DIRECTION('',(-0.,-0.,-1.));
#7395=VECTOR('',#7394,0.7);
#7396=LINE('',#7393,#7395);
#7397=EDGE_CURVE('',#4289,#7078,#7396,.T.);
#7398=ORIENTED_EDGE('',*,*,#7397,.T.);
#7399=ORIENTED_EDGE('',*,*,#7098,.F.);
#7400=EDGE_LOOP('',(#7391,#7392,#7398,#7399));
#7401=FACE_BOUND('',#7400,.T.);
#7402=ADVANCED_FACE('',(#7401),#7385,.F.);
#7403=CARTESIAN_POINT('',(-103.628060826,-47.078956282,25.559765259));
#7404=CARTESIAN_POINT('',(-103.551635337,-47.15414075,25.559765259));
#7405=CARTESIAN_POINT('',(-103.473075836,-47.22717429,25.559765259));
#7406=CARTESIAN_POINT('',(-103.312671306,-47.368037247,25.559765259));
#7407=CARTESIAN_POINT('',(-103.230706203,-47.435988932,25.559765259));
#7408=CARTESIAN_POINT('',(-102.979554447,-47.63236011,25.559765259));
#7409=CARTESIAN_POINT('',(-102.805133207,-47.753326307,25.559765259));
#7410=CARTESIAN_POINT('',(-102.442011012,-47.974394148,25.559765259));
#7411=CARTESIAN_POINT('',(-102.253315189,-48.074506873,25.559765259));
#7412=CARTESIAN_POINT('',(-101.861029899,-48.252428286,25.559765259));
#7413=CARTESIAN_POINT('',(-101.659693304,-48.329133831,25.559765259));
#7414=CARTESIAN_POINT('',(-101.454784567,-48.392711531,25.559765259));
#7415=CARTESIAN_POINT('',(-103.628060826,-47.078956282,24.859765259));
#7416=CARTESIAN_POINT('',(-103.551635337,-47.15414075,24.859765259));
#7417=CARTESIAN_POINT('',(-103.473075836,-47.22717429,24.859765259));
#7418=CARTESIAN_POINT('',(-103.312671306,-47.368037247,24.859765259));
#7419=CARTESIAN_POINT('',(-103.230706203,-47.435988932,24.859765259));
#7420=CARTESIAN_POINT('',(-102.979554447,-47.63236011,24.859765259));
#7421=CARTESIAN_POINT('',(-102.805133207,-47.753326307,24.859765259));
#7422=CARTESIAN_POINT('',(-102.442011012,-47.974394148,24.859765259));
#7423=CARTESIAN_POINT('',(-102.253315189,-48.074506873,24.859765259));
#7424=CARTESIAN_POINT('',(-101.861029899,-48.252428286,24.859765259));
#7425=CARTESIAN_POINT('',(-101.659693304,-48.329133831,24.859765259));
#7426=CARTESIAN_POINT('',(-101.454784567,-48.392711531,24.859765259));
#7427=B_SPLINE_SURFACE_WITH_KNOTS('',1,3,((#7403,#7404,#7405,#7406,#7407,#7408,#7409,#7410,#7411,#7412,#7413,#7414),(#7415,#7416,#7417,#7418,#7419,#7420,#7421,#7422,#7423,#7424,#7425,#7426)),.UNSPECIFIED.,.F.,.F.,.U.,(2,2),(4,2,2,2,2,4),(0.125,1.),(0.793476731,0.819292139,0.845107548,0.896738365,0.948369183,1.),.UNSPECIFIED.);
#7428=ORIENTED_EDGE('',*,*,#7397,.F.);
#7429=ORIENTED_EDGE('',*,*,#4301,.T.);
#7430=ORIENTED_EDGE('',*,*,#4404,.T.);
#7431=ORIENTED_EDGE('',*,*,#7132,.F.);
#7432=EDGE_LOOP('',(#7428,#7429,#7430,#7431));
#7433=FACE_BOUND('',#7432,.T.);
#7434=ADVANCED_FACE('',(#7433),#7427,.F.);
#7435=CARTESIAN_POINT('',(-109.814667025,-42.199482388,31.187608647));
#7436=CARTESIAN_POINT('',(-109.814136989,-42.200066959,31.187162981));
#7437=CARTESIAN_POINT('',(-109.813615229,-42.20064231,31.186724072));
#7438=CARTESIAN_POINT('',(-109.812486137,-42.20188707,31.185773607));
#7439=CARTESIAN_POINT('',(-109.811883892,-42.202550848,31.185266289));
#7440=CARTESIAN_POINT('',(-109.810077262,-42.204541581,31.183743367));
#7441=CARTESIAN_POINT('',(-109.808872983,-42.205867934,31.182726798));
#7442=CARTESIAN_POINT('',(-109.805260577,-42.20984457,31.179673234));
#7443=CARTESIAN_POINT('',(-109.802852881,-42.212492436,31.177632383));
#7444=CARTESIAN_POINT('',(-109.795631585,-42.220426279,31.17149447));
#7445=CARTESIAN_POINT('',(-109.790819777,-42.225702506,31.167382047));
#7446=CARTESIAN_POINT('',(-109.776392064,-42.241491582,31.154983849));
#7447=CARTESIAN_POINT('',(-109.766783872,-42.25196483,31.146637143));
#7448=CARTESIAN_POINT('',(-109.737994503,-42.283221421,31.121357409));
#7449=CARTESIAN_POINT('',(-109.718848531,-42.30384161,31.104184759));
#7450=CARTESIAN_POINT('',(-109.661586277,-42.365011704,31.051741317));
#7451=CARTESIAN_POINT('',(-109.62364789,-42.404868786,31.015547157));
#7452=CARTESIAN_POINT('',(-109.510800355,-42.521390611,30.903515487));
#7453=CARTESIAN_POINT('',(-109.43673699,-42.595146481,30.824137739));
#7454=CARTESIAN_POINT('',(-109.290987424,-42.734735923,30.655965973));
#7455=CARTESIAN_POINT('',(-109.219138818,-42.800711595,30.56696251));
#7456=CARTESIAN_POINT('',(-109.1140273,-42.892920915,30.427420874));
#7457=CARTESIAN_POINT('',(-109.079392309,-42.92257015,30.379850806));
#7458=CARTESIAN_POINT('',(-109.028125465,-42.965351123,30.307020308));
#7459=CARTESIAN_POINT('',(-109.011150529,-42.979329533,30.282497233));
#7460=CARTESIAN_POINT('',(-108.985868841,-42.999867066,30.245356131));
#7461=CARTESIAN_POINT('',(-108.97747173,-43.006641231,30.232916348));
#7462=CARTESIAN_POINT('',(-108.964922454,-43.016694062,30.214169163));
#7463=CARTESIAN_POINT('',(-108.960747093,-43.020026936,30.207905516));
#7464=CARTESIAN_POINT('',(-108.954495801,-43.02499903,30.19848837));
#7465=CARTESIAN_POINT('',(-108.952413995,-43.026651859,30.195345708));
#7466=CARTESIAN_POINT('',(-108.948254324,-43.029948425,30.189053193));
#7467=CARTESIAN_POINT('',(-108.94616893,-43.031598136,30.185891993));
#7468=CARTESIAN_POINT('',(-108.942051412,-43.034849408,30.179636968));
#7469=CARTESIAN_POINT('',(-108.940017729,-43.036451686,30.176538996));
#7470=CARTESIAN_POINT('',(-108.93593507,-43.039661544,30.170303842));
#7471=CARTESIAN_POINT('',(-108.933893691,-43.041263151,30.16717828));
#7472=CARTESIAN_POINT('',(-108.927768336,-43.046059606,30.157778532));
#7473=CARTESIAN_POINT('',(-108.923683157,-43.049246068,30.151481272));
#7474=CARTESIAN_POINT('',(-108.911414287,-43.058784747,30.132504339));
#7475=CARTESIAN_POINT('',(-108.903217325,-43.065116154,30.119739453));
#7476=CARTESIAN_POINT('',(-108.894979654,-43.071454649,30.106880251));
#7477=CARTESIAN_POINT('',(-110.10071005,-41.99688679,30.581586352));
#7478=CARTESIAN_POINT('',(-110.10023923,-41.997406054,30.581190481));
#7479=CARTESIAN_POINT('',(-110.099834535,-41.997852307,30.580850026));
#7480=CARTESIAN_POINT('',(-110.098879969,-41.998904661,30.580046477));
#7481=CARTESIAN_POINT('',(-110.098370808,-41.999465845,30.579617571));
#7482=CARTESIAN_POINT('',(-110.096843396,-42.001148908,30.578330018));
#7483=CARTESIAN_POINT('',(-110.095825214,-42.002270299,30.57747054));
#7484=CARTESIAN_POINT('',(-110.092770961,-42.005632506,30.574888781));
#7485=CARTESIAN_POINT('',(-110.09073518,-42.007871358,30.573163179));
#7486=CARTESIAN_POINT('',(-110.084629088,-42.014579958,30.56797316));
#7487=CARTESIAN_POINT('',(-110.080560025,-42.019041754,30.564495528));
#7488=CARTESIAN_POINT('',(-110.068358511,-42.032394575,30.554010373));
#7489=CARTESIAN_POINT('',(-110.060231733,-42.041253038,30.546950589));
#7490=CARTESIAN_POINT('',(-110.035879495,-42.067692244,30.525567065));
#7491=CARTESIAN_POINT('',(-110.019682131,-42.085136786,30.511039118));
#7492=CARTESIAN_POINT('',(-109.971245493,-42.136878975,30.466678582));
#7493=CARTESIAN_POINT('',(-109.939179051,-42.17056694,30.436085958));
#7494=CARTESIAN_POINT('',(-109.843839647,-42.26901057,30.341435828));
#7495=CARTESIAN_POINT('',(-109.781309103,-42.331280052,30.274415324));
#7496=CARTESIAN_POINT('',(-109.658341963,-42.449049974,30.132530854));
#7497=CARTESIAN_POINT('',(-109.59761271,-42.504815871,30.057303142));
#7498=CARTESIAN_POINT('',(-109.508874478,-42.582661684,29.939497986));
#7499=CARTESIAN_POINT('',(-109.479608784,-42.607714777,29.899303042));
#7500=CARTESIAN_POINT('',(-109.436304472,-42.64385118,29.83778426));
#7501=CARTESIAN_POINT('',(-109.421966499,-42.655658108,29.81707068));
#7502=CARTESIAN_POINT('',(-109.400615026,-42.673002933,29.785703425));
#7503=CARTESIAN_POINT('',(-109.393523782,-42.678723617,29.775198194));
#7504=CARTESIAN_POINT('',(-109.382927064,-42.687212312,29.75936791));
#7505=CARTESIAN_POINT('',(-109.379401516,-42.690026489,29.754079075));
#7506=CARTESIAN_POINT('',(-109.374123389,-42.694224554,29.746127938));
#7507=CARTESIAN_POINT('',(-109.372365713,-42.695620043,29.743474577));
#7508=CARTESIAN_POINT('',(-109.368853785,-42.698403268,29.738161932));
#7509=CARTESIAN_POINT('',(-109.367039585,-42.699838353,29.735411641));
#7510=CARTESIAN_POINT('',(-109.363670132,-42.70249896,29.730293047));
#7511=CARTESIAN_POINT('',(-109.36209548,-42.703739597,29.727894104));
#7512=CARTESIAN_POINT('',(-109.358783467,-42.706343843,29.72283569));
#7513=CARTESIAN_POINT('',(-109.357107238,-42.70765919,29.720269141));
#7514=CARTESIAN_POINT('',(-109.352017272,-42.711645536,29.712457773));
#7515=CARTESIAN_POINT('',(-109.34854228,-42.714356796,29.707101207));
#7516=CARTESIAN_POINT('',(-109.337866743,-42.722658052,29.690587747));
#7517=CARTESIAN_POINT('',(-109.330415956,-42.728414887,29.678986728));
#7518=CARTESIAN_POINT('',(-109.322612996,-42.734418893,29.66680612));
#7519=B_SPLINE_SURFACE_WITH_KNOTS('',1,3,((#7435,#7436,#7437,#7438,#7439,#7440,#7441,#7442,#7443,#7444,#7445,#7446,#7447,#7448,#7449,#7450,#7451,#7452,#7453,#7454,#7455,#7456,#7457,#7458,#7459,#7460,
#7461,#7462,#7463,#7464,#7465,#7466,#7467,#7468,#7469,#7470,#7471,#7472,#7473,#7474,#7475,#7476),(#7477,#7478,#7479,#7480,#7481,#7482,#7483,#7484,#7485,#7486,#7487,#7488,#7489,#7490,#7491,#7492,#7493,#7494,#7495,#7496,#7497,#7498,#7499,#7500,#7501,#7502,
#7503,#7504,#7505,#7506,#7507,#7508,#7509,#7510,#7511,#7512,#7513,#7514,#7515,#7516,#7517,#7518)),.UNSPECIFIED.,.F.,.F.,.U.,(2,2),(4,2,2,2,2,2,2,2,2,2,2,2,2,2,2,2,2,2,2,2,4),(0.124885171,1.),(0.000031824,0.000253976,0.000507953,0.001015906,0.002031811,0.004063623,0.008127246,0.016254492,0.032508984,0.065017968,0.097526951,0.113781443,0.121908689,0.125972312,0.128004124,0.129020029,0.130035935,0.131042417,0.1320489,0.134061864,0.138087793),.UNSPECIFIED.);
#7520=CARTESIAN_POINT('',(-110.099094202,-41.998668467,30.580226784));
#7521=CARTESIAN_POINT('',(-110.004324225,-42.065579031,30.782604371));
#7522=CARTESIAN_POINT('',(-109.90955423,-42.132489304,30.984982046));
#7523=CARTESIAN_POINT('',(-109.814784423,-42.199399238,31.187359921));
#7524=B_SPLINE_CURVE_WITH_KNOTS('',3,(#7520,#7521,#7522,#7523),.UNSPECIFIED.,.F.,.F.,(4,4),(-0.,0.000699811),.UNSPECIFIED.);
#7525=EDGE_CURVE('',#7271,#6685,#7524,.T.);
#7526=ORIENTED_EDGE('',*,*,#7525,.T.);
#7527=ORIENTED_EDGE('',*,*,#6694,.T.);
#7528=ORIENTED_EDGE('',*,*,#6345,.F.);
#7529=CARTESIAN_POINT('',(-108.895137777,-43.071330026,30.106717528));
#7530=DIRECTION('',(-0.610824614,0.481416474,-0.628594837));
#7531=VECTOR('',#7530,0.699832996);
#7532=LINE('',#7529,#7531);
#7533=EDGE_CURVE('',#6321,#6856,#7532,.T.);
#7534=ORIENTED_EDGE('',*,*,#7533,.T.);
#7535=ORIENTED_EDGE('',*,*,#7320,.F.);
#7536=EDGE_LOOP('',(#7526,#7527,#7528,#7534,#7535));
#7537=FACE_BOUND('',#7536,.T.);
#7538=ADVANCED_FACE('',(#7537),#7519,.F.);
#7539=CARTESIAN_POINT('',(-111.312305641,-40.618389824,31.760067933));
#7540=CARTESIAN_POINT('',(-111.312305559,-40.618389929,31.760067933));
#7541=CARTESIAN_POINT('',(-111.312305478,-40.618390035,31.760067933));
#7542=CARTESIAN_POINT('',(-111.312305396,-40.61839014,31.760067932));
#7543=CARTESIAN_POINT('',(-111.302210036,-40.631434104,31.760023281));
#7544=CARTESIAN_POINT('',(-111.292134562,-40.644408882,31.759934048));
#7545=CARTESIAN_POINT('',(-111.277046634,-40.663762241,31.759684715));
#7546=CARTESIAN_POINT('',(-111.272021543,-40.67019523,31.759582378));
#7547=CARTESIAN_POINT('',(-111.261979074,-40.683024155,31.759331284));
#7548=CARTESIAN_POINT('',(-111.256975318,-40.689402744,31.759182911));
#7549=CARTESIAN_POINT('',(-111.248441836,-40.700256336,31.758883755));
#7550=CARTESIAN_POINT('',(-111.244914385,-40.704736362,31.758749251));
#7551=CARTESIAN_POINT('',(-111.237871987,-40.713667645,31.758459427));
#7552=CARTESIAN_POINT('',(-111.23434781,-40.718130622,31.758303711));
#7553=CARTESIAN_POINT('',(-111.223766437,-40.731511441,31.757804157));
#7554=CARTESIAN_POINT('',(-111.216700396,-40.74042117,31.757427909));
#7555=CARTESIAN_POINT('',(-111.195467598,-40.767116933,31.756169549));
#7556=CARTESIAN_POINT('',(-111.181266163,-40.784869545,31.755157818));
#7557=CARTESIAN_POINT('',(-111.13852875,-40.83798591,31.751604285));
#7558=CARTESIAN_POINT('',(-111.109859658,-40.873208196,31.748544138));
#7559=CARTESIAN_POINT('',(-111.023364707,-40.978247045,31.737291501));
#7560=CARTESIAN_POINT('',(-110.965051173,-41.047435566,31.727026762));
#7561=CARTESIAN_POINT('',(-110.788518018,-41.251993066,31.687954835));
#7562=CARTESIAN_POINT('',(-110.668718111,-41.384340713,31.650873993));
#7563=CARTESIAN_POINT('',(-110.42672932,-41.638434942,31.554695167));
#7564=CARTESIAN_POINT('',(-110.304468994,-41.760182391,31.495676168));
#7565=CARTESIAN_POINT('',(-110.059429932,-41.99028403,31.356807629));
#7566=CARTESIAN_POINT('',(-109.936649449,-42.098582634,31.276948829));
#7567=CARTESIAN_POINT('',(-109.814775883,-42.199405261,31.187378321));
#7568=CARTESIAN_POINT('',(-111.367375105,-40.658626625,31.063573621));
#7569=CARTESIAN_POINT('',(-111.367375029,-40.658626723,31.063573621));
#7570=CARTESIAN_POINT('',(-111.367374953,-40.658626821,31.063573621));
#7571=CARTESIAN_POINT('',(-111.367374877,-40.658626919,31.06357362));
#7572=CARTESIAN_POINT('',(-111.358004791,-40.670733774,31.063532177));
#7573=CARTESIAN_POINT('',(-111.348940075,-40.682404259,31.063450068));
#7574=CARTESIAN_POINT('',(-111.335801547,-40.699254296,31.063232804));
#7575=CARTESIAN_POINT('',(-111.331498491,-40.704761718,31.063144808));
#7576=CARTESIAN_POINT('',(-111.323045657,-40.715558249,31.06293338));
#7577=CARTESIAN_POINT('',(-111.319004756,-40.720708882,31.062813705));
#7578=CARTESIAN_POINT('',(-111.311906791,-40.729736626,31.062564841));
#7579=CARTESIAN_POINT('',(-111.308840759,-40.733630766,31.062448146));
#7580=CARTESIAN_POINT('',(-111.302850908,-40.741227192,31.062201639));
#7581=CARTESIAN_POINT('',(-111.299853454,-40.745023136,31.062069197));
#7582=CARTESIAN_POINT('',(-111.290853596,-40.756404033,31.061644307));
#7583=CARTESIAN_POINT('',(-111.284843694,-40.763982052,31.061324296));
#7584=CARTESIAN_POINT('',(-111.266784728,-40.786687396,31.060254032));
#7585=CARTESIAN_POINT('',(-111.254706398,-40.801786004,31.059393549));
#7586=CARTESIAN_POINT('',(-111.218360125,-40.846959131,31.056371426));
#7587=CARTESIAN_POINT('',(-111.19398089,-40.876910933,31.053769088));
#7588=CARTESIAN_POINT('',(-111.12044432,-40.966213238,31.044202282));
#7589=CARTESIAN_POINT('',(-111.070888157,-41.025010342,31.03547763));
#7590=CARTESIAN_POINT('',(-110.920994502,-41.198699404,31.002301797));
#7591=CARTESIAN_POINT('',(-110.81952977,-41.310782701,30.970881817));
#7592=CARTESIAN_POINT('',(-110.614890809,-41.525658671,30.88954771));
#7593=CARTESIAN_POINT('',(-110.511261708,-41.628853625,30.839523498));
#7594=CARTESIAN_POINT('',(-110.304102355,-41.823384684,30.722122155));
#7595=CARTESIAN_POINT('',(-110.200299662,-41.914944619,30.654608304));
#7596=CARTESIAN_POINT('',(-110.097224713,-42.000215667,30.578853763));
#7597=B_SPLINE_SURFACE_WITH_KNOTS('',1,3,((#7539,#7540,#7541,#7542,#7543,#7544,#7545,#7546,#7547,#7548,#7549,#7550,#7551,#7552,#7553,#7554,#7555,#7556,#7557,#7558,#7559,#7560,#7561,#7562,#7563,#7564,
#7565,#7566,#7567),(#7568,#7569,#7570,#7571,#7572,#7573,#7574,#7575,#7576,#7577,#7578,#7579,#7580,#7581,#7582,#7583,#7584,#7585,#7586,#7587,#7588,#7589,#7590,#7591,#7592,#7593,
#7594,#7595,#7596)),.UNSPECIFIED.,.F.,.F.,.U.,(2,2),(4,3,2,2,2,2,2,2,2,2,2,2,2,4),(0.125217909,1.),(0.543939733,0.543939812,0.553719958,0.558610031,0.563500105,0.56691026,0.570320416,0.577140726,0.590781348,0.618062592,0.672625079,0.781750052,0.890875026,0.999921883),.UNSPECIFIED.);
#7598=ORIENTED_EDGE('',*,*,#4480,.F.);
#7599=ORIENTED_EDGE('',*,*,#7343,.F.);
#7600=ORIENTED_EDGE('',*,*,#6712,.F.);
#7601=ORIENTED_EDGE('',*,*,#7525,.F.);
#7602=CARTESIAN_POINT('',(-111.367374877,-40.658626919,31.06357362));
#7603=CARTESIAN_POINT('',(-111.358004791,-40.670733774,31.063532177));
#7604=CARTESIAN_POINT('',(-111.348940075,-40.682404259,31.063450068));
#7605=CARTESIAN_POINT('',(-111.335801547,-40.699254296,31.063232804));
#7606=CARTESIAN_POINT('',(-111.331498491,-40.704761718,31.063144808));
#7607=CARTESIAN_POINT('',(-111.323045657,-40.715558249,31.06293338));
#7608=CARTESIAN_POINT('',(-111.319004756,-40.720708882,31.062813705));
#7609=CARTESIAN_POINT('',(-111.311906791,-40.729736626,31.062564841));
#7610=CARTESIAN_POINT('',(-111.308840759,-40.733630766,31.062448146));
#7611=CARTESIAN_POINT('',(-111.302850908,-40.741227192,31.062201639));
#7612=CARTESIAN_POINT('',(-111.299853454,-40.745023136,31.062069197));
#7613=CARTESIAN_POINT('',(-111.290853596,-40.756404033,31.061644307));
#7614=CARTESIAN_POINT('',(-111.284843694,-40.763982052,31.061324296));
#7615=CARTESIAN_POINT('',(-111.266784728,-40.786687396,31.060254032));
#7616=CARTESIAN_POINT('',(-111.254706398,-40.801786004,31.059393549));
#7617=CARTESIAN_POINT('',(-111.218360125,-40.846959131,31.056371426));
#7618=CARTESIAN_POINT('',(-111.19398089,-40.876910933,31.053769088));
#7619=CARTESIAN_POINT('',(-111.12044432,-40.966213238,31.044202282));
#7620=CARTESIAN_POINT('',(-111.070888157,-41.025010342,31.03547763));
#7621=CARTESIAN_POINT('',(-110.920994502,-41.198699404,31.002301797));
#7622=CARTESIAN_POINT('',(-110.81952977,-41.310782701,30.970881817));
#7623=CARTESIAN_POINT('',(-110.614890809,-41.525658671,30.88954771));
#7624=CARTESIAN_POINT('',(-110.511261708,-41.628853625,30.839523498));
#7625=CARTESIAN_POINT('',(-110.355836563,-41.774804158,30.751440964));
#7626=CARTESIAN_POINT('',(-110.303975472,-41.822023032,30.719875514));
#7627=CARTESIAN_POINT('',(-110.226240251,-41.890634477,30.669302376));
#7628=CARTESIAN_POINT('',(-110.200342824,-41.913130942,30.651910031));
#7629=CARTESIAN_POINT('',(-110.161546251,-41.94629587,30.625036883));
#7630=CARTESIAN_POINT('',(-110.14862232,-41.957254221,30.615948401));
#7631=CARTESIAN_POINT('',(-110.129252334,-41.97354449,30.602121744));
#7632=CARTESIAN_POINT('',(-110.122798327,-41.978950043,30.597480537));
#7633=CARTESIAN_POINT('',(-110.113121729,-41.987021265,30.590470523));
#7634=CARTESIAN_POINT('',(-110.109896933,-41.989705489,30.588125817));
#7635=CARTESIAN_POINT('',(-110.105060898,-41.993722514,30.584596744));
#7636=CARTESIAN_POINT('',(-110.10344908,-41.995059971,30.583418384));
#7637=CARTESIAN_POINT('',(-110.101031649,-41.997063824,30.581647843));
#7638=CARTESIAN_POINT('',(-110.100225888,-41.997731386,30.581057164));
#7639=CARTESIAN_POINT('',(-110.099310165,-41.998489657,30.580385264));
#7640=CARTESIAN_POINT('',(-110.099201721,-41.998579448,30.580305686));
#7641=CARTESIAN_POINT('',(-110.099094205,-41.998668466,30.580226778));
#7642=B_SPLINE_CURVE_WITH_KNOTS('',3,(#7602,#7603,#7604,#7605,#7606,#7607,#7608,#7609,#7610,#7611,#7612,#7613,#7614,#7615,#7616,#7617,#7618,#7619,#7620,#7621,#7622,#7623,#7624,#7625,#7626,#7627,
#7628,#7629,#7630,#7631,#7632,#7633,#7634,#7635,#7636,#7637,#7638,#7639,#7640,#7641),.UNSPECIFIED.,.F.,.F.,(4,2,2,2,2,2,2,2,2,2,2,2,2,2,2,2,2,2,2,4),(0.543939812,0.553719958,0.558610031,0.563500105,0.56691026,0.570320416,0.577140726,0.590781348,0.618062592,0.672625079,0.781750052,0.890875026,0.945437513,0.972718757,0.986359378,0.993179689,0.996589845,0.998294922,0.999147461,0.999263868),.UNSPECIFIED.);
#7643=EDGE_CURVE('',#4475,#7271,#7642,.T.);
#7644=ORIENTED_EDGE('',*,*,#7643,.F.);
#7645=EDGE_LOOP('',(#7598,#7599,#7600,#7601,#7644));
#7646=FACE_BOUND('',#7645,.T.);
#7647=ADVANCED_FACE('',(#7646),#7597,.F.);
#7648=CARTESIAN_POINT('',(-108.895041935,-43.071405563,30.106816158));
#7649=CARTESIAN_POINT('',(-108.886803925,-43.07774432,30.093956425));
#7650=CARTESIAN_POINT('',(-108.878530763,-43.084085837,30.081011059));
#7651=CARTESIAN_POINT('',(-108.866036069,-43.093654156,30.061499361));
#7652=CARTESIAN_POINT('',(-108.861857001,-43.096852933,30.054979857));
#7653=CARTESIAN_POINT('',(-108.855562927,-43.101671692,30.045181661));
#7654=CARTESIAN_POINT('',(-108.85346066,-43.103281372,30.041912436));
#7655=CARTESIAN_POINT('',(-108.849246913,-43.106508704,30.035368427));
#7656=CARTESIAN_POINT('',(-108.84712778,-43.10813225,30.032081878));
#7657=CARTESIAN_POINT('',(-108.842738525,-43.111496407,30.025285168));
#7658=CARTESIAN_POINT('',(-108.840472703,-43.113233083,30.0217801));
#7659=CARTESIAN_POINT('',(-108.835922692,-43.116720377,30.014747952));
#7660=CARTESIAN_POINT('',(-108.833646447,-43.11846494,30.011233279));
#7661=CARTESIAN_POINT('',(-108.826813993,-43.12370137,30.000693458));
#7662=CARTESIAN_POINT('',(-108.822254067,-43.127195981,29.99367251));
#7663=CARTESIAN_POINT('',(-108.808559423,-43.137690773,29.972626458));
#7664=CARTESIAN_POINT('',(-108.79940984,-43.144701912,29.958618143));
#7665=CARTESIAN_POINT('',(-108.771901689,-43.165779038,29.916660276));
#7666=CARTESIAN_POINT('',(-108.753483715,-43.179888733,29.888777802));
#7667=CARTESIAN_POINT('',(-108.697992615,-43.222391671,29.805398042));
#7668=CARTESIAN_POINT('',(-108.660682308,-43.250958764,29.750168418));
#7669=CARTESIAN_POINT('',(-108.547806193,-43.337347571,29.585544969));
#7670=CARTESIAN_POINT('',(-108.471295184,-43.39585681,29.477216576));
#7671=CARTESIAN_POINT('',(-108.238009562,-43.574071578,29.156451051));
#7672=CARTESIAN_POINT('',(-108.077485342,-43.696461837,28.948237343));
#7673=CARTESIAN_POINT('',(-107.746568623,-43.948080692,28.542820727));
#7674=CARTESIAN_POINT('',(-107.576081135,-44.077430591,28.345534033));
#7675=CARTESIAN_POINT('',(-107.227546287,-44.341834655,27.963957107));
#7676=CARTESIAN_POINT('',(-107.049350877,-44.477140044,27.77940127));
#7677=CARTESIAN_POINT('',(-106.68472496,-44.753093951,27.422553291));
#7678=CARTESIAN_POINT('',(-106.498282785,-44.893703964,27.250256104));
#7679=CARTESIAN_POINT('',(-106.116369433,-45.178737,26.917651984));
#7680=CARTESIAN_POINT('',(-105.921438276,-45.322718187,26.757839434));
#7681=CARTESIAN_POINT('',(-105.523727566,-45.611831575,26.451200961));
#7682=CARTESIAN_POINT('',(-105.320756574,-45.756915052,26.304281815));
#7683=CARTESIAN_POINT('',(-105.010613079,-45.975654698,26.093212201));
#7684=CARTESIAN_POINT('',(-104.906301635,-46.04877736,26.024403428));
#7685=CARTESIAN_POINT('',(-104.748553783,-46.158907038,25.923486009));
#7686=CARTESIAN_POINT('',(-104.695757819,-46.195691126,25.890229567));
#7687=CARTESIAN_POINT('',(-104.616258427,-46.250994812,25.840915871));
#7688=CARTESIAN_POINT('',(-104.589707721,-46.269450631,25.824573133));
#7689=CARTESIAN_POINT('',(-104.54980712,-46.29716828,25.800201383));
#7690=CARTESIAN_POINT('',(-104.536494497,-46.30641315,25.792101192));
#7691=CARTESIAN_POINT('',(-104.516507154,-46.320289188,25.779986447));
#7692=CARTESIAN_POINT('',(-104.509841638,-46.32491599,25.775954122));
#7693=CARTESIAN_POINT('',(-104.496504509,-46.334172548,25.767901311));
#7694=CARTESIAN_POINT('',(-104.489817967,-46.338812706,25.763871945));
#7695=CARTESIAN_POINT('',(-104.47700376,-46.347703855,25.756164446));
#7696=CARTESIAN_POINT('',(-104.470873016,-46.351955157,25.752479103));
#7697=CARTESIAN_POINT('',(-104.458574262,-46.360479521,25.745092391));
#7698=CARTESIAN_POINT('',(-104.452421137,-46.364742296,25.741400057));
#7699=CARTESIAN_POINT('',(-104.433938715,-46.377542383,25.730322968));
#7700=CARTESIAN_POINT('',(-104.421398866,-46.386220917,25.722824309));
#7701=CARTESIAN_POINT('',(-104.408601244,-46.395141711,25.715340837));
#7702=CARTESIAN_POINT('',(-109.322612996,-42.734418893,29.66680612));
#7703=CARTESIAN_POINT('',(-109.314809576,-42.740423254,29.654624792));
#7704=CARTESIAN_POINT('',(-109.306659066,-42.746670521,29.641872054));
#7705=CARTESIAN_POINT('',(-109.293882401,-42.75645608,29.621919027));
#7706=CARTESIAN_POINT('',(-109.28953156,-42.759787095,29.615130786));
#7707=CARTESIAN_POINT('',(-109.282862203,-42.764894286,29.604747521));
#7708=CARTESIAN_POINT('',(-109.28061523,-42.766615126,29.60125295));
#7709=CARTESIAN_POINT('',(-109.276072588,-42.770094915,29.59419774));
#7710=CARTESIAN_POINT('',(-109.27371596,-42.771900609,29.590542814));
#7711=CARTESIAN_POINT('',(-109.269012857,-42.77550533,29.583260086));
#7712=CARTESIAN_POINT('',(-109.266695781,-42.777281284,29.579675832));
#7713=CARTESIAN_POINT('',(-109.261931311,-42.780932947,29.572312233));
#7714=CARTESIAN_POINT('',(-109.259547789,-42.782759728,29.568631918));
#7715=CARTESIAN_POINT('',(-109.252393366,-42.788242917,29.557595423));
#7716=CARTESIAN_POINT('',(-109.247618605,-42.791902172,29.550243694));
#7717=CARTESIAN_POINT('',(-109.233278899,-42.8028913,29.528206307));
#7718=CARTESIAN_POINT('',(-109.223698531,-42.81023254,29.513538447));
#7719=CARTESIAN_POINT('',(-109.194895823,-42.832301573,29.469606008));
#7720=CARTESIAN_POINT('',(-109.175611874,-42.847074671,29.440412571));
#7721=CARTESIAN_POINT('',(-109.117514323,-42.891573998,29.353116413));
#7722=CARTESIAN_POINT('',(-109.078454999,-42.921480236,29.295297847));
#7723=CARTESIAN_POINT('',(-108.9602999,-43.01190927,29.122975298));
#7724=CARTESIAN_POINT('',(-108.880226958,-43.073142345,29.009604526));
#7725=CARTESIAN_POINT('',(-108.636145656,-43.259604295,28.673995045));
#7726=CARTESIAN_POINT('',(-108.468298319,-43.387577811,28.456288971));
#7727=CARTESIAN_POINT('',(-108.122457086,-43.650544806,28.03258786));
#7728=CARTESIAN_POINT('',(-107.944375346,-43.785656517,27.826517194));
#7729=CARTESIAN_POINT('',(-107.580399331,-44.061774494,27.428035234));
#7730=CARTESIAN_POINT('',(-107.394371955,-44.203026525,27.235372815));
#7731=CARTESIAN_POINT('',(-107.013899465,-44.490973332,26.863016292));
#7732=CARTESIAN_POINT('',(-106.819476648,-44.637601201,26.683350942));
#7733=CARTESIAN_POINT('',(-106.421480636,-44.934637188,26.336740613));
#7734=CARTESIAN_POINT('',(-106.218471586,-45.084583244,26.170312869));
#7735=CARTESIAN_POINT('',(-105.80459818,-45.385446004,25.851212814));
#7736=CARTESIAN_POINT('',(-105.593491251,-45.536343702,25.6984105));
#7737=CARTESIAN_POINT('',(-105.271128035,-45.763701741,25.479024696));
#7738=CARTESIAN_POINT('',(-105.162734095,-45.839686217,25.407523426));
#7739=CARTESIAN_POINT('',(-104.998845444,-45.954103117,25.302677466));
#7740=CARTESIAN_POINT('',(-104.944000453,-45.992314808,25.268130391));
#7741=CARTESIAN_POINT('',(-104.861425691,-46.049757909,25.216909022));
#7742=CARTESIAN_POINT('',(-104.833849555,-46.068926534,25.199935106));
#7743=CARTESIAN_POINT('',(-104.792410502,-46.097712907,25.174623648));
#7744=CARTESIAN_POINT('',(-104.778585009,-46.107313936,25.166211398));
#7745=CARTESIAN_POINT('',(-104.757828311,-46.121724105,25.153630326));
#7746=CARTESIAN_POINT('',(-104.750906334,-46.126528931,25.149442853));
#7747=CARTESIAN_POINT('',(-104.737056266,-46.136141497,25.141080334));
#7748=CARTESIAN_POINT('',(-104.730009139,-46.141031875,25.136833796));
#7749=CARTESIAN_POINT('',(-104.716901738,-46.15012646,25.12894994));
#7750=CARTESIAN_POINT('',(-104.710797584,-46.154359313,25.125280599));
#7751=CARTESIAN_POINT('',(-104.698303068,-46.163019417,25.117776294));
#7752=CARTESIAN_POINT('',(-104.692032087,-46.16736388,25.114013204));
#7753=CARTESIAN_POINT('',(-104.673071221,-46.180495321,25.102649369));
#7754=CARTESIAN_POINT('',(-104.658733177,-46.190416401,25.094063953));
#7755=CARTESIAN_POINT('',(-104.642569665,-46.201683443,25.08461226));
#7756=B_SPLINE_SURFACE_WITH_KNOTS('',1,3,((#7648,#7649,#7650,#7651,#7652,#7653,#7654,#7655,#7656,#7657,#7658,#7659,#7660,#7661,#7662,#7663,#7664,#7665,#7666,#7667,#7668,#7669,#7670,#7671,#7672,#7673,
#7674,#7675,#7676,#7677,#7678,#7679,#7680,#7681,#7682,#7683,#7684,#7685,#7686,#7687,#7688,#7689,#7690,#7691,#7692,#7693,#7694,#7695,#7696,#7697,#7698,
#7699,#7700,#7701),(#7702,#7703,#7704,#7705,#7706,#7707,#7708,#7709,#7710,#7711,#7712,#7713,#7714,#7715,#7716,#7717,#7718,#7719,#7720,#7721,#7722,#7723,#7724,#7725,#7726,#7727,
#7728,#7729,#7730,#7731,#7732,#7733,#7734,#7735,#7736,#7737,#7738,#7739,#7740,#7741,#7742,#7743,#7744,#7745,#7746,#7747,#7748,#7749,#7750,#7751,#7752,
#7753,#7754,#7755)),.UNSPECIFIED.,.F.,.F.,.U.,(2,2),(4,2,2,2,2,2,2,2,2,2,2,2,2,2,2,2,2,2,2,2,2,2,2,2,2,2,
4),(0.125012624,1.),(0.138087793,0.142113915,0.144126975,0.145133506,0.146140036,0.147228513,0.14831699,0.150493943,0.154847851,0.163555666,0.180971296,0.215802557,0.285465077,0.355127598,0.424790119,0.49445264,0.56411516,0.633777681,0.668608942,0.686024572,0.694732387,0.699086294,0.701263248,0.703440202,0.705452006,0.70746381,
0.711487418),.UNSPECIFIED.);
#7757=ORIENTED_EDGE('',*,*,#6336,.F.);
#7758=ORIENTED_EDGE('',*,*,#6450,.F.);
#7759=CARTESIAN_POINT('',(-104.408833408,-46.394949744,25.714714973));
#7760=DIRECTION('',(-0.334245425,0.276372941,-0.901053824));
#7761=VECTOR('',#7760,0.69929531);
#7762=LINE('',#7759,#7761);
#7763=EDGE_CURVE('',#6434,#6864,#7762,.T.);
#7764=ORIENTED_EDGE('',*,*,#7763,.T.);
#7765=ORIENTED_EDGE('',*,*,#6920,.F.);
#7766=ORIENTED_EDGE('',*,*,#7533,.F.);
#7767=EDGE_LOOP('',(#7757,#7758,#7764,#7765,#7766));
#7768=FACE_BOUND('',#7767,.T.);
#7769=ADVANCED_FACE('',(#7768),#7756,.F.);
#7770=CARTESIAN_POINT('',(-104.408599244,-46.395143365,25.71534623));
#7771=CARTESIAN_POINT('',(-104.395808351,-46.404059467,25.707866693));
#7772=CARTESIAN_POINT('',(-104.382756908,-46.413220252,25.700400703));
#7773=CARTESIAN_POINT('',(-104.362793416,-46.427443127,25.689477451));
#7774=CARTESIAN_POINT('',(-104.35612466,-46.432228878,25.685910051));
#7775=CARTESIAN_POINT('',(-104.342772176,-46.441880891,25.678930219));
#7776=CARTESIAN_POINT('',(-104.336076733,-46.446755751,25.675511963));
#7777=CARTESIAN_POINT('',(-104.321568732,-46.457394613,25.668280969));
#7778=CARTESIAN_POINT('',(-104.313756134,-46.463169394,25.664493431));
#7779=CARTESIAN_POINT('',(-104.298088916,-46.47484103,25.65710756));
#7780=CARTESIAN_POINT('',(-104.29024676,-46.480728796,25.65351553));
#7781=CARTESIAN_POINT('',(-104.266702169,-46.498542573,25.643042907));
#7782=CARTESIAN_POINT('',(-104.250981603,-46.51061906,25.636465755));
#7783=CARTESIAN_POINT('',(-104.203807229,-46.547408268,25.617954869));
#7784=CARTESIAN_POINT('',(-104.172339037,-46.572681935,25.60724084));
#7785=CARTESIAN_POINT('',(-104.109692801,-46.624496536,25.589113838));
#7786=CARTESIAN_POINT('',(-104.078465562,-46.651077723,25.581683388));
#7787=CARTESIAN_POINT('',(-104.031967528,-46.691796829,25.572939163));
#7788=CARTESIAN_POINT('',(-104.016525806,-46.705510701,25.570424898));
#7789=CARTESIAN_POINT('',(-103.993475607,-46.726271831,25.56724926));
#7790=CARTESIAN_POINT('',(-103.985810932,-46.733223932,25.566290013));
#7791=CARTESIAN_POINT('',(-103.970523355,-46.747188115,25.564569351));
#7792=CARTESIAN_POINT('',(-103.962914919,-46.754186746,25.563809088));
#7793=CARTESIAN_POINT('',(-103.94879925,-46.767263316,25.562578122));
#7794=CARTESIAN_POINT('',(-103.942293247,-46.773328885,25.562085664));
#7795=CARTESIAN_POINT('',(-103.929347578,-46.785474318,25.561252758));
#7796=CARTESIAN_POINT('',(-103.922894493,-46.791566592,25.560911103));
#7797=CARTESIAN_POINT('',(-103.90360724,-46.809887756,25.560104953));
#7798=CARTESIAN_POINT('',(-103.891015742,-46.821998578,25.559865297));
#7799=CARTESIAN_POINT('',(-103.878672059,-46.833945577,25.559762307));
#7800=CARTESIAN_POINT('',(-104.642569665,-46.201683443,25.08461226));
#7801=CARTESIAN_POINT('',(-104.626436188,-46.21292955,25.07517813));
#7802=CARTESIAN_POINT('',(-104.60845599,-46.225540239,25.064864899));
#7803=CARTESIAN_POINT('',(-104.578804461,-46.246665343,25.04864073));
#7804=CARTESIAN_POINT('',(-104.568881328,-46.253786587,25.043332254));
#7805=CARTESIAN_POINT('',(-104.549017122,-46.268145892,25.032948448));
#7806=CARTESIAN_POINT('',(-104.538981899,-46.275452851,25.027825899));
#7807=CARTESIAN_POINT('',(-104.51752549,-46.291187026,25.017131644));
#7808=CARTESIAN_POINT('',(-104.506148979,-46.299596749,25.011617659));
#7809=CARTESIAN_POINT('',(-104.483200993,-46.316692384,25.000799464));
#7810=CARTESIAN_POINT('',(-104.471728733,-46.325305683,24.995544866));
#7811=CARTESIAN_POINT('',(-104.437322264,-46.35133761,24.980240863));
#7812=CARTESIAN_POINT('',(-104.414398401,-46.368948151,24.970651073));
#7813=CARTESIAN_POINT('',(-104.345707171,-46.422517633,24.943697076));
#7814=CARTESIAN_POINT('',(-104.300004041,-46.459226076,24.9281405));
#7815=CARTESIAN_POINT('',(-104.209070614,-46.534436987,24.901828436));
#7816=CARTESIAN_POINT('',(-104.16406507,-46.572753001,24.891132459));
#7817=CARTESIAN_POINT('',(-104.09731949,-46.631203614,24.878580523));
#7818=CARTESIAN_POINT('',(-104.07520135,-46.65084735,24.87498021));
#7819=CARTESIAN_POINT('',(-104.042235591,-46.680539445,24.870438492));
#7820=CARTESIAN_POINT('',(-104.031282226,-46.69047457,24.869067753));
#7821=CARTESIAN_POINT('',(-104.009448514,-46.71041825,24.8666103));
#7822=CARTESIAN_POINT('',(-103.998683743,-46.72031969,24.865533467));
#7823=CARTESIAN_POINT('',(-103.978369291,-46.73913878,24.863762008));
#7824=CARTESIAN_POINT('',(-103.968876679,-46.747988603,24.863042889));
#7825=CARTESIAN_POINT('',(-103.950218838,-46.765493378,24.86184246));
#7826=CARTESIAN_POINT('',(-103.940946095,-46.774248011,24.861351965));
#7827=CARTESIAN_POINT('',(-103.913366303,-46.800446368,24.860199196));
#7828=CARTESIAN_POINT('',(-103.896672441,-46.81651629,24.85990406));
#7829=CARTESIAN_POINT('',(-103.881683936,-46.831023116,24.859779002));
#7830=B_SPLINE_SURFACE_WITH_KNOTS('',1,3,((#7770,#7771,#7772,#7773,#7774,#7775,#7776,#7777,#7778,#7779,#7780,#7781,#7782,#7783,#7784,#7785,#7786,#7787,#7788,#7789,#7790,#7791,#7792,#7793,#7794,#7795,
#7796,#7797,#7798,#7799),(#7800,#7801,#7802,#7803,#7804,#7805,#7806,#7807,#7808,#7809,#7810,#7811,#7812,#7813,#7814,#7815,#7816,#7817,#7818,#7819,#7820,#7821,#7822,#7823,#7824,#7825,
#7826,#7827,#7828,#7829)),.UNSPECIFIED.,.F.,.F.,.U.,(2,2),(4,2,2,2,2,2,2,2,2,2,2,2,2,2,4),(0.125005143,1.),(0.711487418,0.715510019,0.717522044,0.719534068,0.721890871,0.724247673,0.728961279,0.73838849,0.747815701,0.752529306,0.754886109,0.757242912,0.759255218,0.761267525,0.765291508),.UNSPECIFIED.);
#7831=ORIENTED_EDGE('',*,*,#6443,.F.);
#7832=ORIENTED_EDGE('',*,*,#7390,.T.);
#7833=ORIENTED_EDGE('',*,*,#7027,.F.);
#7834=ORIENTED_EDGE('',*,*,#7763,.F.);
#7835=EDGE_LOOP('',(#7831,#7832,#7833,#7834));
#7836=FACE_BOUND('',#7835,.T.);
#7837=ADVANCED_FACE('',(#7836),#7830,.F.);
#7838=CARTESIAN_POINT('',(-112.918456864,-38.343705457,31.063571105));
#7839=CARTESIAN_POINT('',(-112.694062214,-38.731770843,31.063571105));
#7840=CARTESIAN_POINT('',(-112.457982064,-39.113219279,31.063571105));
#7841=CARTESIAN_POINT('',(-112.08515709,-39.673139134,31.063571105));
#7842=CARTESIAN_POINT('',(-111.957767684,-39.857700163,31.063571105));
#7843=CARTESIAN_POINT('',(-111.762177,-40.13130486,31.063571105));
#7844=CARTESIAN_POINT('',(-111.696228723,-40.221967388,31.063571105));
#7845=CARTESIAN_POINT('',(-111.59619921,-40.357138794,31.063571105));
#7846=CARTESIAN_POINT('',(-111.562671523,-40.402058865,31.063571105));
#7847=CARTESIAN_POINT('',(-111.512105715,-40.469231648,31.063571105));
#7848=CARTESIAN_POINT('',(-111.495204733,-40.491588021,31.063571105));
#7849=CARTESIAN_POINT('',(-111.469785002,-40.525070534,31.063571105));
#7850=CARTESIAN_POINT('',(-111.461300382,-40.536222698,31.063571105));
#7851=CARTESIAN_POINT('',(-111.448556427,-40.552937904,31.063571105));
#7852=CARTESIAN_POINT('',(-111.444305604,-40.558507466,31.063571105));
#7853=CARTESIAN_POINT('',(-111.43579829,-40.56964224,31.063571105));
#7854=CARTESIAN_POINT('',(-111.431630631,-40.575091411,31.063571007));
#7855=CARTESIAN_POINT('',(-111.422092013,-40.58754969,31.063571221));
#7856=CARTESIAN_POINT('',(-111.416760211,-40.594506148,31.063576976));
#7857=CARTESIAN_POINT('',(-111.40646886,-40.607916658,31.063591244));
#7858=CARTESIAN_POINT('',(-111.401400018,-40.614513434,31.063599652));
#7859=CARTESIAN_POINT('',(-111.38642343,-40.633977871,31.06361613));
#7860=CARTESIAN_POINT('',(-111.37674541,-40.646519487,31.063615066));
#7861=CARTESIAN_POINT('',(-111.367374877,-40.658626919,31.06357362));
#7862=CARTESIAN_POINT('',(-112.744298323,-38.245446484,31.043997108));
#7863=CARTESIAN_POINT('',(-112.521869798,-38.63002719,31.043997108));
#7864=CARTESIAN_POINT('',(-112.287951798,-39.007884282,31.043997108));
#7865=CARTESIAN_POINT('',(-111.91876055,-39.562219582,31.043997108));
#7866=CARTESIAN_POINT('',(-111.792611665,-39.744942238,31.043997108));
#7867=CARTESIAN_POINT('',(-111.598910901,-40.015843121,31.043997108));
#7868=CARTESIAN_POINT('',(-111.533598182,-40.105612216,31.043997108));
#7869=CARTESIAN_POINT('',(-111.4345302,-40.239455094,31.043997108));
#7870=CARTESIAN_POINT('',(-111.401324389,-40.283934259,31.043997108));
#7871=CARTESIAN_POINT('',(-111.351243421,-40.350448568,31.043997108));
#7872=CARTESIAN_POINT('',(-111.33450439,-40.372585932,31.043997108));
#7873=CARTESIAN_POINT('',(-111.30932809,-40.40574065,31.043997108));
#7874=CARTESIAN_POINT('',(-111.300924698,-40.416783668,31.043997108));
#7875=CARTESIAN_POINT('',(-111.288302711,-40.433335335,31.043997108));
#7876=CARTESIAN_POINT('',(-111.284092565,-40.438850415,31.043997108));
#7877=CARTESIAN_POINT('',(-111.275666646,-40.449876282,31.043997108));
#7878=CARTESIAN_POINT('',(-111.271545503,-40.455263356,31.043996616));
#7879=CARTESIAN_POINT('',(-111.262083538,-40.467619148,31.043997696));
#7880=CARTESIAN_POINT('',(-111.256784267,-40.474532042,31.044004512));
#7881=CARTESIAN_POINT('',(-111.246582373,-40.487823279,31.044019277));
#7882=CARTESIAN_POINT('',(-111.241563338,-40.494353776,31.044027606));
#7883=CARTESIAN_POINT('',(-111.226751474,-40.513599488,31.044042954));
#7884=CARTESIAN_POINT('',(-111.21720367,-40.52596877,31.044039969));
#7885=CARTESIAN_POINT('',(-111.207984043,-40.537877513,31.043995373));
#7886=B_SPLINE_SURFACE_WITH_KNOTS('',1,3,((#7838,#7839,#7840,#7841,#7842,#7843,#7844,#7845,#7846,#7847,#7848,#7849,#7850,#7851,#7852,#7853,#7854,#7855,#7856,#7857,#7858,#7859,#7860,#7861),(#7862,#7863,#7864,#7865,#7866,#7867,#7868,#7869,#7870,#7871,#7872,#7873,#7874,#7875,#7876,#7877,#7878,#7879,#7880,#7881,#7882,#7883,#7884,#7885)),.UNSPECIFIED.,.F.,.F.,.U.,(2,2),(4,2,2,2,2,2,2,2,2,2,2,4),(0.,0.25115099),(0.,0.26218929,0.393283935,0.458831258,0.491604919,0.50799175,0.516185165,0.520281873,0.524378581,0.529268888,0.534159196,0.543939812),.UNSPECIFIED.);
#7887=CARTESIAN_POINT('',(-111.367374877,-40.658626919,31.06357362));
#7888=DIRECTION('',(0.793301839,0.600980141,-0.097442613));
#7889=VECTOR('',#7888,0.200920792);
#7890=LINE('',#7887,#7889);
#7891=EDGE_CURVE('',#4475,#5475,#7890,.T.);
#7892=ORIENTED_EDGE('',*,*,#7891,.T.);
#7893=ORIENTED_EDGE('',*,*,#5487,.T.);
#7894=ORIENTED_EDGE('',*,*,#1893,.F.);
#7895=ORIENTED_EDGE('',*,*,#4499,.T.);
#7896=EDGE_LOOP('',(#7892,#7893,#7894,#7895));
#7897=FACE_BOUND('',#7896,.T.);
#7898=ADVANCED_FACE('',(#7897),#7886,.F.);
#7899=CARTESIAN_POINT('',(-111.367374877,-40.658626919,31.06357362));
#7900=CARTESIAN_POINT('',(-111.35800479,-40.670733774,31.063532177));
#7901=CARTESIAN_POINT('',(-111.348940075,-40.682404259,31.063450068));
#7902=CARTESIAN_POINT('',(-111.335801546,-40.699254296,31.063232804));
#7903=CARTESIAN_POINT('',(-111.33149849,-40.704761718,31.063144808));
#7904=CARTESIAN_POINT('',(-111.323045657,-40.715558249,31.06293338));
#7905=CARTESIAN_POINT('',(-111.319004756,-40.720708882,31.062813705));
#7906=CARTESIAN_POINT('',(-111.31190679,-40.729736626,31.062564841));
#7907=CARTESIAN_POINT('',(-111.308840759,-40.733630766,31.062448146));
#7908=CARTESIAN_POINT('',(-111.302850908,-40.741227192,31.062201639));
#7909=CARTESIAN_POINT('',(-111.299853454,-40.745023136,31.062069197));
#7910=CARTESIAN_POINT('',(-111.290853596,-40.756404033,31.061644307));
#7911=CARTESIAN_POINT('',(-111.284843694,-40.763982052,31.061324296));
#7912=CARTESIAN_POINT('',(-111.266784728,-40.786687396,31.060254032));
#7913=CARTESIAN_POINT('',(-111.254706398,-40.801786004,31.059393549));
#7914=CARTESIAN_POINT('',(-111.218360125,-40.84695913,31.056371426));
#7915=CARTESIAN_POINT('',(-111.193980889,-40.876910933,31.053769088));
#7916=CARTESIAN_POINT('',(-111.12044432,-40.966213238,31.044202282));
#7917=CARTESIAN_POINT('',(-111.070888157,-41.025010342,31.03547763));
#7918=CARTESIAN_POINT('',(-110.920994502,-41.198699404,31.002301797));
#7919=CARTESIAN_POINT('',(-110.81952977,-41.3107827,30.970881817));
#7920=CARTESIAN_POINT('',(-110.614890809,-41.52565867,30.88954771));
#7921=CARTESIAN_POINT('',(-110.511261708,-41.628853625,30.839523498));
#7922=CARTESIAN_POINT('',(-110.355836563,-41.774804158,30.751440964));
#7923=CARTESIAN_POINT('',(-110.303975472,-41.822023032,30.719875514));
#7924=CARTESIAN_POINT('',(-110.226240251,-41.890634477,30.669302376));
#7925=CARTESIAN_POINT('',(-110.200342824,-41.913130941,30.651910031));
#7926=CARTESIAN_POINT('',(-110.16154625,-41.94629587,30.625036883));
#7927=CARTESIAN_POINT('',(-110.14862232,-41.95725422,30.615948401));
#7928=CARTESIAN_POINT('',(-110.129252333,-41.97354449,30.602121744));
#7929=CARTESIAN_POINT('',(-110.122798326,-41.978950042,30.597480537));
#7930=CARTESIAN_POINT('',(-110.113121729,-41.987021265,30.590470523));
#7931=CARTESIAN_POINT('',(-110.109896933,-41.989705489,30.588125817));
#7932=CARTESIAN_POINT('',(-110.105060898,-41.993722514,30.584596744));
#7933=CARTESIAN_POINT('',(-110.103449079,-41.995059971,30.583418384));
#7934=CARTESIAN_POINT('',(-110.101031649,-41.997063824,30.581647843));
#7935=CARTESIAN_POINT('',(-110.100225888,-41.997731386,30.581057164));
#7936=CARTESIAN_POINT('',(-110.098614467,-41.999065733,30.579874805));
#7937=CARTESIAN_POINT('',(-110.09789293,-41.999662891,30.579344901));
#7938=CARTESIAN_POINT('',(-110.096365117,-42.000926756,30.578221959));
#7939=CARTESIAN_POINT('',(-110.095606393,-42.001554339,30.577664202));
#7940=CARTESIAN_POINT('',(-110.094209589,-42.002709766,30.576637456));
#7941=CARTESIAN_POINT('',(-110.093511187,-42.003287479,30.576124083));
#7942=CARTESIAN_POINT('',(-110.092670871,-42.003982583,30.575506393));
#7943=CARTESIAN_POINT('',(-110.092528957,-42.004099973,30.575402077));
#7944=CARTESIAN_POINT('',(-110.092387043,-42.004217364,30.57529776));
#7945=CARTESIAN_POINT('',(-111.205800898,-40.536223632,31.043727214));
#7946=CARTESIAN_POINT('',(-111.196583778,-40.548129086,31.043682577));
#7947=CARTESIAN_POINT('',(-111.187692944,-40.55957141,31.043596797));
#7948=CARTESIAN_POINT('',(-111.174847039,-40.576039343,31.043374736));
#7949=CARTESIAN_POINT('',(-111.170646825,-40.581412755,31.04328526));
#7950=CARTESIAN_POINT('',(-111.162410358,-40.591928044,31.043071352));
#7951=CARTESIAN_POINT('',(-111.158490024,-40.596922372,31.042950447));
#7952=CARTESIAN_POINT('',(-111.151581939,-40.605704463,31.042700899));
#7953=CARTESIAN_POINT('',(-111.148584471,-40.609509994,31.042584468));
#7954=CARTESIAN_POINT('',(-111.142741441,-40.61691698,31.042338629));
#7955=CARTESIAN_POINT('',(-111.139817479,-40.620618234,31.042206749));
#7956=CARTESIAN_POINT('',(-111.131038344,-40.631715158,31.04178423));
#7957=CARTESIAN_POINT('',(-111.125175919,-40.639103988,31.041466714));
#7958=CARTESIAN_POINT('',(-111.107560371,-40.66124214,31.040406683));
#7959=CARTESIAN_POINT('',(-111.095778969,-40.675963122,31.039556684));
#7960=CARTESIAN_POINT('',(-111.060327469,-40.720004875,31.036577053));
#7961=CARTESIAN_POINT('',(-111.036550062,-40.749204434,31.034017761));
#7962=CARTESIAN_POINT('',(-110.96483521,-40.836256086,31.02462478));
#7963=CARTESIAN_POINT('',(-110.916515174,-40.893560815,31.016075546));
#7964=CARTESIAN_POINT('',(-110.770397116,-41.062798584,30.983610719));
#7965=CARTESIAN_POINT('',(-110.67152925,-41.171958906,30.952905976));
#7966=CARTESIAN_POINT('',(-110.472311325,-41.381038947,30.873561594));
#7967=CARTESIAN_POINT('',(-110.37149146,-41.481377971,30.824804842));
#7968=CARTESIAN_POINT('',(-110.220447131,-41.623132463,30.739083712));
#7969=CARTESIAN_POINT('',(-110.170045777,-41.668995171,30.708366632));
#7970=CARTESIAN_POINT('',(-110.094467462,-41.735662513,30.659136024));
#7971=CARTESIAN_POINT('',(-110.069285253,-41.757524345,30.642203809));
#7972=CARTESIAN_POINT('',(-110.031555749,-41.789757097,30.616039312));
#7973=CARTESIAN_POINT('',(-110.018986549,-41.800408018,30.607190124));
#7974=CARTESIAN_POINT('',(-110.000147205,-41.816242049,30.593726973));
#7975=CARTESIAN_POINT('',(-109.993869837,-41.821496339,30.589207693));
#7976=CARTESIAN_POINT('',(-109.984457833,-41.82934189,30.582381707));
#7977=CARTESIAN_POINT('',(-109.981321174,-41.831951093,30.580098533));
#7978=CARTESIAN_POINT('',(-109.976617253,-41.835855893,30.576662041));
#7979=CARTESIAN_POINT('',(-109.975049457,-41.837155992,30.575514588));
#7980=CARTESIAN_POINT('',(-109.972698038,-41.839103885,30.573790479));
#7981=CARTESIAN_POINT('',(-109.971914277,-41.839752806,30.573215288));
#7982=CARTESIAN_POINT('',(-109.970346848,-41.841049897,30.572063931));
#7983=CARTESIAN_POINT('',(-109.969658298,-41.841619139,30.571557303));
#7984=CARTESIAN_POINT('',(-109.968149364,-41.84286703,30.570447688));
#7985=CARTESIAN_POINT('',(-109.967382755,-41.843501285,30.569884365));
#7986=CARTESIAN_POINT('',(-109.965985951,-41.844656711,30.568857619));
#7987=CARTESIAN_POINT('',(-109.965287549,-41.845234425,30.568344246));
#7988=CARTESIAN_POINT('',(-109.964447233,-41.845929528,30.567726556));
#7989=CARTESIAN_POINT('',(-109.964305319,-41.846046919,30.56762224));
#7990=CARTESIAN_POINT('',(-109.964163405,-41.846164309,30.567517923));
#7991=B_SPLINE_SURFACE_WITH_KNOTS('',1,3,((#7899,#7900,#7901,#7902,#7903,#7904,#7905,#7906,#7907,#7908,#7909,#7910,#7911,#7912,#7913,#7914,#7915,#7916,#7917,#7918,#7919,#7920,#7921,#7922,#7923,#7924,
#7925,#7926,#7927,#7928,#7929,#7930,#7931,#7932,#7933,#7934,#7935,#7936,#7937,#7938,#7939,#7940,#7941,#7942,#7943,#7944),(#7945,#7946,#7947,#7948,#7949,#7950,#7951,#7952,#7953,#7954,#7955,#7956,#7957,#7958,#7959,#7960,#7961,#7962,#7963,#7964,#7965,#7966,#7967,#7968,#7969,#7970,
#7971,#7972,#7973,#7974,#7975,#7976,#7977,#7978,#7979,#7980,#7981,#7982,#7983,#7984,#7985,#7986,#7987,#7988,#7989,#7990)),.UNSPECIFIED.,.F.,.F.,.U.,(2,2),(4,2,2,2,2,2,2,2,2,2,2,2,2,2,2,2,2,2,2,2,2,2,4),(0.,0.254590957),(0.543939812,0.553719958,0.558610031,0.563500105,0.56691026,0.570320416,0.577140726,0.590781348,0.618062592,0.672625079,0.781750052,0.890875026,0.945437513,0.972718757,0.986359378,0.993179689,0.996589845,0.998294922,0.999147461,1.,1.000611405,1.00122281,1.001347047),.UNSPECIFIED.);
#7992=ORIENTED_EDGE('',*,*,#7277,.F.);
#7993=ORIENTED_EDGE('',*,*,#5505,.T.);
#7994=ORIENTED_EDGE('',*,*,#7891,.F.);
#7995=ORIENTED_EDGE('',*,*,#7643,.T.);
#7996=EDGE_LOOP('',(#7992,#7993,#7994,#7995));
#7997=FACE_BOUND('',#7996,.T.);
#7998=ADVANCED_FACE('',(#7997),#7991,.F.);
#7999=CARTESIAN_POINT('',(-118.259942646,-19.250721241,18.461742539));
#8000=CARTESIAN_POINT('',(-118.266818776,-19.250721241,19.926654823));
#8001=CARTESIAN_POINT('',(-118.273613625,-19.250721241,21.389250531));
#8002=CARTESIAN_POINT('',(-118.284177808,-19.250721241,23.68651256));
#8003=CARTESIAN_POINT('',(-118.287989359,-19.250721241,24.520220935));
#8004=CARTESIAN_POINT('',(-118.293681553,-19.250721241,25.772504526));
#8005=CARTESIAN_POINT('',(-118.295574762,-19.250721241,26.190219227));
#8006=CARTESIAN_POINT('',(-118.298408944,-19.250721241,26.817350601));
#8007=CARTESIAN_POINT('',(-118.299352733,-19.250721241,27.026487613));
#8008=CARTESIAN_POINT('',(-118.300767089,-19.250721241,27.340349095));
#8009=CARTESIAN_POINT('',(-118.30123832,-19.250721241,27.444995583));
#8010=CARTESIAN_POINT('',(-118.301944845,-19.250721241,27.602006322));
#8011=CARTESIAN_POINT('',(-118.3021803,-19.250721241,27.65435007));
#8012=CARTESIAN_POINT('',(-118.302651104,-19.250721241,27.75905157));
#8013=CARTESIAN_POINT('',(-118.302886905,-19.250691473,27.811409338));
#8014=CARTESIAN_POINT('',(-118.303121751,-19.250721241,27.863774247));
#8015=CARTESIAN_POINT('',(-118.189388172,-19.253367987,18.459084649));
#8016=CARTESIAN_POINT('',(-118.196264387,-19.253367987,19.923994672));
#8017=CARTESIAN_POINT('',(-118.20305932,-19.253367987,21.386588133));
#8018=CARTESIAN_POINT('',(-118.213623635,-19.253367987,23.683846685));
#8019=CARTESIAN_POINT('',(-118.217435233,-19.253367987,24.51755381));
#8020=CARTESIAN_POINT('',(-118.223127497,-19.253367987,25.769835543));
#8021=CARTESIAN_POINT('',(-118.22502073,-19.253367987,26.187549629));
#8022=CARTESIAN_POINT('',(-118.227854946,-19.253367987,26.814680085));
#8023=CARTESIAN_POINT('',(-118.228798747,-19.253367987,27.023816792));
#8024=CARTESIAN_POINT('',(-118.23021312,-19.253367987,27.337677818));
#8025=CARTESIAN_POINT('',(-118.230684357,-19.253367987,27.442324154));
#8026=CARTESIAN_POINT('',(-118.231390891,-19.253367987,27.599334666));
#8027=CARTESIAN_POINT('',(-118.231626348,-19.253367987,27.651678338));
#8028=CARTESIAN_POINT('',(-118.232097158,-19.253367987,27.756379687));
#8029=CARTESIAN_POINT('',(-118.232332635,-19.253359837,27.808737457));
#8030=CARTESIAN_POINT('',(-118.232567811,-19.253367987,27.861102213));
#8031=B_SPLINE_SURFACE_WITH_KNOTS('',1,3,((#7999,#8000,#8001,#8002,#8003,#8004,#8005,#8006,#8007,#8008,#8009,#8010,#8011,#8012,#8013,#8014),(#8015,#8016,#8017,#8018,#8019,#8020,#8021,#8022,#8023,#8024,#8025,#8026,#8027,#8028,#8029,#8030)),.UNSPECIFIED.,.F.,.F.,.U.,(2,2),(4,2,2,2,2,2,2,4),(0.,0.088317639),(0.018377097,0.151246978,0.226870467,0.264682212,0.283588084,0.29304102,0.297767488,0.302493956),.UNSPECIFIED.);
#8032=CARTESIAN_POINT('',(-118.303121751,-19.250721241,27.863774247));
#8033=DIRECTION('',(0.998582226,-0.037460607,-0.03781853));
#8034=VECTOR('',#8033,0.051598636);
#8035=LINE('',#8032,#8034);
#8036=EDGE_CURVE('',#3437,#1345,#8035,.T.);
#8037=ORIENTED_EDGE('',*,*,#8036,.T.);
#8038=ORIENTED_EDGE('',*,*,#1351,.T.);
#8039=CARTESIAN_POINT('',(-118.189400378,-19.253367992,18.461685042));
#8040=DIRECTION('',(-0.999296535,0.037493606,0.000815219));
#8041=VECTOR('',#8040,0.070593116);
#8042=LINE('',#8039,#8041);
#8043=EDGE_CURVE('',#1336,#3445,#8042,.T.);
#8044=ORIENTED_EDGE('',*,*,#8043,.T.);
#8045=ORIENTED_EDGE('',*,*,#3463,.T.);
#8046=EDGE_LOOP('',(#8037,#8038,#8044,#8045));
#8047=FACE_BOUND('',#8046,.T.);
#8048=ADVANCED_FACE('',(#8047),#8031,.F.);
#8049=CARTESIAN_POINT('',(-118.303121747,-19.250721241,27.863774247));
#8050=CARTESIAN_POINT('',(-118.303240164,-19.250736251,27.890178342));
#8051=CARTESIAN_POINT('',(-118.303352843,-19.251111583,27.916527481));
#8052=CARTESIAN_POINT('',(-118.303568375,-19.252468655,27.969126958));
#8053=CARTESIAN_POINT('',(-118.303670948,-19.253469107,27.995377285));
#8054=CARTESIAN_POINT('',(-118.303962986,-19.257434519,28.073996918));
#8055=CARTESIAN_POINT('',(-118.304136791,-19.261363101,28.126234872));
#8056=CARTESIAN_POINT('',(-118.304441989,-19.271791531,28.23045173));
#8057=CARTESIAN_POINT('',(-118.304573391,-19.278291389,28.282430743));
#8058=CARTESIAN_POINT('',(-118.304792936,-19.293877486,28.38621985));
#8059=CARTESIAN_POINT('',(-118.304881269,-19.302983157,28.438130212));
#8060=CARTESIAN_POINT('',(-118.305012863,-19.323731517,28.541466901));
#8061=CARTESIAN_POINT('',(-118.305054575,-19.335436044,28.59310537));
#8062=CARTESIAN_POINT('',(-118.305082377,-19.361239379,28.69518163));
#8063=CARTESIAN_POINT('',(-118.305068685,-19.375369096,28.745780399));
#8064=CARTESIAN_POINT('',(-118.304932562,-19.421353304,28.896130636));
#8065=CARTESIAN_POINT('',(-118.304716743,-19.456740006,28.994302051));
#8066=CARTESIAN_POINT('',(-118.303942051,-19.537063415,29.187111589));
#8067=CARTESIAN_POINT('',(-118.30338462,-19.581878694,29.281453166));
#8068=CARTESIAN_POINT('',(-118.30219248,-19.656381303,29.420219233));
#8069=CARTESIAN_POINT('',(-118.301735547,-19.68242085,29.465989191));
#8070=CARTESIAN_POINT('',(-118.300683306,-19.73687261,29.556407667));
#8071=CARTESIAN_POINT('',(-118.300085348,-19.765406225,29.601238134));
#8072=CARTESIAN_POINT('',(-118.298742266,-19.824285983,29.688874105));
#8073=CARTESIAN_POINT('',(-118.297995344,-19.854774579,29.731932603));
#8074=CARTESIAN_POINT('',(-118.29633876,-19.917510272,29.816067193));
#8075=CARTESIAN_POINT('',(-118.295427875,-19.94981879,29.857235946));
#8076=CARTESIAN_POINT('',(-118.292416186,-20.049628312,29.978174093));
#8077=CARTESIAN_POINT('',(-118.290034662,-20.120073736,30.055446001));
#8078=CARTESIAN_POINT('',(-118.284360651,-20.268833561,30.203452743));
#8079=CARTESIAN_POINT('',(-118.281077667,-20.346859703,30.273845216));
#8080=CARTESIAN_POINT('',(-118.275315436,-20.469882929,30.374213647));
#8081=CARTESIAN_POINT('',(-118.273254251,-20.511884027,30.406775957));
#8082=CARTESIAN_POINT('',(-118.268885528,-20.596787176,30.469306872));
#8083=CARTESIAN_POINT('',(-118.266569922,-20.639869057,30.499424326));
#8084=CARTESIAN_POINT('',(-118.254272579,-20.858770318,30.644601012));
#8085=CARTESIAN_POINT('',(-118.24224712,-21.043045845,30.742376696));
#8086=CARTESIAN_POINT('',(-118.22376865,-21.286506029,30.842399465));
#8087=CARTESIAN_POINT('',(-118.219910832,-21.335713322,30.861219083));
#8088=CARTESIAN_POINT('',(-118.211832846,-21.435447999,30.896560283));
#8089=CARTESIAN_POINT('',(-118.207631061,-21.485739893,30.912990024));
#8090=CARTESIAN_POINT('',(-118.194610335,-21.636911675,30.958307697));
#8091=CARTESIAN_POINT('',(-118.185357634,-21.738366335,30.983354334));
#8092=CARTESIAN_POINT('',(-118.165587865,-21.943402809,31.023549824));
#8093=CARTESIAN_POINT('',(-118.155114552,-22.04652319,31.038638035));
#8094=CARTESIAN_POINT('',(-118.138452771,-22.202231952,31.053689182));
#8095=CARTESIAN_POINT('',(-118.13273792,-22.25432864,31.057445578));
#8096=CARTESIAN_POINT('',(-118.123908924,-22.332831855,31.061176275));
#8097=CARTESIAN_POINT('',(-118.120923147,-22.359059296,31.062102423));
#8098=CARTESIAN_POINT('',(-118.114863304,-22.411644747,31.063316486));
#8099=CARTESIAN_POINT('',(-118.111788625,-22.438002673,31.063585967));
#8100=CARTESIAN_POINT('',(-118.10866971,-22.464431556,31.063571104));
#8101=CARTESIAN_POINT('',(-118.214006252,-19.254064302,27.860399245));
#8102=CARTESIAN_POINT('',(-118.214124705,-19.2540657,27.886765079));
#8103=CARTESIAN_POINT('',(-118.214237954,-19.254392552,27.913076049));
#8104=CARTESIAN_POINT('',(-118.214454128,-19.255685947,27.965599818));
#8105=CARTESIAN_POINT('',(-118.214557034,-19.256654037,27.991812543));
#8106=CARTESIAN_POINT('',(-118.21485011,-19.260520858,28.07032024));
#8107=CARTESIAN_POINT('',(-118.215024655,-19.264381704,28.122484729));
#8108=CARTESIAN_POINT('',(-118.21533143,-19.274671043,28.226557526));
#8109=CARTESIAN_POINT('',(-118.215463667,-19.281099549,28.278465944));
#8110=CARTESIAN_POINT('',(-118.215684975,-19.296539801,28.382117221));
#8111=CARTESIAN_POINT('',(-118.215774193,-19.305571742,28.433961675));
#8112=CARTESIAN_POINT('',(-118.215907809,-19.326167006,28.537165008));
#8113=CARTESIAN_POINT('',(-118.21595072,-19.33779225,28.588734917));
#8114=CARTESIAN_POINT('',(-118.215981108,-19.363433118,28.69067598));
#8115=CARTESIAN_POINT('',(-118.215968856,-19.377479888,28.741207089));
#8116=CARTESIAN_POINT('',(-118.215837492,-19.423208913,28.89135459));
#8117=CARTESIAN_POINT('',(-118.215625612,-19.458414933,28.989386767));
#8118=CARTESIAN_POINT('',(-118.214860622,-19.538354804,29.181912896));
#8119=CARTESIAN_POINT('',(-118.214309187,-19.582963425,29.276105061));
#8120=CARTESIAN_POINT('',(-118.213128115,-19.657131893,29.414639631));
#8121=CARTESIAN_POINT('',(-118.21267527,-19.683055396,29.46033021));
#8122=CARTESIAN_POINT('',(-118.211632126,-19.737263588,29.550585809));
#8123=CARTESIAN_POINT('',(-118.211039177,-19.765670442,29.595332861));
#8124=CARTESIAN_POINT('',(-118.20970701,-19.824287954,29.682800751));
#8125=CARTESIAN_POINT('',(-118.208965944,-19.854642228,29.72577516));
#8126=CARTESIAN_POINT('',(-118.207322326,-19.917095275,29.809737265));
#8127=CARTESIAN_POINT('',(-118.206418493,-19.949256723,29.85081852));
#8128=CARTESIAN_POINT('',(-118.203429808,-20.048607923,29.971492312));
#8129=CARTESIAN_POINT('',(-118.201066034,-20.118725979,30.048585991));
#8130=CARTESIAN_POINT('',(-118.195433367,-20.266784242,30.196239466));
#8131=CARTESIAN_POINT('',(-118.192174463,-20.34442881,30.266452631));
#8132=CARTESIAN_POINT('',(-118.186454375,-20.4668347,30.366558014));
#8133=CARTESIAN_POINT('',(-118.184408115,-20.508624205,30.399034449));
#8134=CARTESIAN_POINT('',(-118.180071283,-20.593090547,30.461397503));
#8135=CARTESIAN_POINT('',(-118.177772489,-20.635949014,30.49143394));
#8136=CARTESIAN_POINT('',(-118.165564364,-20.853705213,30.636217784));
#8137=CARTESIAN_POINT('',(-118.153626756,-21.036965984,30.733727189));
#8138=CARTESIAN_POINT('',(-118.135279884,-21.279076342,30.833525244));
#8139=CARTESIAN_POINT('',(-118.131449621,-21.328007693,30.852305265));
#8140=CARTESIAN_POINT('',(-118.123429134,-21.427181554,30.887578718));
#8141=CARTESIAN_POINT('',(-118.119257062,-21.477190657,30.903980724));
#8142=CARTESIAN_POINT('',(-118.106328251,-21.627508748,30.949234316));
#8143=CARTESIAN_POINT('',(-118.097140609,-21.728386106,30.974264167));
#8144=CARTESIAN_POINT('',(-118.077508008,-21.932262128,31.014477682));
#8145=CARTESIAN_POINT('',(-118.067107884,-22.034790063,31.029601018));
#8146=CARTESIAN_POINT('',(-118.050562346,-22.189599972,31.044748444));
#8147=CARTESIAN_POINT('',(-118.044887292,-22.241395593,31.048544095));
#8148=CARTESIAN_POINT('',(-118.036119414,-22.319446661,31.052344496));
#8149=CARTESIAN_POINT('',(-118.033154245,-22.345523295,31.053295678));
#8150=CARTESIAN_POINT('',(-118.027136066,-22.397807222,31.054563393));
#8151=CARTESIAN_POINT('',(-118.024083081,-22.424014444,31.054878534));
#8152=CARTESIAN_POINT('',(-118.020984785,-22.450292775,31.054877016));
#8153=B_SPLINE_SURFACE_WITH_KNOTS('',1,3,((#8049,#8050,#8051,#8052,#8053,#8054,#8055,#8056,#8057,#8058,#8059,#8060,#8061,#8062,#8063,#8064,#8065,#8066,#8067,#8068,#8069,#8070,#8071,#8072,#8073,#8074,
#8075,#8076,#8077,#8078,#8079,#8080,#8081,#8082,#8083,#8084,#8085,#8086,#8087,#8088,#8089,#8090,#8091,#8092,#8093,#8094,#8095,#8096,#8097,#8098,#8099,
#8100),(#8101,#8102,#8103,#8104,#8105,#8106,#8107,#8108,#8109,#8110,#8111,#8112,#8113,#8114,#8115,#8116,#8117,#8118,#8119,#8120,#8121,#8122,#8123,#8124,#8125,#8126,
#8127,#8128,#8129,#8130,#8131,#8132,#8133,#8134,#8135,#8136,#8137,#8138,#8139,#8140,#8141,#8142,#8143,#8144,#8145,#8146,#8147,#8148,#8149,#8150,#8151,
#8152)),.UNSPECIFIED.,.F.,.F.,.U.,(2,2),(4,2,2,2,2,2,2,2,2,2,2,2,2,2,2,2,2,2,2,2,2,2,2,2,2,4),(0.000000005,0.11155253),(0.302493956,0.305464998,0.30843604,0.314378123,0.320320206,0.32626229,0.332204373,0.338146457,0.350030623,0.36191479,0.367856873,0.373798957,0.37974104,0.385683124,0.39756729,0.409451457,0.41539354,0.421335624,0.445103957,0.451046041,0.456988124,0.468872291,0.480756458,0.486698541,0.489669583,0.492640624),.UNSPECIFIED.);
#8154=ORIENTED_EDGE('',*,*,#1975,.T.);
#8155=ORIENTED_EDGE('',*,*,#1387,.T.);
#8156=ORIENTED_EDGE('',*,*,#8036,.F.);
#8157=ORIENTED_EDGE('',*,*,#4673,.T.);
#8158=EDGE_LOOP('',(#8154,#8155,#8156,#8157));
#8159=FACE_BOUND('',#8158,.T.);
#8160=ADVANCED_FACE('',(#8159),#8153,.F.);
#8161=CARTESIAN_POINT('',(-95.529700722,-63.738778055,24.659765259));
#8162=DIRECTION('',(0.301686694,0.953407121,0.));
#8163=DIRECTION('',(0.953407121,-0.301686694,0.));
#8164=AXIS2_PLACEMENT_3D('',#8161,#8162,#8163);
#8165=CYLINDRICAL_SURFACE('',#8164,0.9);
#8166=CARTESIAN_POINT('',(-90.670576124,-51.291336272,24.859765259));
#8167=VERTEX_POINT('',#8166);
#8168=CARTESIAN_POINT('',(-90.670576124,-51.291336272,24.859765259));
#8169=CARTESIAN_POINT('',(-90.706589002,-51.335426555,24.95204929));
#8170=CARTESIAN_POINT('',(-90.755196328,-51.373898662,25.039317732));
#8171=CARTESIAN_POINT('',(-90.816943722,-51.404892481,25.122038408));
#8172=CARTESIAN_POINT('',(-90.878691116,-51.435886299,25.204759084));
#8173=CARTESIAN_POINT('',(-90.95256995,-51.458408803,25.280882908));
#8174=CARTESIAN_POINT('',(-91.03664853,-51.469789297,25.345991577));
#8175=CARTESIAN_POINT('',(-91.078687821,-51.475479544,25.378545911));
#8176=CARTESIAN_POINT('',(-91.124144973,-51.4784469,25.408891549));
#8177=CARTESIAN_POINT('',(-91.171108267,-51.478401428,25.435269157));
#8178=CARTESIAN_POINT('',(-91.218071561,-51.478355955,25.461646765));
#8179=CARTESIAN_POINT('',(-91.266463376,-51.475390031,25.484156535));
#8180=CARTESIAN_POINT('',(-91.316372613,-51.469661154,25.502620167));
#8181=CARTESIAN_POINT('',(-91.366281851,-51.463932277,25.5210838));
#8182=CARTESIAN_POINT('',(-91.418273269,-51.455306816,25.535584884));
#8183=CARTESIAN_POINT('',(-91.470383502,-51.444348977,25.545226462));
#8184=CARTESIAN_POINT('',(-91.522493735,-51.433391139,25.55486804));
#8185=CARTESIAN_POINT('',(-91.574649227,-51.420184635,25.559765259));
#8186=CARTESIAN_POINT('',(-91.626964534,-51.405133407,25.559765259));
#8187=B_SPLINE_CURVE_WITH_KNOTS('',3,(#8168,#8169,#8170,#8171,#8172,#8173,#8174,#8175,#8176,#8177,#8178,#8179,#8180,#8181,#8182,#8183,#8184,#8185,#8186),.UNSPECIFIED.,.F.,.F.,(4,3,3,3,3,3,4),(0.,0.000321013,0.000642025,0.000802532,0.000963038,0.001123544,0.001284051),.UNSPECIFIED.);
#8188=EDGE_CURVE('',#8167,#4345,#8187,.T.);
#8189=ORIENTED_EDGE('',*,*,#8188,.T.);
#8190=ORIENTED_EDGE('',*,*,#4350,.T.);
#8191=ORIENTED_EDGE('',*,*,#4030,.T.);
#8192=ORIENTED_EDGE('',*,*,#3976,.T.);
#8193=CARTESIAN_POINT('',(-90.614303689,-51.188093472,24.659765265));
#8194=CARTESIAN_POINT('',(-90.625691366,-51.22408144,24.727437676));
#8195=CARTESIAN_POINT('',(-90.6446331,-51.258691301,24.794454469));
#8196=CARTESIAN_POINT('',(-90.670576124,-51.291336272,24.859765259));
#8197=B_SPLINE_CURVE_WITH_KNOTS('',3,(#8193,#8194,#8195,#8196),.UNSPECIFIED.,.F.,.F.,(4,4),(0.,0.000232393),.UNSPECIFIED.);
#8198=EDGE_CURVE('',#2274,#8167,#8197,.T.);
#8199=ORIENTED_EDGE('',*,*,#8198,.T.);
#8200=EDGE_LOOP('',(#8189,#8190,#8191,#8192,#8199));
#8201=FACE_BOUND('',#8200,.T.);
#8202=ADVANCED_FACE('',(#8201),#8165,.T.);
#8203=CARTESIAN_POINT('',(-101.368012477,-48.41963459,25.559765259));
#8204=CARTESIAN_POINT('',(-98.682666787,-49.252825527,25.559765259));
#8205=CARTESIAN_POINT('',(-95.997321098,-50.086016464,25.559765259));
#8206=CARTESIAN_POINT('',(-93.311975409,-50.919207402,25.559765259));
#8207=CARTESIAN_POINT('',(-101.368012477,-48.41963459,24.859765259));
#8208=CARTESIAN_POINT('',(-98.682666787,-49.252825527,24.859765259));
#8209=CARTESIAN_POINT('',(-95.997321098,-50.086016464,24.859765259));
#8210=CARTESIAN_POINT('',(-93.311975409,-50.919207402,24.859765259));
#8211=B_SPLINE_SURFACE_WITH_KNOTS('',1,3,((#8203,#8204,#8205,#8206),(#8207,#8208,#8209,#8210)),.UNSPECIFIED.,.F.,.F.,.U.,(2,2),(4,4),(0.125,1.),(1.007287983,1.683914052),.UNSPECIFIED.);
#8212=ORIENTED_EDGE('',*,*,#4411,.T.);
#8213=ORIENTED_EDGE('',*,*,#4375,.T.);
#8214=CARTESIAN_POINT('',(-93.311975021,-50.919207522,25.559765044));
#8215=CARTESIAN_POINT('',(-93.428984108,-50.882902732,25.328602911));
#8216=CARTESIAN_POINT('',(-93.543410615,-50.847399248,25.095968908));
#8217=CARTESIAN_POINT('',(-93.650817616,-50.814073728,24.85976377));
#8218=B_SPLINE_CURVE_WITH_KNOTS('',3,(#8214,#8215,#8216,#8217),.UNSPECIFIED.,.F.,.F.,(4,4),(0.000094435,0.000879295),.UNSPECIFIED.);
#8219=EDGE_CURVE('',#4362,#7136,#8218,.T.);
#8220=ORIENTED_EDGE('',*,*,#8219,.T.);
#8221=ORIENTED_EDGE('',*,*,#7142,.F.);
#8222=EDGE_LOOP('',(#8212,#8213,#8220,#8221));
#8223=FACE_BOUND('',#8222,.T.);
#8224=ADVANCED_FACE('',(#8223),#8211,.F.);
#8225=CARTESIAN_POINT('',(-53.971129757,68.023326874,24.489765259));
#8226=DIRECTION('',(0.301686672,0.953407128,0.));
#8227=DIRECTION('',(0.953407128,-0.301686672,0.));
#8228=AXIS2_PLACEMENT_3D('',#8225,#8226,#8227);
#8229=CYLINDRICAL_SURFACE('',#8228,0.37);
#8230=ORIENTED_EDGE('',*,*,#788,.F.);
#8231=ORIENTED_EDGE('',*,*,#7165,.F.);
#8232=CARTESIAN_POINT('',(-91.318645213,-51.093705186,24.659765265));
#8233=CARTESIAN_POINT('',(-91.357713965,-51.119381485,24.716797156));
#8234=CARTESIAN_POINT('',(-91.410093019,-51.138969369,24.766093587));
#8235=CARTESIAN_POINT('',(-91.473166116,-51.149833205,24.802173342));
#8236=CARTESIAN_POINT('',(-91.536239212,-51.16069704,24.838253097));
#8237=CARTESIAN_POINT('',(-91.608530801,-51.162304059,24.859764646));
#8238=CARTESIAN_POINT('',(-91.681850951,-51.152217933,24.859765259));
#8239=B_SPLINE_CURVE_WITH_KNOTS('',3,(#8232,#8233,#8234,#8235,#8236,#8237,#8238),.UNSPECIFIED.,.F.,.F.,(4,3,4),(0.,0.000220495,0.00044099),.UNSPECIFIED.);
#8240=EDGE_CURVE('',#2100,#7154,#8239,.T.);
#8241=ORIENTED_EDGE('',*,*,#8240,.F.);
#8242=ORIENTED_EDGE('',*,*,#2105,.T.);
#8243=EDGE_LOOP('',(#8230,#8231,#8241,#8242));
#8244=FACE_BOUND('',#8243,.T.);
#8245=ADVANCED_FACE('',(#8244),#8229,.T.);
#8246=CARTESIAN_POINT('',(-90.783382666,-51.647833828,25.559765384));
#8247=CARTESIAN_POINT('',(-93.210214138,-50.949629027,25.559765384));
#8248=CARTESIAN_POINT('',(-90.745780486,-51.52900131,25.326432009));
#8249=CARTESIAN_POINT('',(-93.209439498,-50.947180967,25.326432009));
#8250=CARTESIAN_POINT('',(-90.708178305,-51.410168791,25.093098634));
#8251=CARTESIAN_POINT('',(-93.208664858,-50.944732906,25.093098634));
#8252=CARTESIAN_POINT('',(-90.670576124,-51.291336272,24.859765259));
#8253=CARTESIAN_POINT('',(-93.207890218,-50.942284845,24.859765259));
#8254=B_SPLINE_SURFACE_WITH_KNOTS('',3,1,((#8246,#8247),(#8248,#8249),(#8250,#8251),(#8252,#8253)),.UNSPECIFIED.,.F.,.F.,.U.,(4,4),(2,2),(0.124999843,1.),(0.045371721,0.980333766),.UNSPECIFIED.);
#8255=ORIENTED_EDGE('',*,*,#4359,.F.);
#8256=ORIENTED_EDGE('',*,*,#8188,.F.);
#8257=CARTESIAN_POINT('',(-90.670576124,-51.291336272,24.859765259));
#8258=DIRECTION('',(-0.990669842,0.136283767,0.));
#8259=VECTOR('',#8258,1.020802197);
#8260=LINE('',#8257,#8259);
#8261=EDGE_CURVE('',#8167,#7154,#8260,.T.);
#8262=ORIENTED_EDGE('',*,*,#8261,.T.);
#8263=ORIENTED_EDGE('',*,*,#7159,.F.);
#8264=CARTESIAN_POINT('',(-92.853629649,-50.991019596,24.85976626));
#8265=CARTESIAN_POINT('',(-92.960576879,-50.994525881,25.077638632));
#8266=CARTESIAN_POINT('',(-93.083666295,-50.983273037,25.314065165));
#8267=CARTESIAN_POINT('',(-93.210708005,-50.94949238,25.560245338));
#8268=B_SPLINE_CURVE_WITH_KNOTS('',3,(#8264,#8265,#8266,#8267),.UNSPECIFIED.,.F.,.F.,(4,4),(0.000044627,0.000511254),.UNSPECIFIED.);
#8269=EDGE_CURVE('',#7145,#4353,#8268,.T.);
#8270=ORIENTED_EDGE('',*,*,#8269,.T.);
#8271=EDGE_LOOP('',(#8255,#8256,#8262,#8263,#8270));
#8272=FACE_BOUND('',#8271,.T.);
#8273=ADVANCED_FACE('',(#8272),#8254,.T.);
#8274=CARTESIAN_POINT('',(-90.614303689,-51.188093472,24.659765265));
#8275=CARTESIAN_POINT('',(-90.646512729,-51.294646608,24.859765259));
#8276=CARTESIAN_POINT('',(-90.849084197,-51.15663071,24.659765265));
#8277=CARTESIAN_POINT('',(-90.877668999,-51.262847066,24.859765259));
#8278=CARTESIAN_POINT('',(-91.083864705,-51.125167948,24.659765265));
#8279=CARTESIAN_POINT('',(-91.108825268,-51.231047525,24.859765259));
#8280=CARTESIAN_POINT('',(-91.318645213,-51.093705186,24.659765265));
#8281=CARTESIAN_POINT('',(-91.339981537,-51.199247983,24.859765259));
#8282=CARTESIAN_POINT('',(-91.434389436,-51.078194388,24.659765265));
#8283=CARTESIAN_POINT('',(-91.45393905,-51.183571156,24.859765259));
#8284=CARTESIAN_POINT('',(-91.550133659,-51.06268359,24.659765265));
#8285=CARTESIAN_POINT('',(-91.567896562,-51.16789433,24.859765259));
#8286=CARTESIAN_POINT('',(-91.665877882,-51.047172793,24.659765265));
#8287=CARTESIAN_POINT('',(-91.681854075,-51.152217504,24.859765259));
#8288=B_SPLINE_SURFACE_WITH_KNOTS('',3,1,((#8274,#8275),(#8276,#8277),(#8278,#8279),(#8280,#8281),(#8282,#8283),(#8284,#8285),(#8286,#8287)),.UNSPECIFIED.,.F.,.F.,.U.,(4,3,4),(2,2),(0.125000103,1.,1.43136538),(0.,1.),.UNSPECIFIED.);
#8289=ORIENTED_EDGE('',*,*,#8198,.F.);
#8290=ORIENTED_EDGE('',*,*,#2279,.T.);
#8291=ORIENTED_EDGE('',*,*,#8240,.T.);
#8292=ORIENTED_EDGE('',*,*,#8261,.F.);
#8293=EDGE_LOOP('',(#8289,#8290,#8291,#8292));
#8294=FACE_BOUND('',#8293,.T.);
#8295=ADVANCED_FACE('',(#8294),#8288,.T.);
#8296=CARTESIAN_POINT('',(-93.289678191,-50.926125632,25.603763413));
#8297=CARTESIAN_POINT('',(-93.28500128,-50.927576752,25.601171779));
#8298=CARTESIAN_POINT('',(-93.254779893,-50.936855302,25.584379684));
#8299=CARTESIAN_POINT('',(-93.245317371,-50.939397784,25.579198001));
#8300=CARTESIAN_POINT('',(-93.215042947,-50.948495981,25.562407493));
#8301=CARTESIAN_POINT('',(-93.210259942,-50.949586266,25.55981904));
#8302=CARTESIAN_POINT('',(-93.328151075,-50.914188525,25.527891375));
#8303=CARTESIAN_POINT('',(-93.311513781,-50.91935063,25.518679247));
#8304=CARTESIAN_POINT('',(-93.251703562,-50.93754583,25.485497696));
#8305=CARTESIAN_POINT('',(-93.218030535,-50.946544078,25.467080342));
#8306=CARTESIAN_POINT('',(-93.158026964,-50.964074299,25.433905693));
#8307=CARTESIAN_POINT('',(-93.14100292,-50.96790611,25.424707399));
#8308=CARTESIAN_POINT('',(-93.366510305,-50.902286682,25.451956075));
#8309=CARTESIAN_POINT('',(-93.317940081,-50.917356718,25.425114178));
#8310=CARTESIAN_POINT('',(-93.26904501,-50.931379797,25.398272278));
#8311=CARTESIAN_POINT('',(-93.170656656,-50.95731595,25.344617714));
#8312=CARTESIAN_POINT('',(-93.121163366,-50.969229023,25.317805045));
#8313=CARTESIAN_POINT('',(-93.071396767,-50.980078908,25.291021661));
#8314=CARTESIAN_POINT('',(-93.451679299,-50.875861021,25.280857447));
#8315=CARTESIAN_POINT('',(-93.365565847,-50.902579712,25.23428572));
#8316=CARTESIAN_POINT('',(-93.278373757,-50.925821875,25.187714009));
#8317=CARTESIAN_POINT('',(-93.102262948,-50.965237191,25.094801496));
#8318=CARTESIAN_POINT('',(-93.013344295,-50.981410329,25.048460727));
#8319=CARTESIAN_POINT('',(-92.923781763,-50.99400734,25.00235037));
#8320=CARTESIAN_POINT('',(-93.498240499,-50.861414326,25.185555224));
#8321=CARTESIAN_POINT('',(-93.392592642,-50.894193817,25.129322276));
#8322=CARTESIAN_POINT('',(-93.285280601,-50.921609384,25.073089376));
#8323=CARTESIAN_POINT('',(-93.068167365,-50.965493802,24.961068616));
#8324=CARTESIAN_POINT('',(-92.958366335,-50.981962611,24.905280846));
#8325=CARTESIAN_POINT('',(-92.847749807,-50.992887129,24.849936814));
#8326=CARTESIAN_POINT('',(-93.580121277,-50.836008911,25.013410978));
#8327=CARTESIAN_POINT('',(-93.441857923,-50.878908053,24.942225478));
#8328=CARTESIAN_POINT('',(-93.300730067,-50.912573361,24.871040218));
#8329=CARTESIAN_POINT('',(-93.014745126,-50.960957113,24.729681371));
#8330=CARTESIAN_POINT('',(-92.869888974,-50.975675395,24.659508247));
#8331=CARTESIAN_POINT('',(-92.724195236,-50.98081267,24.590340041));
#8332=CARTESIAN_POINT('',(-93.615805437,-50.824937071,24.936758359));
#8333=CARTESIAN_POINT('',(-93.46392505,-50.872061389,24.859760367));
#8334=CARTESIAN_POINT('',(-93.308595351,-50.908066138,24.782762746));
#8335=CARTESIAN_POINT('',(-92.993698513,-50.957216383,24.630092061));
#8336=CARTESIAN_POINT('',(-92.834132862,-50.970361636,24.554419727));
#8337=CARTESIAN_POINT('',(-92.673816803,-50.971959649,24.480061319));
#8338=CARTESIAN_POINT('',(-93.65081929,-50.814073209,24.859764254));
#8339=CARTESIAN_POINT('',(-93.486027147,-50.865203772,24.777617202));
#8340=CARTESIAN_POINT('',(-93.317171215,-50.903232787,24.695470729));
#8341=CARTESIAN_POINT('',(-92.974789893,-50.952308951,24.532861226));
#8342=CARTESIAN_POINT('',(-92.801266907,-50.963355755,24.45239934));
#8343=CARTESIAN_POINT('',(-92.627188461,-50.960798241,24.37360421));
#8344=B_SPLINE_SURFACE_WITH_KNOTS('',3,3,((#8296,#8297,#8298,#8299,#8300,#8301),(#8302,#8303,#8304,#8305,#8306,#8307),(#8308,#8309,#8310,#8311,#8312,#8313),(#8314,#8315,#8316,#8317,#8318,#8319),(#8320,#8321,#8322,#8323,#8324,#8325),(#8326,#8327,#8328,#8329,#8330,#8331),(#8332,#8333,#8334,#8335,#8336,#8337),(#8338,#8339,#8340,#8341,#8342,#8343)),.UNSPECIFIED.,.F.,.F.,.U.,(4,2,2,4),(4,2,4),(0.000044627,0.000302333,0.000623455,0.000879295),(0.,0.5,1.),.UNSPECIFIED.);
#8345=ORIENTED_EDGE('',*,*,#4368,.F.);
#8346=ORIENTED_EDGE('',*,*,#8269,.F.);
#8347=ORIENTED_EDGE('',*,*,#7151,.F.);
#8348=ORIENTED_EDGE('',*,*,#8219,.F.);
#8349=EDGE_LOOP('',(#8345,#8346,#8347,#8348));
#8350=FACE_BOUND('',#8349,.T.);
#8351=ADVANCED_FACE('',(#8350),#8344,.F.);
#8352=CARTESIAN_POINT('',(-84.982355795,10.80598806,18.459765259));
#8353=DIRECTION('',(0.,0.,1.));
#8354=DIRECTION('',(-1.,0.,0.));
#8355=AXIS2_PLACEMENT_3D('',#8352,#8353,#8354);
#8356=PLANE('',#8355);
#8357=ORIENTED_EDGE('',*,*,#3121,.T.);
#8358=ORIENTED_EDGE('',*,*,#746,.T.);
#8359=ORIENTED_EDGE('',*,*,#2087,.T.);
#8360=EDGE_LOOP('',(#8357,#8358,#8359));
#8361=FACE_BOUND('',#8360,.T.);
#8362=ADVANCED_FACE('',(#8361),#8356,.F.);
#8363=CARTESIAN_POINT('',(-84.982355795,10.80598806,18.459765259));
#8364=DIRECTION('',(0.,0.,1.));
#8365=DIRECTION('',(-1.,0.,0.));
#8366=AXIS2_PLACEMENT_3D('',#8363,#8364,#8365);
#8367=PLANE('',#8366);
#8368=ORIENTED_EDGE('',*,*,#1285,.F.);
#8369=CARTESIAN_POINT('',(-114.612567797,-32.694883453,18.459765259));
#8370=DIRECTION('',(0.899271584,0.437390692,0.));
#8371=VECTOR('',#8370,0.242203237);
#8372=LINE('',#8369,#8371);
#8373=EDGE_CURVE('',#2956,#1267,#8372,.T.);
#8374=ORIENTED_EDGE('',*,*,#8373,.F.);
#8375=ORIENTED_EDGE('',*,*,#2968,.T.);
#8376=CARTESIAN_POINT('',(-115.440922212,-30.428954534,18.459765259));
#8377=DIRECTION('',(-0.899271584,-0.437390692,0.));
#8378=VECTOR('',#8377,0.249080048);
#8379=LINE('',#8376,#8378);
#8380=EDGE_CURVE('',#1276,#2947,#8379,.T.);
#8381=ORIENTED_EDGE('',*,*,#8380,.F.);
#8382=EDGE_LOOP('',(#8368,#8374,#8375,#8381));
#8383=FACE_BOUND('',#8382,.T.);
#8384=ADVANCED_FACE('',(#8383),#8367,.F.);
#8385=CARTESIAN_POINT('',(-118.100267965,-20.327481904,18.459765259));
#8386=CARTESIAN_POINT('',(-118.06103732,-19.258184174,18.461580324));
#8387=CARTESIAN_POINT('',(-118.06103732,-19.258184169,18.461580324));
#8388=CARTESIAN_POINT('',(-118.176947141,-20.326973973,18.459765259));
#8389=CARTESIAN_POINT('',(-118.127339096,-19.255696531,18.461634412));
#8390=CARTESIAN_POINT('',(-118.127339095,-19.255696526,18.461634412));
#8391=CARTESIAN_POINT('',(-118.253626317,-20.326466042,18.459765259));
#8392=CARTESIAN_POINT('',(-118.193640871,-19.253208888,18.461688501));
#8393=CARTESIAN_POINT('',(-118.193640871,-19.253208884,18.461688501));
#8394=CARTESIAN_POINT('',(-118.330305493,-20.325958111,18.459765259));
#8395=CARTESIAN_POINT('',(-118.259942647,-19.250721246,18.461742589));
#8396=CARTESIAN_POINT('',(-118.259942646,-19.250721241,18.461742589));
#8397=CARTESIAN_POINT('',(-118.330699232,-20.325955503,18.459765259));
#8398=CARTESIAN_POINT('',(-118.260283099,-19.250708472,18.461742867));
#8399=CARTESIAN_POINT('',(-118.260283098,-19.250708467,18.461742867));
#8400=CARTESIAN_POINT('',(-118.331092971,-20.325952895,18.459765259));
#8401=CARTESIAN_POINT('',(-118.260623551,-19.250695698,18.461743145));
#8402=CARTESIAN_POINT('',(-118.260623551,-19.250695694,18.461743145));
#8403=CARTESIAN_POINT('',(-118.33148671,-20.325950287,18.459765259));
#8404=CARTESIAN_POINT('',(-118.260964003,-19.250682924,18.461743423));
#8405=CARTESIAN_POINT('',(-118.260964003,-19.25068292,18.461743423));
#8406=B_SPLINE_SURFACE_WITH_KNOTS('',3,1,((#8385,#8386,#8387),(#8388,#8389,#8390),(#8391,#8392,#8393),(#8394,#8395,#8396),(#8397,#8398,#8399),(#8400,#8401,#8402),(#8403,#8404,#8405)),.UNSPECIFIED.,.F.,.F.,.U.,(4,3,4),(2,1,2),(0.751851056,1.,1.001274217),(0.,1.,1.000000004179),.UNSPECIFIED.);
#8407=ORIENTED_EDGE('',*,*,#1342,.F.);
#8408=ORIENTED_EDGE('',*,*,#3301,.T.);
#8409=CARTESIAN_POINT('',(-118.319010681,-20.136265056,18.460114218));
#8410=VERTEX_POINT('',#8409);
#8411=CARTESIAN_POINT('',(-118.327102033,-20.325979331,18.459765259));
#8412=CARTESIAN_POINT('',(-118.325921412,-20.26267656,18.459881511));
#8413=CARTESIAN_POINT('',(-118.323224299,-20.199438469,18.459998007));
#8414=CARTESIAN_POINT('',(-118.319010684,-20.136265056,18.460114218));
#8415=B_SPLINE_CURVE_WITH_KNOTS('',3,(#8411,#8412,#8413,#8414),.UNSPECIFIED.,.F.,.F.,(4,4),(0.,0.000189887),.UNSPECIFIED.);
#8416=EDGE_CURVE('',#3289,#8410,#8415,.T.);
#8417=ORIENTED_EDGE('',*,*,#8416,.T.);
#8418=CARTESIAN_POINT('',(-118.319010684,-20.136265056,18.460114218));
#8419=CARTESIAN_POINT('',(-118.299322328,-19.841083719,18.460657219));
#8420=CARTESIAN_POINT('',(-118.27963397,-19.545902381,18.461200038));
#8421=CARTESIAN_POINT('',(-118.25994561,-19.250721043,18.461742592));
#8422=B_SPLINE_CURVE_WITH_KNOTS('',3,(#8418,#8419,#8420,#8421),.UNSPECIFIED.,.F.,.F.,(4,4),(-0.000120353,0.00076716),.UNSPECIFIED.);
#8423=EDGE_CURVE('',#8410,#3445,#8422,.T.);
#8424=ORIENTED_EDGE('',*,*,#8423,.T.);
#8425=ORIENTED_EDGE('',*,*,#8043,.F.);
#8426=EDGE_LOOP('',(#8407,#8408,#8417,#8424,#8425));
#8427=FACE_BOUND('',#8426,.T.);
#8428=ADVANCED_FACE('',(#8427),#8406,.T.);
#8429=CARTESIAN_POINT('',(-118.319056613,-20.13695366,18.460112949));
#8430=CARTESIAN_POINT('',(-118.259945636,-19.250721134,18.461746844));
#8431=CARTESIAN_POINT('',(-118.25994563,-19.250721043,18.461746844));
#8432=CARTESIAN_POINT('',(-118.319056607,-20.13695366,18.460111528));
#8433=CARTESIAN_POINT('',(-118.25994563,-19.250721134,18.461745415));
#8434=CARTESIAN_POINT('',(-118.259945623,-19.250721043,18.461745415));
#8435=CARTESIAN_POINT('',(-118.319056602,-20.13695366,18.460110108));
#8436=CARTESIAN_POINT('',(-118.259945623,-19.250721134,18.461743985));
#8437=CARTESIAN_POINT('',(-118.259945617,-19.250721043,18.461743985));
#8438=CARTESIAN_POINT('',(-118.319056597,-20.13695366,18.460108687));
#8439=CARTESIAN_POINT('',(-118.259945616,-19.250721134,18.461742556));
#8440=CARTESIAN_POINT('',(-118.25994561,-19.250721043,18.461742556));
#8441=CARTESIAN_POINT('',(-118.31829219,-20.136957837,18.260694418));
#8442=CARTESIAN_POINT('',(-118.259001161,-19.250721251,18.261095096));
#8443=CARTESIAN_POINT('',(-118.259001155,-19.25072116,18.261095096));
#8444=CARTESIAN_POINT('',(-118.318012648,-20.136958803,18.060582582));
#8445=CARTESIAN_POINT('',(-118.258056706,-19.250721367,18.060447636));
#8446=CARTESIAN_POINT('',(-118.2580567,-19.250721276,18.060447636));
#8447=CARTESIAN_POINT('',(-118.318217971,-20.136956559,17.859773178));
#8448=CARTESIAN_POINT('',(-118.257112251,-19.250721483,17.859800176));
#8449=CARTESIAN_POINT('',(-118.257112245,-19.250721392,17.859800176));
#8450=B_SPLINE_SURFACE_WITH_KNOTS('',3,1,((#8429,#8430,#8431),(#8432,#8433,#8434),(#8435,#8436,#8437),(#8438,#8439,#8440),(#8441,#8442,#8443),(#8444,#8445,#8446),(#8447,#8448,#8449)),.UNSPECIFIED.,.F.,.F.,.U.,(4,3,4),(2,1,2),(-0.000007124,0.,1.),(0.175772647,1.,1.000000084),.UNSPECIFIED.);
#8451=ORIENTED_EDGE('',*,*,#8423,.F.);
#8452=CARTESIAN_POINT('',(-118.319010668,-20.136265066,18.460109957));
#8453=CARTESIAN_POINT('',(-118.318265037,-20.136957982,18.253647658));
#8454=CARTESIAN_POINT('',(-118.317918764,-20.135580641,18.066338977));
#8455=CARTESIAN_POINT('',(-118.317855949,-20.131706031,17.859772835));
#8456=B_SPLINE_CURVE_WITH_KNOTS('',3,(#8452,#8453,#8454,#8455),.UNSPECIFIED.,.F.,.F.,(4,4),(0.002393194,0.003012609),.UNSPECIFIED.);
#8457=EDGE_CURVE('',#8410,#4254,#8456,.T.);
#8458=ORIENTED_EDGE('',*,*,#8457,.T.);
#8459=ORIENTED_EDGE('',*,*,#4258,.T.);
#8460=ORIENTED_EDGE('',*,*,#3472,.T.);
#8461=EDGE_LOOP('',(#8451,#8458,#8459,#8460));
#8462=FACE_BOUND('',#8461,.T.);
#8463=ADVANCED_FACE('',(#8462),#8450,.T.);
#8464=CARTESIAN_POINT('',(-118.319011857,-20.136264738,18.460298973));
#8465=CARTESIAN_POINT('',(-118.333942276,-20.36000145,18.461809837));
#8466=CARTESIAN_POINT('',(-118.329822577,-20.585005815,18.463392833));
#8467=CARTESIAN_POINT('',(-118.306711948,-20.808045164,18.465025216));
#8468=CARTESIAN_POINT('',(-118.318937725,-20.136329309,18.439554682));
#8469=CARTESIAN_POINT('',(-118.333871209,-20.360040417,18.441082595));
#8470=CARTESIAN_POINT('',(-118.329758892,-20.585019304,18.442680927));
#8471=CARTESIAN_POINT('',(-118.306659845,-20.808034391,18.444326719));
#8472=CARTESIAN_POINT('',(-118.31886734,-20.136389627,18.4192373));
#8473=CARTESIAN_POINT('',(-118.33380471,-20.360082077,18.420796963));
#8474=CARTESIAN_POINT('',(-118.329699384,-20.585042551,18.422423279));
#8475=CARTESIAN_POINT('',(-118.306610323,-20.808040258,18.424092892));
#8476=CARTESIAN_POINT('',(-118.318712062,-20.136450855,18.371446799));
#8477=CARTESIAN_POINT('',(-118.333664551,-20.360131872,18.372994394));
#8478=CARTESIAN_POINT('',(-118.329576199,-20.585082198,18.374601214));
#8479=CARTESIAN_POINT('',(-118.306505715,-20.808071486,18.376244184));
#8480=CARTESIAN_POINT('',(-118.318628368,-20.136426217,18.344096794));
#8481=CARTESIAN_POINT('',(-118.333594684,-20.360128901,18.345637813));
#8482=CARTESIAN_POINT('',(-118.329516388,-20.585102228,18.347233807));
#8483=CARTESIAN_POINT('',(-118.306452057,-20.808114878,18.348861853));
#8484=CARTESIAN_POINT('',(-118.318399478,-20.136276258,18.26202798));
#8485=CARTESIAN_POINT('',(-118.333413919,-20.360081023,18.26355794));
#8486=CARTESIAN_POINT('',(-118.329366073,-20.585161215,18.265130217));
#8487=CARTESIAN_POINT('',(-118.306314133,-20.808280961,18.266722206));
#8488=CARTESIAN_POINT('',(-118.31827319,-20.13602436,18.207303967));
#8489=CARTESIAN_POINT('',(-118.333333028,-20.359970916,18.208832934));
#8490=CARTESIAN_POINT('',(-118.329306161,-20.585197638,18.210395853));
#8491=CARTESIAN_POINT('',(-118.306250557,-20.808462403,18.211970226));
#8492=CARTESIAN_POINT('',(-118.318068396,-20.135160398,18.097845163));
#8493=CARTESIAN_POINT('',(-118.333251899,-20.359572796,18.09937961));
#8494=CARTESIAN_POINT('',(-118.329268465,-20.585278722,18.100931269));
#8495=CARTESIAN_POINT('',(-118.306175678,-20.809015503,18.102477709));
#8496=CARTESIAN_POINT('',(-118.317990998,-20.13456493,18.043105979));
#8497=CARTESIAN_POINT('',(-118.333251269,-20.359293235,18.044640747));
#8498=CARTESIAN_POINT('',(-118.32929019,-20.585323516,18.046184369));
#8499=CARTESIAN_POINT('',(-118.306165184,-20.80937916,18.047714469));
#8500=CARTESIAN_POINT('',(-118.317911242,-20.133426016,17.960978427));
#8501=CARTESIAN_POINT('',(-118.333309072,-20.3587479,17.962511053));
#8502=CARTESIAN_POINT('',(-118.329383028,-20.585387114,17.964039954));
#8503=CARTESIAN_POINT('',(-118.306190326,-20.810040697,17.96554285));
#8504=CARTESIAN_POINT('',(-118.317890711,-20.133005429,17.933599454));
#8505=CARTESIAN_POINT('',(-118.33333813,-20.358545121,17.935130812));
#8506=CARTESIAN_POINT('',(-118.329424015,-20.585407708,17.936654247));
#8507=CARTESIAN_POINT('',(-118.30620552,-20.81028054,17.938147511));
#8508=CARTESIAN_POINT('',(-118.317867065,-20.132257611,17.889235784));
#8509=CARTESIAN_POINT('',(-118.33340089,-20.358181786,17.89076438));
#8510=CARTESIAN_POINT('',(-118.329506596,-20.585438602,17.892278228));
#8511=CARTESIAN_POINT('',(-118.306241242,-20.810698253,17.893755147));
#8512=CARTESIAN_POINT('',(-118.317861001,-20.131949326,17.872152017));
#8513=CARTESIAN_POINT('',(-118.333429842,-20.358030994,17.87375033));
#8514=CARTESIAN_POINT('',(-118.329543176,-20.585449276,17.875331772));
#8515=CARTESIAN_POINT('',(-118.306258033,-20.810867311,17.876873137));
#8516=CARTESIAN_POINT('',(-118.317855974,-20.131635539,17.854886546));
#8517=CARTESIAN_POINT('',(-118.333460985,-20.357880365,17.856538913));
#8518=CARTESIAN_POINT('',(-118.329582107,-20.585465908,17.858173178));
#8519=CARTESIAN_POINT('',(-118.306276338,-20.811047988,17.859765323));
#8520=B_SPLINE_SURFACE_WITH_KNOTS('',3,3,((#8464,#8465,#8466,#8467),(#8468,#8469,#8470,#8471),(#8472,#8473,#8474,#8475),(#8476,#8477,#8478,#8479),(#8480,#8481,#8482,#8483),(#8484,#8485,#8486,#8487),(#8488,#8489,#8490,#8491),(#8492,#8493,#8494,#8495),(#8496,#8497,#8498,#8499),(#8500,#8501,#8502,#8503),(#8504,#8505,#8506,#8507),(#8508,#8509,#8510,#8511),(#8512,#8513,#8514,#8515),(#8516,#8517,#8518,#8519)),.UNSPECIFIED.,.F.,.F.,.U.,(4,2,2,2,2,2,4),(4,4),(0.002393194,0.002456484,0.002541191,0.002710603,0.002880016,0.002964722,0.003017253),(0.,1.),.UNSPECIFIED.);
#8521=ORIENTED_EDGE('',*,*,#3295,.F.);
#8522=ORIENTED_EDGE('',*,*,#3255,.F.);
#8523=ORIENTED_EDGE('',*,*,#4265,.F.);
#8524=ORIENTED_EDGE('',*,*,#8457,.F.);
#8525=ORIENTED_EDGE('',*,*,#8416,.F.);
#8526=EDGE_LOOP('',(#8521,#8522,#8523,#8524,#8525));
#8527=FACE_BOUND('',#8526,.T.);
#8528=ADVANCED_FACE('',(#8527),#8520,.F.);
#8529=CARTESIAN_POINT('',(-119.800053768,-30.992347816,18.366193803));
#8530=DIRECTION('',(-0.,-0.,1.));
#8531=DIRECTION('',(0.899271584,0.437390692,0.));
#8532=AXIS2_PLACEMENT_3D('',#8529,#8530,#8531);
#8533=PLANE('',#8532);
#8534=CARTESIAN_POINT('',(-114.996297852,-29.32308777,18.366193803));
#8535=VERTEX_POINT('',#8534);
#8536=CARTESIAN_POINT('',(-115.990608908,-29.806704076,18.366193803));
#8537=DIRECTION('',(0.899271584,0.437390692,0.));
#8538=VECTOR('',#8537,1.10568495);
#8539=LINE('',#8536,#8538);
#8540=EDGE_CURVE('',#2929,#8535,#8539,.T.);
#8541=ORIENTED_EDGE('',*,*,#8540,.T.);
#8542=CARTESIAN_POINT('',(-114.646385298,-30.042505037,18.366193803));
#8543=VERTEX_POINT('',#8542);
#8544=CARTESIAN_POINT('',(-114.646385298,-30.042505037,18.366193803));
#8545=DIRECTION('',(-0.437390692,0.899271584,-0.));
#8546=VECTOR('',#8545,0.8);
#8547=LINE('',#8544,#8546);
#8548=EDGE_CURVE('',#8543,#8535,#8547,.T.);
#8549=ORIENTED_EDGE('',*,*,#8548,.F.);
#8550=CARTESIAN_POINT('',(-115.664904343,-30.537895705,18.366193803));
#8551=DIRECTION('',(0.899271584,0.437390692,0.));
#8552=VECTOR('',#8551,1.132604503);
#8553=LINE('',#8550,#8552);
#8554=EDGE_CURVE('',#2938,#8543,#8553,.T.);
#8555=ORIENTED_EDGE('',*,*,#8554,.F.);
#8556=ORIENTED_EDGE('',*,*,#2944,.F.);
#8557=EDGE_LOOP('',(#8541,#8549,#8555,#8556));
#8558=FACE_BOUND('',#8557,.T.);
#8559=ADVANCED_FACE('',(#8558),#8533,.F.);
#8560=COLOUR_RGB('',0.239215687,0.235294119,0.235294119);
#8561=FILL_AREA_STYLE_COLOUR('',#8560);
#8562=FILL_AREA_STYLE('',(#8561));
#8563=SURFACE_STYLE_FILL_AREA(#8562);
#8564=SURFACE_SIDE_STYLE('',(#8563));
#8565=SURFACE_STYLE_USAGE(.BOTH.,#8564);
#8566=PRESENTATION_STYLE_ASSIGNMENT((#8565));
#8567=OVER_RIDING_STYLED_ITEM('',(#8566),#8559,#26);
#8568=CARTESIAN_POINT('',(-117.525622167,-35.668560054,18.366193803));
#8569=DIRECTION('',(0.,0.,-1.));
#8570=DIRECTION('',(-0.899271584,-0.437390692,-0.));
#8571=AXIS2_PLACEMENT_3D('',#8568,#8569,#8570);
#8572=PLANE('',#8571);
#8573=ORIENTED_EDGE('',*,*,#2986,.T.);
#8574=CARTESIAN_POINT('',(-113.596647636,-32.200756839,18.366193803));
#8575=VERTEX_POINT('',#8574);
#8576=CARTESIAN_POINT('',(-114.612566676,-32.694882908,18.366193803));
#8577=DIRECTION('',(0.899271584,0.437390692,0.));
#8578=VECTOR('',#8577,1.129713267);
#8579=LINE('',#8576,#8578);
#8580=EDGE_CURVE('',#2971,#8575,#8579,.T.);
#8581=ORIENTED_EDGE('',*,*,#8580,.T.);
#8582=CARTESIAN_POINT('',(-113.246735082,-32.920174107,18.366193803));
#8583=VERTEX_POINT('',#8582);
#8584=CARTESIAN_POINT('',(-113.596647636,-32.200756839,18.366193803));
#8585=DIRECTION('',(0.437390692,-0.899271584,0.));
#8586=VECTOR('',#8585,0.8);
#8587=LINE('',#8584,#8586);
#8588=EDGE_CURVE('',#8575,#8583,#8587,.T.);
#8589=ORIENTED_EDGE('',*,*,#8588,.T.);
#8590=CARTESIAN_POINT('',(-114.223971872,-33.395485774,18.366193803));
#8591=DIRECTION('',(0.899271584,0.437390692,0.));
#8592=VECTOR('',#8591,1.086698175);
#8593=LINE('',#8590,#8592);
#8594=EDGE_CURVE('',#2980,#8583,#8593,.T.);
#8595=ORIENTED_EDGE('',*,*,#8594,.F.);
#8596=EDGE_LOOP('',(#8573,#8581,#8589,#8595));
#8597=FACE_BOUND('',#8596,.T.);
#8598=ADVANCED_FACE('',(#8597),#8572,.T.);
#8599=OVER_RIDING_STYLED_ITEM('',(#8566),#8598,#26);
#8600=CARTESIAN_POINT('',(-119.537619352,-31.531910767,18.566193803));
#8601=DIRECTION('',(0.437390692,-0.899271584,-0.));
#8602=DIRECTION('',(0.899271584,0.437390692,0.));
#8603=AXIS2_PLACEMENT_3D('',#8600,#8601,#8602);
#8604=PLANE('',#8603);
#8605=ORIENTED_EDGE('',*,*,#1312,.T.);
#8606=CARTESIAN_POINT('',(-114.141989847,-28.907566612,18.966193802));
#8607=VERTEX_POINT('',#8606);
#8608=CARTESIAN_POINT('',(-115.792870973,-29.710527644,19.103878663));
#8609=DIRECTION('',(0.896753003,0.436165697,-0.074789948));
#8610=VECTOR('',#8609,1.840954109);
#8611=LINE('',#8608,#8610);
#8612=EDGE_CURVE('',#1297,#8607,#8611,.T.);
#8613=ORIENTED_EDGE('',*,*,#8612,.T.);
#8614=CARTESIAN_POINT('',(-114.141989847,-28.907566612,18.366193803));
#8615=VERTEX_POINT('',#8614);
#8616=CARTESIAN_POINT('',(-114.141989847,-28.907566612,18.966193802));
#8617=DIRECTION('',(0.,0.,-1.));
#8618=VECTOR('',#8617,0.599999999);
#8619=LINE('',#8616,#8618);
#8620=EDGE_CURVE('',#8607,#8615,#8619,.T.);
#8621=ORIENTED_EDGE('',*,*,#8620,.T.);
#8622=CARTESIAN_POINT('',(-114.591625639,-29.126261958,17.866193803));
#8623=VERTEX_POINT('',#8622);
#8624=CARTESIAN_POINT('',(-114.141989847,-28.907566612,18.366193803));
#8625=DIRECTION('',(-0.635881035,-0.309281925,-0.707106781));
#8626=VECTOR('',#8625,0.707106781);
#8627=LINE('',#8624,#8626);
#8628=EDGE_CURVE('',#8615,#8623,#8627,.T.);
#8629=ORIENTED_EDGE('',*,*,#8628,.T.);
#8630=CARTESIAN_POINT('',(-114.951334273,-29.301218235,17.866193803));
#8631=VERTEX_POINT('',#8630);
#8632=CARTESIAN_POINT('',(-114.951334273,-29.301218235,17.866193803));
#8633=DIRECTION('',(0.899271584,0.437390692,0.));
#8634=VECTOR('',#8633,0.4);
#8635=LINE('',#8632,#8634);
#8636=EDGE_CURVE('',#8631,#8623,#8635,.T.);
#8637=ORIENTED_EDGE('',*,*,#8636,.F.);
#8638=CARTESIAN_POINT('',(-114.996297852,-29.32308777,18.366193803));
#8639=DIRECTION('',(0.089480867,0.043522001,-0.99503719));
#8640=VECTOR('',#8639,0.502493781);
#8641=LINE('',#8638,#8640);
#8642=EDGE_CURVE('',#8535,#8631,#8641,.T.);
#8643=ORIENTED_EDGE('',*,*,#8642,.F.);
#8644=ORIENTED_EDGE('',*,*,#8540,.F.);
#8645=ORIENTED_EDGE('',*,*,#2935,.F.);
#8646=ORIENTED_EDGE('',*,*,#3285,.F.);
#8647=EDGE_LOOP('',(#8605,#8613,#8621,#8629,#8637,#8643,#8644,#8645,#8646));
#8648=FACE_BOUND('',#8647,.T.);
#8649=ADVANCED_FACE('',(#8648),#8604,.F.);
#8650=OVER_RIDING_STYLED_ITEM('',(#8566),#8649,#26);
#8651=CARTESIAN_POINT('',(-115.68054762,-30.545504334,18.156193803));
#8652=DIRECTION('',(0.437390692,-0.899271584,-0.));
#8653=DIRECTION('',(-0.,-0.,1.));
#8654=AXIS2_PLACEMENT_3D('',#8651,#8652,#8653);
#8655=PLANE('',#8654);
#8656=ORIENTED_EDGE('',*,*,#8380,.T.);
#8657=ORIENTED_EDGE('',*,*,#2953,.T.);
#8658=ORIENTED_EDGE('',*,*,#8554,.T.);
#8659=CARTESIAN_POINT('',(-114.691348877,-30.064374572,18.866193803));
#8660=VERTEX_POINT('',#8659);
#8661=CARTESIAN_POINT('',(-114.691348877,-30.064374572,18.866193803));
#8662=DIRECTION('',(0.089480867,0.043522001,-0.99503719));
#8663=VECTOR('',#8662,0.502493781);
#8664=LINE('',#8661,#8663);
#8665=EDGE_CURVE('',#8660,#8543,#8664,.T.);
#8666=ORIENTED_EDGE('',*,*,#8665,.F.);
#8667=CARTESIAN_POINT('',(-113.792077293,-29.626983879,18.866193803));
#8668=VERTEX_POINT('',#8667);
#8669=CARTESIAN_POINT('',(-114.691348877,-30.064374572,18.866193803));
#8670=DIRECTION('',(0.899271584,0.437390692,0.));
#8671=VECTOR('',#8670,1.);
#8672=LINE('',#8669,#8671);
#8673=EDGE_CURVE('',#8660,#8668,#8672,.T.);
#8674=ORIENTED_EDGE('',*,*,#8673,.T.);
#8675=CARTESIAN_POINT('',(-113.792077293,-29.626983879,18.966193803));
#8676=VERTEX_POINT('',#8675);
#8677=CARTESIAN_POINT('',(-113.792077293,-29.626983879,18.866193803));
#8678=DIRECTION('',(-0.,-0.,1.));
#8679=VECTOR('',#8678,0.1);
#8680=LINE('',#8677,#8679);
#8681=EDGE_CURVE('',#8668,#8676,#8680,.T.);
#8682=ORIENTED_EDGE('',*,*,#8681,.T.);
#8683=CARTESIAN_POINT('',(-115.477118594,-30.44655985,19.106727653));
#8684=DIRECTION('',(0.896753003,0.436165697,-0.074789948));
#8685=VECTOR('',#8684,1.879047291);
#8686=LINE('',#8683,#8685);
#8687=EDGE_CURVE('',#1288,#8676,#8686,.T.);
#8688=ORIENTED_EDGE('',*,*,#8687,.F.);
#8689=ORIENTED_EDGE('',*,*,#1294,.F.);
#8690=EDGE_LOOP('',(#8656,#8657,#8658,#8666,#8674,#8682,#8688,#8689));
#8691=FACE_BOUND('',#8690,.T.);
#8692=ADVANCED_FACE('',(#8691),#8655,.T.);
#8693=OVER_RIDING_STYLED_ITEM('',(#8566),#8692,#26);
#8694=CARTESIAN_POINT('',(-117.788056583,-35.128997103,18.566193803));
#8695=DIRECTION('',(0.437390692,-0.899271584,-0.));
#8696=DIRECTION('',(0.899271584,0.437390692,0.));
#8697=AXIS2_PLACEMENT_3D('',#8694,#8695,#8696);
#8698=PLANE('',#8697);
#8699=ORIENTED_EDGE('',*,*,#3378,.T.);
#8700=ORIENTED_EDGE('',*,*,#2995,.T.);
#8701=ORIENTED_EDGE('',*,*,#8594,.T.);
#8702=CARTESIAN_POINT('',(-113.201771503,-32.898304572,17.866193803));
#8703=VERTEX_POINT('',#8702);
#8704=CARTESIAN_POINT('',(-113.201771503,-32.898304572,17.866193803));
#8705=DIRECTION('',(-0.089480867,-0.043522001,0.99503719));
#8706=VECTOR('',#8705,0.502493781);
#8707=LINE('',#8704,#8706);
#8708=EDGE_CURVE('',#8703,#8583,#8707,.T.);
#8709=ORIENTED_EDGE('',*,*,#8708,.F.);
#8710=CARTESIAN_POINT('',(-112.842062869,-32.723348295,17.866193803));
#8711=VERTEX_POINT('',#8710);
#8712=CARTESIAN_POINT('',(-113.201771503,-32.898304572,17.866193803));
#8713=DIRECTION('',(0.899271584,0.437390692,0.));
#8714=VECTOR('',#8713,0.4);
#8715=LINE('',#8712,#8714);
#8716=EDGE_CURVE('',#8703,#8711,#8715,.T.);
#8717=ORIENTED_EDGE('',*,*,#8716,.T.);
#8718=CARTESIAN_POINT('',(-112.392427077,-32.504652949,18.366193803));
#8719=VERTEX_POINT('',#8718);
#8720=CARTESIAN_POINT('',(-112.842062869,-32.723348295,17.866193803));
#8721=DIRECTION('',(0.635881035,0.309281925,0.707106781));
#8722=VECTOR('',#8721,0.707106781);
#8723=LINE('',#8720,#8722);
#8724=EDGE_CURVE('',#8711,#8719,#8723,.T.);
#8725=ORIENTED_EDGE('',*,*,#8724,.T.);
#8726=CARTESIAN_POINT('',(-112.392427077,-32.504652949,18.966193803));
#8727=VERTEX_POINT('',#8726);
#8728=CARTESIAN_POINT('',(-112.392427077,-32.504652949,18.966193803));
#8729=DIRECTION('',(0.,0.,-1.));
#8730=VECTOR('',#8729,0.6);
#8731=LINE('',#8728,#8730);
#8732=EDGE_CURVE('',#8727,#8719,#8731,.T.);
#8733=ORIENTED_EDGE('',*,*,#8732,.F.);
#8734=CARTESIAN_POINT('',(-114.060601624,-33.316025212,19.105320951));
#8735=DIRECTION('',(0.896753003,0.436165697,-0.074789948));
#8736=VECTOR('',#8735,1.860238595);
#8737=LINE('',#8734,#8736);
#8738=EDGE_CURVE('',#1249,#8727,#8737,.T.);
#8739=ORIENTED_EDGE('',*,*,#8738,.F.);
#8740=ORIENTED_EDGE('',*,*,#1255,.F.);
#8741=EDGE_LOOP('',(#8699,#8700,#8701,#8709,#8717,#8725,#8733,#8739,#8740));
#8742=FACE_BOUND('',#8741,.T.);
#8743=ADVANCED_FACE('',(#8742),#8698,.T.);
#8744=OVER_RIDING_STYLED_ITEM('',(#8566),#8743,#26);
#8745=CARTESIAN_POINT('',(-114.630809958,-32.703756136,18.156193803));
#8746=DIRECTION('',(-0.437390692,0.899271584,0.));
#8747=DIRECTION('',(0.,0.,-1.));
#8748=AXIS2_PLACEMENT_3D('',#8745,#8746,#8747);
#8749=PLANE('',#8748);
#8750=CARTESIAN_POINT('',(-112.742339631,-31.785235682,18.966193802));
#8751=VERTEX_POINT('',#8750);
#8752=CARTESIAN_POINT('',(-114.443386039,-32.612596269,19.108062489));
#8753=DIRECTION('',(0.896753003,0.436165697,-0.074789948));
#8754=VECTOR('',#8753,1.896895133);
#8755=LINE('',#8752,#8754);
#8756=EDGE_CURVE('',#1258,#8751,#8755,.T.);
#8757=ORIENTED_EDGE('',*,*,#8756,.T.);
#8758=CARTESIAN_POINT('',(-112.742339631,-31.785235682,18.866193803));
#8759=VERTEX_POINT('',#8758);
#8760=CARTESIAN_POINT('',(-112.742339631,-31.785235682,18.866193803));
#8761=DIRECTION('',(-0.,-0.,1.));
#8762=VECTOR('',#8761,0.099999999);
#8763=LINE('',#8760,#8762);
#8764=EDGE_CURVE('',#8759,#8751,#8763,.T.);
#8765=ORIENTED_EDGE('',*,*,#8764,.F.);
#8766=CARTESIAN_POINT('',(-113.641611215,-32.222626374,18.866193803));
#8767=VERTEX_POINT('',#8766);
#8768=CARTESIAN_POINT('',(-113.641611215,-32.222626374,18.866193803));
#8769=DIRECTION('',(0.899271584,0.437390692,0.));
#8770=VECTOR('',#8769,1.);
#8771=LINE('',#8768,#8770);
#8772=EDGE_CURVE('',#8767,#8759,#8771,.T.);
#8773=ORIENTED_EDGE('',*,*,#8772,.F.);
#8774=CARTESIAN_POINT('',(-113.641611215,-32.222626374,18.866193803));
#8775=DIRECTION('',(0.089480867,0.043522001,-0.99503719));
#8776=VECTOR('',#8775,0.502493781);
#8777=LINE('',#8774,#8776);
#8778=EDGE_CURVE('',#8767,#8575,#8777,.T.);
#8779=ORIENTED_EDGE('',*,*,#8778,.T.);
#8780=ORIENTED_EDGE('',*,*,#8580,.F.);
#8781=ORIENTED_EDGE('',*,*,#2977,.T.);
#8782=ORIENTED_EDGE('',*,*,#8373,.T.);
#8783=ORIENTED_EDGE('',*,*,#1273,.F.);
#8784=EDGE_LOOP('',(#8757,#8765,#8773,#8779,#8780,#8781,#8782,#8783));
#8785=FACE_BOUND('',#8784,.T.);
#8786=ADVANCED_FACE('',(#8785),#8749,.T.);
#8787=OVER_RIDING_STYLED_ITEM('',(#8566),#8786,#26);
#8788=CARTESIAN_POINT('',(-118.487881691,-33.690162569,18.566193803));
#8789=DIRECTION('',(-0.437390692,0.899271584,0.));
#8790=DIRECTION('',(-0.899271584,-0.437390692,-0.));
#8791=AXIS2_PLACEMENT_3D('',#8788,#8789,#8790);
#8792=PLANE('',#8791);
#8793=ORIENTED_EDGE('',*,*,#1197,.T.);
#8794=CARTESIAN_POINT('',(-113.955552906,-31.485713479,18.466193803));
#8795=VERTEX_POINT('',#8794);
#8796=CARTESIAN_POINT('',(-114.764861011,-31.879347436,18.466193803));
#8797=DIRECTION('',(0.899271584,0.437390692,0.));
#8798=VECTOR('',#8797,0.899959611);
#8799=LINE('',#8796,#8798);
#8800=EDGE_CURVE('',#1184,#8795,#8799,.T.);
#8801=ORIENTED_EDGE('',*,*,#8800,.T.);
#8802=CARTESIAN_POINT('',(-113.991523769,-31.503209107,18.866193803));
#8803=VERTEX_POINT('',#8802);
#8804=CARTESIAN_POINT('',(-113.991523769,-31.503209107,18.866193803));
#8805=DIRECTION('',(0.089480867,0.043522001,-0.99503719));
#8806=VECTOR('',#8805,0.401995025);
#8807=LINE('',#8804,#8806);
#8808=EDGE_CURVE('',#8803,#8795,#8807,.T.);
#8809=ORIENTED_EDGE('',*,*,#8808,.F.);
#8810=CARTESIAN_POINT('',(-113.092252185,-31.065818414,18.866193803));
#8811=VERTEX_POINT('',#8810);
#8812=CARTESIAN_POINT('',(-113.991523769,-31.503209107,18.866193803));
#8813=DIRECTION('',(0.899271584,0.437390692,0.));
#8814=VECTOR('',#8813,1.);
#8815=LINE('',#8812,#8814);
#8816=EDGE_CURVE('',#8803,#8811,#8815,.T.);
#8817=ORIENTED_EDGE('',*,*,#8816,.T.);
#8818=CARTESIAN_POINT('',(-113.092252185,-31.065818414,18.966193803));
#8819=VERTEX_POINT('',#8818);
#8820=CARTESIAN_POINT('',(-113.092252185,-31.065818414,18.866193803));
#8821=DIRECTION('',(-0.,-0.,1.));
#8822=VECTOR('',#8821,0.1);
#8823=LINE('',#8820,#8822);
#8824=EDGE_CURVE('',#8811,#8819,#8823,.T.);
#8825=ORIENTED_EDGE('',*,*,#8824,.T.);
#8826=CARTESIAN_POINT('',(-114.808851702,-31.900743774,19.109359634));
#8827=DIRECTION('',(0.896753003,0.436165697,-0.074789948));
#8828=VECTOR('',#8827,1.914238938);
#8829=LINE('',#8826,#8828);
#8830=EDGE_CURVE('',#1164,#8819,#8829,.T.);
#8831=ORIENTED_EDGE('',*,*,#8830,.F.);
#8832=EDGE_LOOP('',(#8793,#8801,#8809,#8817,#8825,#8831));
#8833=FACE_BOUND('',#8832,.T.);
#8834=ADVANCED_FACE('',(#8833),#8792,.F.);
#8835=OVER_RIDING_STYLED_ITEM('',(#8566),#8834,#26);
#8836=CARTESIAN_POINT('',(-118.837794244,-32.970745301,18.566193803));
#8837=DIRECTION('',(0.437390692,-0.899271584,-0.));
#8838=DIRECTION('',(0.899271584,0.437390692,0.));
#8839=AXIS2_PLACEMENT_3D('',#8836,#8837,#8838);
#8840=PLANE('',#8839);
#8841=ORIENTED_EDGE('',*,*,#1181,.T.);
#8842=CARTESIAN_POINT('',(-113.442164739,-30.346401147,18.966193802));
#8843=VERTEX_POINT('',#8842);
#8844=CARTESIAN_POINT('',(-115.150753285,-31.177430104,19.10869151));
#8845=DIRECTION('',(0.896753003,0.436165697,-0.074789948));
#8846=VECTOR('',#8845,1.90530563);
#8847=LINE('',#8844,#8846);
#8848=EDGE_CURVE('',#1166,#8843,#8847,.T.);
#8849=ORIENTED_EDGE('',*,*,#8848,.T.);
#8850=CARTESIAN_POINT('',(-113.442164739,-30.346401147,18.866193803));
#8851=VERTEX_POINT('',#8850);
#8852=CARTESIAN_POINT('',(-113.442164739,-30.346401147,18.866193803));
#8853=DIRECTION('',(-0.,-0.,1.));
#8854=VECTOR('',#8853,0.099999999);
#8855=LINE('',#8852,#8854);
#8856=EDGE_CURVE('',#8851,#8843,#8855,.T.);
#8857=ORIENTED_EDGE('',*,*,#8856,.F.);
#8858=CARTESIAN_POINT('',(-114.341436323,-30.783791839,18.866193803));
#8859=VERTEX_POINT('',#8858);
#8860=CARTESIAN_POINT('',(-114.341436323,-30.783791839,18.866193803));
#8861=DIRECTION('',(0.899271584,0.437390692,0.));
#8862=VECTOR('',#8861,1.);
#8863=LINE('',#8860,#8862);
#8864=EDGE_CURVE('',#8859,#8851,#8863,.T.);
#8865=ORIENTED_EDGE('',*,*,#8864,.F.);
#8866=CARTESIAN_POINT('',(-114.30546546,-30.766296212,18.466193803));
#8867=VERTEX_POINT('',#8866);
#8868=CARTESIAN_POINT('',(-114.30546546,-30.766296212,18.466193803));
#8869=DIRECTION('',(-0.089480867,-0.043522001,0.99503719));
#8870=VECTOR('',#8869,0.401995025);
#8871=LINE('',#8868,#8870);
#8872=EDGE_CURVE('',#8867,#8859,#8871,.T.);
#8873=ORIENTED_EDGE('',*,*,#8872,.F.);
#8874=CARTESIAN_POINT('',(-115.110947383,-31.158069178,18.466193803));
#8875=DIRECTION('',(0.899271584,0.437390692,0.));
#8876=VECTOR('',#8875,0.895704854);
#8877=LINE('',#8874,#8876);
#8878=EDGE_CURVE('',#1175,#8867,#8877,.T.);
#8879=ORIENTED_EDGE('',*,*,#8878,.F.);
#8880=EDGE_LOOP('',(#8841,#8849,#8857,#8865,#8873,#8879));
#8881=FACE_BOUND('',#8880,.T.);
#8882=ADVANCED_FACE('',(#8881),#8840,.F.);
#8883=OVER_RIDING_STYLED_ITEM('',(#8566),#8882,#26);
#8884=CARTESIAN_POINT('',(-114.166480046,-31.143500473,17.866193803));
#8885=DIRECTION('',(-0.,-0.,1.));
#8886=DIRECTION('',(0.899271584,0.437390692,0.));
#8887=AXIS2_PLACEMENT_3D('',#8884,#8885,#8886);
#8888=PLANE('',#8887);
#8889=ORIENTED_EDGE('',*,*,#8636,.T.);
#8890=CARTESIAN_POINT('',(-114.591625639,-29.126261958,17.866193803));
#8891=DIRECTION('',(0.437390692,-0.899271584,-0.));
#8892=VECTOR('',#8891,4.);
#8893=LINE('',#8890,#8892);
#8894=EDGE_CURVE('',#8623,#8711,#8893,.T.);
#8895=ORIENTED_EDGE('',*,*,#8894,.T.);
#8896=ORIENTED_EDGE('',*,*,#8716,.F.);
#8897=CARTESIAN_POINT('',(-114.951334273,-29.301218235,17.866193803));
#8898=DIRECTION('',(0.437390692,-0.899271584,0.));
#8899=VECTOR('',#8898,4.);
#8900=LINE('',#8897,#8899);
#8901=EDGE_CURVE('',#8631,#8703,#8900,.T.);
#8902=ORIENTED_EDGE('',*,*,#8901,.F.);
#8903=EDGE_LOOP('',(#8889,#8895,#8896,#8902));
#8904=FACE_BOUND('',#8903,.T.);
#8905=ADVANCED_FACE('',(#8904),#8888,.F.);
#8906=OVER_RIDING_STYLED_ITEM('',(#8566),#8905,#26);
#8907=CARTESIAN_POINT('',(-113.716844254,-30.924805127,17.866193803));
#8908=DIRECTION('',(-0.635881035,-0.309281925,0.707106781));
#8909=DIRECTION('',(0.437390692,-0.899271584,-0.));
#8910=AXIS2_PLACEMENT_3D('',#8907,#8908,#8909);
#8911=PLANE('',#8910);
#8912=ORIENTED_EDGE('',*,*,#8628,.F.);
#8913=CARTESIAN_POINT('',(-112.392427077,-32.504652949,18.366193803));
#8914=DIRECTION('',(-0.437390692,0.899271584,0.));
#8915=VECTOR('',#8914,4.);
#8916=LINE('',#8913,#8915);
#8917=EDGE_CURVE('',#8719,#8615,#8916,.T.);
#8918=ORIENTED_EDGE('',*,*,#8917,.F.);
#8919=ORIENTED_EDGE('',*,*,#8724,.F.);
#8920=ORIENTED_EDGE('',*,*,#8894,.F.);
#8921=EDGE_LOOP('',(#8912,#8918,#8919,#8920));
#8922=FACE_BOUND('',#8921,.T.);
#8923=ADVANCED_FACE('',(#8922),#8911,.F.);
#8924=OVER_RIDING_STYLED_ITEM('',(#8566),#8923,#26);
#8925=CARTESIAN_POINT('',(-74.659837161,-57.597499515,18.866193803));
#8926=DIRECTION('',(-0.,-0.,1.));
#8927=DIRECTION('',(-0.437390692,0.899271584,-0.));
#8928=AXIS2_PLACEMENT_3D('',#8925,#8926,#8927);
#8929=PLANE('',#8928);
#8930=CARTESIAN_POINT('',(-114.341436323,-30.783791839,18.866193803));
#8931=DIRECTION('',(-0.437390692,0.899271584,-0.));
#8932=VECTOR('',#8931,0.8);
#8933=LINE('',#8930,#8932);
#8934=EDGE_CURVE('',#8859,#8660,#8933,.T.);
#8935=ORIENTED_EDGE('',*,*,#8934,.F.);
#8936=ORIENTED_EDGE('',*,*,#8864,.T.);
#8937=CARTESIAN_POINT('',(-113.442164739,-30.346401147,18.866193803));
#8938=DIRECTION('',(-0.437390692,0.899271584,0.));
#8939=VECTOR('',#8938,0.8);
#8940=LINE('',#8937,#8939);
#8941=EDGE_CURVE('',#8851,#8668,#8940,.T.);
#8942=ORIENTED_EDGE('',*,*,#8941,.T.);
#8943=ORIENTED_EDGE('',*,*,#8673,.F.);
#8944=EDGE_LOOP('',(#8935,#8936,#8942,#8943));
#8945=FACE_BOUND('',#8944,.T.);
#8946=ADVANCED_FACE('',(#8945),#8929,.T.);
#8947=OVER_RIDING_STYLED_ITEM('',(#8566),#8946,#26);
#8948=CARTESIAN_POINT('',(-69.769697694,-112.242530103,-25.66184696));
#8949=DIRECTION('',(0.89480867,0.435220006,0.099503719));
#8950=DIRECTION('',(0.437390692,-0.899271584,0.));
#8951=AXIS2_PLACEMENT_3D('',#8948,#8949,#8950);
#8952=PLANE('',#8951);
#8953=ORIENTED_EDGE('',*,*,#8778,.F.);
#8954=CARTESIAN_POINT('',(-113.641611215,-32.222626374,18.866193803));
#8955=DIRECTION('',(-0.437390692,0.899271584,-0.));
#8956=VECTOR('',#8955,0.8);
#8957=LINE('',#8954,#8956);
#8958=EDGE_CURVE('',#8767,#8803,#8957,.T.);
#8959=ORIENTED_EDGE('',*,*,#8958,.T.);
#8960=ORIENTED_EDGE('',*,*,#8808,.T.);
#8961=CARTESIAN_POINT('',(-113.955552906,-31.485713479,18.466193803));
#8962=DIRECTION('',(-0.437390692,0.899271584,-0.));
#8963=VECTOR('',#8962,0.8);
#8964=LINE('',#8961,#8963);
#8965=EDGE_CURVE('',#8795,#8867,#8964,.T.);
#8966=ORIENTED_EDGE('',*,*,#8965,.T.);
#8967=ORIENTED_EDGE('',*,*,#8872,.T.);
#8968=ORIENTED_EDGE('',*,*,#8934,.T.);
#8969=ORIENTED_EDGE('',*,*,#8665,.T.);
#8970=ORIENTED_EDGE('',*,*,#8548,.T.);
#8971=ORIENTED_EDGE('',*,*,#8642,.T.);
#8972=ORIENTED_EDGE('',*,*,#8901,.T.);
#8973=ORIENTED_EDGE('',*,*,#8708,.T.);
#8974=ORIENTED_EDGE('',*,*,#8588,.F.);
#8975=EDGE_LOOP('',(#8953,#8959,#8960,#8966,#8967,#8968,#8969,#8970,#8971,#8972,#8973,#8974));
#8976=FACE_BOUND('',#8975,.T.);
#8977=ADVANCED_FACE('',(#8976),#8952,.F.);
#8978=OVER_RIDING_STYLED_ITEM('',(#8566),#8977,#26);
#8979=CARTESIAN_POINT('',(-74.659837161,-57.597499515,18.866193803));
#8980=DIRECTION('',(-0.,-0.,1.));
#8981=DIRECTION('',(-0.437390692,0.899271584,-0.));
#8982=AXIS2_PLACEMENT_3D('',#8979,#8980,#8981);
#8983=PLANE('',#8982);
#8984=ORIENTED_EDGE('',*,*,#8958,.F.);
#8985=ORIENTED_EDGE('',*,*,#8772,.T.);
#8986=CARTESIAN_POINT('',(-112.742339631,-31.785235682,18.866193803));
#8987=DIRECTION('',(-0.437390692,0.899271584,0.));
#8988=VECTOR('',#8987,0.8);
#8989=LINE('',#8986,#8988);
#8990=EDGE_CURVE('',#8759,#8811,#8989,.T.);
#8991=ORIENTED_EDGE('',*,*,#8990,.T.);
#8992=ORIENTED_EDGE('',*,*,#8816,.F.);
#8993=EDGE_LOOP('',(#8984,#8985,#8991,#8992));
#8994=FACE_BOUND('',#8993,.T.);
#8995=ADVANCED_FACE('',(#8994),#8983,.T.);
#8996=OVER_RIDING_STYLED_ITEM('',(#8566),#8995,#26);
#8997=CARTESIAN_POINT('',(-113.981892183,-6.915885844,18.233974221));
#8998=DIRECTION('',(0.067256475,0.032712427,0.99719931));
#8999=DIRECTION('',(-0.896753003,-0.436165697,0.074789948));
#9000=AXIS2_PLACEMENT_3D('',#8997,#8998,#8999);
#9001=PLANE('',#9000);
#9002=ORIENTED_EDGE('',*,*,#8687,.T.);
#9003=CARTESIAN_POINT('',(-113.792077293,-29.626983879,18.966193803));
#9004=DIRECTION('',(-0.437390692,0.899271584,0.));
#9005=VECTOR('',#9004,0.8);
#9006=LINE('',#9003,#9005);
#9007=EDGE_CURVE('',#8676,#8607,#9006,.T.);
#9008=ORIENTED_EDGE('',*,*,#9007,.T.);
#9009=ORIENTED_EDGE('',*,*,#8612,.F.);
#9010=ORIENTED_EDGE('',*,*,#1303,.F.);
#9011=EDGE_LOOP('',(#9002,#9008,#9009,#9010));
#9012=FACE_BOUND('',#9011,.T.);
#9013=ADVANCED_FACE('',(#9012),#9001,.T.);
#9014=OVER_RIDING_STYLED_ITEM('',(#8566),#9013,#26);
#9015=CARTESIAN_POINT('',(-113.981892183,-6.915885844,18.233974221));
#9016=DIRECTION('',(0.067256475,0.032712427,0.99719931));
#9017=DIRECTION('',(-0.896753003,-0.436165697,0.074789948));
#9018=AXIS2_PLACEMENT_3D('',#9015,#9016,#9017);
#9019=PLANE('',#9018);
#9020=ORIENTED_EDGE('',*,*,#8738,.T.);
#9021=CARTESIAN_POINT('',(-112.392427077,-32.504652949,18.966193803));
#9022=DIRECTION('',(-0.437390692,0.899271584,0.));
#9023=VECTOR('',#9022,0.8);
#9024=LINE('',#9021,#9023);
#9025=EDGE_CURVE('',#8727,#8751,#9024,.T.);
#9026=ORIENTED_EDGE('',*,*,#9025,.T.);
#9027=ORIENTED_EDGE('',*,*,#8756,.F.);
#9028=ORIENTED_EDGE('',*,*,#1264,.F.);
#9029=EDGE_LOOP('',(#9020,#9026,#9027,#9028));
#9030=FACE_BOUND('',#9029,.T.);
#9031=ADVANCED_FACE('',(#9030),#9019,.T.);
#9032=OVER_RIDING_STYLED_ITEM('',(#8566),#9031,#26);
#9033=CARTESIAN_POINT('',(-95.303936846,-67.638445114,-34.246591627));
#9034=DIRECTION('',(-0.899271584,-0.437390692,-0.));
#9035=DIRECTION('',(-0.437390692,0.899271584,0.));
#9036=AXIS2_PLACEMENT_3D('',#9033,#9034,#9035);
#9037=PLANE('',#9036);
#9038=ORIENTED_EDGE('',*,*,#8732,.T.);
#9039=ORIENTED_EDGE('',*,*,#8917,.T.);
#9040=ORIENTED_EDGE('',*,*,#8620,.F.);
#9041=ORIENTED_EDGE('',*,*,#9007,.F.);
#9042=ORIENTED_EDGE('',*,*,#8681,.F.);
#9043=ORIENTED_EDGE('',*,*,#8941,.F.);
#9044=ORIENTED_EDGE('',*,*,#8856,.T.);
#9045=CARTESIAN_POINT('',(-113.092252185,-31.065818414,18.966193803));
#9046=DIRECTION('',(-0.437390692,0.899271584,0.));
#9047=VECTOR('',#9046,0.8);
#9048=LINE('',#9045,#9047);
#9049=EDGE_CURVE('',#8819,#8843,#9048,.T.);
#9050=ORIENTED_EDGE('',*,*,#9049,.F.);
#9051=ORIENTED_EDGE('',*,*,#8824,.F.);
#9052=ORIENTED_EDGE('',*,*,#8990,.F.);
#9053=ORIENTED_EDGE('',*,*,#8764,.T.);
#9054=ORIENTED_EDGE('',*,*,#9025,.F.);
#9055=EDGE_LOOP('',(#9038,#9039,#9040,#9041,#9042,#9043,#9044,#9050,#9051,#9052,#9053,#9054));
#9056=FACE_BOUND('',#9055,.T.);
#9057=ADVANCED_FACE('',(#9056),#9037,.F.);
#9058=OVER_RIDING_STYLED_ITEM('',(#8566),#9057,#26);
#9059=CARTESIAN_POINT('',(-113.981892183,-6.915885844,18.233974221));
#9060=DIRECTION('',(0.067256475,0.032712427,0.99719931));
#9061=DIRECTION('',(-0.896753003,-0.436165697,0.074789948));
#9062=AXIS2_PLACEMENT_3D('',#9059,#9060,#9061);
#9063=PLANE('',#9062);
#9064=ORIENTED_EDGE('',*,*,#8830,.T.);
#9065=ORIENTED_EDGE('',*,*,#9049,.T.);
#9066=ORIENTED_EDGE('',*,*,#8848,.F.);
#9067=ORIENTED_EDGE('',*,*,#1172,.F.);
#9068=EDGE_LOOP('',(#9064,#9065,#9066,#9067));
#9069=FACE_BOUND('',#9068,.T.);
#9070=ADVANCED_FACE('',(#9069),#9063,.T.);
#9071=OVER_RIDING_STYLED_ITEM('',(#8566),#9070,#26);
#9072=CARTESIAN_POINT('',(-97.060979092,-82.316265076,18.466193803));
#9073=DIRECTION('',(-0.,-0.,1.));
#9074=DIRECTION('',(-0.437390692,0.899271584,-0.));
#9075=AXIS2_PLACEMENT_3D('',#9072,#9073,#9074);
#9076=PLANE('',#9075);
#9077=ORIENTED_EDGE('',*,*,#1190,.T.);
#9078=ORIENTED_EDGE('',*,*,#8878,.T.);
#9079=ORIENTED_EDGE('',*,*,#8965,.F.);
#9080=ORIENTED_EDGE('',*,*,#8800,.F.);
#9081=EDGE_LOOP('',(#9077,#9078,#9079,#9080));
#9082=FACE_BOUND('',#9081,.T.);
#9083=ADVANCED_FACE('',(#9082),#9076,.F.);
#9084=OVER_RIDING_STYLED_ITEM('',(#8566),#9083,#26);
#9085=CARTESIAN_POINT('',(-83.62280558,-27.874089144,10.599383487));
#9086=DIRECTION('',(-0.932248778,0.359269036,0.042871613));
#9087=DIRECTION('',(-0.317813963,-0.75646747,-0.571621598));
#9088=AXIS2_PLACEMENT_3D('',#9085,#9086,#9087);
#9089=PLANE('',#9088);
#9090=ORIENTED_EDGE('',*,*,#885,.T.);
#9091=CARTESIAN_POINT('',(-90.280600001,-46.487337669,21.805939692));
#9092=VERTEX_POINT('',#9091);
#9093=CARTESIAN_POINT('',(-91.021307261,-48.250384645,20.473700343));
#9094=DIRECTION('',(0.317813963,0.75646747,0.571621598));
#9095=VECTOR('',#9094,2.330631581);
#9096=LINE('',#9093,#9095);
#9097=EDGE_CURVE('',#872,#9092,#9096,.T.);
#9098=ORIENTED_EDGE('',*,*,#9097,.T.);
#9099=CARTESIAN_POINT('',(-90.142252032,-46.050122682,21.150422419));
#9100=VERTEX_POINT('',#9099);
#9101=CARTESIAN_POINT('',(-90.280600001,-46.487337669,21.805939692));
#9102=DIRECTION('',(0.17293496,0.546518734,-0.819396591));
#9103=VECTOR('',#9102,0.8);
#9104=LINE('',#9101,#9103);
#9105=EDGE_CURVE('',#9092,#9100,#9104,.T.);
#9106=ORIENTED_EDGE('',*,*,#9105,.T.);
#9107=CARTESIAN_POINT('',(-90.900882115,-47.855829944,19.785946997));
#9108=DIRECTION('',(0.317813963,0.75646747,0.571621598));
#9109=VECTOR('',#9108,2.387025659);
#9110=LINE('',#9107,#9109);
#9111=EDGE_CURVE('',#720,#9100,#9110,.T.);
#9112=ORIENTED_EDGE('',*,*,#9111,.F.);
#9113=EDGE_LOOP('',(#9090,#9098,#9106,#9112));
#9114=FACE_BOUND('',#9113,.T.);
#9115=ADVANCED_FACE('',(#9114),#9089,.T.);
#9116=OVER_RIDING_STYLED_ITEM('',(#8566),#9115,#26);
#9117=CARTESIAN_POINT('',(-83.62280558,-27.874089144,10.599383487));
#9118=DIRECTION('',(-0.932248778,0.359269036,0.042871613));
#9119=DIRECTION('',(-0.317813963,-0.75646747,-0.571621598));
#9120=AXIS2_PLACEMENT_3D('',#9117,#9118,#9119);
#9121=PLANE('',#9120);
#9122=ORIENTED_EDGE('',*,*,#815,.T.);
#9123=CARTESIAN_POINT('',(-90.833991872,-48.236197617,24.428008783));
#9124=VERTEX_POINT('',#9123);
#9125=CARTESIAN_POINT('',(-91.50128141,-49.824494189,23.227818874));
#9126=DIRECTION('',(0.317813963,0.75646747,0.571621598));
#9127=VECTOR('',#9126,2.099623096);
#9128=LINE('',#9125,#9127);
#9129=EDGE_CURVE('',#800,#9124,#9128,.T.);
#9130=ORIENTED_EDGE('',*,*,#9129,.T.);
#9131=CARTESIAN_POINT('',(-90.695643903,-47.79898263,23.77249151));
#9132=VERTEX_POINT('',#9131);
#9133=CARTESIAN_POINT('',(-90.833991872,-48.236197617,24.428008783));
#9134=DIRECTION('',(0.17293496,0.546518734,-0.819396591));
#9135=VECTOR('',#9134,0.8);
#9136=LINE('',#9133,#9135);
#9137=EDGE_CURVE('',#9124,#9132,#9136,.T.);
#9138=ORIENTED_EDGE('',*,*,#9137,.T.);
#9139=CARTESIAN_POINT('',(-91.381276694,-49.430940203,22.539309341));
#9140=DIRECTION('',(0.317813963,0.75646747,0.571621598));
#9141=VECTOR('',#9140,2.157340053);
#9142=LINE('',#9139,#9141);
#9143=EDGE_CURVE('',#809,#9132,#9142,.T.);
#9144=ORIENTED_EDGE('',*,*,#9143,.F.);
#9145=EDGE_LOOP('',(#9122,#9130,#9138,#9144));
#9146=FACE_BOUND('',#9145,.T.);
#9147=ADVANCED_FACE('',(#9146),#9121,.T.);
#9148=OVER_RIDING_STYLED_ITEM('',(#8566),#9147,#26);
#9149=CARTESIAN_POINT('',(-83.62280558,-27.874089144,10.599383487));
#9150=DIRECTION('',(-0.932248778,0.359269036,0.042871613));
#9151=DIRECTION('',(-0.317813963,-0.75646747,-0.571621598));
#9152=AXIS2_PLACEMENT_3D('',#9149,#9150,#9151);
#9153=PLANE('',#9152);
#9154=ORIENTED_EDGE('',*,*,#851,.T.);
#9155=CARTESIAN_POINT('',(-90.557295937,-47.361767643,23.116974238));
#9156=VERTEX_POINT('',#9155);
#9157=CARTESIAN_POINT('',(-91.261368184,-49.037615194,21.850626783));
#9158=DIRECTION('',(0.317813963,0.75646747,0.571621598));
#9159=VECTOR('',#9158,2.215359704);
#9160=LINE('',#9157,#9159);
#9161=EDGE_CURVE('',#836,#9156,#9160,.T.);
#9162=ORIENTED_EDGE('',*,*,#9161,.T.);
#9163=CARTESIAN_POINT('',(-90.418947968,-46.924552656,22.461456965));
#9164=VERTEX_POINT('',#9163);
#9165=CARTESIAN_POINT('',(-90.557295937,-47.361767643,23.116974238));
#9166=DIRECTION('',(0.17293496,0.546518734,-0.819396591));
#9167=VECTOR('',#9166,0.8);
#9168=LINE('',#9165,#9167);
#9169=EDGE_CURVE('',#9156,#9164,#9168,.T.);
#9170=ORIENTED_EDGE('',*,*,#9169,.T.);
#9171=CARTESIAN_POINT('',(-91.141424136,-48.644205609,21.162008135));
#9172=DIRECTION('',(0.317813963,0.75646747,0.571621598));
#9173=VECTOR('',#9172,2.27326755);
#9174=LINE('',#9171,#9173);
#9175=EDGE_CURVE('',#845,#9164,#9174,.T.);
#9176=ORIENTED_EDGE('',*,*,#9175,.F.);
#9177=EDGE_LOOP('',(#9154,#9162,#9170,#9176));
#9178=FACE_BOUND('',#9177,.T.);
#9179=ADVANCED_FACE('',(#9178),#9153,.T.);
#9180=OVER_RIDING_STYLED_ITEM('',(#8566),#9179,#26);
#9181=CARTESIAN_POINT('',(-91.244095344,-50.858108661,17.711060248));
#9182=DIRECTION('',(-0.17293496,-0.546518734,0.819396591));
#9183=DIRECTION('',(0.247201027,0.781218552,0.573227029));
#9184=AXIS2_PLACEMENT_3D('',#9181,#9182,#9183);
#9185=PLANE('',#9184);
#9186=ORIENTED_EDGE('',*,*,#9111,.T.);
#9187=CARTESIAN_POINT('',(-89.570207756,-46.231134685,21.150422423));
#9188=VERTEX_POINT('',#9187);
#9189=CARTESIAN_POINT('',(-90.142252032,-46.050122682,21.150422419));
#9190=DIRECTION('',(0.953407128,-0.301686672,0.000000006));
#9191=VECTOR('',#9190,0.599999999);
#9192=LINE('',#9189,#9191);
#9193=EDGE_CURVE('',#9100,#9188,#9192,.T.);
#9194=ORIENTED_EDGE('',*,*,#9193,.T.);
#9195=CARTESIAN_POINT('',(-89.217104706,-46.772587297,20.863808912));
#9196=VERTEX_POINT('',#9195);
#9197=CARTESIAN_POINT('',(-89.570207756,-46.231134685,21.150422423));
#9198=DIRECTION('',(0.499363123,-0.765729627,-0.405332715));
#9199=VECTOR('',#9198,0.707106781);
#9200=LINE('',#9197,#9199);
#9201=EDGE_CURVE('',#9188,#9196,#9200,.T.);
#9202=ORIENTED_EDGE('',*,*,#9201,.T.);
#9203=CARTESIAN_POINT('',(-89.315985117,-47.085074718,20.6345181));
#9204=VERTEX_POINT('',#9203);
#9205=CARTESIAN_POINT('',(-89.315985117,-47.085074718,20.6345181));
#9206=DIRECTION('',(0.247201027,0.781218552,0.573227029));
#9207=VECTOR('',#9206,0.4);
#9208=LINE('',#9205,#9207);
#9209=EDGE_CURVE('',#9204,#9196,#9208,.T.);
#9210=ORIENTED_EDGE('',*,*,#9209,.F.);
#9211=CARTESIAN_POINT('',(-89.805048732,-46.973292309,20.605856746));
#9212=VERTEX_POINT('',#9211);
#9213=CARTESIAN_POINT('',(-89.805048732,-46.973292309,20.605856746));
#9214=DIRECTION('',(0.973272971,-0.222455307,0.057038228));
#9215=VECTOR('',#9214,0.502493781);
#9216=LINE('',#9213,#9215);
#9217=EDGE_CURVE('',#9212,#9204,#9216,.T.);
#9218=ORIENTED_EDGE('',*,*,#9217,.F.);
#9219=CARTESIAN_POINT('',(-90.160795811,-48.097544183,19.780925541));
#9220=DIRECTION('',(0.247201027,0.781218552,0.573227029));
#9221=VECTOR('',#9220,1.439100327);
#9222=LINE('',#9219,#9221);
#9223=EDGE_CURVE('',#2196,#9212,#9222,.T.);
#9224=ORIENTED_EDGE('',*,*,#9223,.F.);
#9225=ORIENTED_EDGE('',*,*,#2202,.F.);
#9226=ORIENTED_EDGE('',*,*,#2064,.F.);
#9227=ORIENTED_EDGE('',*,*,#728,.F.);
#9228=EDGE_LOOP('',(#9186,#9194,#9202,#9210,#9218,#9224,#9225,#9226,#9227));
#9229=FACE_BOUND('',#9228,.T.);
#9230=ADVANCED_FACE('',(#9229),#9185,.F.);
#9231=OVER_RIDING_STYLED_ITEM('',(#8566),#9230,#26);
#9232=CARTESIAN_POINT('',(-90.027462384,-48.372262832,20.602162937));
#9233=DIRECTION('',(-0.17293496,-0.546518734,0.819396591));
#9234=DIRECTION('',(-0.953407128,0.301686672,-0.000000006));
#9235=AXIS2_PLACEMENT_3D('',#9232,#9233,#9234);
#9236=PLANE('',#9235);
#9237=ORIENTED_EDGE('',*,*,#878,.T.);
#9238=ORIENTED_EDGE('',*,*,#2181,.T.);
#9239=ORIENTED_EDGE('',*,*,#2218,.T.);
#9240=CARTESIAN_POINT('',(-89.9433967,-47.410507296,21.261374018));
#9241=VERTEX_POINT('',#9240);
#9242=CARTESIAN_POINT('',(-90.292393989,-48.513428105,20.452094698));
#9243=DIRECTION('',(0.247201027,0.781218552,0.573227029));
#9244=VECTOR('',#9243,1.411795466);
#9245=LINE('',#9242,#9244);
#9246=EDGE_CURVE('',#2205,#9241,#9245,.T.);
#9247=ORIENTED_EDGE('',*,*,#9246,.T.);
#9248=CARTESIAN_POINT('',(-90.432460315,-47.298724888,21.232712664));
#9249=VERTEX_POINT('',#9248);
#9250=CARTESIAN_POINT('',(-90.432460315,-47.298724888,21.232712664));
#9251=DIRECTION('',(0.973272971,-0.222455307,0.057038228));
#9252=VECTOR('',#9251,0.502493781);
#9253=LINE('',#9250,#9252);
#9254=EDGE_CURVE('',#9249,#9241,#9253,.T.);
#9255=ORIENTED_EDGE('',*,*,#9254,.F.);
#9256=CARTESIAN_POINT('',(-90.185259288,-46.517506336,21.805939693));
#9257=VERTEX_POINT('',#9256);
#9258=CARTESIAN_POINT('',(-90.432460315,-47.298724888,21.232712664));
#9259=DIRECTION('',(0.247201027,0.781218552,0.573227029));
#9260=VECTOR('',#9259,1.);
#9261=LINE('',#9258,#9260);
#9262=EDGE_CURVE('',#9249,#9257,#9261,.T.);
#9263=ORIENTED_EDGE('',*,*,#9262,.T.);
#9264=CARTESIAN_POINT('',(-90.185259288,-46.517506336,21.805939693));
#9265=DIRECTION('',(-0.953407128,0.301686672,-0.000000006));
#9266=VECTOR('',#9265,0.1);
#9267=LINE('',#9264,#9266);
#9268=EDGE_CURVE('',#9257,#9092,#9267,.T.);
#9269=ORIENTED_EDGE('',*,*,#9268,.T.);
#9270=ORIENTED_EDGE('',*,*,#9097,.F.);
#9271=EDGE_LOOP('',(#9237,#9238,#9239,#9247,#9255,#9263,#9269,#9270));
#9272=FACE_BOUND('',#9271,.T.);
#9273=ADVANCED_FACE('',(#9272),#9236,.T.);
#9274=OVER_RIDING_STYLED_ITEM('',(#8566),#9273,#26);
#9275=CARTESIAN_POINT('',(-91.935835183,-53.044183596,20.988646613));
#9276=DIRECTION('',(-0.17293496,-0.546518734,0.819396591));
#9277=DIRECTION('',(0.247201027,0.781218552,0.573227029));
#9278=AXIS2_PLACEMENT_3D('',#9275,#9276,#9277);
#9279=PLANE('',#9278);
#9280=ORIENTED_EDGE('',*,*,#806,.T.);
#9281=ORIENTED_EDGE('',*,*,#2119,.T.);
#9282=ORIENTED_EDGE('',*,*,#2270,.T.);
#9283=CARTESIAN_POINT('',(-90.496788571,-49.159367244,23.88344311));
#9284=VERTEX_POINT('',#9283);
#9285=CARTESIAN_POINT('',(-90.818786701,-50.176963796,23.136771328));
#9286=DIRECTION('',(0.247201027,0.781218552,0.573227029));
#9287=VECTOR('',#9286,1.30257602);
#9288=LINE('',#9285,#9287);
#9289=EDGE_CURVE('',#2257,#9284,#9288,.T.);
#9290=ORIENTED_EDGE('',*,*,#9289,.T.);
#9291=CARTESIAN_POINT('',(-90.007724956,-49.271149653,23.912104464));
#9292=VERTEX_POINT('',#9291);
#9293=CARTESIAN_POINT('',(-90.007724956,-49.271149653,23.912104464));
#9294=DIRECTION('',(-0.973272971,0.222455307,-0.057038228));
#9295=VECTOR('',#9294,0.502493781);
#9296=LINE('',#9293,#9295);
#9297=EDGE_CURVE('',#9292,#9284,#9296,.T.);
#9298=ORIENTED_EDGE('',*,*,#9297,.F.);
#9299=CARTESIAN_POINT('',(-89.908844545,-48.958662232,24.141395276));
#9300=VERTEX_POINT('',#9299);
#9301=CARTESIAN_POINT('',(-90.007724956,-49.271149653,23.912104464));
#9302=DIRECTION('',(0.247201027,0.781218552,0.573227029));
#9303=VECTOR('',#9302,0.4);
#9304=LINE('',#9301,#9303);
#9305=EDGE_CURVE('',#9292,#9300,#9304,.T.);
#9306=ORIENTED_EDGE('',*,*,#9305,.T.);
#9307=CARTESIAN_POINT('',(-90.261947595,-48.41720962,24.428008787));
#9308=VERTEX_POINT('',#9307);
#9309=CARTESIAN_POINT('',(-89.908844545,-48.958662232,24.141395276));
#9310=DIRECTION('',(-0.499363123,0.765729627,0.405332715));
#9311=VECTOR('',#9310,0.707106781);
#9312=LINE('',#9309,#9311);
#9313=EDGE_CURVE('',#9300,#9308,#9312,.T.);
#9314=ORIENTED_EDGE('',*,*,#9313,.T.);
#9315=CARTESIAN_POINT('',(-90.833991872,-48.236197617,24.428008783));
#9316=DIRECTION('',(0.953407128,-0.301686672,0.000000006));
#9317=VECTOR('',#9316,0.6);
#9318=LINE('',#9315,#9317);
#9319=EDGE_CURVE('',#9124,#9308,#9318,.T.);
#9320=ORIENTED_EDGE('',*,*,#9319,.F.);
#9321=ORIENTED_EDGE('',*,*,#9129,.F.);
#9322=EDGE_LOOP('',(#9280,#9281,#9282,#9290,#9298,#9306,#9314,#9320,#9321));
#9323=FACE_BOUND('',#9322,.T.);
#9324=ADVANCED_FACE('',(#9323),#9279,.T.);
#9325=OVER_RIDING_STYLED_ITEM('',(#8566),#9324,#26);
#9326=CARTESIAN_POINT('',(-90.442506287,-49.683907793,22.568714755));
#9327=DIRECTION('',(0.17293496,0.546518734,-0.819396591));
#9328=DIRECTION('',(0.953407128,-0.301686672,0.000000006));
#9329=AXIS2_PLACEMENT_3D('',#9326,#9327,#9328);
#9330=PLANE('',#9329);
#9331=ORIENTED_EDGE('',*,*,#824,.T.);
#9332=ORIENTED_EDGE('',*,*,#9143,.T.);
#9333=CARTESIAN_POINT('',(-90.600303192,-47.829151297,23.772491511));
#9334=VERTEX_POINT('',#9333);
#9335=CARTESIAN_POINT('',(-90.600303192,-47.829151297,23.772491511));
#9336=DIRECTION('',(-0.953407128,0.301686672,-0.000000006));
#9337=VECTOR('',#9336,0.099999999);
#9338=LINE('',#9335,#9337);
#9339=EDGE_CURVE('',#9334,#9132,#9338,.T.);
#9340=ORIENTED_EDGE('',*,*,#9339,.F.);
#9341=CARTESIAN_POINT('',(-90.847504219,-48.610369849,23.199264482));
#9342=VERTEX_POINT('',#9341);
#9343=CARTESIAN_POINT('',(-90.847504219,-48.610369849,23.199264482));
#9344=DIRECTION('',(0.247201027,0.781218552,0.573227029));
#9345=VECTOR('',#9344,1.);
#9346=LINE('',#9343,#9345);
#9347=EDGE_CURVE('',#9342,#9334,#9346,.T.);
#9348=ORIENTED_EDGE('',*,*,#9347,.F.);
#9349=CARTESIAN_POINT('',(-90.358440603,-48.722152257,23.227925837));
#9350=VERTEX_POINT('',#9349);
#9351=CARTESIAN_POINT('',(-90.847504219,-48.610369849,23.199264482));
#9352=DIRECTION('',(0.973272971,-0.222455307,0.057038228));
#9353=VECTOR('',#9352,0.502493781);
#9354=LINE('',#9351,#9353);
#9355=EDGE_CURVE('',#9342,#9350,#9354,.T.);
#9356=ORIENTED_EDGE('',*,*,#9355,.T.);
#9357=CARTESIAN_POINT('',(-90.687188523,-49.761079873,22.465602171));
#9358=DIRECTION('',(0.247201027,0.781218552,0.573227029));
#9359=VECTOR('',#9358,1.329880881);
#9360=LINE('',#9357,#9359);
#9361=EDGE_CURVE('',#2248,#9350,#9360,.T.);
#9362=ORIENTED_EDGE('',*,*,#9361,.F.);
#9363=ORIENTED_EDGE('',*,*,#2254,.T.);
#9364=ORIENTED_EDGE('',*,*,#2150,.T.);
#9365=EDGE_LOOP('',(#9331,#9332,#9340,#9348,#9356,#9362,#9363,#9364));
#9366=FACE_BOUND('',#9365,.T.);
#9367=ADVANCED_FACE('',(#9366),#9330,.T.);
#9368=OVER_RIDING_STYLED_ITEM('',(#8566),#9367,#26);
#9369=CARTESIAN_POINT('',(-91.659139248,-52.169753622,19.677612067));
#9370=DIRECTION('',(0.17293496,0.546518734,-0.819396591));
#9371=DIRECTION('',(-0.247201027,-0.781218552,-0.573227029));
#9372=AXIS2_PLACEMENT_3D('',#9369,#9370,#9371);
#9373=PLANE('',#9372);
#9374=ORIENTED_EDGE('',*,*,#2143,.F.);
#9375=ORIENTED_EDGE('',*,*,#2244,.F.);
#9376=CARTESIAN_POINT('',(-90.317905359,-48.262580789,22.566676293));
#9377=VERTEX_POINT('',#9376);
#9378=CARTESIAN_POINT('',(-90.653030758,-49.321662873,21.789564081));
#9379=DIRECTION('',(0.247201027,0.781218552,0.573227029));
#9380=VECTOR('',#9379,1.355679639);
#9381=LINE('',#9378,#9380);
#9382=EDGE_CURVE('',#2231,#9377,#9381,.T.);
#9383=ORIENTED_EDGE('',*,*,#9382,.T.);
#9384=CARTESIAN_POINT('',(-90.709156251,-48.173154862,22.543747209));
#9385=VERTEX_POINT('',#9384);
#9386=CARTESIAN_POINT('',(-90.709156251,-48.173154862,22.543747209));
#9387=DIRECTION('',(0.973272971,-0.222455307,0.057038228));
#9388=VECTOR('',#9387,0.401995025);
#9389=LINE('',#9386,#9388);
#9390=EDGE_CURVE('',#9385,#9377,#9389,.T.);
#9391=ORIENTED_EDGE('',*,*,#9390,.F.);
#9392=CARTESIAN_POINT('',(-90.461955224,-47.39193631,23.116974238));
#9393=VERTEX_POINT('',#9392);
#9394=CARTESIAN_POINT('',(-90.709156251,-48.173154862,22.543747209));
#9395=DIRECTION('',(0.247201027,0.781218552,0.573227029));
#9396=VECTOR('',#9395,1.);
#9397=LINE('',#9394,#9396);
#9398=EDGE_CURVE('',#9385,#9393,#9397,.T.);
#9399=ORIENTED_EDGE('',*,*,#9398,.T.);
#9400=CARTESIAN_POINT('',(-90.461955224,-47.39193631,23.116974238));
#9401=DIRECTION('',(-0.953407128,0.301686672,-0.000000006));
#9402=VECTOR('',#9401,0.1);
#9403=LINE('',#9400,#9402);
#9404=EDGE_CURVE('',#9393,#9156,#9403,.T.);
#9405=ORIENTED_EDGE('',*,*,#9404,.T.);
#9406=ORIENTED_EDGE('',*,*,#9161,.F.);
#9407=ORIENTED_EDGE('',*,*,#842,.F.);
#9408=EDGE_LOOP('',(#9374,#9375,#9383,#9391,#9399,#9405,#9406,#9407));
#9409=FACE_BOUND('',#9408,.T.);
#9410=ADVANCED_FACE('',(#9409),#9373,.F.);
#9411=OVER_RIDING_STYLED_ITEM('',(#8566),#9410,#26);
#9412=CARTESIAN_POINT('',(-91.52079128,-51.732538635,19.022094794));
#9413=DIRECTION('',(-0.17293496,-0.546518734,0.819396591));
#9414=DIRECTION('',(0.247201027,0.781218552,0.573227029));
#9415=AXIS2_PLACEMENT_3D('',#9412,#9413,#9414);
#9416=PLANE('',#9415);
#9417=ORIENTED_EDGE('',*,*,#9175,.T.);
#9418=CARTESIAN_POINT('',(-90.323607256,-46.954721323,22.461456965));
#9419=VERTEX_POINT('',#9418);
#9420=CARTESIAN_POINT('',(-90.323607256,-46.954721323,22.461456965));
#9421=DIRECTION('',(-0.953407128,0.301686672,-0.000000006));
#9422=VECTOR('',#9421,0.099999999);
#9423=LINE('',#9420,#9422);
#9424=EDGE_CURVE('',#9419,#9164,#9423,.T.);
#9425=ORIENTED_EDGE('',*,*,#9424,.F.);
#9426=CARTESIAN_POINT('',(-90.570808283,-47.735939875,21.888229937));
#9427=VERTEX_POINT('',#9426);
#9428=CARTESIAN_POINT('',(-90.570808283,-47.735939875,21.888229937));
#9429=DIRECTION('',(0.247201027,0.781218552,0.573227029));
#9430=VECTOR('',#9429,1.);
#9431=LINE('',#9428,#9430);
#9432=EDGE_CURVE('',#9427,#9419,#9431,.T.);
#9433=ORIENTED_EDGE('',*,*,#9432,.F.);
#9434=CARTESIAN_POINT('',(-90.179557391,-47.825365802,21.91115902));
#9435=VERTEX_POINT('',#9434);
#9436=CARTESIAN_POINT('',(-90.179557391,-47.825365802,21.91115902));
#9437=DIRECTION('',(-0.973272971,0.222455307,-0.057038228));
#9438=VECTOR('',#9437,0.401995025);
#9439=LINE('',#9436,#9438);
#9440=EDGE_CURVE('',#9435,#9427,#9439,.T.);
#9441=ORIENTED_EDGE('',*,*,#9440,.F.);
#9442=CARTESIAN_POINT('',(-90.521075324,-48.904649932,21.119223353));
#9443=DIRECTION('',(0.247201027,0.781218552,0.573227029));
#9444=VECTOR('',#9443,1.381539299);
#9445=LINE('',#9442,#9444);
#9446=EDGE_CURVE('',#2222,#9435,#9445,.T.);
#9447=ORIENTED_EDGE('',*,*,#9446,.F.);
#9448=ORIENTED_EDGE('',*,*,#2228,.F.);
#9449=ORIENTED_EDGE('',*,*,#2167,.F.);
#9450=ORIENTED_EDGE('',*,*,#860,.F.);
#9451=EDGE_LOOP('',(#9417,#9425,#9433,#9441,#9447,#9448,#9449,#9450));
#9452=FACE_BOUND('',#9451,.T.);
#9453=ADVANCED_FACE('',(#9452),#9416,.F.);
#9454=OVER_RIDING_STYLED_ITEM('',(#8566),#9453,#26);
#9455=CARTESIAN_POINT('',(-90.949652943,-50.590534755,17.219422295));
#9456=DIRECTION('',(-0.953407128,0.301686672,-0.000000006));
#9457=DIRECTION('',(0.247201027,0.781218552,0.573227029));
#9458=AXIS2_PLACEMENT_3D('',#9455,#9456,#9457);
#9459=PLANE('',#9458);
#9460=ORIENTED_EDGE('',*,*,#9223,.T.);
#9461=CARTESIAN_POINT('',(-89.9433967,-47.410507296,21.261374018));
#9462=DIRECTION('',(0.17293496,0.546518734,-0.819396591));
#9463=VECTOR('',#9462,0.8);
#9464=LINE('',#9461,#9463);
#9465=EDGE_CURVE('',#9241,#9212,#9464,.T.);
#9466=ORIENTED_EDGE('',*,*,#9465,.F.);
#9467=ORIENTED_EDGE('',*,*,#9246,.F.);
#9468=ORIENTED_EDGE('',*,*,#2211,.F.);
#9469=EDGE_LOOP('',(#9460,#9466,#9467,#9468));
#9470=FACE_BOUND('',#9469,.T.);
#9471=ADVANCED_FACE('',(#9470),#9459,.F.);
#9472=OVER_RIDING_STYLED_ITEM('',(#8566),#9471,#26);
#9473=CARTESIAN_POINT('',(-91.848914734,-53.432432171,21.480284568));
#9474=DIRECTION('',(0.953407128,-0.301686672,0.000000006));
#9475=DIRECTION('',(-0.247201027,-0.781218552,-0.573227029));
#9476=AXIS2_PLACEMENT_3D('',#9473,#9474,#9475);
#9477=PLANE('',#9476);
#9478=ORIENTED_EDGE('',*,*,#2263,.T.);
#9479=ORIENTED_EDGE('',*,*,#9361,.T.);
#9480=CARTESIAN_POINT('',(-90.358440603,-48.722152257,23.227925837));
#9481=DIRECTION('',(-0.17293496,-0.546518734,0.819396591));
#9482=VECTOR('',#9481,0.8);
#9483=LINE('',#9480,#9482);
#9484=EDGE_CURVE('',#9350,#9284,#9483,.T.);
#9485=ORIENTED_EDGE('',*,*,#9484,.T.);
#9486=ORIENTED_EDGE('',*,*,#9289,.F.);
#9487=EDGE_LOOP('',(#9478,#9479,#9485,#9486));
#9488=FACE_BOUND('',#9487,.T.);
#9489=ADVANCED_FACE('',(#9488),#9477,.T.);
#9490=OVER_RIDING_STYLED_ITEM('',(#8566),#9489,#26);
#9491=CARTESIAN_POINT('',(-101.241046951,-82.782504155,62.041116993));
#9492=DIRECTION('',(-0.953407128,0.301686672,-0.000000006));
#9493=DIRECTION('',(0.17293496,0.546518734,-0.819396591));
#9494=AXIS2_PLACEMENT_3D('',#9491,#9492,#9493);
#9495=PLANE('',#9494);
#9496=ORIENTED_EDGE('',*,*,#9446,.T.);
#9497=CARTESIAN_POINT('',(-90.317905359,-48.262580789,22.566676293));
#9498=DIRECTION('',(0.17293496,0.546518734,-0.819396591));
#9499=VECTOR('',#9498,0.8);
#9500=LINE('',#9497,#9499);
#9501=EDGE_CURVE('',#9377,#9435,#9500,.T.);
#9502=ORIENTED_EDGE('',*,*,#9501,.F.);
#9503=ORIENTED_EDGE('',*,*,#9382,.F.);
#9504=ORIENTED_EDGE('',*,*,#2237,.F.);
#9505=EDGE_LOOP('',(#9496,#9502,#9503,#9504));
#9506=FACE_BOUND('',#9505,.T.);
#9507=ADVANCED_FACE('',(#9506),#9495,.F.);
#9508=OVER_RIDING_STYLED_ITEM('',(#8566),#9507,#26);
#9509=CARTESIAN_POINT('',(-89.686575139,-48.25623404,22.215988579));
#9510=DIRECTION('',(-0.953407128,0.301686672,-0.000000006));
#9511=DIRECTION('',(0.247201027,0.781218552,0.573227029));
#9512=AXIS2_PLACEMENT_3D('',#9509,#9510,#9511);
#9513=PLANE('',#9512);
#9514=ORIENTED_EDGE('',*,*,#9209,.T.);
#9515=CARTESIAN_POINT('',(-89.217104706,-46.772587297,20.863808912));
#9516=DIRECTION('',(-0.17293496,-0.546518734,0.819396591));
#9517=VECTOR('',#9516,4.);
#9518=LINE('',#9515,#9517);
#9519=EDGE_CURVE('',#9196,#9300,#9518,.T.);
#9520=ORIENTED_EDGE('',*,*,#9519,.T.);
#9521=ORIENTED_EDGE('',*,*,#9305,.F.);
#9522=CARTESIAN_POINT('',(-89.315985117,-47.085074718,20.6345181));
#9523=DIRECTION('',(-0.17293496,-0.546518734,0.819396591));
#9524=VECTOR('',#9523,4.);
#9525=LINE('',#9522,#9524);
#9526=EDGE_CURVE('',#9204,#9292,#9525,.T.);
#9527=ORIENTED_EDGE('',*,*,#9526,.F.);
#9528=EDGE_LOOP('',(#9514,#9520,#9521,#9527));
#9529=FACE_BOUND('',#9528,.T.);
#9530=ADVANCED_FACE('',(#9529),#9513,.F.);
#9531=OVER_RIDING_STYLED_ITEM('',(#8566),#9530,#26);
#9532=CARTESIAN_POINT('',(-89.562974625,-47.865624765,22.502602094));
#9533=DIRECTION('',(-0.848958168,-0.339080244,-0.405332724));
#9534=DIRECTION('',(-0.17293496,-0.546518734,0.819396591));
#9535=AXIS2_PLACEMENT_3D('',#9532,#9533,#9534);
#9536=PLANE('',#9535);
#9537=ORIENTED_EDGE('',*,*,#9201,.F.);
#9538=CARTESIAN_POINT('',(-90.261947595,-48.41720962,24.428008787));
#9539=DIRECTION('',(0.17293496,0.546518734,-0.819396591));
#9540=VECTOR('',#9539,4.);
#9541=LINE('',#9538,#9540);
#9542=EDGE_CURVE('',#9308,#9188,#9541,.T.);
#9543=ORIENTED_EDGE('',*,*,#9542,.F.);
#9544=ORIENTED_EDGE('',*,*,#9313,.F.);
#9545=ORIENTED_EDGE('',*,*,#9519,.F.);
#9546=EDGE_LOOP('',(#9537,#9543,#9544,#9545));
#9547=FACE_BOUND('',#9546,.T.);
#9548=ADVANCED_FACE('',(#9547),#9536,.F.);
#9549=OVER_RIDING_STYLED_ITEM('',(#8566),#9548,#26);
#9550=CARTESIAN_POINT('',(-91.820213509,-51.684379264,69.60041962));
#9551=DIRECTION('',(-0.953407128,0.301686672,-0.000000006));
#9552=DIRECTION('',(0.17293496,0.546518734,-0.819396591));
#9553=AXIS2_PLACEMENT_3D('',#9550,#9551,#9552);
#9554=PLANE('',#9553);
#9555=CARTESIAN_POINT('',(-90.570808283,-47.735939875,21.888229937));
#9556=DIRECTION('',(0.17293496,0.546518734,-0.819396591));
#9557=VECTOR('',#9556,0.8);
#9558=LINE('',#9555,#9557);
#9559=EDGE_CURVE('',#9427,#9249,#9558,.T.);
#9560=ORIENTED_EDGE('',*,*,#9559,.F.);
#9561=ORIENTED_EDGE('',*,*,#9432,.T.);
#9562=CARTESIAN_POINT('',(-90.323607256,-46.954721323,22.461456965));
#9563=DIRECTION('',(0.17293496,0.546518734,-0.819396591));
#9564=VECTOR('',#9563,0.8);
#9565=LINE('',#9562,#9564);
#9566=EDGE_CURVE('',#9419,#9257,#9565,.T.);
#9567=ORIENTED_EDGE('',*,*,#9566,.T.);
#9568=ORIENTED_EDGE('',*,*,#9262,.F.);
#9569=EDGE_LOOP('',(#9560,#9561,#9567,#9568));
#9570=FACE_BOUND('',#9569,.T.);
#9571=ADVANCED_FACE('',(#9570),#9554,.T.);
#9572=OVER_RIDING_STYLED_ITEM('',(#8566),#9571,#26);
#9573=CARTESIAN_POINT('',(-63.056227727,-108.379795638,100.438742048));
#9574=DIRECTION('',(0.15110666,0.807360459,0.570382212));
#9575=DIRECTION('',(-0.17293496,-0.546518734,0.819396591));
#9576=AXIS2_PLACEMENT_3D('',#9573,#9574,#9575);
#9577=PLANE('',#9576);
#9578=ORIENTED_EDGE('',*,*,#9355,.F.);
#9579=CARTESIAN_POINT('',(-90.847504219,-48.610369849,23.199264482));
#9580=DIRECTION('',(0.17293496,0.546518734,-0.819396591));
#9581=VECTOR('',#9580,0.8);
#9582=LINE('',#9579,#9581);
#9583=EDGE_CURVE('',#9342,#9385,#9582,.T.);
#9584=ORIENTED_EDGE('',*,*,#9583,.T.);
#9585=ORIENTED_EDGE('',*,*,#9390,.T.);
#9586=ORIENTED_EDGE('',*,*,#9501,.T.);
#9587=ORIENTED_EDGE('',*,*,#9440,.T.);
#9588=ORIENTED_EDGE('',*,*,#9559,.T.);
#9589=ORIENTED_EDGE('',*,*,#9254,.T.);
#9590=ORIENTED_EDGE('',*,*,#9465,.T.);
#9591=ORIENTED_EDGE('',*,*,#9217,.T.);
#9592=ORIENTED_EDGE('',*,*,#9526,.T.);
#9593=ORIENTED_EDGE('',*,*,#9297,.T.);
#9594=ORIENTED_EDGE('',*,*,#9484,.F.);
#9595=EDGE_LOOP('',(#9578,#9584,#9585,#9586,#9587,#9588,#9589,#9590,#9591,#9592,#9593,#9594));
#9596=FACE_BOUND('',#9595,.T.);
#9597=ADVANCED_FACE('',(#9596),#9577,.F.);
#9598=OVER_RIDING_STYLED_ITEM('',(#8566),#9597,#26);
#9599=CARTESIAN_POINT('',(-91.820213509,-51.684379264,69.60041962));
#9600=DIRECTION('',(-0.953407128,0.301686672,-0.000000006));
#9601=DIRECTION('',(0.17293496,0.546518734,-0.819396591));
#9602=AXIS2_PLACEMENT_3D('',#9599,#9600,#9601);
#9603=PLANE('',#9602);
#9604=ORIENTED_EDGE('',*,*,#9583,.F.);
#9605=ORIENTED_EDGE('',*,*,#9347,.T.);
#9606=CARTESIAN_POINT('',(-90.600303192,-47.829151297,23.772491511));
#9607=DIRECTION('',(0.17293496,0.546518734,-0.819396591));
#9608=VECTOR('',#9607,0.8);
#9609=LINE('',#9606,#9608);
#9610=EDGE_CURVE('',#9334,#9393,#9609,.T.);
#9611=ORIENTED_EDGE('',*,*,#9610,.T.);
#9612=ORIENTED_EDGE('',*,*,#9398,.F.);
#9613=EDGE_LOOP('',(#9604,#9605,#9611,#9612));
#9614=FACE_BOUND('',#9613,.T.);
#9615=ADVANCED_FACE('',(#9614),#9603,.T.);
#9616=OVER_RIDING_STYLED_ITEM('',(#8566),#9615,#26);
#9617=CARTESIAN_POINT('',(-46.856967848,-85.641817721,56.441151803));
#9618=DIRECTION('',(-0.247201027,-0.781218552,-0.573227029));
#9619=DIRECTION('',(0.17293496,0.546518734,-0.819396591));
#9620=AXIS2_PLACEMENT_3D('',#9617,#9618,#9619);
#9621=PLANE('',#9620);
#9622=ORIENTED_EDGE('',*,*,#9319,.T.);
#9623=ORIENTED_EDGE('',*,*,#9542,.T.);
#9624=ORIENTED_EDGE('',*,*,#9193,.F.);
#9625=ORIENTED_EDGE('',*,*,#9105,.F.);
#9626=ORIENTED_EDGE('',*,*,#9268,.F.);
#9627=ORIENTED_EDGE('',*,*,#9566,.F.);
#9628=ORIENTED_EDGE('',*,*,#9424,.T.);
#9629=ORIENTED_EDGE('',*,*,#9169,.F.);
#9630=ORIENTED_EDGE('',*,*,#9404,.F.);
#9631=ORIENTED_EDGE('',*,*,#9610,.F.);
#9632=ORIENTED_EDGE('',*,*,#9339,.T.);
#9633=ORIENTED_EDGE('',*,*,#9137,.F.);
#9634=EDGE_LOOP('',(#9622,#9623,#9624,#9625,#9626,#9627,#9628,#9629,#9630,#9631,#9632,#9633));
#9635=FACE_BOUND('',#9634,.T.);
#9636=ADVANCED_FACE('',(#9635),#9621,.F.);
#9637=OVER_RIDING_STYLED_ITEM('',(#8566),#9636,#26);
#9638=CARTESIAN_POINT('',(-119.055061753,-35.276230695,31.055910271));
#9639=DIRECTION('',(-0.33306376,0.942866295,0.008466462));
#9640=DIRECTION('',(0.94289863,0.333079487,-0.000479414));
#9641=AXIS2_PLACEMENT_3D('',#9638,#9639,#9640);
#9642=PLANE('',#9641);
#9643=ORIENTED_EDGE('',*,*,#1499,.T.);
#9644=CARTESIAN_POINT('',(-113.398978787,-33.274624438,30.65304817));
#9645=VERTEX_POINT('',#9644);
#9646=CARTESIAN_POINT('',(-114.931650672,-33.814947285,30.531951637));
#9647=DIRECTION('',(0.940502578,0.331561527,0.074309187));
#9648=VECTOR('',#9647,1.629630712);
#9649=LINE('',#9646,#9648);
#9650=EDGE_CURVE('',#1486,#9645,#9649,.T.);
#9651=ORIENTED_EDGE('',*,*,#9650,.T.);
#9652=CARTESIAN_POINT('',(-113.39701557,-33.279318442,31.253026595));
#9653=VERTEX_POINT('',#9652);
#9654=CARTESIAN_POINT('',(-113.398978787,-33.274624438,30.65304817));
#9655=DIRECTION('',(0.003272028,-0.00782334,0.999964044));
#9656=VECTOR('',#9655,0.599999999);
#9657=LINE('',#9654,#9656);
#9658=EDGE_CURVE('',#9645,#9653,#9657,.T.);
#9659=ORIENTED_EDGE('',*,*,#9658,.T.);
#9660=CARTESIAN_POINT('',(-113.866828871,-33.449769855,31.753248324));
#9661=VERTEX_POINT('',#9660);
#9662=CARTESIAN_POINT('',(-113.39701557,-33.279318442,31.253026595));
#9663=DIRECTION('',(-0.664416341,-0.241054701,0.707420353));
#9664=VECTOR('',#9663,0.707106781);
#9665=LINE('',#9662,#9664);
#9666=EDGE_CURVE('',#9653,#9661,#9665,.T.);
#9667=ORIENTED_EDGE('',*,*,#9666,.T.);
#9668=CARTESIAN_POINT('',(-114.243988323,-33.58300165,31.75344009));
#9669=VERTEX_POINT('',#9668);
#9670=CARTESIAN_POINT('',(-114.243988323,-33.58300165,31.75344009));
#9671=DIRECTION('',(0.94289863,0.333079487,-0.000479414));
#9672=VECTOR('',#9671,0.4);
#9673=LINE('',#9670,#9672);
#9674=EDGE_CURVE('',#9669,#9661,#9673,.T.);
#9675=ORIENTED_EDGE('',*,*,#9674,.F.);
#9676=CARTESIAN_POINT('',(-114.292769268,-33.595743954,31.253482039));
#9677=VERTEX_POINT('',#9676);
#9678=CARTESIAN_POINT('',(-114.292769268,-33.595743954,31.253482039));
#9679=DIRECTION('',(0.09707771,0.025358133,0.994953709));
#9680=VECTOR('',#9679,0.502493781);
#9681=LINE('',#9678,#9680);
#9682=EDGE_CURVE('',#9677,#9669,#9681,.T.);
#9683=ORIENTED_EDGE('',*,*,#9682,.F.);
#9684=CARTESIAN_POINT('',(-115.090202188,-33.877437595,31.253887491));
#9685=DIRECTION('',(0.94289863,0.333079487,-0.000479414));
#9686=VECTOR('',#9685,0.845724975);
#9687=LINE('',#9684,#9686);
#9688=EDGE_CURVE('',#1630,#9677,#9687,.T.);
#9689=ORIENTED_EDGE('',*,*,#9688,.F.);
#9690=ORIENTED_EDGE('',*,*,#1840,.T.);
#9691=ORIENTED_EDGE('',*,*,#1917,.T.);
#9692=EDGE_LOOP('',(#9643,#9651,#9659,#9667,#9675,#9683,#9689,#9690,#9691));
#9693=FACE_BOUND('',#9692,.T.);
#9694=ADVANCED_FACE('',(#9693),#9642,.F.);
#9695=OVER_RIDING_STYLED_ITEM('',(#8566),#9694,#26);
#9696=CARTESIAN_POINT('',(-115.642866574,-33.226135229,31.470798984));
#9697=DIRECTION('',(-0.33306376,0.942866295,0.008466462));
#9698=DIRECTION('',(-0.003272028,0.00782334,-0.999964044));
#9699=AXIS2_PLACEMENT_3D('',#9696,#9697,#9698);
#9700=PLANE('',#9699);
#9701=ORIENTED_EDGE('',*,*,#2039,.F.);
#9702=ORIENTED_EDGE('',*,*,#1645,.F.);
#9703=CARTESIAN_POINT('',(-114.559220276,-32.841450918,31.260255209));
#9704=VERTEX_POINT('',#9703);
#9705=CARTESIAN_POINT('',(-115.394437635,-33.136491934,31.260679872));
#9706=DIRECTION('',(0.94289863,0.333079487,-0.000479414));
#9707=VECTOR('',#9706,0.885797617);
#9708=LINE('',#9705,#9707);
#9709=EDGE_CURVE('',#1628,#9704,#9708,.T.);
#9710=ORIENTED_EDGE('',*,*,#9709,.T.);
#9711=CARTESIAN_POINT('',(-114.608001222,-32.854193222,30.760297157));
#9712=VERTEX_POINT('',#9711);
#9713=CARTESIAN_POINT('',(-114.608001222,-32.854193222,30.760297157));
#9714=DIRECTION('',(0.09707771,0.025358133,0.994953709));
#9715=VECTOR('',#9714,0.502493781);
#9716=LINE('',#9713,#9715);
#9717=EDGE_CURVE('',#9712,#9704,#9716,.T.);
#9718=ORIENTED_EDGE('',*,*,#9717,.F.);
#9719=CARTESIAN_POINT('',(-113.665102592,-32.521113735,30.759817743));
#9720=VERTEX_POINT('',#9719);
#9721=CARTESIAN_POINT('',(-114.608001222,-32.854193222,30.760297157));
#9722=DIRECTION('',(0.94289863,0.333079487,-0.000479414));
#9723=VECTOR('',#9722,1.);
#9724=LINE('',#9721,#9723);
#9725=EDGE_CURVE('',#9712,#9720,#9724,.T.);
#9726=ORIENTED_EDGE('',*,*,#9725,.T.);
#9727=CARTESIAN_POINT('',(-113.665429795,-32.520331401,30.659821339));
#9728=VERTEX_POINT('',#9727);
#9729=CARTESIAN_POINT('',(-113.665102592,-32.521113735,30.759817743));
#9730=DIRECTION('',(-0.003272028,0.00782334,-0.999964044));
#9731=VECTOR('',#9730,0.1);
#9732=LINE('',#9729,#9731);
#9733=EDGE_CURVE('',#9720,#9728,#9732,.T.);
#9734=ORIENTED_EDGE('',*,*,#9733,.T.);
#9735=CARTESIAN_POINT('',(-115.245322873,-33.077301445,30.534993854));
#9736=DIRECTION('',(0.940502578,0.331561527,0.074309188));
#9737=VECTOR('',#9736,1.67983918);
#9738=LINE('',#9735,#9737);
#9739=EDGE_CURVE('',#1477,#9728,#9738,.T.);
#9740=ORIENTED_EDGE('',*,*,#9739,.F.);
#9741=ORIENTED_EDGE('',*,*,#1483,.F.);
#9742=EDGE_LOOP('',(#9701,#9702,#9710,#9718,#9726,#9734,#9740,#9741));
#9743=FACE_BOUND('',#9742,.T.);
#9744=ADVANCED_FACE('',(#9743),#9700,.T.);
#9745=OVER_RIDING_STYLED_ITEM('',(#8566),#9744,#26);
#9746=CARTESIAN_POINT('',(-120.387316793,-31.504765514,31.089776121));
#9747=DIRECTION('',(-0.33306376,0.942866295,0.008466462));
#9748=DIRECTION('',(0.94289863,0.333079487,-0.000479414));
#9749=AXIS2_PLACEMENT_3D('',#9746,#9747,#9748);
#9750=PLANE('',#9749);
#9751=ORIENTED_EDGE('',*,*,#1968,.F.);
#9752=ORIENTED_EDGE('',*,*,#1725,.F.);
#9753=CARTESIAN_POINT('',(-115.625024308,-29.824278773,31.287347888));
#9754=VERTEX_POINT('',#9753);
#9755=CARTESIAN_POINT('',(-116.436224174,-30.110835595,31.287760341));
#9756=DIRECTION('',(0.94289863,0.333079487,-0.000479414));
#9757=VECTOR('',#9756,0.860325639);
#9758=LINE('',#9755,#9757);
#9759=EDGE_CURVE('',#1710,#9754,#9758,.T.);
#9760=ORIENTED_EDGE('',*,*,#9759,.T.);
#9761=CARTESIAN_POINT('',(-115.576243363,-29.811536469,31.78730594));
#9762=VERTEX_POINT('',#9761);
#9763=CARTESIAN_POINT('',(-115.576243363,-29.811536469,31.78730594));
#9764=DIRECTION('',(-0.09707771,-0.025358133,-0.994953709));
#9765=VECTOR('',#9764,0.502493781);
#9766=LINE('',#9763,#9765);
#9767=EDGE_CURVE('',#9762,#9754,#9766,.T.);
#9768=ORIENTED_EDGE('',*,*,#9767,.F.);
#9769=CARTESIAN_POINT('',(-115.199083911,-29.678304674,31.787114174));
#9770=VERTEX_POINT('',#9769);
#9771=CARTESIAN_POINT('',(-115.576243363,-29.811536469,31.78730594));
#9772=DIRECTION('',(0.94289863,0.333079487,-0.000479414));
#9773=VECTOR('',#9772,0.4);
#9774=LINE('',#9771,#9773);
#9775=EDGE_CURVE('',#9762,#9770,#9774,.T.);
#9776=ORIENTED_EDGE('',*,*,#9775,.T.);
#9777=CARTESIAN_POINT('',(-114.72927061,-29.507853261,31.286892445));
#9778=VERTEX_POINT('',#9777);
#9779=CARTESIAN_POINT('',(-115.199083911,-29.678304674,31.787114174));
#9780=DIRECTION('',(0.664416341,0.241054701,-0.707420353));
#9781=VECTOR('',#9780,0.707106781);
#9782=LINE('',#9779,#9781);
#9783=EDGE_CURVE('',#9770,#9778,#9782,.T.);
#9784=ORIENTED_EDGE('',*,*,#9783,.T.);
#9785=CARTESIAN_POINT('',(-114.731233827,-29.503159256,30.686914019));
#9786=VERTEX_POINT('',#9785);
#9787=CARTESIAN_POINT('',(-114.731233827,-29.503159256,30.686914019));
#9788=DIRECTION('',(0.003272028,-0.00782334,0.999964044));
#9789=VECTOR('',#9788,0.6);
#9790=LINE('',#9787,#9789);
#9791=EDGE_CURVE('',#9786,#9778,#9790,.T.);
#9792=ORIENTED_EDGE('',*,*,#9791,.F.);
#9793=CARTESIAN_POINT('',(-116.322565653,-30.064161877,30.561182757));
#9794=DIRECTION('',(0.940502578,0.331561527,0.074309188));
#9795=VECTOR('',#9794,1.692001558);
#9796=LINE('',#9793,#9795);
#9797=EDGE_CURVE('',#1405,#9786,#9796,.T.);
#9798=ORIENTED_EDGE('',*,*,#9797,.F.);
#9799=ORIENTED_EDGE('',*,*,#1411,.F.);
#9800=EDGE_LOOP('',(#9751,#9752,#9760,#9768,#9776,#9784,#9792,#9798,#9799));
#9801=FACE_BOUND('',#9800,.T.);
#9802=ADVANCED_FACE('',(#9801),#9750,.T.);
#9803=OVER_RIDING_STYLED_ITEM('',(#8566),#9802,#26);
#9804=CARTESIAN_POINT('',(-116.442219598,-30.963256121,31.491118494));
#9805=DIRECTION('',(0.33306376,-0.942866295,-0.008466462));
#9806=DIRECTION('',(0.003272028,-0.00782334,0.999964044));
#9807=AXIS2_PLACEMENT_3D('',#9804,#9805,#9806);
#9808=PLANE('',#9807);
#9809=CARTESIAN_POINT('',(-114.464782819,-30.257452293,30.68014085));
#9810=VERTEX_POINT('',#9809);
#9811=CARTESIAN_POINT('',(-116.070907888,-30.823670072,30.553240775));
#9812=DIRECTION('',(0.940502578,0.331561527,0.074309187));
#9813=VECTOR('',#9812,1.70773064);
#9814=LINE('',#9811,#9813);
#9815=EDGE_CURVE('',#1414,#9810,#9814,.T.);
#9816=ORIENTED_EDGE('',*,*,#9815,.T.);
#9817=CARTESIAN_POINT('',(-114.464455616,-30.258234627,30.780137253));
#9818=VERTEX_POINT('',#9817);
#9819=CARTESIAN_POINT('',(-114.464455616,-30.258234627,30.780137253));
#9820=DIRECTION('',(-0.003272028,0.00782334,-0.999964044));
#9821=VECTOR('',#9820,0.099999999);
#9822=LINE('',#9819,#9821);
#9823=EDGE_CURVE('',#9818,#9810,#9822,.T.);
#9824=ORIENTED_EDGE('',*,*,#9823,.F.);
#9825=CARTESIAN_POINT('',(-115.407354246,-30.591314113,30.780616667));
#9826=VERTEX_POINT('',#9825);
#9827=CARTESIAN_POINT('',(-115.407354246,-30.591314113,30.780616667));
#9828=DIRECTION('',(0.94289863,0.333079487,-0.000479414));
#9829=VECTOR('',#9828,1.);
#9830=LINE('',#9827,#9829);
#9831=EDGE_CURVE('',#9826,#9818,#9830,.T.);
#9832=ORIENTED_EDGE('',*,*,#9831,.F.);
#9833=CARTESIAN_POINT('',(-115.3585733,-30.578571809,31.280574718));
#9834=VERTEX_POINT('',#9833);
#9835=CARTESIAN_POINT('',(-115.407354246,-30.591314113,30.780616667));
#9836=DIRECTION('',(0.09707771,0.025358133,0.994953709));
#9837=VECTOR('',#9836,0.502493781);
#9838=LINE('',#9835,#9837);
#9839=EDGE_CURVE('',#9826,#9834,#9838,.T.);
#9840=ORIENTED_EDGE('',*,*,#9839,.T.);
#9841=CARTESIAN_POINT('',(-116.19277195,-30.873252965,31.280998864));
#9842=DIRECTION('',(0.94289863,0.333079487,-0.000479414));
#9843=VECTOR('',#9842,0.884717215);
#9844=LINE('',#9841,#9843);
#9845=EDGE_CURVE('',#1701,#9834,#9844,.T.);
#9846=ORIENTED_EDGE('',*,*,#9845,.F.);
#9847=ORIENTED_EDGE('',*,*,#1707,.F.);
#9848=ORIENTED_EDGE('',*,*,#2007,.F.);
#9849=ORIENTED_EDGE('',*,*,#1429,.F.);
#9850=EDGE_LOOP('',(#9816,#9824,#9832,#9840,#9846,#9847,#9848,#9849));
#9851=FACE_BOUND('',#9850,.T.);
#9852=ADVANCED_FACE('',(#9851),#9808,.T.);
#9853=OVER_RIDING_STYLED_ITEM('',(#8566),#9852,#26);
#9854=CARTESIAN_POINT('',(-119.854414777,-33.013351586,31.076229781));
#9855=DIRECTION('',(0.33306376,-0.942866295,-0.008466462));
#9856=DIRECTION('',(-0.94289863,-0.333079487,0.000479414));
#9857=AXIS2_PLACEMENT_3D('',#9854,#9855,#9856);
#9858=PLANE('',#9857);
#9859=ORIENTED_EDGE('',*,*,#1447,.T.);
#9860=ORIENTED_EDGE('',*,*,#2015,.T.);
#9861=ORIENTED_EDGE('',*,*,#1683,.T.);
#9862=CARTESIAN_POINT('',(-115.101878481,-31.335413306,31.173809938));
#9863=VERTEX_POINT('',#9862);
#9864=CARTESIAN_POINT('',(-115.950855669,-31.63531499,31.174241598));
#9865=DIRECTION('',(0.94289863,0.333079487,-0.000479414));
#9866=VECTOR('',#9865,0.900390733);
#9867=LINE('',#9864,#9866);
#9868=EDGE_CURVE('',#1668,#9863,#9867,.T.);
#9869=ORIENTED_EDGE('',*,*,#9868,.T.);
#9870=CARTESIAN_POINT('',(-115.140903238,-31.34560715,30.773843497));
#9871=VERTEX_POINT('',#9870);
#9872=CARTESIAN_POINT('',(-115.140903238,-31.34560715,30.773843497));
#9873=DIRECTION('',(0.09707771,0.025358133,0.994953709));
#9874=VECTOR('',#9873,0.401995025);
#9875=LINE('',#9872,#9874);
#9876=EDGE_CURVE('',#9871,#9863,#9875,.T.);
#9877=ORIENTED_EDGE('',*,*,#9876,.F.);
#9878=CARTESIAN_POINT('',(-114.198004608,-31.012527663,30.773364083));
#9879=VERTEX_POINT('',#9878);
#9880=CARTESIAN_POINT('',(-115.140903238,-31.34560715,30.773843497));
#9881=DIRECTION('',(0.94289863,0.333079487,-0.000479414));
#9882=VECTOR('',#9881,1.);
#9883=LINE('',#9880,#9882);
#9884=EDGE_CURVE('',#9871,#9879,#9883,.T.);
#9885=ORIENTED_EDGE('',*,*,#9884,.T.);
#9886=CARTESIAN_POINT('',(-114.198331811,-31.011745329,30.673367679));
#9887=VERTEX_POINT('',#9886);
#9888=CARTESIAN_POINT('',(-114.198004608,-31.012527663,30.773364083));
#9889=DIRECTION('',(-0.003272028,0.00782334,-0.999964044));
#9890=VECTOR('',#9889,0.1);
#9891=LINE('',#9888,#9890);
#9892=EDGE_CURVE('',#9879,#9887,#9891,.T.);
#9893=ORIENTED_EDGE('',*,*,#9892,.T.);
#9894=CARTESIAN_POINT('',(-115.811030458,-31.580280534,30.545948223));
#9895=DIRECTION('',(0.940502578,0.331561527,0.074309188));
#9896=VECTOR('',#9895,1.714720071);
#9897=LINE('',#9894,#9896);
#9898=EDGE_CURVE('',#1441,#9887,#9897,.T.);
#9899=ORIENTED_EDGE('',*,*,#9898,.F.);
#9900=EDGE_LOOP('',(#9859,#9860,#9861,#9869,#9877,#9885,#9893,#9899));
#9901=FACE_BOUND('',#9900,.T.);
#9902=ADVANCED_FACE('',(#9901),#9858,.F.);
#9903=OVER_RIDING_STYLED_ITEM('',(#8566),#9902,#26);
#9904=CARTESIAN_POINT('',(-119.587963769,-33.767644622,31.069456611));
#9905=DIRECTION('',(-0.33306376,0.942866295,0.008466462));
#9906=DIRECTION('',(0.94289863,0.333079487,-0.000479414));
#9907=AXIS2_PLACEMENT_3D('',#9904,#9905,#9906);
#9908=PLANE('',#9907);
#9909=ORIENTED_EDGE('',*,*,#1465,.T.);
#9910=CARTESIAN_POINT('',(-113.931880803,-31.766038365,30.66659451));
#9911=VERTEX_POINT('',#9910);
#9912=CARTESIAN_POINT('',(-115.539074532,-32.332632886,30.53961));
#9913=DIRECTION('',(0.940502578,0.331561527,0.074309187));
#9914=VECTOR('',#9913,1.708866904);
#9915=LINE('',#9912,#9914);
#9916=EDGE_CURVE('',#1450,#9911,#9915,.T.);
#9917=ORIENTED_EDGE('',*,*,#9916,.T.);
#9918=CARTESIAN_POINT('',(-113.9315536,-31.766820699,30.766590913));
#9919=VERTEX_POINT('',#9918);
#9920=CARTESIAN_POINT('',(-113.9315536,-31.766820699,30.766590913));
#9921=DIRECTION('',(-0.003272028,0.00782334,-0.999964044));
#9922=VECTOR('',#9921,0.099999999);
#9923=LINE('',#9920,#9922);
#9924=EDGE_CURVE('',#9919,#9911,#9923,.T.);
#9925=ORIENTED_EDGE('',*,*,#9924,.F.);
#9926=CARTESIAN_POINT('',(-114.87445223,-32.099900186,30.767070327));
#9927=VERTEX_POINT('',#9926);
#9928=CARTESIAN_POINT('',(-114.87445223,-32.099900186,30.767070327));
#9929=DIRECTION('',(0.94289863,0.333079487,-0.000479414));
#9930=VECTOR('',#9929,1.);
#9931=LINE('',#9928,#9930);
#9932=EDGE_CURVE('',#9927,#9919,#9931,.T.);
#9933=ORIENTED_EDGE('',*,*,#9932,.F.);
#9934=CARTESIAN_POINT('',(-114.835427473,-32.089706343,31.167036768));
#9935=VERTEX_POINT('',#9934);
#9936=CARTESIAN_POINT('',(-114.835427473,-32.089706343,31.167036768));
#9937=DIRECTION('',(-0.09707771,-0.025358133,-0.994953709));
#9938=VECTOR('',#9937,0.401995025);
#9939=LINE('',#9936,#9938);
#9940=EDGE_CURVE('',#9935,#9927,#9939,.T.);
#9941=ORIENTED_EDGE('',*,*,#9940,.F.);
#9942=CARTESIAN_POINT('',(-115.688020269,-32.390885241,31.167470267));
#9943=DIRECTION('',(0.94289863,0.333079487,-0.000479414));
#9944=VECTOR('',#9943,0.9042253);
#9945=LINE('',#9942,#9944);
#9946=EDGE_CURVE('',#1659,#9935,#9945,.T.);
#9947=ORIENTED_EDGE('',*,*,#9946,.F.);
#9948=ORIENTED_EDGE('',*,*,#1665,.T.);
#9949=ORIENTED_EDGE('',*,*,#2047,.T.);
#9950=EDGE_LOOP('',(#9909,#9917,#9925,#9933,#9941,#9947,#9948,#9949));
#9951=FACE_BOUND('',#9950,.T.);
#9952=ADVANCED_FACE('',(#9951),#9908,.F.);
#9953=OVER_RIDING_STYLED_ITEM('',(#8566),#9952,#26);
#9954=CARTESIAN_POINT('',(-115.004405706,-31.730577008,31.770420956));
#9955=DIRECTION('',(-0.003272028,0.00782334,-0.999964044));
#9956=DIRECTION('',(0.94289863,0.333079487,-0.000479414));
#9957=AXIS2_PLACEMENT_3D('',#9954,#9955,#9956);
#9958=PLANE('',#9957);
#9959=ORIENTED_EDGE('',*,*,#9674,.T.);
#9960=CARTESIAN_POINT('',(-113.866828871,-33.449769855,31.753248324));
#9961=DIRECTION('',(-0.33306376,0.942866295,0.008466462));
#9962=VECTOR('',#9961,4.);
#9963=LINE('',#9960,#9962);
#9964=EDGE_CURVE('',#9661,#9770,#9963,.T.);
#9965=ORIENTED_EDGE('',*,*,#9964,.T.);
#9966=ORIENTED_EDGE('',*,*,#9775,.F.);
#9967=CARTESIAN_POINT('',(-114.243988323,-33.58300165,31.75344009));
#9968=DIRECTION('',(-0.33306376,0.942866295,0.008466462));
#9969=VECTOR('',#9968,4.);
#9970=LINE('',#9967,#9969);
#9971=EDGE_CURVE('',#9669,#9762,#9970,.T.);
#9972=ORIENTED_EDGE('',*,*,#9971,.F.);
#9973=EDGE_LOOP('',(#9959,#9965,#9966,#9972));
#9974=FACE_BOUND('',#9973,.T.);
#9975=ADVANCED_FACE('',(#9974),#9958,.F.);
#9976=OVER_RIDING_STYLED_ITEM('',(#8566),#9975,#26);
#9977=CARTESIAN_POINT('',(-114.532956391,-31.564037265,31.770181249));
#9978=DIRECTION('',(-0.669043688,-0.229990827,-0.706742359));
#9979=DIRECTION('',(-0.33306376,0.942866295,0.008466462));
#9980=AXIS2_PLACEMENT_3D('',#9977,#9978,#9979);
#9981=PLANE('',#9980);
#9982=ORIENTED_EDGE('',*,*,#9666,.F.);
#9983=CARTESIAN_POINT('',(-114.72927061,-29.507853261,31.286892445));
#9984=DIRECTION('',(0.33306376,-0.942866295,-0.008466462));
#9985=VECTOR('',#9984,4.);
#9986=LINE('',#9983,#9985);
#9987=EDGE_CURVE('',#9778,#9653,#9986,.T.);
#9988=ORIENTED_EDGE('',*,*,#9987,.F.);
#9989=ORIENTED_EDGE('',*,*,#9783,.F.);
#9990=ORIENTED_EDGE('',*,*,#9964,.F.);
#9991=EDGE_LOOP('',(#9982,#9988,#9989,#9990));
#9992=FACE_BOUND('',#9991,.T.);
#9993=ADVANCED_FACE('',(#9992),#9981,.F.);
#9994=OVER_RIDING_STYLED_ITEM('',(#8566),#9993,#26);
#9995=CARTESIAN_POINT('',(-106.097807885,14.97938835,31.106682408));
#9996=DIRECTION('',(-0.003272028,0.00782334,-0.999964044));
#9997=DIRECTION('',(0.33306376,-0.942866295,-0.008466462));
#9998=AXIS2_PLACEMENT_3D('',#9995,#9996,#9997);
#9999=PLANE('',#9998);
#10000=CARTESIAN_POINT('',(-114.87445223,-32.099900186,30.767070327));
#10001=DIRECTION('',(0.33306376,-0.942866295,-0.008466462));
#10002=VECTOR('',#10001,0.8);
#10003=LINE('',#10000,#10002);
#10004=EDGE_CURVE('',#9927,#9712,#10003,.T.);
#10005=ORIENTED_EDGE('',*,*,#10004,.F.);
#10006=ORIENTED_EDGE('',*,*,#9932,.T.);
#10007=CARTESIAN_POINT('',(-113.9315536,-31.766820699,30.766590913));
#10008=DIRECTION('',(0.33306376,-0.942866295,-0.008466462));
#10009=VECTOR('',#10008,0.8);
#10010=LINE('',#10007,#10009);
#10011=EDGE_CURVE('',#9919,#9720,#10010,.T.);
#10012=ORIENTED_EDGE('',*,*,#10011,.T.);
#10013=ORIENTED_EDGE('',*,*,#9725,.F.);
#10014=EDGE_LOOP('',(#10005,#10006,#10012,#10013));
#10015=FACE_BOUND('',#10014,.T.);
#10016=ADVANCED_FACE('',(#10015),#9999,.T.);
#10017=OVER_RIDING_STYLED_ITEM('',(#8566),#10016,#26);
#10018=CARTESIAN_POINT('',(-141.42147383,56.484589611,76.076629469));
#10019=DIRECTION('',(0.937893624,0.332204928,-0.099977176));
#10020=DIRECTION('',(-0.33306376,0.942866295,0.008466462));
#10021=AXIS2_PLACEMENT_3D('',#10018,#10019,#10020);
#10022=PLANE('',#10021);
#10023=ORIENTED_EDGE('',*,*,#9839,.F.);
#10024=CARTESIAN_POINT('',(-115.407354246,-30.591314113,30.780616667));
#10025=DIRECTION('',(0.33306376,-0.942866295,-0.008466462));
#10026=VECTOR('',#10025,0.8);
#10027=LINE('',#10024,#10026);
#10028=EDGE_CURVE('',#9826,#9871,#10027,.T.);
#10029=ORIENTED_EDGE('',*,*,#10028,.T.);
#10030=ORIENTED_EDGE('',*,*,#9876,.T.);
#10031=CARTESIAN_POINT('',(-115.101878481,-31.335413306,31.173809938));
#10032=DIRECTION('',(0.33306376,-0.942866295,-0.008466462));
#10033=VECTOR('',#10032,0.8);
#10034=LINE('',#10031,#10033);
#10035=EDGE_CURVE('',#9863,#9935,#10034,.T.);
#10036=ORIENTED_EDGE('',*,*,#10035,.T.);
#10037=ORIENTED_EDGE('',*,*,#9940,.T.);
#10038=ORIENTED_EDGE('',*,*,#10004,.T.);
#10039=ORIENTED_EDGE('',*,*,#9717,.T.);
#10040=CARTESIAN_POINT('',(-114.559220276,-32.841450918,31.260255209));
#10041=DIRECTION('',(0.33306376,-0.942866295,-0.008466462));
#10042=VECTOR('',#10041,0.8);
#10043=LINE('',#10040,#10042);
#10044=EDGE_CURVE('',#9704,#9677,#10043,.T.);
#10045=ORIENTED_EDGE('',*,*,#10044,.T.);
#10046=ORIENTED_EDGE('',*,*,#9682,.T.);
#10047=ORIENTED_EDGE('',*,*,#9971,.T.);
#10048=ORIENTED_EDGE('',*,*,#9767,.T.);
#10049=CARTESIAN_POINT('',(-115.3585733,-30.578571809,31.280574718));
#10050=DIRECTION('',(-0.33306376,0.942866295,0.008466462));
#10051=VECTOR('',#10050,0.8);
#10052=LINE('',#10049,#10051);
#10053=EDGE_CURVE('',#9834,#9754,#10052,.T.);
#10054=ORIENTED_EDGE('',*,*,#10053,.F.);
#10055=EDGE_LOOP('',(#10023,#10029,#10030,#10036,#10037,#10038,#10039,#10045,#10046,#10047,#10048,#10054));
#10056=FACE_BOUND('',#10055,.T.);
#10057=ADVANCED_FACE('',(#10056),#10022,.F.);
#10058=OVER_RIDING_STYLED_ITEM('',(#8566),#10057,#26);
#10059=CARTESIAN_POINT('',(-106.097807885,14.97938835,31.106682408));
#10060=DIRECTION('',(-0.003272028,0.00782334,-0.999964044));
#10061=DIRECTION('',(0.33306376,-0.942866295,-0.008466462));
#10062=AXIS2_PLACEMENT_3D('',#10059,#10060,#10061);
#10063=PLANE('',#10062);
#10064=ORIENTED_EDGE('',*,*,#10028,.F.);
#10065=ORIENTED_EDGE('',*,*,#9831,.T.);
#10066=CARTESIAN_POINT('',(-114.464455616,-30.258234627,30.780137253));
#10067=DIRECTION('',(0.33306376,-0.942866295,-0.008466462));
#10068=VECTOR('',#10067,0.8);
#10069=LINE('',#10066,#10068);
#10070=EDGE_CURVE('',#9818,#9879,#10069,.T.);
#10071=ORIENTED_EDGE('',*,*,#10070,.T.);
#10072=ORIENTED_EDGE('',*,*,#9884,.F.);
#10073=EDGE_LOOP('',(#10064,#10065,#10071,#10072));
#10074=FACE_BOUND('',#10073,.T.);
#10075=ADVANCED_FACE('',(#10074),#10063,.T.);
#10076=OVER_RIDING_STYLED_ITEM('',(#8566),#10075,#26);
#10077=CARTESIAN_POINT('',(-97.627621287,-48.609086704,31.213716863));
#10078=DIRECTION('',(0.067256475,0.032712427,-0.99719931));
#10079=DIRECTION('',(-0.940502578,-0.331561527,-0.074309187));
#10080=AXIS2_PLACEMENT_3D('',#10077,#10078,#10079);
#10081=PLANE('',#10080);
#10082=ORIENTED_EDGE('',*,*,#9739,.T.);
#10083=CARTESIAN_POINT('',(-113.665429795,-32.520331401,30.659821339));
#10084=DIRECTION('',(0.33306376,-0.942866295,-0.008466462));
#10085=VECTOR('',#10084,0.8);
#10086=LINE('',#10083,#10085);
#10087=EDGE_CURVE('',#9728,#9645,#10086,.T.);
#10088=ORIENTED_EDGE('',*,*,#10087,.T.);
#10089=ORIENTED_EDGE('',*,*,#9650,.F.);
#10090=ORIENTED_EDGE('',*,*,#1492,.F.);
#10091=EDGE_LOOP('',(#10082,#10088,#10089,#10090));
#10092=FACE_BOUND('',#10091,.T.);
#10093=ADVANCED_FACE('',(#10092),#10081,.T.);
#10094=OVER_RIDING_STYLED_ITEM('',(#8566),#10093,#26);
#10095=CARTESIAN_POINT('',(-118.854569091,-35.84351514,31.250823202));
#10096=DIRECTION('',(-0.003272028,0.00782334,-0.999964044));
#10097=DIRECTION('',(0.94289863,0.333079487,-0.000479414));
#10098=AXIS2_PLACEMENT_3D('',#10095,#10096,#10097);
#10099=PLANE('',#10098);
#10100=ORIENTED_EDGE('',*,*,#1636,.T.);
#10101=ORIENTED_EDGE('',*,*,#9688,.T.);
#10102=ORIENTED_EDGE('',*,*,#10044,.F.);
#10103=ORIENTED_EDGE('',*,*,#9709,.F.);
#10104=EDGE_LOOP('',(#10100,#10101,#10102,#10103));
#10105=FACE_BOUND('',#10104,.T.);
#10106=ADVANCED_FACE('',(#10105),#10099,.F.);
#10107=OVER_RIDING_STYLED_ITEM('',(#8566),#10106,#26);
#10108=CARTESIAN_POINT('',(-97.627621287,-48.609086704,31.213716863));
#10109=DIRECTION('',(0.067256475,0.032712427,-0.99719931));
#10110=DIRECTION('',(-0.940502578,-0.331561527,-0.074309187));
#10111=AXIS2_PLACEMENT_3D('',#10108,#10109,#10110);
#10112=PLANE('',#10111);
#10113=ORIENTED_EDGE('',*,*,#9797,.T.);
#10114=CARTESIAN_POINT('',(-114.731233827,-29.503159256,30.686914019));
#10115=DIRECTION('',(0.33306376,-0.942866295,-0.008466462));
#10116=VECTOR('',#10115,0.8);
#10117=LINE('',#10114,#10116);
#10118=EDGE_CURVE('',#9786,#9810,#10117,.T.);
#10119=ORIENTED_EDGE('',*,*,#10118,.T.);
#10120=ORIENTED_EDGE('',*,*,#9815,.F.);
#10121=ORIENTED_EDGE('',*,*,#1420,.F.);
#10122=EDGE_LOOP('',(#10113,#10119,#10120,#10121));
#10123=FACE_BOUND('',#10122,.T.);
#10124=ADVANCED_FACE('',(#10123),#10112,.T.);
#10125=OVER_RIDING_STYLED_ITEM('',(#8566),#10124,#26);
#10126=CARTESIAN_POINT('',(-120.586500643,-30.940610404,31.294848807));
#10127=DIRECTION('',(0.003272028,-0.00782334,0.999964044));
#10128=DIRECTION('',(-0.94289863,-0.333079487,0.000479414));
#10129=AXIS2_PLACEMENT_3D('',#10126,#10127,#10128);
#10130=PLANE('',#10129);
#10131=ORIENTED_EDGE('',*,*,#9845,.T.);
#10132=ORIENTED_EDGE('',*,*,#10053,.T.);
#10133=ORIENTED_EDGE('',*,*,#9759,.F.);
#10134=ORIENTED_EDGE('',*,*,#1716,.F.);
#10135=EDGE_LOOP('',(#10131,#10132,#10133,#10134));
#10136=FACE_BOUND('',#10135,.T.);
#10137=ADVANCED_FACE('',(#10136),#10130,.T.);
#10138=OVER_RIDING_STYLED_ITEM('',(#8566),#10137,#26);
#10139=CARTESIAN_POINT('',(-127.569643915,6.917540244,84.228563767));
#10140=DIRECTION('',(-0.94289863,-0.333079487,0.000479414));
#10141=DIRECTION('',(0.33306376,-0.942866295,-0.008466462));
#10142=AXIS2_PLACEMENT_3D('',#10139,#10140,#10141);
#10143=PLANE('',#10142);
#10144=ORIENTED_EDGE('',*,*,#9791,.T.);
#10145=ORIENTED_EDGE('',*,*,#9987,.T.);
#10146=ORIENTED_EDGE('',*,*,#9658,.F.);
#10147=ORIENTED_EDGE('',*,*,#10087,.F.);
#10148=ORIENTED_EDGE('',*,*,#9733,.F.);
#10149=ORIENTED_EDGE('',*,*,#10011,.F.);
#10150=ORIENTED_EDGE('',*,*,#9924,.T.);
#10151=CARTESIAN_POINT('',(-114.198331811,-31.011745329,30.673367679));
#10152=DIRECTION('',(0.33306376,-0.942866295,-0.008466462));
#10153=VECTOR('',#10152,0.8);
#10154=LINE('',#10151,#10153);
#10155=EDGE_CURVE('',#9887,#9911,#10154,.T.);
#10156=ORIENTED_EDGE('',*,*,#10155,.F.);
#10157=ORIENTED_EDGE('',*,*,#9892,.F.);
#10158=ORIENTED_EDGE('',*,*,#10070,.F.);
#10159=ORIENTED_EDGE('',*,*,#9823,.T.);
#10160=ORIENTED_EDGE('',*,*,#10118,.F.);
#10161=EDGE_LOOP('',(#10144,#10145,#10146,#10147,#10148,#10149,#10150,#10156,#10157,#10158,#10159,#10160));
#10162=FACE_BOUND('',#10161,.T.);
#10163=ADVANCED_FACE('',(#10162),#10143,.F.);
#10164=OVER_RIDING_STYLED_ITEM('',(#8566),#10163,#26);
#10165=CARTESIAN_POINT('',(-97.627621287,-48.609086704,31.213716863));
#10166=DIRECTION('',(0.067256475,0.032712427,-0.99719931));
#10167=DIRECTION('',(-0.940502578,-0.331561527,-0.074309187));
#10168=AXIS2_PLACEMENT_3D('',#10165,#10166,#10167);
#10169=PLANE('',#10168);
#10170=ORIENTED_EDGE('',*,*,#9898,.T.);
#10171=ORIENTED_EDGE('',*,*,#10155,.T.);
#10172=ORIENTED_EDGE('',*,*,#9916,.F.);
#10173=ORIENTED_EDGE('',*,*,#1456,.F.);
#10174=EDGE_LOOP('',(#10170,#10171,#10172,#10173));
#10175=FACE_BOUND('',#10174,.T.);
#10176=ADVANCED_FACE('',(#10175),#10169,.T.);
#10177=OVER_RIDING_STYLED_ITEM('',(#8566),#10176,#26);
#10178=CARTESIAN_POINT('',(-139.425570489,16.385907386,31.626754171));
#10179=DIRECTION('',(-0.003272028,0.00782334,-0.999964044));
#10180=DIRECTION('',(0.33306376,-0.942866295,-0.008466462));
#10181=AXIS2_PLACEMENT_3D('',#10178,#10179,#10180);
#10182=PLANE('',#10181);
#10183=ORIENTED_EDGE('',*,*,#1674,.T.);
#10184=ORIENTED_EDGE('',*,*,#9946,.T.);
#10185=ORIENTED_EDGE('',*,*,#10035,.F.);
#10186=ORIENTED_EDGE('',*,*,#9868,.F.);
#10187=EDGE_LOOP('',(#10183,#10184,#10185,#10186));
#10188=FACE_BOUND('',#10187,.T.);
#10189=ADVANCED_FACE('',(#10188),#10182,.F.);
#10190=OVER_RIDING_STYLED_ITEM('',(#8566),#10189,#26);
#10191=CARTESIAN_POINT('',(-117.596958852,-18.051369543,26.454765259));
#10192=DIRECTION('',(-0.,0.,-1.));
#10193=DIRECTION('',(1.,0.,-0.));
#10194=AXIS2_PLACEMENT_3D('',#10191,#10192,#10193);
#10195=PLANE('',#10194);
#10196=CARTESIAN_POINT('',(-116.642439621,-17.451369543,26.454765259));
#10197=VERTEX_POINT('',#10196);
#10198=CARTESIAN_POINT('',(-118.851478096,-17.451369543,26.454765259));
#10199=VERTEX_POINT('',#10198);
#10200=CARTESIAN_POINT('',(-116.642439621,-17.451369543,26.454765259));
#10201=DIRECTION('',(-1.,0.,0.));
#10202=VECTOR('',#10201,2.209038475);
#10203=LINE('',#10200,#10202);
#10204=EDGE_CURVE('',#10197,#10199,#10203,.T.);
#10205=ORIENTED_EDGE('',*,*,#10204,.T.);
#10206=CARTESIAN_POINT('',(-119.261924713,-17.851233049,26.454765259));
#10207=VERTEX_POINT('',#10206);
#10208=CARTESIAN_POINT('',(-119.261924713,-17.851233049,26.454765259));
#10209=CARTESIAN_POINT('',(-119.125109123,-17.717945266,26.454765259));
#10210=CARTESIAN_POINT('',(-118.988293583,-17.584657431,26.454765259));
#10211=CARTESIAN_POINT('',(-118.851478096,-17.451369543,26.454765259));
#10212=B_SPLINE_CURVE_WITH_KNOTS('',3,(#10208,#10209,#10210,#10211),.UNSPECIFIED.,.F.,.F.,(4,4),(0.,0.000573025),.UNSPECIFIED.);
#10213=EDGE_CURVE('',#10207,#10199,#10212,.T.);
#10214=ORIENTED_EDGE('',*,*,#10213,.F.);
#10215=CARTESIAN_POINT('',(-119.261924713,-17.851233049,26.454765259));
#10216=CARTESIAN_POINT('',(-119.268024904,-18.084725531,26.454765259));
#10217=CARTESIAN_POINT('',(-119.272024833,-18.31810798,26.454765259));
#10218=CARTESIAN_POINT('',(-119.273717336,-18.551369543,26.454765259));
#10219=B_SPLINE_CURVE_WITH_KNOTS('',3,(#10215,#10216,#10217,#10218),.UNSPECIFIED.,.F.,.F.,(4,4),(0.006128264,0.006829352),.UNSPECIFIED.);
#10220=EDGE_CURVE('',#10207,#3792,#10219,.T.);
#10221=ORIENTED_EDGE('',*,*,#10220,.T.);
#10222=ORIENTED_EDGE('',*,*,#4741,.F.);
#10223=CARTESIAN_POINT('',(-116.642439621,-18.551369543,26.454765259));
#10224=VERTEX_POINT('',#10223);
#10225=CARTESIAN_POINT('',(-116.642439621,-18.551369543,26.454765259));
#10226=DIRECTION('',(-1.,0.,0.));
#10227=VECTOR('',#10226,1.628243496);
#10228=LINE('',#10225,#10227);
#10229=EDGE_CURVE('',#10224,#3419,#10228,.T.);
#10230=ORIENTED_EDGE('',*,*,#10229,.F.);
#10231=CARTESIAN_POINT('',(-116.642439621,-17.451369543,26.454765259));
#10232=DIRECTION('',(0.,-1.,0.));
#10233=VECTOR('',#10232,1.1);
#10234=LINE('',#10231,#10233);
#10235=EDGE_CURVE('',#10197,#10224,#10234,.T.);
#10236=ORIENTED_EDGE('',*,*,#10235,.F.);
#10237=EDGE_LOOP('',(#10205,#10214,#10221,#10222,#10230,#10236));
#10238=FACE_BOUND('',#10237,.T.);
#10239=ADVANCED_FACE('',(#10238),#10195,.F.);
#10240=CARTESIAN_POINT('',(-119.273756156,-18.556776724,26.454765259));
#10241=CARTESIAN_POINT('',(-119.27196057,-18.554974319,25.721431953));
#10242=CARTESIAN_POINT('',(-119.270164981,-18.553171922,24.988098629));
#10243=CARTESIAN_POINT('',(-119.268369385,-18.551369543,24.254765259));
#10244=CARTESIAN_POINT('',(-119.272086995,-18.321775279,26.454765259));
#10245=CARTESIAN_POINT('',(-119.270673598,-18.320356107,25.721431953));
#10246=CARTESIAN_POINT('',(-119.269260196,-18.318936941,24.988098629));
#10247=CARTESIAN_POINT('',(-119.267846782,-18.317517789,24.254765259));
#10248=CARTESIAN_POINT('',(-119.268070949,-18.086487971,26.454765259));
#10249=CARTESIAN_POINT('',(-119.267039903,-18.085451727,25.721431953));
#10250=CARTESIAN_POINT('',(-119.26600885,-18.084415486,24.988098629));
#10251=CARTESIAN_POINT('',(-119.26497778,-18.083379255,24.254765259));
#10252=CARTESIAN_POINT('',(-119.261924713,-17.851233049,26.454765259));
#10253=CARTESIAN_POINT('',(-119.261275678,-17.850580318,25.721431953));
#10254=CARTESIAN_POINT('',(-119.260626639,-17.849927589,24.988098629));
#10255=CARTESIAN_POINT('',(-119.259977585,-17.849274866,24.254765259));
#10256=B_SPLINE_SURFACE_WITH_KNOTS('',3,3,((#10240,#10241,#10242,#10243),(#10244,#10245,#10246,#10247),(#10248,#10249,#10250,#10251),(#10252,#10253,#10254,#10255)),.UNSPECIFIED.,.F.,.F.,.U.,(4,4),(4,4),(0.979983779,0.992759868),(0.427000063,0.573666752),.UNSPECIFIED.);
#10257=CARTESIAN_POINT('',(-119.260020199,-17.851272409,24.254765259));
#10258=VERTEX_POINT('',#10257);
#10259=CARTESIAN_POINT('',(-119.260020199,-17.851272409,24.254765259));
#10260=CARTESIAN_POINT('',(-119.264995235,-18.084765317,24.254765259));
#10261=CARTESIAN_POINT('',(-119.26784815,-18.318135082,24.254765259));
#10262=CARTESIAN_POINT('',(-119.268369385,-18.551369543,24.254765259));
#10263=B_SPLINE_CURVE_WITH_KNOTS('',3,(#10259,#10260,#10261,#10262),.UNSPECIFIED.,.F.,.F.,(4,4),(0.006100511,0.00680152),.UNSPECIFIED.);
#10264=EDGE_CURVE('',#10258,#629,#10263,.T.);
#10265=ORIENTED_EDGE('',*,*,#10264,.T.);
#10266=ORIENTED_EDGE('',*,*,#3805,.T.);
#10267=ORIENTED_EDGE('',*,*,#10220,.F.);
#10268=CARTESIAN_POINT('',(-119.260020199,-17.851272409,24.254765259));
#10269=CARTESIAN_POINT('',(-119.260658324,-17.851262525,24.98809859));
#10270=CARTESIAN_POINT('',(-119.261293162,-17.85124939,25.721431923));
#10271=CARTESIAN_POINT('',(-119.261924713,-17.851233049,26.454765259));
#10272=B_SPLINE_CURVE_WITH_KNOTS('',3,(#10268,#10269,#10270,#10271),.UNSPECIFIED.,.F.,.F.,(4,4),(0.,0.002200001),.UNSPECIFIED.);
#10273=EDGE_CURVE('',#10258,#10207,#10272,.T.);
#10274=ORIENTED_EDGE('',*,*,#10273,.F.);
#10275=EDGE_LOOP('',(#10265,#10266,#10267,#10274));
#10276=FACE_BOUND('',#10275,.T.);
#10277=ADVANCED_FACE('',(#10276),#10256,.T.);
#10278=CARTESIAN_POINT('',(-117.596969642,-18.051369543,24.254765259));
#10279=DIRECTION('',(0.,0.,-1.));
#10280=DIRECTION('',(1.,0.,0.));
#10281=AXIS2_PLACEMENT_3D('',#10278,#10279,#10280);
#10282=PLANE('',#10281);
#10283=CARTESIAN_POINT('',(-116.642439621,-18.551369543,24.254765259));
#10284=VERTEX_POINT('',#10283);
#10285=CARTESIAN_POINT('',(-116.642439621,-18.551369543,24.254765259));
#10286=DIRECTION('',(-1.,0.,0.));
#10287=VECTOR('',#10286,1.618243395);
#10288=LINE('',#10285,#10287);
#10289=EDGE_CURVE('',#10284,#627,#10288,.T.);
#10290=ORIENTED_EDGE('',*,*,#10289,.T.);
#10291=ORIENTED_EDGE('',*,*,#634,.T.);
#10292=ORIENTED_EDGE('',*,*,#10264,.F.);
#10293=CARTESIAN_POINT('',(-118.851499577,-17.451369543,24.254765259));
#10294=VERTEX_POINT('',#10293);
#10295=CARTESIAN_POINT('',(-118.851499577,-17.451369543,24.254765259));
#10296=CARTESIAN_POINT('',(-118.987673066,-17.584670551,24.254765259));
#10297=CARTESIAN_POINT('',(-119.123846606,-17.717971507,24.254765259));
#10298=CARTESIAN_POINT('',(-119.260020199,-17.851272409,24.254765259));
#10299=B_SPLINE_CURVE_WITH_KNOTS('',3,(#10295,#10296,#10297,#10298),.UNSPECIFIED.,.F.,.F.,(4,4),(0.,0.000571674),.UNSPECIFIED.);
#10300=EDGE_CURVE('',#10294,#10258,#10299,.T.);
#10301=ORIENTED_EDGE('',*,*,#10300,.F.);
#10302=CARTESIAN_POINT('',(-116.642439621,-17.451369543,24.254765259));
#10303=VERTEX_POINT('',#10302);
#10304=CARTESIAN_POINT('',(-116.642439621,-17.451369543,24.254765259));
#10305=DIRECTION('',(-1.,0.,0.));
#10306=VECTOR('',#10305,2.209059957);
#10307=LINE('',#10304,#10306);
#10308=EDGE_CURVE('',#10303,#10294,#10307,.T.);
#10309=ORIENTED_EDGE('',*,*,#10308,.F.);
#10310=CARTESIAN_POINT('',(-116.642439621,-18.551369543,24.254765259));
#10311=DIRECTION('',(-0.,1.,-0.));
#10312=VECTOR('',#10311,1.1);
#10313=LINE('',#10310,#10312);
#10314=EDGE_CURVE('',#10284,#10303,#10313,.T.);
#10315=ORIENTED_EDGE('',*,*,#10314,.F.);
#10316=EDGE_LOOP('',(#10290,#10291,#10292,#10301,#10309,#10315));
#10317=FACE_BOUND('',#10316,.T.);
#10318=ADVANCED_FACE('',(#10317),#10282,.T.);
#10319=CARTESIAN_POINT('',(-116.342439621,-18.051369543,24.554765259));
#10320=DIRECTION('',(1.,0.,0.));
#10321=DIRECTION('',(0.,0.,1.));
#10322=AXIS2_PLACEMENT_3D('',#10319,#10320,#10321);
#10323=PLANE('',#10322);
#10324=CARTESIAN_POINT('',(-116.342439621,-17.451369543,24.854765259));
#10325=VERTEX_POINT('',#10324);
#10326=CARTESIAN_POINT('',(-116.342439621,-17.451369543,24.554765259));
#10327=VERTEX_POINT('',#10326);
#10328=CARTESIAN_POINT('',(-116.342439621,-17.451369543,24.854765259));
#10329=DIRECTION('',(0.,0.,-1.));
#10330=VECTOR('',#10329,0.3);
#10331=LINE('',#10328,#10330);
#10332=EDGE_CURVE('',#10325,#10327,#10331,.T.);
#10333=ORIENTED_EDGE('',*,*,#10332,.F.);
#10334=CARTESIAN_POINT('',(-116.342439621,-18.551369543,24.854765259));
#10335=VERTEX_POINT('',#10334);
#10336=CARTESIAN_POINT('',(-116.342439621,-17.451369543,24.854765259));
#10337=DIRECTION('',(0.,-1.,0.));
#10338=VECTOR('',#10337,1.1);
#10339=LINE('',#10336,#10338);
#10340=EDGE_CURVE('',#10325,#10335,#10339,.T.);
#10341=ORIENTED_EDGE('',*,*,#10340,.T.);
#10342=CARTESIAN_POINT('',(-116.342439621,-18.551369543,24.554765259));
#10343=VERTEX_POINT('',#10342);
#10344=CARTESIAN_POINT('',(-116.342439621,-18.551369543,24.854765259));
#10345=DIRECTION('',(0.,0.,-1.));
#10346=VECTOR('',#10345,0.3);
#10347=LINE('',#10344,#10346);
#10348=EDGE_CURVE('',#10335,#10343,#10347,.T.);
#10349=ORIENTED_EDGE('',*,*,#10348,.T.);
#10350=CARTESIAN_POINT('',(-116.342439621,-17.451369543,24.554765259));
#10351=DIRECTION('',(0.,-1.,0.));
#10352=VECTOR('',#10351,1.1);
#10353=LINE('',#10350,#10352);
#10354=EDGE_CURVE('',#10327,#10343,#10353,.T.);
#10355=ORIENTED_EDGE('',*,*,#10354,.F.);
#10356=EDGE_LOOP('',(#10333,#10341,#10349,#10355));
#10357=FACE_BOUND('',#10356,.T.);
#10358=ADVANCED_FACE('',(#10357),#10323,.T.);
#10359=CARTESIAN_POINT('',(-116.342439621,-18.051369543,25.354765259));
#10360=DIRECTION('',(0.,-1.,0.));
#10361=DIRECTION('',(0.,0.,-1.));
#10362=AXIS2_PLACEMENT_3D('',#10359,#10360,#10361);
#10363=CYLINDRICAL_SURFACE('',#10362,0.5);
#10364=CARTESIAN_POINT('',(-116.342439621,-18.551369543,25.854765259));
#10365=VERTEX_POINT('',#10364);
#10366=CARTESIAN_POINT('',(-116.342439621,-18.551369543,25.354765259));
#10367=DIRECTION('',(0.,-1.,0.));
#10368=DIRECTION('',(0.,0.,1.));
#10369=AXIS2_PLACEMENT_3D('',#10366,#10367,#10368);
#10370=CIRCLE('',#10369,0.5);
#10371=EDGE_CURVE('',#10365,#10335,#10370,.T.);
#10372=ORIENTED_EDGE('',*,*,#10371,.T.);
#10373=ORIENTED_EDGE('',*,*,#10340,.F.);
#10374=CARTESIAN_POINT('',(-116.342439621,-17.451369543,25.854765259));
#10375=VERTEX_POINT('',#10374);
#10376=CARTESIAN_POINT('',(-116.342439621,-17.451369543,25.354765259));
#10377=DIRECTION('',(0.,-1.,0.));
#10378=DIRECTION('',(0.,0.,1.));
#10379=AXIS2_PLACEMENT_3D('',#10376,#10377,#10378);
#10380=CIRCLE('',#10379,0.5);
#10381=EDGE_CURVE('',#10375,#10325,#10380,.T.);
#10382=ORIENTED_EDGE('',*,*,#10381,.F.);
#10383=CARTESIAN_POINT('',(-116.342439621,-17.451369543,25.854765259));
#10384=DIRECTION('',(0.,-1.,0.));
#10385=VECTOR('',#10384,1.1);
#10386=LINE('',#10383,#10385);
#10387=EDGE_CURVE('',#10375,#10365,#10386,.T.);
#10388=ORIENTED_EDGE('',*,*,#10387,.T.);
#10389=EDGE_LOOP('',(#10372,#10373,#10382,#10388));
#10390=FACE_BOUND('',#10389,.T.);
#10391=ADVANCED_FACE('',(#10390),#10363,.F.);
#10392=CARTESIAN_POINT('',(-116.342439621,-18.051369543,26.154765259));
#10393=DIRECTION('',(-1.,0.,0.));
#10394=DIRECTION('',(0.,0.,-1.));
#10395=AXIS2_PLACEMENT_3D('',#10392,#10393,#10394);
#10396=PLANE('',#10395);
#10397=CARTESIAN_POINT('',(-116.342439621,-18.551369543,26.154765259));
#10398=VERTEX_POINT('',#10397);
#10399=CARTESIAN_POINT('',(-116.342439621,-18.551369543,25.854765259));
#10400=DIRECTION('',(0.,0.,1.));
#10401=VECTOR('',#10400,0.3);
#10402=LINE('',#10399,#10401);
#10403=EDGE_CURVE('',#10365,#10398,#10402,.T.);
#10404=ORIENTED_EDGE('',*,*,#10403,.F.);
#10405=ORIENTED_EDGE('',*,*,#10387,.F.);
#10406=CARTESIAN_POINT('',(-116.342439621,-17.451369543,26.154765259));
#10407=VERTEX_POINT('',#10406);
#10408=CARTESIAN_POINT('',(-116.342439621,-17.451369543,25.854765259));
#10409=DIRECTION('',(0.,0.,1.));
#10410=VECTOR('',#10409,0.3);
#10411=LINE('',#10408,#10410);
#10412=EDGE_CURVE('',#10375,#10407,#10411,.T.);
#10413=ORIENTED_EDGE('',*,*,#10412,.T.);
#10414=CARTESIAN_POINT('',(-116.342439621,-18.551369543,26.154765259));
#10415=DIRECTION('',(-0.,1.,-0.));
#10416=VECTOR('',#10415,1.1);
#10417=LINE('',#10414,#10416);
#10418=EDGE_CURVE('',#10398,#10407,#10417,.T.);
#10419=ORIENTED_EDGE('',*,*,#10418,.F.);
#10420=EDGE_LOOP('',(#10404,#10405,#10413,#10419));
#10421=FACE_BOUND('',#10420,.T.);
#10422=ADVANCED_FACE('',(#10421),#10396,.F.);
#10423=CARTESIAN_POINT('',(-115.34243962,-17.451369543,32.859765259));
#10424=DIRECTION('',(0.,1.,0.));
#10425=DIRECTION('',(0.,0.,1.));
#10426=AXIS2_PLACEMENT_3D('',#10423,#10424,#10425);
#10427=PLANE('',#10426);
#10428=ORIENTED_EDGE('',*,*,#10308,.T.);
#10429=CARTESIAN_POINT('',(-118.851478096,-17.451369543,26.454765259));
#10430=CARTESIAN_POINT('',(-118.851485256,-17.451369543,25.721431926));
#10431=CARTESIAN_POINT('',(-118.851492417,-17.451369543,24.988098592));
#10432=CARTESIAN_POINT('',(-118.851499577,-17.451369543,24.254765259));
#10433=B_SPLINE_CURVE_WITH_KNOTS('',3,(#10429,#10430,#10431,#10432),.UNSPECIFIED.,.F.,.F.,(4,4),(0.,0.0022),.UNSPECIFIED.);
#10434=EDGE_CURVE('',#10199,#10294,#10433,.T.);
#10435=ORIENTED_EDGE('',*,*,#10434,.F.);
#10436=ORIENTED_EDGE('',*,*,#10204,.F.);
#10437=CARTESIAN_POINT('',(-116.642439621,-17.451369543,26.154765259));
#10438=DIRECTION('',(0.,-1.,0.));
#10439=DIRECTION('',(0.,0.,1.));
#10440=AXIS2_PLACEMENT_3D('',#10437,#10438,#10439);
#10441=CIRCLE('',#10440,0.3);
#10442=EDGE_CURVE('',#10407,#10197,#10441,.T.);
#10443=ORIENTED_EDGE('',*,*,#10442,.F.);
#10444=ORIENTED_EDGE('',*,*,#10412,.F.);
#10445=ORIENTED_EDGE('',*,*,#10381,.T.);
#10446=ORIENTED_EDGE('',*,*,#10332,.T.);
#10447=CARTESIAN_POINT('',(-116.642439621,-17.451369543,24.554765259));
#10448=DIRECTION('',(0.,-1.,0.));
#10449=DIRECTION('',(0.,0.,1.));
#10450=AXIS2_PLACEMENT_3D('',#10447,#10448,#10449);
#10451=CIRCLE('',#10450,0.3);
#10452=EDGE_CURVE('',#10303,#10327,#10451,.T.);
#10453=ORIENTED_EDGE('',*,*,#10452,.F.);
#10454=EDGE_LOOP('',(#10428,#10435,#10436,#10443,#10444,#10445,#10446,#10453));
#10455=FACE_BOUND('',#10454,.T.);
#10456=ADVANCED_FACE('',(#10455),#10427,.T.);
#10457=CARTESIAN_POINT('',(-116.14243962,-18.551369543,31.859765259));
#10458=DIRECTION('',(0.,1.,0.));
#10459=DIRECTION('',(0.,0.,1.));
#10460=AXIS2_PLACEMENT_3D('',#10457,#10458,#10459);
#10461=PLANE('',#10460);
#10462=ORIENTED_EDGE('',*,*,#10348,.F.);
#10463=ORIENTED_EDGE('',*,*,#10371,.F.);
#10464=ORIENTED_EDGE('',*,*,#10403,.T.);
#10465=CARTESIAN_POINT('',(-116.642439621,-18.551369543,26.154765259));
#10466=DIRECTION('',(-0.,1.,-0.));
#10467=DIRECTION('',(0.,0.,1.));
#10468=AXIS2_PLACEMENT_3D('',#10465,#10466,#10467);
#10469=CIRCLE('',#10468,0.3);
#10470=EDGE_CURVE('',#10224,#10398,#10469,.T.);
#10471=ORIENTED_EDGE('',*,*,#10470,.F.);
#10472=ORIENTED_EDGE('',*,*,#10229,.T.);
#10473=ORIENTED_EDGE('',*,*,#3487,.T.);
#10474=ORIENTED_EDGE('',*,*,#10289,.F.);
#10475=CARTESIAN_POINT('',(-116.642439621,-18.551369543,24.554765259));
#10476=DIRECTION('',(-0.,1.,-0.));
#10477=DIRECTION('',(0.,0.,1.));
#10478=AXIS2_PLACEMENT_3D('',#10475,#10476,#10477);
#10479=CIRCLE('',#10478,0.3);
#10480=EDGE_CURVE('',#10343,#10284,#10479,.T.);
#10481=ORIENTED_EDGE('',*,*,#10480,.F.);
#10482=EDGE_LOOP('',(#10462,#10463,#10464,#10471,#10472,#10473,#10474,#10481));
#10483=FACE_BOUND('',#10482,.T.);
#10484=ADVANCED_FACE('',(#10483),#10461,.F.);
#10485=CARTESIAN_POINT('',(-118.851478092,-17.451369543,26.455118964));
#10486=CARTESIAN_POINT('',(-118.85147972,-17.451369543,26.288452445));
#10487=CARTESIAN_POINT('',(-118.851481347,-17.451369543,26.121785925));
#10488=CARTESIAN_POINT('',(-118.851482974,-17.451369543,25.955119406));
#10489=CARTESIAN_POINT('',(-118.851483375,-17.451369543,25.914043024));
#10490=CARTESIAN_POINT('',(-118.851483776,-17.451369543,25.872966641));
#10491=CARTESIAN_POINT('',(-118.851484178,-17.451369543,25.831890259));
#10492=CARTESIAN_POINT('',(-118.851487357,-17.451369543,25.506300287));
#10493=CARTESIAN_POINT('',(-118.851490536,-17.451369543,25.180710315));
#10494=CARTESIAN_POINT('',(-118.851493715,-17.451369543,24.855120343));
#10495=CARTESIAN_POINT('',(-118.851495341,-17.451369543,24.688587815));
#10496=CARTESIAN_POINT('',(-118.851496967,-17.451369543,24.522055287));
#10497=CARTESIAN_POINT('',(-118.851498593,-17.451369543,24.355522759));
#10498=CARTESIAN_POINT('',(-118.851498921,-17.451369543,24.321936926));
#10499=CARTESIAN_POINT('',(-118.851499249,-17.451369543,24.288351092));
#10500=CARTESIAN_POINT('',(-118.851499577,-17.451369543,24.254765259));
#10501=CARTESIAN_POINT('',(-119.261912845,-17.851221486,26.454765254));
#10502=CARTESIAN_POINT('',(-119.261769462,-17.851225344,26.288098592));
#10503=CARTESIAN_POINT('',(-119.26162608,-17.851229202,26.12143193));
#10504=CARTESIAN_POINT('',(-119.261482698,-17.85123306,25.954765268));
#10505=CARTESIAN_POINT('',(-119.26144736,-17.85123401,25.913688851));
#10506=CARTESIAN_POINT('',(-119.261412022,-17.851234961,25.872612433));
#10507=CARTESIAN_POINT('',(-119.261376685,-17.851235912,25.831536016));
#10508=CARTESIAN_POINT('',(-119.261096581,-17.851243448,25.505945765));
#10509=CARTESIAN_POINT('',(-119.260816478,-17.851250985,25.180355514));
#10510=CARTESIAN_POINT('',(-119.260536375,-17.851258521,24.854765263));
#10511=CARTESIAN_POINT('',(-119.260393108,-17.851262376,24.688232593));
#10512=CARTESIAN_POINT('',(-119.260249841,-17.851266231,24.521699922));
#10513=CARTESIAN_POINT('',(-119.260106574,-17.851270085,24.355167252));
#10514=CARTESIAN_POINT('',(-119.26007768,-17.851270863,24.32158139));
#10515=CARTESIAN_POINT('',(-119.260048787,-17.85127164,24.287995528));
#10516=CARTESIAN_POINT('',(-119.260019893,-17.851272418,24.254409666));
#10517=B_SPLINE_SURFACE_WITH_KNOTS('',1,3,((#10485,#10486,#10487,#10488,#10489,#10490,#10491,#10492,#10493,#10494,#10495,#10496,#10497,#10498,#10499,#10500),(#10501,#10502,#10503,#10504,#10505,#10506,#10507,#10508,#10509,#10510,#10511,#10512,#10513,#10514,#10515,#10516)),.UNSPECIFIED.,.F.,.F.,.U.,(2,2),(4,3,3,3,3,4),(0.,0.999970846),(1.072246259,1.331851429,1.395833333,1.902982823,2.162379283,2.214693666),.UNSPECIFIED.);
#10518=ORIENTED_EDGE('',*,*,#10213,.T.);
#10519=ORIENTED_EDGE('',*,*,#10434,.T.);
#10520=ORIENTED_EDGE('',*,*,#10300,.T.);
#10521=ORIENTED_EDGE('',*,*,#10273,.T.);
#10522=EDGE_LOOP('',(#10518,#10519,#10520,#10521));
#10523=FACE_BOUND('',#10522,.T.);
#10524=ADVANCED_FACE('',(#10523),#10517,.F.);
#10525=CARTESIAN_POINT('',(-116.642439621,-18.051369543,26.154765259));
#10526=DIRECTION('',(0.,-1.,0.));
#10527=DIRECTION('',(0.,0.,-1.));
#10528=AXIS2_PLACEMENT_3D('',#10525,#10526,#10527);
#10529=CYLINDRICAL_SURFACE('',#10528,0.3);
#10530=ORIENTED_EDGE('',*,*,#10442,.T.);
#10531=ORIENTED_EDGE('',*,*,#10235,.T.);
#10532=ORIENTED_EDGE('',*,*,#10470,.T.);
#10533=ORIENTED_EDGE('',*,*,#10418,.T.);
#10534=EDGE_LOOP('',(#10530,#10531,#10532,#10533));
#10535=FACE_BOUND('',#10534,.T.);
#10536=ADVANCED_FACE('',(#10535),#10529,.T.);
#10537=CARTESIAN_POINT('',(-116.642439621,-18.051369543,24.554765259));
#10538=DIRECTION('',(0.,-1.,0.));
#10539=DIRECTION('',(0.,0.,-1.));
#10540=AXIS2_PLACEMENT_3D('',#10537,#10538,#10539);
#10541=CYLINDRICAL_SURFACE('',#10540,0.3);
#10542=ORIENTED_EDGE('',*,*,#10452,.T.);
#10543=ORIENTED_EDGE('',*,*,#10354,.T.);
#10544=ORIENTED_EDGE('',*,*,#10480,.T.);
#10545=ORIENTED_EDGE('',*,*,#10314,.T.);
#10546=EDGE_LOOP('',(#10542,#10543,#10544,#10545));
#10547=FACE_BOUND('',#10546,.T.);
#10548=ADVANCED_FACE('',(#10547),#10541,.T.);
#10549=CLOSED_SHELL('',(#620,#662,#889,#1503,#1844,#1921,#1980,#2020,#2052,#2092,#2123,#2154,#2185,#2303,#3275,#3306,#3382,#3491,#3954,#3987,#4050,#4126,#4158,#4271,#4379,#4415,
#4504,#4715,#4731,#4753,#4876,#5036,#5281,#5309,#5518,#5715,#5916,#6243,#6270,#6357,#6457,#6726,#6744,#6930,#7037,#7109,#7170,#7325,#7348,#7402,#7434,
#7538,#7647,#7769,#7837,#7898,#7998,#8048,#8160,#8202,#8224,#8245,#8273,#8295,#8351,#8362,#8384,#8428,#8463,#8528,#8559,#8598,#8649,#8692,#8743,#8786,
#8834,#8882,#8905,#8923,#8946,#8977,#8995,#9013,#9031,#9057,#9070,#9083,#9115,#9147,#9179,#9230,#9273,#9324,#9367,#9410,#9453,#9471,#9489,#9507,#9530,
#9548,#9571,#9597,#9615,#9636,#9694,#9744,#9802,#9852,#9902,#9952,#9975,#9993,#10016,#10057,#10075,#10093,#10106,#10124,#10137,#10163,#10176,#10189,#10239,#10277,
#10318,#10358,#10391,#10422,#10456,#10484,#10524,#10536,#10548));
#10550=MANIFOLD_SOLID_BREP('PICO4\X2\773C90E88FFD8E2A6A215757591658F3\X0\L-B',#10549);
#10551=COLOUR_RGB('',0.219607845,0.219607845,0.227450982);
#10552=FILL_AREA_STYLE_COLOUR('',#10551);
#10553=FILL_AREA_STYLE('',(#10552));
#10554=SURFACE_STYLE_FILL_AREA(#10553);
#10555=SURFACE_SIDE_STYLE('',(#10554));
#10556=SURFACE_STYLE_USAGE(.BOTH.,#10555);
#10557=PRESENTATION_STYLE_ASSIGNMENT((#10556));
#26=STYLED_ITEM('',(#10557),#10550);
#16=SHAPE_REPRESENTATION('PICO4\X2\773C90E88FFD8E2A6A215757591658F3\X0\L-B',(#15),#10);
#17=ADVANCED_BREP_SHAPE_REPRESENTATION('PICO4\X2\773C90E88FFD8E2A6A215757591658F3\X0\L-B',(#10550),#10);
#10565=SHAPE_REPRESENTATION_RELATIONSHIP('','',#16,#17);
#10566=CARTESIAN_POINT('',(0.,0.,0.));
#10567=DIRECTION('',(0.,0.,1.));
#10568=DIRECTION('',(1.,0.,0.));
#10569=AXIS2_PLACEMENT_3D('',#10566,#10567,#10568);
#10571=MAPPED_ITEM('',#10570,#10569);
#10570=REPRESENTATION_MAP(#10569,#16);
#10572=APPLICATION_CONTEXT('Managed model based 3d engineering');
#10573=APPLICATION_PROTOCOL_DEFINITION('international standard','ap242_managed_model_based_3d_engineering',2014,#10572);
#10574=PRODUCT_CONTEXT('',#10572,'mechanical');
#10575=PRODUCT_DEFINITION_CONTEXT('part definition',#10572,'design');
#24=PRODUCT('PICO4\X2\773C90E88FFD8E2A6A215757591658F3\X0\L-B','PICO4\X2\773C90E88FFD8E2A6A215757591658F3\X0\L-B','',(#10574));
#10576=PRODUCT_RELATED_PRODUCT_CATEGORY('part','',(#24));
#10577=PRODUCT_DEFINITION_FORMATION_WITH_SPECIFIED_SOURCE('','',#24,.NOT_KNOWN.);
#25=PRODUCT_DEFINITION('design','',#10577,#10575);
#23=PRODUCT_DEFINITION_SHAPE('','',#25);
#10578=SHAPE_DEFINITION_REPRESENTATION(#23,#16);
#11=DRAUGHTING_MODEL('',(#10571),#10);
#10579=DESCRIPTIVE_REPRESENTATION_ITEM('KEY','C:\\Users\\10604\\AppData\\Local\\Packages\\Shapr3D.Shapr3D_dvv5p1vgwv6mp\\TempState\\e42c92da-337a-45cd-aa50-e20c305f11d2.tmp');
#10580=PROPERTY_DEFINITION('KEY','',#25);
#10581=REPRESENTATION('',(#10579),#10);
#10582=PROPERTY_DEFINITION_REPRESENTATION(#10580,#10581);
#10583=GENERAL_PROPERTY('','KEY','');
#10584=GENERAL_PROPERTY_ASSOCIATION('','',#10583,#10580);
#1=MECHANICAL_DESIGN_GEOMETRIC_PRESENTATION_REPRESENTATION('',(#8567,#8599,#8650,#8693,#8744,#8787,#8835,#8883,#8906,#8924,#8947,#8978,#8996,#9014,#9032,#9058,#9071,#9084,#9116,#9148,#9180,#9231,#9274,#9325,#9368,#9411,
#9454,#9472,#9490,#9508,#9531,#9549,#9572,#9598,#9616,#9637,#9695,#9745,#9803,#9853,#9903,#9953,#9976,#9994,#10017,#10058,#10076,#10094,#10107,#10125,#10138,
#10164,#10177,#10190,#26),#10);
ENDSEC;
END-ISO-10303-21;
