ISO-10303-21;
HEADER;

/* File generated by Shapr3D Version 26.50.10685.0 */

FILE_DESCRIPTION(('HOOPS Exchange Step'),'2;1');

FILE_NAME('C:\\Users\\10604\\AppData\\Local\\Packages\\Shapr3D.Shapr3D_dvv5p1vgwv6mp\\TempState\\export\\temp_export',
'2026-04-28T19:53:17+08:00',
('10604'),
('Shapr3D Limited'),
'HOOPS Exchange 2025.9',
'Shapr3D',
'Authorized');

FILE_SCHEMA( ('AP242_MANAGED_MODEL_BASED_3D_ENGINEERING_MIM_LF {1 0 10303 442 1 1 4}') );

ENDSEC;

DATA;
#3=(NAMED_UNIT(*)PLANE_ANGLE_UNIT()SI_UNIT($,.RADIAN.));
#4=PLANE_ANGLE_MEASURE_WITH_UNIT(PLANE_ANGLE_MEASURE(0.0174532925),#3);
#5=(CONVERSION_BASED_UNIT('DEGREE',#4)NAMED_UNIT(#6)PLANE_ANGLE_UNIT());
#6=DIMENSIONAL_EXPONENTS(0.,0.,0.,0.,0.,0.,0.);
#7=(NAMED_UNIT(*)SI_UNIT($,.STERADIAN.)SOLID_ANGLE_UNIT());
#8=(LENGTH_UNIT()NAMED_UNIT(*)SI_UNIT(.MILLI.,.METRE.));
#9=UNCERTAINTY_MEASURE_WITH_UNIT(LENGTH_MEASURE(1.000000E-05),#8,'DISTANCE_ACCURACY_VALUE','Maximum Tolerance applied to model');
#10=(GEOMETRIC_REPRESENTATION_CONTEXT(3)GLOBAL_UNCERTAINTY_ASSIGNED_CONTEXT((#9))GLOBAL_UNIT_ASSIGNED_CONTEXT((#8,#5,#7))REPRESENTATION_CONTEXT('','\X2\75356E9063A752366A215757591658F3\X0\B'));
#12=CARTESIAN_POINT('',(0.,0.,0.));
#13=DIRECTION('',(0.,0.,1.));
#14=DIRECTION('',(1.,0.,0.));
#15=AXIS2_PLACEMENT_3D('',#12,#13,#14);
#27=CARTESIAN_POINT('',(0.5,-31.068114681,38.256467488));
#28=DIRECTION('',(-0.,1.,0.));
#29=DIRECTION('',(1.,0.,0.));
#30=AXIS2_PLACEMENT_3D('',#27,#28,#29);
#31=PLANE('',#30);
#32=CARTESIAN_POINT('',(33.23778543,-31.068114681,36.356467488));
#33=VERTEX_POINT('',#32);
#34=CARTESIAN_POINT('',(25.91278543,-31.068114681,36.356467488));
#35=VERTEX_POINT('',#34);
#36=CARTESIAN_POINT('',(33.23778543,-31.068114681,36.356467488));
#37=DIRECTION('',(-1.,-0.,-0.));
#38=VECTOR('',#37,7.325);
#39=LINE('',#36,#38);
#40=EDGE_CURVE('',#33,#35,#39,.T.);
#41=ORIENTED_EDGE('',*,*,#40,.F.);
#42=CARTESIAN_POINT('',(33.23778543,-31.068114681,33.206468377));
#43=VERTEX_POINT('',#42);
#44=CARTESIAN_POINT('',(33.23778543,-31.068114681,36.356467488));
#45=DIRECTION('',(-0.,-0.,-1.));
#46=VECTOR('',#45,3.149999111);
#47=LINE('',#44,#46);
#48=EDGE_CURVE('',#33,#43,#47,.T.);
#49=ORIENTED_EDGE('',*,*,#48,.T.);
#50=CARTESIAN_POINT('',(25.91278543,-31.068114681,33.206468377));
#51=VERTEX_POINT('',#50);
#52=CARTESIAN_POINT('',(33.23778543,-31.068114681,33.206468377));
#53=DIRECTION('',(-1.,-0.,-0.));
#54=VECTOR('',#53,7.325);
#55=LINE('',#52,#54);
#56=EDGE_CURVE('',#43,#51,#55,.T.);
#57=ORIENTED_EDGE('',*,*,#56,.T.);
#58=CARTESIAN_POINT('',(25.91278543,-31.068114681,33.206468377));
#59=DIRECTION('',(-0.,-0.,1.));
#60=VECTOR('',#59,3.149999111);
#61=LINE('',#58,#60);
#62=EDGE_CURVE('',#51,#35,#61,.T.);
#63=ORIENTED_EDGE('',*,*,#62,.T.);
#64=EDGE_LOOP('',(#41,#49,#57,#63));
#65=FACE_BOUND('',#64,.T.);
#66=CARTESIAN_POINT('',(17.28778543,-31.068114681,36.356467488));
#67=VERTEX_POINT('',#66);
#68=CARTESIAN_POINT('',(17.28778543,-31.068114681,33.206468377));
#69=VERTEX_POINT('',#68);
#70=CARTESIAN_POINT('',(17.28778543,-31.068114681,36.356467488));
#71=DIRECTION('',(-0.,-0.,-1.));
#72=VECTOR('',#71,3.149999111);
#73=LINE('',#70,#72);
#74=EDGE_CURVE('',#67,#69,#73,.T.);
#75=ORIENTED_EDGE('',*,*,#74,.F.);
#76=CARTESIAN_POINT('',(25.11278543,-31.068114681,36.356467488));
#77=VERTEX_POINT('',#76);
#78=CARTESIAN_POINT('',(25.11278543,-31.068114681,36.356467488));
#79=DIRECTION('',(-1.,-0.,-0.));
#80=VECTOR('',#79,7.825);
#81=LINE('',#78,#80);
#82=EDGE_CURVE('',#77,#67,#81,.T.);
#83=ORIENTED_EDGE('',*,*,#82,.F.);
#84=CARTESIAN_POINT('',(25.11278543,-31.068114681,33.206468377));
#85=VERTEX_POINT('',#84);
#86=CARTESIAN_POINT('',(25.11278543,-31.068114681,36.356467488));
#87=DIRECTION('',(-0.,-0.,-1.));
#88=VECTOR('',#87,3.149999111);
#89=LINE('',#86,#88);
#90=EDGE_CURVE('',#77,#85,#89,.T.);
#91=ORIENTED_EDGE('',*,*,#90,.T.);
#92=CARTESIAN_POINT('',(25.11278543,-31.068114681,33.206468377));
#93=DIRECTION('',(-1.,-0.,-0.));
#94=VECTOR('',#93,7.825);
#95=LINE('',#92,#94);
#96=EDGE_CURVE('',#85,#69,#95,.T.);
#97=ORIENTED_EDGE('',*,*,#96,.T.);
#98=EDGE_LOOP('',(#75,#83,#91,#97));
#99=FACE_BOUND('',#98,.T.);
#100=CARTESIAN_POINT('',(41.36278543,-31.068114681,36.356467488));
#101=VERTEX_POINT('',#100);
#102=CARTESIAN_POINT('',(34.03778543,-31.068114681,36.356467488));
#103=VERTEX_POINT('',#102);
#104=CARTESIAN_POINT('',(41.36278543,-31.068114681,36.356467488));
#105=DIRECTION('',(-1.,-0.,-0.));
#106=VECTOR('',#105,7.325);
#107=LINE('',#104,#106);
#108=EDGE_CURVE('',#101,#103,#107,.T.);
#109=ORIENTED_EDGE('',*,*,#108,.F.);
#110=CARTESIAN_POINT('',(41.36278543,-31.068114681,33.206468377));
#111=VERTEX_POINT('',#110);
#112=CARTESIAN_POINT('',(41.36278543,-31.068114681,36.356467488));
#113=DIRECTION('',(-0.,-0.,-1.));
#114=VECTOR('',#113,3.149999111);
#115=LINE('',#112,#114);
#116=EDGE_CURVE('',#101,#111,#115,.T.);
#117=ORIENTED_EDGE('',*,*,#116,.T.);
#118=CARTESIAN_POINT('',(34.03778543,-31.068114681,33.206468377));
#119=VERTEX_POINT('',#118);
#120=CARTESIAN_POINT('',(41.36278543,-31.068114681,33.206468377));
#121=DIRECTION('',(-1.,-0.,-0.));
#122=VECTOR('',#121,7.325);
#123=LINE('',#120,#122);
#124=EDGE_CURVE('',#111,#119,#123,.T.);
#125=ORIENTED_EDGE('',*,*,#124,.T.);
#126=CARTESIAN_POINT('',(34.03778543,-31.068114681,33.206468377));
#127=DIRECTION('',(-0.,-0.,1.));
#128=VECTOR('',#127,3.149999111);
#129=LINE('',#126,#128);
#130=EDGE_CURVE('',#119,#103,#129,.T.);
#131=ORIENTED_EDGE('',*,*,#130,.T.);
#132=EDGE_LOOP('',(#109,#117,#125,#131));
#133=FACE_BOUND('',#132,.T.);
#134=CARTESIAN_POINT('',(7.86278543,-31.068114681,36.356467488));
#135=VERTEX_POINT('',#134);
#136=CARTESIAN_POINT('',(0.97778543,-31.068114681,36.356467488));
#137=VERTEX_POINT('',#136);
#138=CARTESIAN_POINT('',(7.86278543,-31.068114681,36.356467488));
#139=DIRECTION('',(-1.,-0.,-0.));
#140=VECTOR('',#139,6.885);
#141=LINE('',#138,#140);
#142=EDGE_CURVE('',#135,#137,#141,.T.);
#143=ORIENTED_EDGE('',*,*,#142,.F.);
#144=CARTESIAN_POINT('',(7.86278543,-31.068114681,33.206468377));
#145=VERTEX_POINT('',#144);
#146=CARTESIAN_POINT('',(7.86278543,-31.068114681,36.356467488));
#147=DIRECTION('',(-0.,-0.,-1.));
#148=VECTOR('',#147,3.149999111);
#149=LINE('',#146,#148);
#150=EDGE_CURVE('',#135,#145,#149,.T.);
#151=ORIENTED_EDGE('',*,*,#150,.T.);
#152=CARTESIAN_POINT('',(0.97778543,-31.068114681,33.206468377));
#153=VERTEX_POINT('',#152);
#154=CARTESIAN_POINT('',(7.86278543,-31.068114681,33.206468377));
#155=DIRECTION('',(-1.,-0.,-0.));
#156=VECTOR('',#155,6.885);
#157=LINE('',#154,#156);
#158=EDGE_CURVE('',#145,#153,#157,.T.);
#159=ORIENTED_EDGE('',*,*,#158,.T.);
#160=CARTESIAN_POINT('',(0.97778543,-31.068114681,36.356467488));
#161=DIRECTION('',(-0.,-0.,-1.));
#162=VECTOR('',#161,3.149999111);
#163=LINE('',#160,#162);
#164=EDGE_CURVE('',#137,#153,#163,.T.);
#165=ORIENTED_EDGE('',*,*,#164,.F.);
#166=EDGE_LOOP('',(#143,#151,#159,#165));
#167=FACE_BOUND('',#166,.T.);
#168=CARTESIAN_POINT('',(16.48778543,-31.068114681,36.356467488));
#169=VERTEX_POINT('',#168);
#170=CARTESIAN_POINT('',(8.66278543,-31.068114681,36.356467488));
#171=VERTEX_POINT('',#170);
#172=CARTESIAN_POINT('',(16.48778543,-31.068114681,36.356467488));
#173=DIRECTION('',(-1.,-0.,-0.));
#174=VECTOR('',#173,7.825);
#175=LINE('',#172,#174);
#176=EDGE_CURVE('',#169,#171,#175,.T.);
#177=ORIENTED_EDGE('',*,*,#176,.F.);
#178=CARTESIAN_POINT('',(16.48778543,-31.068114681,33.206468377));
#179=VERTEX_POINT('',#178);
#180=CARTESIAN_POINT('',(16.48778543,-31.068114681,33.206468377));
#181=DIRECTION('',(-0.,-0.,1.));
#182=VECTOR('',#181,3.149999111);
#183=LINE('',#180,#182);
#184=EDGE_CURVE('',#179,#169,#183,.T.);
#185=ORIENTED_EDGE('',*,*,#184,.F.);
#186=CARTESIAN_POINT('',(8.66278543,-31.068114681,33.206468377));
#187=VERTEX_POINT('',#186);
#188=CARTESIAN_POINT('',(16.48778543,-31.068114681,33.206468377));
#189=DIRECTION('',(-1.,-0.,-0.));
#190=VECTOR('',#189,7.825);
#191=LINE('',#188,#190);
#192=EDGE_CURVE('',#179,#187,#191,.T.);
#193=ORIENTED_EDGE('',*,*,#192,.T.);
#194=CARTESIAN_POINT('',(8.66278543,-31.068114681,33.206468377));
#195=DIRECTION('',(-0.,-0.,1.));
#196=VECTOR('',#195,3.149999111);
#197=LINE('',#194,#196);
#198=EDGE_CURVE('',#187,#171,#197,.T.);
#199=ORIENTED_EDGE('',*,*,#198,.T.);
#200=EDGE_LOOP('',(#177,#185,#193,#199));
#201=FACE_BOUND('',#200,.T.);
#202=CARTESIAN_POINT('',(41.36278543,-31.068114681,20.156467488));
#203=VERTEX_POINT('',#202);
#204=CARTESIAN_POINT('',(34.03778543,-31.068114681,20.156467488));
#205=VERTEX_POINT('',#204);
#206=CARTESIAN_POINT('',(41.36278543,-31.068114681,20.156467488));
#207=DIRECTION('',(-1.,-0.,-0.));
#208=VECTOR('',#207,7.325);
#209=LINE('',#206,#208);
#210=EDGE_CURVE('',#203,#205,#209,.T.);
#211=ORIENTED_EDGE('',*,*,#210,.T.);
#212=CARTESIAN_POINT('',(34.03778543,-31.068114681,25.206468377));
#213=VERTEX_POINT('',#212);
#214=CARTESIAN_POINT('',(34.03778543,-31.068114681,20.156467488));
#215=DIRECTION('',(-0.,-0.,1.));
#216=VECTOR('',#215,5.050000889);
#217=LINE('',#214,#216);
#218=EDGE_CURVE('',#205,#213,#217,.T.);
#219=ORIENTED_EDGE('',*,*,#218,.T.);
#220=CARTESIAN_POINT('',(41.36278543,-31.068114681,25.206468377));
#221=VERTEX_POINT('',#220);
#222=CARTESIAN_POINT('',(41.36278543,-31.068114681,25.206468377));
#223=DIRECTION('',(-1.,-0.,-0.));
#224=VECTOR('',#223,7.325);
#225=LINE('',#222,#224);
#226=EDGE_CURVE('',#221,#213,#225,.T.);
#227=ORIENTED_EDGE('',*,*,#226,.F.);
#228=CARTESIAN_POINT('',(41.36278543,-31.068114681,25.206468377));
#229=DIRECTION('',(-0.,-0.,-1.));
#230=VECTOR('',#229,5.050000889);
#231=LINE('',#228,#230);
#232=EDGE_CURVE('',#221,#203,#231,.T.);
#233=ORIENTED_EDGE('',*,*,#232,.T.);
#234=EDGE_LOOP('',(#211,#219,#227,#233));
#235=FACE_BOUND('',#234,.T.);
#236=CARTESIAN_POINT('',(16.48778543,-31.068114681,20.156467488));
#237=VERTEX_POINT('',#236);
#238=CARTESIAN_POINT('',(16.48778543,-31.068114681,25.206468377));
#239=VERTEX_POINT('',#238);
#240=CARTESIAN_POINT('',(16.48778543,-31.068114681,20.156467488));
#241=DIRECTION('',(-0.,-0.,1.));
#242=VECTOR('',#241,5.050000889);
#243=LINE('',#240,#242);
#244=EDGE_CURVE('',#237,#239,#243,.T.);
#245=ORIENTED_EDGE('',*,*,#244,.F.);
#246=CARTESIAN_POINT('',(8.66278543,-31.068114681,20.156467488));
#247=VERTEX_POINT('',#246);
#248=CARTESIAN_POINT('',(16.48778543,-31.068114681,20.156467488));
#249=DIRECTION('',(-1.,-0.,-0.));
#250=VECTOR('',#249,7.825);
#251=LINE('',#248,#250);
#252=EDGE_CURVE('',#237,#247,#251,.T.);
#253=ORIENTED_EDGE('',*,*,#252,.T.);
#254=CARTESIAN_POINT('',(8.66278543,-31.068114681,25.206468377));
#255=VERTEX_POINT('',#254);
#256=CARTESIAN_POINT('',(8.66278543,-31.068114681,20.156467488));
#257=DIRECTION('',(-0.,-0.,1.));
#258=VECTOR('',#257,5.050000889);
#259=LINE('',#256,#258);
#260=EDGE_CURVE('',#247,#255,#259,.T.);
#261=ORIENTED_EDGE('',*,*,#260,.T.);
#262=CARTESIAN_POINT('',(16.48778543,-31.068114681,25.206468377));
#263=DIRECTION('',(-1.,-0.,-0.));
#264=VECTOR('',#263,7.825);
#265=LINE('',#262,#264);
#266=EDGE_CURVE('',#239,#255,#265,.T.);
#267=ORIENTED_EDGE('',*,*,#266,.F.);
#268=EDGE_LOOP('',(#245,#253,#261,#267));
#269=FACE_BOUND('',#268,.T.);
#270=CARTESIAN_POINT('',(33.23778543,-31.068114681,20.156467488));
#271=VERTEX_POINT('',#270);
#272=CARTESIAN_POINT('',(25.91278543,-31.068114681,20.156467488));
#273=VERTEX_POINT('',#272);
#274=CARTESIAN_POINT('',(33.23778543,-31.068114681,20.156467488));
#275=DIRECTION('',(-1.,-0.,-0.));
#276=VECTOR('',#275,7.325);
#277=LINE('',#274,#276);
#278=EDGE_CURVE('',#271,#273,#277,.T.);
#279=ORIENTED_EDGE('',*,*,#278,.T.);
#280=CARTESIAN_POINT('',(25.91278543,-31.068114681,25.206468377));
#281=VERTEX_POINT('',#280);
#282=CARTESIAN_POINT('',(25.91278543,-31.068114681,20.156467488));
#283=DIRECTION('',(-0.,-0.,1.));
#284=VECTOR('',#283,5.050000889);
#285=LINE('',#282,#284);
#286=EDGE_CURVE('',#273,#281,#285,.T.);
#287=ORIENTED_EDGE('',*,*,#286,.T.);
#288=CARTESIAN_POINT('',(33.23778543,-31.068114681,25.206468377));
#289=VERTEX_POINT('',#288);
#290=CARTESIAN_POINT('',(33.23778543,-31.068114681,25.206468377));
#291=DIRECTION('',(-1.,-0.,-0.));
#292=VECTOR('',#291,7.325);
#293=LINE('',#290,#292);
#294=EDGE_CURVE('',#289,#281,#293,.T.);
#295=ORIENTED_EDGE('',*,*,#294,.F.);
#296=CARTESIAN_POINT('',(33.23778543,-31.068114681,25.206468377));
#297=DIRECTION('',(-0.,-0.,-1.));
#298=VECTOR('',#297,5.050000889);
#299=LINE('',#296,#298);
#300=EDGE_CURVE('',#289,#271,#299,.T.);
#301=ORIENTED_EDGE('',*,*,#300,.T.);
#302=EDGE_LOOP('',(#279,#287,#295,#301));
#303=FACE_BOUND('',#302,.T.);
#304=CARTESIAN_POINT('',(49.07778543,-31.068114681,20.156467488));
#305=VERTEX_POINT('',#304);
#306=CARTESIAN_POINT('',(42.16278543,-31.068114681,20.156467488));
#307=VERTEX_POINT('',#306);
#308=CARTESIAN_POINT('',(49.07778543,-31.068114681,20.156467488));
#309=DIRECTION('',(-1.,-0.,-0.));
#310=VECTOR('',#309,6.915);
#311=LINE('',#308,#310);
#312=EDGE_CURVE('',#305,#307,#311,.T.);
#313=ORIENTED_EDGE('',*,*,#312,.T.);
#314=CARTESIAN_POINT('',(42.16278543,-31.068114681,25.206468377));
#315=VERTEX_POINT('',#314);
#316=CARTESIAN_POINT('',(42.16278543,-31.068114681,20.156467488));
#317=DIRECTION('',(-0.,-0.,1.));
#318=VECTOR('',#317,5.050000889);
#319=LINE('',#316,#318);
#320=EDGE_CURVE('',#307,#315,#319,.T.);
#321=ORIENTED_EDGE('',*,*,#320,.T.);
#322=CARTESIAN_POINT('',(49.07778543,-31.068114681,25.206468377));
#323=VERTEX_POINT('',#322);
#324=CARTESIAN_POINT('',(49.07778543,-31.068114681,25.206468377));
#325=DIRECTION('',(-1.,-0.,-0.));
#326=VECTOR('',#325,6.915);
#327=LINE('',#324,#326);
#328=EDGE_CURVE('',#323,#315,#327,.T.);
#329=ORIENTED_EDGE('',*,*,#328,.F.);
#330=CARTESIAN_POINT('',(49.07778543,-31.068114681,20.156467488));
#331=DIRECTION('',(-0.,-0.,1.));
#332=VECTOR('',#331,5.050000889);
#333=LINE('',#330,#332);
#334=EDGE_CURVE('',#305,#323,#333,.T.);
#335=ORIENTED_EDGE('',*,*,#334,.F.);
#336=EDGE_LOOP('',(#313,#321,#329,#335));
#337=FACE_BOUND('',#336,.T.);
#338=CARTESIAN_POINT('',(42.16278543,-31.068114681,33.206468377));
#339=VERTEX_POINT('',#338);
#340=CARTESIAN_POINT('',(42.16278543,-31.068114681,36.356467488));
#341=VERTEX_POINT('',#340);
#342=CARTESIAN_POINT('',(42.16278543,-31.068114681,33.206468377));
#343=DIRECTION('',(-0.,-0.,1.));
#344=VECTOR('',#343,3.149999111);
#345=LINE('',#342,#344);
#346=EDGE_CURVE('',#339,#341,#345,.T.);
#347=ORIENTED_EDGE('',*,*,#346,.T.);
#348=CARTESIAN_POINT('',(49.07778543,-31.068114681,36.356467488));
#349=VERTEX_POINT('',#348);
#350=CARTESIAN_POINT('',(49.07778543,-31.068114681,36.356467488));
#351=DIRECTION('',(-1.,-0.,-0.));
#352=VECTOR('',#351,6.915);
#353=LINE('',#350,#352);
#354=EDGE_CURVE('',#349,#341,#353,.T.);
#355=ORIENTED_EDGE('',*,*,#354,.F.);
#356=CARTESIAN_POINT('',(49.07778543,-31.068114681,33.206468377));
#357=VERTEX_POINT('',#356);
#358=CARTESIAN_POINT('',(49.07778543,-31.068114681,33.206468377));
#359=DIRECTION('',(-0.,-0.,1.));
#360=VECTOR('',#359,3.149999111);
#361=LINE('',#358,#360);
#362=EDGE_CURVE('',#357,#349,#361,.T.);
#363=ORIENTED_EDGE('',*,*,#362,.F.);
#364=CARTESIAN_POINT('',(49.07778543,-31.068114681,33.206468377));
#365=DIRECTION('',(-1.,-0.,-0.));
#366=VECTOR('',#365,6.915);
#367=LINE('',#364,#366);
#368=EDGE_CURVE('',#357,#339,#367,.T.);
#369=ORIENTED_EDGE('',*,*,#368,.T.);
#370=EDGE_LOOP('',(#347,#355,#363,#369));
#371=FACE_BOUND('',#370,.T.);
#372=CARTESIAN_POINT('',(25.11278543,-31.068114681,20.156467488));
#373=VERTEX_POINT('',#372);
#374=CARTESIAN_POINT('',(17.28778543,-31.068114681,20.156467488));
#375=VERTEX_POINT('',#374);
#376=CARTESIAN_POINT('',(25.11278543,-31.068114681,20.156467488));
#377=DIRECTION('',(-1.,-0.,-0.));
#378=VECTOR('',#377,7.825);
#379=LINE('',#376,#378);
#380=EDGE_CURVE('',#373,#375,#379,.T.);
#381=ORIENTED_EDGE('',*,*,#380,.T.);
#382=CARTESIAN_POINT('',(17.28778543,-31.068114681,25.206468377));
#383=VERTEX_POINT('',#382);
#384=CARTESIAN_POINT('',(17.28778543,-31.068114681,25.206468377));
#385=DIRECTION('',(-0.,-0.,-1.));
#386=VECTOR('',#385,5.050000889);
#387=LINE('',#384,#386);
#388=EDGE_CURVE('',#383,#375,#387,.T.);
#389=ORIENTED_EDGE('',*,*,#388,.F.);
#390=CARTESIAN_POINT('',(25.11278543,-31.068114681,25.206468377));
#391=VERTEX_POINT('',#390);
#392=CARTESIAN_POINT('',(25.11278543,-31.068114681,25.206468377));
#393=DIRECTION('',(-1.,-0.,-0.));
#394=VECTOR('',#393,7.825);
#395=LINE('',#392,#394);
#396=EDGE_CURVE('',#391,#383,#395,.T.);
#397=ORIENTED_EDGE('',*,*,#396,.F.);
#398=CARTESIAN_POINT('',(25.11278543,-31.068114681,25.206468377));
#399=DIRECTION('',(-0.,-0.,-1.));
#400=VECTOR('',#399,5.050000889);
#401=LINE('',#398,#400);
#402=EDGE_CURVE('',#391,#373,#401,.T.);
#403=ORIENTED_EDGE('',*,*,#402,.T.);
#404=EDGE_LOOP('',(#381,#389,#397,#403));
#405=FACE_BOUND('',#404,.T.);
#406=CARTESIAN_POINT('',(7.86278543,-31.068114681,25.206468377));
#407=VERTEX_POINT('',#406);
#408=CARTESIAN_POINT('',(7.86278543,-31.068114681,20.156467488));
#409=VERTEX_POINT('',#408);
#410=CARTESIAN_POINT('',(7.86278543,-31.068114681,25.206468377));
#411=DIRECTION('',(-0.,-0.,-1.));
#412=VECTOR('',#411,5.050000889);
#413=LINE('',#410,#412);
#414=EDGE_CURVE('',#407,#409,#413,.T.);
#415=ORIENTED_EDGE('',*,*,#414,.T.);
#416=CARTESIAN_POINT('',(0.97778543,-31.068114681,20.156467488));
#417=VERTEX_POINT('',#416);
#418=CARTESIAN_POINT('',(7.86278543,-31.068114681,20.156467488));
#419=DIRECTION('',(-1.,-0.,-0.));
#420=VECTOR('',#419,6.885);
#421=LINE('',#418,#420);
#422=EDGE_CURVE('',#409,#417,#421,.T.);
#423=ORIENTED_EDGE('',*,*,#422,.T.);
#424=CARTESIAN_POINT('',(0.97778543,-31.068114681,25.206468377));
#425=VERTEX_POINT('',#424);
#426=CARTESIAN_POINT('',(0.97778543,-31.068114681,25.206468377));
#427=DIRECTION('',(-0.,-0.,-1.));
#428=VECTOR('',#427,5.050000889);
#429=LINE('',#426,#428);
#430=EDGE_CURVE('',#425,#417,#429,.T.);
#431=ORIENTED_EDGE('',*,*,#430,.F.);
#432=CARTESIAN_POINT('',(7.86278543,-31.068114681,25.206468377));
#433=DIRECTION('',(-1.,-0.,-0.));
#434=VECTOR('',#433,6.885);
#435=LINE('',#432,#434);
#436=EDGE_CURVE('',#407,#425,#435,.T.);
#437=ORIENTED_EDGE('',*,*,#436,.F.);
#438=EDGE_LOOP('',(#415,#423,#431,#437));
#439=FACE_BOUND('',#438,.T.);
#440=CARTESIAN_POINT('',(0.97778543,-31.068114681,32.206468377));
#441=VERTEX_POINT('',#440);
#442=CARTESIAN_POINT('',(0.97778543,-31.068114681,26.206468377));
#443=VERTEX_POINT('',#442);
#444=CARTESIAN_POINT('',(0.97778543,-31.068114681,32.206468377));
#445=DIRECTION('',(-0.,-0.,-1.));
#446=VECTOR('',#445,6.);
#447=LINE('',#444,#446);
#448=EDGE_CURVE('',#441,#443,#447,.T.);
#449=ORIENTED_EDGE('',*,*,#448,.F.);
#450=CARTESIAN_POINT('',(7.86278543,-31.068114681,32.206468377));
#451=VERTEX_POINT('',#450);
#452=CARTESIAN_POINT('',(0.97778543,-31.068114681,32.206468377));
#453=DIRECTION('',(1.,0.,-0.));
#454=VECTOR('',#453,6.885);
#455=LINE('',#452,#454);
#456=EDGE_CURVE('',#441,#451,#455,.T.);
#457=ORIENTED_EDGE('',*,*,#456,.T.);
#458=CARTESIAN_POINT('',(7.86278543,-31.068114681,26.206468377));
#459=VERTEX_POINT('',#458);
#460=CARTESIAN_POINT('',(7.86278543,-31.068114681,32.206468377));
#461=DIRECTION('',(-0.,-0.,-1.));
#462=VECTOR('',#461,6.);
#463=LINE('',#460,#462);
#464=EDGE_CURVE('',#451,#459,#463,.T.);
#465=ORIENTED_EDGE('',*,*,#464,.T.);
#466=CARTESIAN_POINT('',(0.97778543,-31.068114681,26.206468377));
#467=DIRECTION('',(1.,0.,-0.));
#468=VECTOR('',#467,6.885);
#469=LINE('',#466,#468);
#470=EDGE_CURVE('',#443,#459,#469,.T.);
#471=ORIENTED_EDGE('',*,*,#470,.F.);
#472=EDGE_LOOP('',(#449,#457,#465,#471));
#473=FACE_BOUND('',#472,.T.);
#474=CARTESIAN_POINT('',(49.07778543,-31.068114681,26.206468377));
#475=VERTEX_POINT('',#474);
#476=CARTESIAN_POINT('',(49.07778543,-31.068114681,32.206468377));
#477=VERTEX_POINT('',#476);
#478=CARTESIAN_POINT('',(49.07778543,-31.068114681,26.206468377));
#479=DIRECTION('',(-0.,-0.,1.));
#480=VECTOR('',#479,6.);
#481=LINE('',#478,#480);
#482=EDGE_CURVE('',#475,#477,#481,.T.);
#483=ORIENTED_EDGE('',*,*,#482,.F.);
#484=CARTESIAN_POINT('',(42.16278543,-31.068114681,26.206468377));
#485=VERTEX_POINT('',#484);
#486=CARTESIAN_POINT('',(42.16278543,-31.068114681,26.206468377));
#487=DIRECTION('',(1.,0.,-0.));
#488=VECTOR('',#487,6.915);
#489=LINE('',#486,#488);
#490=EDGE_CURVE('',#485,#475,#489,.T.);
#491=ORIENTED_EDGE('',*,*,#490,.F.);
#492=CARTESIAN_POINT('',(42.16278543,-31.068114681,32.206468377));
#493=VERTEX_POINT('',#492);
#494=CARTESIAN_POINT('',(42.16278543,-31.068114681,26.206468377));
#495=DIRECTION('',(-0.,-0.,1.));
#496=VECTOR('',#495,6.);
#497=LINE('',#494,#496);
#498=EDGE_CURVE('',#485,#493,#497,.T.);
#499=ORIENTED_EDGE('',*,*,#498,.T.);
#500=CARTESIAN_POINT('',(42.16278543,-31.068114681,32.206468377));
#501=DIRECTION('',(1.,0.,-0.));
#502=VECTOR('',#501,6.915);
#503=LINE('',#500,#502);
#504=EDGE_CURVE('',#493,#477,#503,.T.);
#505=ORIENTED_EDGE('',*,*,#504,.T.);
#506=EDGE_LOOP('',(#483,#491,#499,#505));
#507=FACE_BOUND('',#506,.T.);
#508=CARTESIAN_POINT('',(34.03778543,-31.068114681,26.206468377));
#509=VERTEX_POINT('',#508);
#510=CARTESIAN_POINT('',(34.03778543,-31.068114681,32.206468377));
#511=VERTEX_POINT('',#510);
#512=CARTESIAN_POINT('',(34.03778543,-31.068114681,26.206468377));
#513=DIRECTION('',(-0.,-0.,1.));
#514=VECTOR('',#513,6.);
#515=LINE('',#512,#514);
#516=EDGE_CURVE('',#509,#511,#515,.T.);
#517=ORIENTED_EDGE('',*,*,#516,.T.);
#518=CARTESIAN_POINT('',(41.36278543,-31.068114681,32.206468377));
#519=VERTEX_POINT('',#518);
#520=CARTESIAN_POINT('',(34.03778543,-31.068114681,32.206468377));
#521=DIRECTION('',(1.,0.,-0.));
#522=VECTOR('',#521,7.325);
#523=LINE('',#520,#522);
#524=EDGE_CURVE('',#511,#519,#523,.T.);
#525=ORIENTED_EDGE('',*,*,#524,.T.);
#526=CARTESIAN_POINT('',(41.36278543,-31.068114681,26.206468377));
#527=VERTEX_POINT('',#526);
#528=CARTESIAN_POINT('',(41.36278543,-31.068114681,32.206468377));
#529=DIRECTION('',(-0.,-0.,-1.));
#530=VECTOR('',#529,6.);
#531=LINE('',#528,#530);
#532=EDGE_CURVE('',#519,#527,#531,.T.);
#533=ORIENTED_EDGE('',*,*,#532,.T.);
#534=CARTESIAN_POINT('',(34.03778543,-31.068114681,26.206468377));
#535=DIRECTION('',(1.,0.,-0.));
#536=VECTOR('',#535,7.325);
#537=LINE('',#534,#536);
#538=EDGE_CURVE('',#509,#527,#537,.T.);
#539=ORIENTED_EDGE('',*,*,#538,.F.);
#540=EDGE_LOOP('',(#517,#525,#533,#539));
#541=FACE_BOUND('',#540,.T.);
#542=CARTESIAN_POINT('',(17.28778543,-31.068114681,32.206468377));
#543=VERTEX_POINT('',#542);
#544=CARTESIAN_POINT('',(17.28778543,-31.068114681,26.206468377));
#545=VERTEX_POINT('',#544);
#546=CARTESIAN_POINT('',(17.28778543,-31.068114681,32.206468377));
#547=DIRECTION('',(-0.,-0.,-1.));
#548=VECTOR('',#547,6.);
#549=LINE('',#546,#548);
#550=EDGE_CURVE('',#543,#545,#549,.T.);
#551=ORIENTED_EDGE('',*,*,#550,.F.);
#552=CARTESIAN_POINT('',(25.11278543,-31.068114681,32.206468377));
#553=VERTEX_POINT('',#552);
#554=CARTESIAN_POINT('',(17.28778543,-31.068114681,32.206468377));
#555=DIRECTION('',(1.,0.,-0.));
#556=VECTOR('',#555,7.825);
#557=LINE('',#554,#556);
#558=EDGE_CURVE('',#543,#553,#557,.T.);
#559=ORIENTED_EDGE('',*,*,#558,.T.);
#560=CARTESIAN_POINT('',(25.11278543,-31.068114681,26.206468377));
#561=VERTEX_POINT('',#560);
#562=CARTESIAN_POINT('',(25.11278543,-31.068114681,32.206468377));
#563=DIRECTION('',(-0.,-0.,-1.));
#564=VECTOR('',#563,6.);
#565=LINE('',#562,#564);
#566=EDGE_CURVE('',#553,#561,#565,.T.);
#567=ORIENTED_EDGE('',*,*,#566,.T.);
#568=CARTESIAN_POINT('',(17.28778543,-31.068114681,26.206468377));
#569=DIRECTION('',(1.,0.,-0.));
#570=VECTOR('',#569,7.825);
#571=LINE('',#568,#570);
#572=EDGE_CURVE('',#545,#561,#571,.T.);
#573=ORIENTED_EDGE('',*,*,#572,.F.);
#574=EDGE_LOOP('',(#551,#559,#567,#573));
#575=FACE_BOUND('',#574,.T.);
#576=CARTESIAN_POINT('',(16.48778543,-31.068114681,26.206468377));
#577=VERTEX_POINT('',#576);
#578=CARTESIAN_POINT('',(16.48778543,-31.068114681,32.206468377));
#579=VERTEX_POINT('',#578);
#580=CARTESIAN_POINT('',(16.48778543,-31.068114681,26.206468377));
#581=DIRECTION('',(-0.,-0.,1.));
#582=VECTOR('',#581,6.);
#583=LINE('',#580,#582);
#584=EDGE_CURVE('',#577,#579,#583,.T.);
#585=ORIENTED_EDGE('',*,*,#584,.F.);
#586=CARTESIAN_POINT('',(8.66278543,-31.068114681,26.206468377));
#587=VERTEX_POINT('',#586);
#588=CARTESIAN_POINT('',(8.66278543,-31.068114681,26.206468377));
#589=DIRECTION('',(1.,0.,-0.));
#590=VECTOR('',#589,7.825);
#591=LINE('',#588,#590);
#592=EDGE_CURVE('',#587,#577,#591,.T.);
#593=ORIENTED_EDGE('',*,*,#592,.F.);
#594=CARTESIAN_POINT('',(8.66278543,-31.068114681,32.206468377));
#595=VERTEX_POINT('',#594);
#596=CARTESIAN_POINT('',(8.66278543,-31.068114681,26.206468377));
#597=DIRECTION('',(-0.,-0.,1.));
#598=VECTOR('',#597,6.);
#599=LINE('',#596,#598);
#600=EDGE_CURVE('',#587,#595,#599,.T.);
#601=ORIENTED_EDGE('',*,*,#600,.T.);
#602=CARTESIAN_POINT('',(8.66278543,-31.068114681,32.206468377));
#603=DIRECTION('',(1.,0.,-0.));
#604=VECTOR('',#603,7.825);
#605=LINE('',#602,#604);
#606=EDGE_CURVE('',#595,#579,#605,.T.);
#607=ORIENTED_EDGE('',*,*,#606,.T.);
#608=EDGE_LOOP('',(#585,#593,#601,#607));
#609=FACE_BOUND('',#608,.T.);
#610=CARTESIAN_POINT('',(33.23778543,-31.068114681,32.206468377));
#611=VERTEX_POINT('',#610);
#612=CARTESIAN_POINT('',(33.23778543,-31.068114681,26.206468377));
#613=VERTEX_POINT('',#612);
#614=CARTESIAN_POINT('',(33.23778543,-31.068114681,32.206468377));
#615=DIRECTION('',(-0.,-0.,-1.));
#616=VECTOR('',#615,6.);
#617=LINE('',#614,#616);
#618=EDGE_CURVE('',#611,#613,#617,.T.);
#619=ORIENTED_EDGE('',*,*,#618,.T.);
#620=CARTESIAN_POINT('',(25.91278543,-31.068114681,26.206468377));
#621=VERTEX_POINT('',#620);
#622=CARTESIAN_POINT('',(25.91278543,-31.068114681,26.206468377));
#623=DIRECTION('',(1.,0.,-0.));
#624=VECTOR('',#623,7.325);
#625=LINE('',#622,#624);
#626=EDGE_CURVE('',#621,#613,#625,.T.);
#627=ORIENTED_EDGE('',*,*,#626,.F.);
#628=CARTESIAN_POINT('',(25.91278543,-31.068114681,32.206468377));
#629=VERTEX_POINT('',#628);
#630=CARTESIAN_POINT('',(25.91278543,-31.068114681,26.206468377));
#631=DIRECTION('',(-0.,-0.,1.));
#632=VECTOR('',#631,6.);
#633=LINE('',#630,#632);
#634=EDGE_CURVE('',#621,#629,#633,.T.);
#635=ORIENTED_EDGE('',*,*,#634,.T.);
#636=CARTESIAN_POINT('',(25.91278543,-31.068114681,32.206468377));
#637=DIRECTION('',(1.,0.,-0.));
#638=VECTOR('',#637,7.325);
#639=LINE('',#636,#638);
#640=EDGE_CURVE('',#629,#611,#639,.T.);
#641=ORIENTED_EDGE('',*,*,#640,.T.);
#642=EDGE_LOOP('',(#619,#627,#635,#641));
#643=FACE_BOUND('',#642,.T.);
#644=CARTESIAN_POINT('',(49.87778543,-31.068114681,19.156467488));
#645=VERTEX_POINT('',#644);
#646=CARTESIAN_POINT('',(49.87778543,-31.068114681,27.206468377));
#647=VERTEX_POINT('',#646);
#648=CARTESIAN_POINT('',(49.87778543,-31.068114681,19.156467488));
#649=DIRECTION('',(-0.,-0.,1.));
#650=VECTOR('',#649,8.050000889);
#651=LINE('',#648,#650);
#652=EDGE_CURVE('',#645,#647,#651,.T.);
#653=ORIENTED_EDGE('',*,*,#652,.T.);
#654=CARTESIAN_POINT('',(49.87778543,-31.068114681,28.006468377));
#655=VERTEX_POINT('',#654);
#656=CARTESIAN_POINT('',(49.87778543,-31.068114681,27.206468377));
#657=DIRECTION('',(-0.,-0.,1.));
#658=VECTOR('',#657,0.8);
#659=LINE('',#656,#658);
#660=EDGE_CURVE('',#647,#655,#659,.T.);
#661=ORIENTED_EDGE('',*,*,#660,.T.);
#662=CARTESIAN_POINT('',(49.87778543,-31.068114681,28.806468377));
#663=VERTEX_POINT('',#662);
#664=CARTESIAN_POINT('',(49.87778543,-31.068114681,28.006468377));
#665=DIRECTION('',(-0.,-0.,1.));
#666=VECTOR('',#665,0.8);
#667=LINE('',#664,#666);
#668=EDGE_CURVE('',#655,#663,#667,.T.);
#669=ORIENTED_EDGE('',*,*,#668,.T.);
#670=CARTESIAN_POINT('',(49.87778543,-31.068114681,29.606468377));
#671=VERTEX_POINT('',#670);
#672=CARTESIAN_POINT('',(49.87778543,-31.068114681,28.806468377));
#673=DIRECTION('',(-0.,-0.,1.));
#674=VECTOR('',#673,0.8);
#675=LINE('',#672,#674);
#676=EDGE_CURVE('',#663,#671,#675,.T.);
#677=ORIENTED_EDGE('',*,*,#676,.T.);
#678=CARTESIAN_POINT('',(49.87778543,-31.068114681,30.406468377));
#679=VERTEX_POINT('',#678);
#680=CARTESIAN_POINT('',(49.87778543,-31.068114681,29.606468377));
#681=DIRECTION('',(-0.,-0.,1.));
#682=VECTOR('',#681,0.8);
#683=LINE('',#680,#682);
#684=EDGE_CURVE('',#671,#679,#683,.T.);
#685=ORIENTED_EDGE('',*,*,#684,.T.);
#686=CARTESIAN_POINT('',(49.87778543,-31.068114681,31.206468377));
#687=VERTEX_POINT('',#686);
#688=CARTESIAN_POINT('',(49.87778543,-31.068114681,30.406468377));
#689=DIRECTION('',(-0.,-0.,1.));
#690=VECTOR('',#689,0.8);
#691=LINE('',#688,#690);
#692=EDGE_CURVE('',#679,#687,#691,.T.);
#693=ORIENTED_EDGE('',*,*,#692,.T.);
#694=CARTESIAN_POINT('',(49.87778543,-31.068114681,37.156467488));
#695=VERTEX_POINT('',#694);
#696=CARTESIAN_POINT('',(49.87778543,-31.068114681,31.206468377));
#697=DIRECTION('',(-0.,-0.,1.));
#698=VECTOR('',#697,5.949999111);
#699=LINE('',#696,#698);
#700=EDGE_CURVE('',#687,#695,#699,.T.);
#701=ORIENTED_EDGE('',*,*,#700,.T.);
#702=CARTESIAN_POINT('',(50.91278543,-31.068114681,37.156467488));
#703=VERTEX_POINT('',#702);
#704=CARTESIAN_POINT('',(49.87778543,-31.068114681,37.156467488));
#705=DIRECTION('',(1.,0.,0.));
#706=VECTOR('',#705,1.035);
#707=LINE('',#704,#706);
#708=EDGE_CURVE('',#695,#703,#707,.T.);
#709=ORIENTED_EDGE('',*,*,#708,.T.);
#710=CARTESIAN_POINT('',(50.91278543,-31.068114681,39.256469266));
#711=VERTEX_POINT('',#710);
#712=CARTESIAN_POINT('',(50.91278543,-31.068114681,37.156467488));
#713=DIRECTION('',(0.,0.,1.));
#714=VECTOR('',#713,2.100001778);
#715=LINE('',#712,#714);
#716=EDGE_CURVE('',#703,#711,#715,.T.);
#717=ORIENTED_EDGE('',*,*,#716,.T.);
#718=CARTESIAN_POINT('',(-0.08721457,-31.068114681,39.256469266));
#719=VERTEX_POINT('',#718);
#720=CARTESIAN_POINT('',(50.91278543,-31.068114681,39.256469266));
#721=DIRECTION('',(-1.,-0.,-0.));
#722=VECTOR('',#721,51.);
#723=LINE('',#720,#722);
#724=EDGE_CURVE('',#711,#719,#723,.T.);
#725=ORIENTED_EDGE('',*,*,#724,.T.);
#726=CARTESIAN_POINT('',(-0.08721457,-31.068114681,38.306469266));
#727=VERTEX_POINT('',#726);
#728=CARTESIAN_POINT('',(-0.08721457,-31.068114681,39.256469266));
#729=DIRECTION('',(-0.,-0.,-1.));
#730=VECTOR('',#729,0.95);
#731=LINE('',#728,#730);
#732=EDGE_CURVE('',#719,#727,#731,.T.);
#733=ORIENTED_EDGE('',*,*,#732,.T.);
#734=CARTESIAN_POINT('',(-0.88721457,-31.068114681,38.306469266));
#735=VERTEX_POINT('',#734);
#736=CARTESIAN_POINT('',(-0.88721457,-31.068114681,38.306469266));
#737=DIRECTION('',(1.,0.,-0.));
#738=VECTOR('',#737,0.8);
#739=LINE('',#736,#738);
#740=EDGE_CURVE('',#735,#727,#739,.T.);
#741=ORIENTED_EDGE('',*,*,#740,.F.);
#742=CARTESIAN_POINT('',(-0.88721457,-31.068114681,37.156467488));
#743=VERTEX_POINT('',#742);
#744=CARTESIAN_POINT('',(-0.88721457,-31.068114681,38.306469266));
#745=DIRECTION('',(0.,0.,-1.));
#746=VECTOR('',#745,1.150001778);
#747=LINE('',#744,#746);
#748=EDGE_CURVE('',#735,#743,#747,.T.);
#749=ORIENTED_EDGE('',*,*,#748,.T.);
#750=CARTESIAN_POINT('',(0.17778543,-31.068114681,37.156467488));
#751=VERTEX_POINT('',#750);
#752=CARTESIAN_POINT('',(-0.88721457,-31.068114681,37.156467488));
#753=DIRECTION('',(1.,0.,0.));
#754=VECTOR('',#753,1.065);
#755=LINE('',#752,#754);
#756=EDGE_CURVE('',#743,#751,#755,.T.);
#757=ORIENTED_EDGE('',*,*,#756,.T.);
#758=CARTESIAN_POINT('',(0.17778543,-31.068114681,31.206468377));
#759=VERTEX_POINT('',#758);
#760=CARTESIAN_POINT('',(0.17778543,-31.068114681,31.206468377));
#761=DIRECTION('',(0.,0.,1.));
#762=VECTOR('',#761,5.949999111);
#763=LINE('',#760,#762);
#764=EDGE_CURVE('',#759,#751,#763,.T.);
#765=ORIENTED_EDGE('',*,*,#764,.F.);
#766=CARTESIAN_POINT('',(0.17778543,-31.068114681,30.406468377));
#767=VERTEX_POINT('',#766);
#768=CARTESIAN_POINT('',(0.17778543,-31.068114681,31.206468377));
#769=DIRECTION('',(-0.,-0.,-1.));
#770=VECTOR('',#769,0.8);
#771=LINE('',#768,#770);
#772=EDGE_CURVE('',#759,#767,#771,.T.);
#773=ORIENTED_EDGE('',*,*,#772,.T.);
#774=CARTESIAN_POINT('',(0.17778543,-31.068114681,29.606468377));
#775=VERTEX_POINT('',#774);
#776=CARTESIAN_POINT('',(0.17778543,-31.068114681,29.606468377));
#777=DIRECTION('',(0.,0.,1.));
#778=VECTOR('',#777,0.8);
#779=LINE('',#776,#778);
#780=EDGE_CURVE('',#775,#767,#779,.T.);
#781=ORIENTED_EDGE('',*,*,#780,.F.);
#782=CARTESIAN_POINT('',(0.17778543,-31.068114681,28.806468377));
#783=VERTEX_POINT('',#782);
#784=CARTESIAN_POINT('',(0.17778543,-31.068114681,29.606468377));
#785=DIRECTION('',(-0.,-0.,-1.));
#786=VECTOR('',#785,0.8);
#787=LINE('',#784,#786);
#788=EDGE_CURVE('',#775,#783,#787,.T.);
#789=ORIENTED_EDGE('',*,*,#788,.T.);
#790=CARTESIAN_POINT('',(0.17778543,-31.068114681,28.006468377));
#791=VERTEX_POINT('',#790);
#792=CARTESIAN_POINT('',(0.17778543,-31.068114681,28.006468377));
#793=DIRECTION('',(0.,0.,1.));
#794=VECTOR('',#793,0.8);
#795=LINE('',#792,#794);
#796=EDGE_CURVE('',#791,#783,#795,.T.);
#797=ORIENTED_EDGE('',*,*,#796,.F.);
#798=CARTESIAN_POINT('',(0.17778543,-31.068114681,27.206468377));
#799=VERTEX_POINT('',#798);
#800=CARTESIAN_POINT('',(0.17778543,-31.068114681,28.006468377));
#801=DIRECTION('',(-0.,-0.,-1.));
#802=VECTOR('',#801,0.8);
#803=LINE('',#800,#802);
#804=EDGE_CURVE('',#791,#799,#803,.T.);
#805=ORIENTED_EDGE('',*,*,#804,.T.);
#806=CARTESIAN_POINT('',(0.17778543,-31.068114681,19.156467488));
#807=VERTEX_POINT('',#806);
#808=CARTESIAN_POINT('',(0.17778543,-31.068114681,19.156467488));
#809=DIRECTION('',(0.,0.,1.));
#810=VECTOR('',#809,8.050000889);
#811=LINE('',#808,#810);
#812=EDGE_CURVE('',#807,#799,#811,.T.);
#813=ORIENTED_EDGE('',*,*,#812,.F.);
#814=CARTESIAN_POINT('',(0.17778543,-31.068114681,19.156467488));
#815=DIRECTION('',(1.,0.,-0.));
#816=VECTOR('',#815,49.7);
#817=LINE('',#814,#816);
#818=EDGE_CURVE('',#807,#645,#817,.T.);
#819=ORIENTED_EDGE('',*,*,#818,.T.);
#820=EDGE_LOOP('',(#653,#661,#669,#677,#685,#693,#701,#709,#717,#725,#733,#741,#749,#757,#765,#773,#781,#789,#797,#805,#813,#819));
#821=FACE_BOUND('',#820,.T.);
#822=ADVANCED_FACE('',(#65,#99,#133,#167,#201,#235,#269,#303,#337,#371,#405,#439,#473,#507,#541,#575,#609,#643,#821),#31,.F.);
#823=CARTESIAN_POINT('',(49.87778543,-31.148114681,28.256467488));
#824=DIRECTION('',(1.,0.,0.));
#825=DIRECTION('',(0.,0.,-1.));
#826=AXIS2_PLACEMENT_3D('',#823,#824,#825);
#827=PLANE('',#826);
#828=CARTESIAN_POINT('',(49.87778543,-30.668114681,27.206468377));
#829=VERTEX_POINT('',#828);
#830=CARTESIAN_POINT('',(49.87778543,-30.668114681,27.206468377));
#831=DIRECTION('',(0.,-1.,-0.));
#832=VECTOR('',#831,0.4);
#833=LINE('',#830,#832);
#834=EDGE_CURVE('',#829,#647,#833,.T.);
#835=ORIENTED_EDGE('',*,*,#834,.T.);
#836=ORIENTED_EDGE('',*,*,#652,.F.);
#837=CARTESIAN_POINT('',(49.87778543,-30.668114681,19.156467488));
#838=VERTEX_POINT('',#837);
#839=CARTESIAN_POINT('',(49.87778543,-30.668114681,19.156467488));
#840=DIRECTION('',(0.,-1.,0.));
#841=VECTOR('',#840,0.4);
#842=LINE('',#839,#841);
#843=EDGE_CURVE('',#838,#645,#842,.T.);
#844=ORIENTED_EDGE('',*,*,#843,.F.);
#845=CARTESIAN_POINT('',(49.87778543,-30.668114681,19.156467488));
#846=DIRECTION('',(-0.,-0.,1.));
#847=VECTOR('',#846,8.050000889);
#848=LINE('',#845,#847);
#849=EDGE_CURVE('',#838,#829,#848,.T.);
#850=ORIENTED_EDGE('',*,*,#849,.T.);
#851=EDGE_LOOP('',(#835,#836,#844,#850));
#852=FACE_BOUND('',#851,.T.);
#853=ADVANCED_FACE('',(#852),#827,.T.);
#854=CARTESIAN_POINT('',(49.87778543,-31.148114681,28.256467488));
#855=DIRECTION('',(1.,0.,0.));
#856=DIRECTION('',(0.,0.,-1.));
#857=AXIS2_PLACEMENT_3D('',#854,#855,#856);
#858=PLANE('',#857);
#859=CARTESIAN_POINT('',(49.87778543,-30.668114681,28.806468377));
#860=VERTEX_POINT('',#859);
#861=CARTESIAN_POINT('',(49.87778543,-30.668114681,28.806468377));
#862=DIRECTION('',(0.,-1.,-0.));
#863=VECTOR('',#862,0.4);
#864=LINE('',#861,#863);
#865=EDGE_CURVE('',#860,#663,#864,.T.);
#866=ORIENTED_EDGE('',*,*,#865,.T.);
#867=ORIENTED_EDGE('',*,*,#668,.F.);
#868=CARTESIAN_POINT('',(49.87778543,-30.668114681,28.006468377));
#869=VERTEX_POINT('',#868);
#870=CARTESIAN_POINT('',(49.87778543,-31.068114681,28.006468377));
#871=DIRECTION('',(-0.,1.,0.));
#872=VECTOR('',#871,0.4);
#873=LINE('',#870,#872);
#874=EDGE_CURVE('',#655,#869,#873,.T.);
#875=ORIENTED_EDGE('',*,*,#874,.T.);
#876=CARTESIAN_POINT('',(49.87778543,-30.668114681,28.006468377));
#877=DIRECTION('',(-0.,-0.,1.));
#878=VECTOR('',#877,0.8);
#879=LINE('',#876,#878);
#880=EDGE_CURVE('',#869,#860,#879,.T.);
#881=ORIENTED_EDGE('',*,*,#880,.T.);
#882=EDGE_LOOP('',(#866,#867,#875,#881));
#883=FACE_BOUND('',#882,.T.);
#884=ADVANCED_FACE('',(#883),#858,.T.);
#885=CARTESIAN_POINT('',(49.87778543,-31.148114681,28.256467488));
#886=DIRECTION('',(1.,0.,0.));
#887=DIRECTION('',(0.,0.,-1.));
#888=AXIS2_PLACEMENT_3D('',#885,#886,#887);
#889=PLANE('',#888);
#890=CARTESIAN_POINT('',(49.87778543,-30.668114681,30.406468377));
#891=VERTEX_POINT('',#890);
#892=CARTESIAN_POINT('',(49.87778543,-30.668114681,30.406468377));
#893=DIRECTION('',(0.,-1.,-0.));
#894=VECTOR('',#893,0.4);
#895=LINE('',#892,#894);
#896=EDGE_CURVE('',#891,#679,#895,.T.);
#897=ORIENTED_EDGE('',*,*,#896,.T.);
#898=ORIENTED_EDGE('',*,*,#684,.F.);
#899=CARTESIAN_POINT('',(49.87778543,-30.668114681,29.606468377));
#900=VERTEX_POINT('',#899);
#901=CARTESIAN_POINT('',(49.87778543,-31.068114681,29.606468377));
#902=DIRECTION('',(-0.,1.,0.));
#903=VECTOR('',#902,0.4);
#904=LINE('',#901,#903);
#905=EDGE_CURVE('',#671,#900,#904,.T.);
#906=ORIENTED_EDGE('',*,*,#905,.T.);
#907=CARTESIAN_POINT('',(49.87778543,-30.668114681,29.606468377));
#908=DIRECTION('',(-0.,-0.,1.));
#909=VECTOR('',#908,0.8);
#910=LINE('',#907,#909);
#911=EDGE_CURVE('',#900,#891,#910,.T.);
#912=ORIENTED_EDGE('',*,*,#911,.T.);
#913=EDGE_LOOP('',(#897,#898,#906,#912));
#914=FACE_BOUND('',#913,.T.);
#915=ADVANCED_FACE('',(#914),#889,.T.);
#916=CARTESIAN_POINT('',(0.17778543,-31.238114681,28.256467488));
#917=DIRECTION('',(1.,0.,-0.));
#918=DIRECTION('',(-0.,1.,0.));
#919=AXIS2_PLACEMENT_3D('',#916,#917,#918);
#920=PLANE('',#919);
#921=CARTESIAN_POINT('',(0.17778543,-30.668114681,28.006468377));
#922=VERTEX_POINT('',#921);
#923=CARTESIAN_POINT('',(0.17778543,-30.668114681,28.006468377));
#924=DIRECTION('',(0.,-1.,-0.));
#925=VECTOR('',#924,0.4);
#926=LINE('',#923,#925);
#927=EDGE_CURVE('',#922,#791,#926,.T.);
#928=ORIENTED_EDGE('',*,*,#927,.T.);
#929=ORIENTED_EDGE('',*,*,#796,.T.);
#930=CARTESIAN_POINT('',(0.17778543,-30.668114681,28.806468377));
#931=VERTEX_POINT('',#930);
#932=CARTESIAN_POINT('',(0.17778543,-31.068114681,28.806468377));
#933=DIRECTION('',(-0.,1.,0.));
#934=VECTOR('',#933,0.4);
#935=LINE('',#932,#934);
#936=EDGE_CURVE('',#783,#931,#935,.T.);
#937=ORIENTED_EDGE('',*,*,#936,.T.);
#938=CARTESIAN_POINT('',(0.17778543,-30.668114681,28.006468377));
#939=DIRECTION('',(0.,0.,1.));
#940=VECTOR('',#939,0.8);
#941=LINE('',#938,#940);
#942=EDGE_CURVE('',#922,#931,#941,.T.);
#943=ORIENTED_EDGE('',*,*,#942,.F.);
#944=EDGE_LOOP('',(#928,#929,#937,#943));
#945=FACE_BOUND('',#944,.T.);
#946=ADVANCED_FACE('',(#945),#920,.F.);
#947=CARTESIAN_POINT('',(0.17778543,-31.238114681,28.256467488));
#948=DIRECTION('',(1.,0.,-0.));
#949=DIRECTION('',(-0.,1.,0.));
#950=AXIS2_PLACEMENT_3D('',#947,#948,#949);
#951=PLANE('',#950);
#952=CARTESIAN_POINT('',(0.17778543,-30.668114681,29.606468377));
#953=VERTEX_POINT('',#952);
#954=CARTESIAN_POINT('',(0.17778543,-30.668114681,29.606468377));
#955=DIRECTION('',(0.,-1.,-0.));
#956=VECTOR('',#955,0.4);
#957=LINE('',#954,#956);
#958=EDGE_CURVE('',#953,#775,#957,.T.);
#959=ORIENTED_EDGE('',*,*,#958,.T.);
#960=ORIENTED_EDGE('',*,*,#780,.T.);
#961=CARTESIAN_POINT('',(0.17778543,-30.668114681,30.406468377));
#962=VERTEX_POINT('',#961);
#963=CARTESIAN_POINT('',(0.17778543,-31.068114681,30.406468377));
#964=DIRECTION('',(-0.,1.,0.));
#965=VECTOR('',#964,0.4);
#966=LINE('',#963,#965);
#967=EDGE_CURVE('',#767,#962,#966,.T.);
#968=ORIENTED_EDGE('',*,*,#967,.T.);
#969=CARTESIAN_POINT('',(0.17778543,-30.668114681,29.606468377));
#970=DIRECTION('',(0.,0.,1.));
#971=VECTOR('',#970,0.8);
#972=LINE('',#969,#971);
#973=EDGE_CURVE('',#953,#962,#972,.T.);
#974=ORIENTED_EDGE('',*,*,#973,.F.);
#975=EDGE_LOOP('',(#959,#960,#968,#974));
#976=FACE_BOUND('',#975,.T.);
#977=ADVANCED_FACE('',(#976),#951,.F.);
#978=CARTESIAN_POINT('',(0.17778543,-31.238114681,28.256467488));
#979=DIRECTION('',(1.,0.,-0.));
#980=DIRECTION('',(-0.,1.,0.));
#981=AXIS2_PLACEMENT_3D('',#978,#979,#980);
#982=PLANE('',#981);
#983=CARTESIAN_POINT('',(0.17778543,-30.668114681,31.206468377));
#984=VERTEX_POINT('',#983);
#985=CARTESIAN_POINT('',(0.17778543,-30.668114681,31.206468377));
#986=DIRECTION('',(0.,-1.,-0.));
#987=VECTOR('',#986,0.4);
#988=LINE('',#985,#987);
#989=EDGE_CURVE('',#984,#759,#988,.T.);
#990=ORIENTED_EDGE('',*,*,#989,.T.);
#991=ORIENTED_EDGE('',*,*,#764,.T.);
#992=CARTESIAN_POINT('',(0.17778543,-30.668114681,37.156467488));
#993=VERTEX_POINT('',#992);
#994=CARTESIAN_POINT('',(0.17778543,-30.668114681,37.156467488));
#995=DIRECTION('',(0.,-1.,-0.));
#996=VECTOR('',#995,0.4);
#997=LINE('',#994,#996);
#998=EDGE_CURVE('',#993,#751,#997,.T.);
#999=ORIENTED_EDGE('',*,*,#998,.F.);
#1000=CARTESIAN_POINT('',(0.17778543,-30.668114681,31.206468377));
#1001=DIRECTION('',(0.,0.,1.));
#1002=VECTOR('',#1001,5.949999111);
#1003=LINE('',#1000,#1002);
#1004=EDGE_CURVE('',#984,#993,#1003,.T.);
#1005=ORIENTED_EDGE('',*,*,#1004,.F.);
#1006=EDGE_LOOP('',(#990,#991,#999,#1005));
#1007=FACE_BOUND('',#1006,.T.);
#1008=ADVANCED_FACE('',(#1007),#982,.F.);
#1009=CARTESIAN_POINT('',(-1.33721457,-30.668114681,29.956468377));
#1010=DIRECTION('',(1.,0.,0.));
#1011=DIRECTION('',(-0.,1.,0.));
#1012=AXIS2_PLACEMENT_3D('',#1009,#1010,#1011);
#1013=PLANE('',#1012);
#1014=CARTESIAN_POINT('',(-1.33721457,-30.668114681,40.706469266));
#1015=VERTEX_POINT('',#1014);
#1016=CARTESIAN_POINT('',(-1.33721457,-29.668114681,40.706469266));
#1017=VERTEX_POINT('',#1016);
#1018=CARTESIAN_POINT('',(-1.33721457,-30.668114681,40.706469266));
#1019=DIRECTION('',(-0.,1.,0.));
#1020=VECTOR('',#1019,1.);
#1021=LINE('',#1018,#1020);
#1022=EDGE_CURVE('',#1015,#1017,#1021,.T.);
#1023=ORIENTED_EDGE('',*,*,#1022,.F.);
#1024=CARTESIAN_POINT('',(-1.33721457,-30.668114681,41.656467488));
#1025=VERTEX_POINT('',#1024);
#1026=CARTESIAN_POINT('',(-1.33721457,-30.668114681,41.656467488));
#1027=DIRECTION('',(0.,0.,-1.));
#1028=VECTOR('',#1027,0.949998222);
#1029=LINE('',#1026,#1028);
#1030=EDGE_CURVE('',#1025,#1015,#1029,.T.);
#1031=ORIENTED_EDGE('',*,*,#1030,.F.);
#1032=CARTESIAN_POINT('',(-1.33721457,-29.668114681,41.656467488));
#1033=VERTEX_POINT('',#1032);
#1034=CARTESIAN_POINT('',(-1.33721457,-30.668114681,41.656467488));
#1035=DIRECTION('',(-0.,1.,0.));
#1036=VECTOR('',#1035,1.);
#1037=LINE('',#1034,#1036);
#1038=EDGE_CURVE('',#1025,#1033,#1037,.T.);
#1039=ORIENTED_EDGE('',*,*,#1038,.T.);
#1040=CARTESIAN_POINT('',(-1.33721457,-29.668114681,41.656467488));
#1041=DIRECTION('',(0.,0.,-1.));
#1042=VECTOR('',#1041,0.949998222);
#1043=LINE('',#1040,#1042);
#1044=EDGE_CURVE('',#1033,#1017,#1043,.T.);
#1045=ORIENTED_EDGE('',*,*,#1044,.T.);
#1046=EDGE_LOOP('',(#1023,#1031,#1039,#1045));
#1047=FACE_BOUND('',#1046,.T.);
#1048=ADVANCED_FACE('',(#1047),#1013,.F.);
#1049=CARTESIAN_POINT('',(25.01278543,-31.168114681,39.256469266));
#1050=DIRECTION('',(0.,0.,-1.));
#1051=DIRECTION('',(-1.,0.,0.));
#1052=AXIS2_PLACEMENT_3D('',#1049,#1050,#1051);
#1053=PLANE('',#1052);
#1054=CARTESIAN_POINT('',(-0.08721457,-30.668114681,39.256469266));
#1055=VERTEX_POINT('',#1054);
#1056=CARTESIAN_POINT('',(-0.08721457,-31.068114681,39.256469266));
#1057=DIRECTION('',(0.,1.,0.));
#1058=VECTOR('',#1057,0.4);
#1059=LINE('',#1056,#1058);
#1060=EDGE_CURVE('',#719,#1055,#1059,.T.);
#1061=ORIENTED_EDGE('',*,*,#1060,.F.);
#1062=ORIENTED_EDGE('',*,*,#724,.F.);
#1063=CARTESIAN_POINT('',(50.91278543,-30.668114681,39.256469266));
#1064=VERTEX_POINT('',#1063);
#1065=CARTESIAN_POINT('',(50.91278543,-31.068114681,39.256469266));
#1066=DIRECTION('',(-0.,1.,0.));
#1067=VECTOR('',#1066,0.4);
#1068=LINE('',#1065,#1067);
#1069=EDGE_CURVE('',#711,#1064,#1068,.T.);
#1070=ORIENTED_EDGE('',*,*,#1069,.T.);
#1071=CARTESIAN_POINT('',(50.91278543,-30.668114681,39.256469266));
#1072=DIRECTION('',(-1.,-0.,0.));
#1073=VECTOR('',#1072,51.);
#1074=LINE('',#1071,#1073);
#1075=EDGE_CURVE('',#1064,#1055,#1074,.T.);
#1076=ORIENTED_EDGE('',*,*,#1075,.T.);
#1077=EDGE_LOOP('',(#1061,#1062,#1070,#1076));
#1078=FACE_BOUND('',#1077,.T.);
#1079=ADVANCED_FACE('',(#1078),#1053,.F.);
#1080=CARTESIAN_POINT('',(-0.88721457,-43.,0.));
#1081=DIRECTION('',(-1.,-0.,0.));
#1082=DIRECTION('',(0.,-1.,0.));
#1083=AXIS2_PLACEMENT_3D('',#1080,#1081,#1082);
#1084=PLANE('',#1083);
#1085=CARTESIAN_POINT('',(-0.88721457,-30.668114681,38.306469266));
#1086=VERTEX_POINT('',#1085);
#1087=CARTESIAN_POINT('',(-0.88721457,-30.668114681,38.306469266));
#1088=DIRECTION('',(0.,-1.,0.));
#1089=VECTOR('',#1088,0.4);
#1090=LINE('',#1087,#1089);
#1091=EDGE_CURVE('',#1086,#735,#1090,.T.);
#1092=ORIENTED_EDGE('',*,*,#1091,.F.);
#1093=CARTESIAN_POINT('',(-0.88721457,-30.668114681,37.156467488));
#1094=VERTEX_POINT('',#1093);
#1095=CARTESIAN_POINT('',(-0.88721457,-30.668114681,38.306469266));
#1096=DIRECTION('',(0.,0.,-1.));
#1097=VECTOR('',#1096,1.150001778);
#1098=LINE('',#1095,#1097);
#1099=EDGE_CURVE('',#1086,#1094,#1098,.T.);
#1100=ORIENTED_EDGE('',*,*,#1099,.T.);
#1101=CARTESIAN_POINT('',(-0.88721457,-31.068114681,37.156467488));
#1102=DIRECTION('',(-0.,1.,-0.));
#1103=VECTOR('',#1102,0.4);
#1104=LINE('',#1101,#1103);
#1105=EDGE_CURVE('',#743,#1094,#1104,.T.);
#1106=ORIENTED_EDGE('',*,*,#1105,.F.);
#1107=ORIENTED_EDGE('',*,*,#748,.F.);
#1108=EDGE_LOOP('',(#1092,#1100,#1106,#1107));
#1109=FACE_BOUND('',#1108,.T.);
#1110=ADVANCED_FACE('',(#1109),#1084,.T.);
#1111=CARTESIAN_POINT('',(25.01278543,-30.668114681,29.956468377));
#1112=DIRECTION('',(-0.,1.,0.));
#1113=DIRECTION('',(-1.,-0.,0.));
#1114=AXIS2_PLACEMENT_3D('',#1111,#1112,#1113);
#1115=PLANE('',#1114);
#1116=CARTESIAN_POINT('',(7.06278543,-30.668114681,17.25646571));
#1117=VERTEX_POINT('',#1116);
#1118=CARTESIAN_POINT('',(7.06278543,-30.668114681,18.622589132));
#1119=VERTEX_POINT('',#1118);
#1120=CARTESIAN_POINT('',(7.06278543,-30.668114681,17.25646571));
#1121=DIRECTION('',(-0.,-0.,1.));
#1122=VECTOR('',#1121,1.366123422);
#1123=LINE('',#1120,#1122);
#1124=EDGE_CURVE('',#1117,#1119,#1123,.T.);
#1125=ORIENTED_EDGE('',*,*,#1124,.F.);
#1126=CARTESIAN_POINT('',(6.26278543,-30.668114681,17.25646571));
#1127=VERTEX_POINT('',#1126);
#1128=CARTESIAN_POINT('',(7.06278543,-30.668114681,17.25646571));
#1129=DIRECTION('',(-1.,-0.,-0.));
#1130=VECTOR('',#1129,0.8);
#1131=LINE('',#1128,#1130);
#1132=EDGE_CURVE('',#1117,#1127,#1131,.T.);
#1133=ORIENTED_EDGE('',*,*,#1132,.T.);
#1134=CARTESIAN_POINT('',(6.26278543,-30.668114681,18.622589132));
#1135=VERTEX_POINT('',#1134);
#1136=CARTESIAN_POINT('',(6.26278543,-30.668114681,18.622589132));
#1137=DIRECTION('',(0.,0.,-1.));
#1138=VECTOR('',#1137,1.366123422);
#1139=LINE('',#1136,#1138);
#1140=EDGE_CURVE('',#1135,#1127,#1139,.T.);
#1141=ORIENTED_EDGE('',*,*,#1140,.F.);
#1142=CARTESIAN_POINT('',(7.06278543,-30.668114681,18.622589132));
#1143=DIRECTION('',(-1.,-0.,-0.));
#1144=VECTOR('',#1143,0.8);
#1145=LINE('',#1142,#1144);
#1146=EDGE_CURVE('',#1119,#1135,#1145,.T.);
#1147=ORIENTED_EDGE('',*,*,#1146,.F.);
#1148=EDGE_LOOP('',(#1125,#1133,#1141,#1147));
#1149=FACE_BOUND('',#1148,.T.);
#1150=CARTESIAN_POINT('',(8.66278543,-30.668114681,17.35646571));
#1151=VERTEX_POINT('',#1150);
#1152=CARTESIAN_POINT('',(8.66278543,-30.668114681,18.622589132));
#1153=VERTEX_POINT('',#1152);
#1154=CARTESIAN_POINT('',(8.66278543,-30.668114681,17.35646571));
#1155=DIRECTION('',(-0.,-0.,1.));
#1156=VECTOR('',#1155,1.266123422);
#1157=LINE('',#1154,#1156);
#1158=EDGE_CURVE('',#1151,#1153,#1157,.T.);
#1159=ORIENTED_EDGE('',*,*,#1158,.F.);
#1160=CARTESIAN_POINT('',(7.86278543,-30.668114681,17.35646571));
#1161=VERTEX_POINT('',#1160);
#1162=CARTESIAN_POINT('',(8.66278543,-30.668114681,17.35646571));
#1163=DIRECTION('',(-1.,-0.,-0.));
#1164=VECTOR('',#1163,0.8);
#1165=LINE('',#1162,#1164);
#1166=EDGE_CURVE('',#1151,#1161,#1165,.T.);
#1167=ORIENTED_EDGE('',*,*,#1166,.T.);
#1168=CARTESIAN_POINT('',(7.86278543,-30.668114681,18.622589132));
#1169=VERTEX_POINT('',#1168);
#1170=CARTESIAN_POINT('',(7.86278543,-30.668114681,18.622589132));
#1171=DIRECTION('',(0.,0.,-1.));
#1172=VECTOR('',#1171,1.266123422);
#1173=LINE('',#1170,#1172);
#1174=EDGE_CURVE('',#1169,#1161,#1173,.T.);
#1175=ORIENTED_EDGE('',*,*,#1174,.F.);
#1176=CARTESIAN_POINT('',(8.66278543,-30.668114681,18.622589132));
#1177=DIRECTION('',(-1.,-0.,-0.));
#1178=VECTOR('',#1177,0.8);
#1179=LINE('',#1176,#1178);
#1180=EDGE_CURVE('',#1153,#1169,#1179,.T.);
#1181=ORIENTED_EDGE('',*,*,#1180,.F.);
#1182=EDGE_LOOP('',(#1159,#1167,#1175,#1181));
#1183=FACE_BOUND('',#1182,.T.);
#1184=CARTESIAN_POINT('',(24.31278543,-30.668114681,17.25646571));
#1185=VERTEX_POINT('',#1184);
#1186=CARTESIAN_POINT('',(24.31278543,-30.668114681,18.622589132));
#1187=VERTEX_POINT('',#1186);
#1188=CARTESIAN_POINT('',(24.31278543,-30.668114681,17.25646571));
#1189=DIRECTION('',(-0.,-0.,1.));
#1190=VECTOR('',#1189,1.366123422);
#1191=LINE('',#1188,#1190);
#1192=EDGE_CURVE('',#1185,#1187,#1191,.T.);
#1193=ORIENTED_EDGE('',*,*,#1192,.F.);
#1194=CARTESIAN_POINT('',(23.51278543,-30.668114681,17.25646571));
#1195=VERTEX_POINT('',#1194);
#1196=CARTESIAN_POINT('',(24.31278543,-30.668114681,17.25646571));
#1197=DIRECTION('',(-1.,-0.,-0.));
#1198=VECTOR('',#1197,0.8);
#1199=LINE('',#1196,#1198);
#1200=EDGE_CURVE('',#1185,#1195,#1199,.T.);
#1201=ORIENTED_EDGE('',*,*,#1200,.T.);
#1202=CARTESIAN_POINT('',(23.51278543,-30.668114681,18.622589132));
#1203=VERTEX_POINT('',#1202);
#1204=CARTESIAN_POINT('',(23.51278543,-30.668114681,18.622589132));
#1205=DIRECTION('',(0.,0.,-1.));
#1206=VECTOR('',#1205,1.366123422);
#1207=LINE('',#1204,#1206);
#1208=EDGE_CURVE('',#1203,#1195,#1207,.T.);
#1209=ORIENTED_EDGE('',*,*,#1208,.F.);
#1210=CARTESIAN_POINT('',(24.31278543,-30.668114681,18.622589132));
#1211=DIRECTION('',(-1.,-0.,-0.));
#1212=VECTOR('',#1211,0.8);
#1213=LINE('',#1210,#1212);
#1214=EDGE_CURVE('',#1187,#1203,#1213,.T.);
#1215=ORIENTED_EDGE('',*,*,#1214,.F.);
#1216=EDGE_LOOP('',(#1193,#1201,#1209,#1215));
#1217=FACE_BOUND('',#1216,.T.);
#1218=CARTESIAN_POINT('',(25.91278543,-30.668114681,17.35646571));
#1219=VERTEX_POINT('',#1218);
#1220=CARTESIAN_POINT('',(25.91278543,-30.668114681,18.622589132));
#1221=VERTEX_POINT('',#1220);
#1222=CARTESIAN_POINT('',(25.91278543,-30.668114681,17.35646571));
#1223=DIRECTION('',(-0.,-0.,1.));
#1224=VECTOR('',#1223,1.266123422);
#1225=LINE('',#1222,#1224);
#1226=EDGE_CURVE('',#1219,#1221,#1225,.T.);
#1227=ORIENTED_EDGE('',*,*,#1226,.F.);
#1228=CARTESIAN_POINT('',(25.11278543,-30.668114681,17.35646571));
#1229=VERTEX_POINT('',#1228);
#1230=CARTESIAN_POINT('',(25.91278543,-30.668114681,17.35646571));
#1231=DIRECTION('',(-1.,-0.,-0.));
#1232=VECTOR('',#1231,0.8);
#1233=LINE('',#1230,#1232);
#1234=EDGE_CURVE('',#1219,#1229,#1233,.T.);
#1235=ORIENTED_EDGE('',*,*,#1234,.T.);
#1236=CARTESIAN_POINT('',(25.11278543,-30.668114681,18.622589132));
#1237=VERTEX_POINT('',#1236);
#1238=CARTESIAN_POINT('',(25.11278543,-30.668114681,18.622589132));
#1239=DIRECTION('',(0.,0.,-1.));
#1240=VECTOR('',#1239,1.266123422);
#1241=LINE('',#1238,#1240);
#1242=EDGE_CURVE('',#1237,#1229,#1241,.T.);
#1243=ORIENTED_EDGE('',*,*,#1242,.F.);
#1244=CARTESIAN_POINT('',(25.91278543,-30.668114681,18.622589132));
#1245=DIRECTION('',(-1.,-0.,-0.));
#1246=VECTOR('',#1245,0.8);
#1247=LINE('',#1244,#1246);
#1248=EDGE_CURVE('',#1221,#1237,#1247,.T.);
#1249=ORIENTED_EDGE('',*,*,#1248,.F.);
#1250=EDGE_LOOP('',(#1227,#1235,#1243,#1249));
#1251=FACE_BOUND('',#1250,.T.);
#1252=CARTESIAN_POINT('',(43.76278543,-30.668114681,17.25646571));
#1253=VERTEX_POINT('',#1252);
#1254=CARTESIAN_POINT('',(43.76278543,-30.668114681,18.622589132));
#1255=VERTEX_POINT('',#1254);
#1256=CARTESIAN_POINT('',(43.76278543,-30.668114681,17.25646571));
#1257=DIRECTION('',(-0.,-0.,1.));
#1258=VECTOR('',#1257,1.366123422);
#1259=LINE('',#1256,#1258);
#1260=EDGE_CURVE('',#1253,#1255,#1259,.T.);
#1261=ORIENTED_EDGE('',*,*,#1260,.F.);
#1262=CARTESIAN_POINT('',(42.96278543,-30.668114681,17.25646571));
#1263=VERTEX_POINT('',#1262);
#1264=CARTESIAN_POINT('',(43.76278543,-30.668114681,17.25646571));
#1265=DIRECTION('',(-1.,-0.,-0.));
#1266=VECTOR('',#1265,0.8);
#1267=LINE('',#1264,#1266);
#1268=EDGE_CURVE('',#1253,#1263,#1267,.T.);
#1269=ORIENTED_EDGE('',*,*,#1268,.T.);
#1270=CARTESIAN_POINT('',(42.96278543,-30.668114681,18.622589132));
#1271=VERTEX_POINT('',#1270);
#1272=CARTESIAN_POINT('',(42.96278543,-30.668114681,18.622589132));
#1273=DIRECTION('',(0.,0.,-1.));
#1274=VECTOR('',#1273,1.366123422);
#1275=LINE('',#1272,#1274);
#1276=EDGE_CURVE('',#1271,#1263,#1275,.T.);
#1277=ORIENTED_EDGE('',*,*,#1276,.F.);
#1278=CARTESIAN_POINT('',(43.76278543,-30.668114681,18.622589132));
#1279=DIRECTION('',(-1.,-0.,-0.));
#1280=VECTOR('',#1279,0.8);
#1281=LINE('',#1278,#1280);
#1282=EDGE_CURVE('',#1255,#1271,#1281,.T.);
#1283=ORIENTED_EDGE('',*,*,#1282,.F.);
#1284=EDGE_LOOP('',(#1261,#1269,#1277,#1283));
#1285=FACE_BOUND('',#1284,.T.);
#1286=CARTESIAN_POINT('',(42.16278543,-30.668114681,17.35646571));
#1287=VERTEX_POINT('',#1286);
#1288=CARTESIAN_POINT('',(42.16278543,-30.668114681,18.622589132));
#1289=VERTEX_POINT('',#1288);
#1290=CARTESIAN_POINT('',(42.16278543,-30.668114681,17.35646571));
#1291=DIRECTION('',(-0.,-0.,1.));
#1292=VECTOR('',#1291,1.266123422);
#1293=LINE('',#1290,#1292);
#1294=EDGE_CURVE('',#1287,#1289,#1293,.T.);
#1295=ORIENTED_EDGE('',*,*,#1294,.F.);
#1296=CARTESIAN_POINT('',(41.36278543,-30.668114681,17.35646571));
#1297=VERTEX_POINT('',#1296);
#1298=CARTESIAN_POINT('',(42.16278543,-30.668114681,17.35646571));
#1299=DIRECTION('',(-1.,-0.,-0.));
#1300=VECTOR('',#1299,0.8);
#1301=LINE('',#1298,#1300);
#1302=EDGE_CURVE('',#1287,#1297,#1301,.T.);
#1303=ORIENTED_EDGE('',*,*,#1302,.T.);
#1304=CARTESIAN_POINT('',(41.36278543,-30.668114681,18.622589132));
#1305=VERTEX_POINT('',#1304);
#1306=CARTESIAN_POINT('',(41.36278543,-30.668114681,18.622589132));
#1307=DIRECTION('',(0.,0.,-1.));
#1308=VECTOR('',#1307,1.266123422);
#1309=LINE('',#1306,#1308);
#1310=EDGE_CURVE('',#1305,#1297,#1309,.T.);
#1311=ORIENTED_EDGE('',*,*,#1310,.F.);
#1312=CARTESIAN_POINT('',(42.16278543,-30.668114681,18.622589132));
#1313=DIRECTION('',(-1.,-0.,-0.));
#1314=VECTOR('',#1313,0.8);
#1315=LINE('',#1312,#1314);
#1316=EDGE_CURVE('',#1289,#1305,#1315,.T.);
#1317=ORIENTED_EDGE('',*,*,#1316,.F.);
#1318=EDGE_LOOP('',(#1295,#1303,#1311,#1317));
#1319=FACE_BOUND('',#1318,.T.);
#1320=CARTESIAN_POINT('',(40.56278543,-30.668114681,17.25646571));
#1321=VERTEX_POINT('',#1320);
#1322=CARTESIAN_POINT('',(39.76278543,-30.668114681,17.25646571));
#1323=VERTEX_POINT('',#1322);
#1324=CARTESIAN_POINT('',(40.56278543,-30.668114681,17.25646571));
#1325=DIRECTION('',(-1.,-0.,-0.));
#1326=VECTOR('',#1325,0.8);
#1327=LINE('',#1324,#1326);
#1328=EDGE_CURVE('',#1321,#1323,#1327,.T.);
#1329=ORIENTED_EDGE('',*,*,#1328,.T.);
#1330=CARTESIAN_POINT('',(39.76278543,-30.668114681,18.622589132));
#1331=VERTEX_POINT('',#1330);
#1332=CARTESIAN_POINT('',(39.76278543,-30.668114681,17.25646571));
#1333=DIRECTION('',(-0.,-0.,1.));
#1334=VECTOR('',#1333,1.366123422);
#1335=LINE('',#1332,#1334);
#1336=EDGE_CURVE('',#1323,#1331,#1335,.T.);
#1337=ORIENTED_EDGE('',*,*,#1336,.T.);
#1338=CARTESIAN_POINT('',(40.56278543,-30.668114681,18.622589132));
#1339=VERTEX_POINT('',#1338);
#1340=CARTESIAN_POINT('',(40.56278543,-30.668114681,18.622589132));
#1341=DIRECTION('',(-1.,-0.,-0.));
#1342=VECTOR('',#1341,0.8);
#1343=LINE('',#1340,#1342);
#1344=EDGE_CURVE('',#1339,#1331,#1343,.T.);
#1345=ORIENTED_EDGE('',*,*,#1344,.F.);
#1346=CARTESIAN_POINT('',(40.56278543,-30.668114681,18.622589132));
#1347=DIRECTION('',(0.,0.,-1.));
#1348=VECTOR('',#1347,1.366123422);
#1349=LINE('',#1346,#1348);
#1350=EDGE_CURVE('',#1339,#1321,#1349,.T.);
#1351=ORIENTED_EDGE('',*,*,#1350,.T.);
#1352=EDGE_LOOP('',(#1329,#1337,#1345,#1351));
#1353=FACE_BOUND('',#1352,.T.);
#1354=CARTESIAN_POINT('',(27.51278543,-30.668114681,17.25646571));
#1355=VERTEX_POINT('',#1354);
#1356=CARTESIAN_POINT('',(26.71278543,-30.668114681,17.25646571));
#1357=VERTEX_POINT('',#1356);
#1358=CARTESIAN_POINT('',(27.51278543,-30.668114681,17.25646571));
#1359=DIRECTION('',(-1.,-0.,-0.));
#1360=VECTOR('',#1359,0.8);
#1361=LINE('',#1358,#1360);
#1362=EDGE_CURVE('',#1355,#1357,#1361,.T.);
#1363=ORIENTED_EDGE('',*,*,#1362,.T.);
#1364=CARTESIAN_POINT('',(26.71278543,-30.668114681,18.622589132));
#1365=VERTEX_POINT('',#1364);
#1366=CARTESIAN_POINT('',(26.71278543,-30.668114681,17.25646571));
#1367=DIRECTION('',(-0.,-0.,1.));
#1368=VECTOR('',#1367,1.366123422);
#1369=LINE('',#1366,#1368);
#1370=EDGE_CURVE('',#1357,#1365,#1369,.T.);
#1371=ORIENTED_EDGE('',*,*,#1370,.T.);
#1372=CARTESIAN_POINT('',(27.51278543,-30.668114681,18.622589132));
#1373=VERTEX_POINT('',#1372);
#1374=CARTESIAN_POINT('',(27.51278543,-30.668114681,18.622589132));
#1375=DIRECTION('',(-1.,-0.,-0.));
#1376=VECTOR('',#1375,0.8);
#1377=LINE('',#1374,#1376);
#1378=EDGE_CURVE('',#1373,#1365,#1377,.T.);
#1379=ORIENTED_EDGE('',*,*,#1378,.F.);
#1380=CARTESIAN_POINT('',(27.51278543,-30.668114681,18.622589132));
#1381=DIRECTION('',(0.,0.,-1.));
#1382=VECTOR('',#1381,1.366123422);
#1383=LINE('',#1380,#1382);
#1384=EDGE_CURVE('',#1373,#1355,#1383,.T.);
#1385=ORIENTED_EDGE('',*,*,#1384,.T.);
#1386=EDGE_LOOP('',(#1363,#1371,#1379,#1385));
#1387=FACE_BOUND('',#1386,.T.);
#1388=CARTESIAN_POINT('',(10.26278543,-30.668114681,17.25646571));
#1389=VERTEX_POINT('',#1388);
#1390=CARTESIAN_POINT('',(9.46278543,-30.668114681,17.25646571));
#1391=VERTEX_POINT('',#1390);
#1392=CARTESIAN_POINT('',(10.26278543,-30.668114681,17.25646571));
#1393=DIRECTION('',(-1.,-0.,-0.));
#1394=VECTOR('',#1393,0.8);
#1395=LINE('',#1392,#1394);
#1396=EDGE_CURVE('',#1389,#1391,#1395,.T.);
#1397=ORIENTED_EDGE('',*,*,#1396,.T.);
#1398=CARTESIAN_POINT('',(9.46278543,-30.668114681,18.622589132));
#1399=VERTEX_POINT('',#1398);
#1400=CARTESIAN_POINT('',(9.46278543,-30.668114681,17.25646571));
#1401=DIRECTION('',(-0.,-0.,1.));
#1402=VECTOR('',#1401,1.366123422);
#1403=LINE('',#1400,#1402);
#1404=EDGE_CURVE('',#1391,#1399,#1403,.T.);
#1405=ORIENTED_EDGE('',*,*,#1404,.T.);
#1406=CARTESIAN_POINT('',(10.26278543,-30.668114681,18.622589132));
#1407=VERTEX_POINT('',#1406);
#1408=CARTESIAN_POINT('',(10.26278543,-30.668114681,18.622589132));
#1409=DIRECTION('',(-1.,-0.,-0.));
#1410=VECTOR('',#1409,0.8);
#1411=LINE('',#1408,#1410);
#1412=EDGE_CURVE('',#1407,#1399,#1411,.T.);
#1413=ORIENTED_EDGE('',*,*,#1412,.F.);
#1414=CARTESIAN_POINT('',(10.26278543,-30.668114681,18.622589132));
#1415=DIRECTION('',(0.,0.,-1.));
#1416=VECTOR('',#1415,1.366123422);
#1417=LINE('',#1414,#1416);
#1418=EDGE_CURVE('',#1407,#1389,#1417,.T.);
#1419=ORIENTED_EDGE('',*,*,#1418,.T.);
#1420=EDGE_LOOP('',(#1397,#1405,#1413,#1419));
#1421=FACE_BOUND('',#1420,.T.);
#1422=CARTESIAN_POINT('',(26.71278543,-30.668114681,42.656469266));
#1423=VERTEX_POINT('',#1422);
#1424=CARTESIAN_POINT('',(27.51278543,-30.668114681,42.656469266));
#1425=VERTEX_POINT('',#1424);
#1426=CARTESIAN_POINT('',(26.71278543,-30.668114681,42.656469266));
#1427=DIRECTION('',(1.,0.,0.));
#1428=VECTOR('',#1427,0.8);
#1429=LINE('',#1426,#1428);
#1430=EDGE_CURVE('',#1423,#1425,#1429,.T.);
#1431=ORIENTED_EDGE('',*,*,#1430,.T.);
#1432=CARTESIAN_POINT('',(27.51278543,-30.668114681,41.290345844));
#1433=VERTEX_POINT('',#1432);
#1434=CARTESIAN_POINT('',(27.51278543,-30.668114681,42.656469266));
#1435=DIRECTION('',(0.,0.,-1.));
#1436=VECTOR('',#1435,1.366123422);
#1437=LINE('',#1434,#1436);
#1438=EDGE_CURVE('',#1425,#1433,#1437,.T.);
#1439=ORIENTED_EDGE('',*,*,#1438,.T.);
#1440=CARTESIAN_POINT('',(26.71278543,-30.668114681,41.290345844));
#1441=VERTEX_POINT('',#1440);
#1442=CARTESIAN_POINT('',(26.71278543,-30.668114681,41.290345844));
#1443=DIRECTION('',(1.,0.,0.));
#1444=VECTOR('',#1443,0.8);
#1445=LINE('',#1442,#1444);
#1446=EDGE_CURVE('',#1441,#1433,#1445,.T.);
#1447=ORIENTED_EDGE('',*,*,#1446,.F.);
#1448=CARTESIAN_POINT('',(26.71278543,-30.668114681,41.290345844));
#1449=DIRECTION('',(-0.,-0.,1.));
#1450=VECTOR('',#1449,1.366123422);
#1451=LINE('',#1448,#1450);
#1452=EDGE_CURVE('',#1441,#1423,#1451,.T.);
#1453=ORIENTED_EDGE('',*,*,#1452,.T.);
#1454=EDGE_LOOP('',(#1431,#1439,#1447,#1453));
#1455=FACE_BOUND('',#1454,.T.);
#1456=CARTESIAN_POINT('',(42.96278543,-30.668114681,42.656469266));
#1457=VERTEX_POINT('',#1456);
#1458=CARTESIAN_POINT('',(42.96278543,-30.668114681,41.290345844));
#1459=VERTEX_POINT('',#1458);
#1460=CARTESIAN_POINT('',(42.96278543,-30.668114681,42.656469266));
#1461=DIRECTION('',(-0.,-0.,-1.));
#1462=VECTOR('',#1461,1.366123422);
#1463=LINE('',#1460,#1462);
#1464=EDGE_CURVE('',#1457,#1459,#1463,.T.);
#1465=ORIENTED_EDGE('',*,*,#1464,.F.);
#1466=CARTESIAN_POINT('',(43.76278543,-30.668114681,42.656469266));
#1467=VERTEX_POINT('',#1466);
#1468=CARTESIAN_POINT('',(42.96278543,-30.668114681,42.656469266));
#1469=DIRECTION('',(1.,0.,-0.));
#1470=VECTOR('',#1469,0.8);
#1471=LINE('',#1468,#1470);
#1472=EDGE_CURVE('',#1457,#1467,#1471,.T.);
#1473=ORIENTED_EDGE('',*,*,#1472,.T.);
#1474=CARTESIAN_POINT('',(43.76278543,-30.668114681,41.290345844));
#1475=VERTEX_POINT('',#1474);
#1476=CARTESIAN_POINT('',(43.76278543,-30.668114681,41.290345844));
#1477=DIRECTION('',(0.,0.,1.));
#1478=VECTOR('',#1477,1.366123422);
#1479=LINE('',#1476,#1478);
#1480=EDGE_CURVE('',#1475,#1467,#1479,.T.);
#1481=ORIENTED_EDGE('',*,*,#1480,.F.);
#1482=CARTESIAN_POINT('',(42.96278543,-30.668114681,41.290345844));
#1483=DIRECTION('',(1.,0.,-0.));
#1484=VECTOR('',#1483,0.8);
#1485=LINE('',#1482,#1484);
#1486=EDGE_CURVE('',#1459,#1475,#1485,.T.);
#1487=ORIENTED_EDGE('',*,*,#1486,.F.);
#1488=EDGE_LOOP('',(#1465,#1473,#1481,#1487));
#1489=FACE_BOUND('',#1488,.T.);
#1490=CARTESIAN_POINT('',(41.36278543,-30.668114681,42.556469266));
#1491=VERTEX_POINT('',#1490);
#1492=CARTESIAN_POINT('',(41.36278543,-30.668114681,41.290345844));
#1493=VERTEX_POINT('',#1492);
#1494=CARTESIAN_POINT('',(41.36278543,-30.668114681,42.556469266));
#1495=DIRECTION('',(-0.,-0.,-1.));
#1496=VECTOR('',#1495,1.266123422);
#1497=LINE('',#1494,#1496);
#1498=EDGE_CURVE('',#1491,#1493,#1497,.T.);
#1499=ORIENTED_EDGE('',*,*,#1498,.F.);
#1500=CARTESIAN_POINT('',(42.16278543,-30.668114681,42.556469266));
#1501=VERTEX_POINT('',#1500);
#1502=CARTESIAN_POINT('',(41.36278543,-30.668114681,42.556469266));
#1503=DIRECTION('',(1.,0.,-0.));
#1504=VECTOR('',#1503,0.8);
#1505=LINE('',#1502,#1504);
#1506=EDGE_CURVE('',#1491,#1501,#1505,.T.);
#1507=ORIENTED_EDGE('',*,*,#1506,.T.);
#1508=CARTESIAN_POINT('',(42.16278543,-30.668114681,41.290345844));
#1509=VERTEX_POINT('',#1508);
#1510=CARTESIAN_POINT('',(42.16278543,-30.668114681,41.290345844));
#1511=DIRECTION('',(0.,0.,1.));
#1512=VECTOR('',#1511,1.266123422);
#1513=LINE('',#1510,#1512);
#1514=EDGE_CURVE('',#1509,#1501,#1513,.T.);
#1515=ORIENTED_EDGE('',*,*,#1514,.F.);
#1516=CARTESIAN_POINT('',(41.36278543,-30.668114681,41.290345844));
#1517=DIRECTION('',(1.,0.,-0.));
#1518=VECTOR('',#1517,0.8);
#1519=LINE('',#1516,#1518);
#1520=EDGE_CURVE('',#1493,#1509,#1519,.T.);
#1521=ORIENTED_EDGE('',*,*,#1520,.F.);
#1522=EDGE_LOOP('',(#1499,#1507,#1515,#1521));
#1523=FACE_BOUND('',#1522,.T.);
#1524=CARTESIAN_POINT('',(9.46278543,-30.668114681,42.656469266));
#1525=VERTEX_POINT('',#1524);
#1526=CARTESIAN_POINT('',(10.26278543,-30.668114681,42.656469266));
#1527=VERTEX_POINT('',#1526);
#1528=CARTESIAN_POINT('',(9.46278543,-30.668114681,42.656469266));
#1529=DIRECTION('',(1.,0.,0.));
#1530=VECTOR('',#1529,0.8);
#1531=LINE('',#1528,#1530);
#1532=EDGE_CURVE('',#1525,#1527,#1531,.T.);
#1533=ORIENTED_EDGE('',*,*,#1532,.T.);
#1534=CARTESIAN_POINT('',(10.26278543,-30.668114681,41.290345844));
#1535=VERTEX_POINT('',#1534);
#1536=CARTESIAN_POINT('',(10.26278543,-30.668114681,42.656469266));
#1537=DIRECTION('',(0.,0.,-1.));
#1538=VECTOR('',#1537,1.366123422);
#1539=LINE('',#1536,#1538);
#1540=EDGE_CURVE('',#1527,#1535,#1539,.T.);
#1541=ORIENTED_EDGE('',*,*,#1540,.T.);
#1542=CARTESIAN_POINT('',(9.46278543,-30.668114681,41.290345844));
#1543=VERTEX_POINT('',#1542);
#1544=CARTESIAN_POINT('',(9.46278543,-30.668114681,41.290345844));
#1545=DIRECTION('',(1.,0.,0.));
#1546=VECTOR('',#1545,0.8);
#1547=LINE('',#1544,#1546);
#1548=EDGE_CURVE('',#1543,#1535,#1547,.T.);
#1549=ORIENTED_EDGE('',*,*,#1548,.F.);
#1550=CARTESIAN_POINT('',(9.46278543,-30.668114681,41.290345844));
#1551=DIRECTION('',(-0.,-0.,1.));
#1552=VECTOR('',#1551,1.366123422);
#1553=LINE('',#1550,#1552);
#1554=EDGE_CURVE('',#1543,#1525,#1553,.T.);
#1555=ORIENTED_EDGE('',*,*,#1554,.T.);
#1556=EDGE_LOOP('',(#1533,#1541,#1549,#1555));
#1557=FACE_BOUND('',#1556,.T.);
#1558=CARTESIAN_POINT('',(7.86278543,-30.668114681,42.556469266));
#1559=VERTEX_POINT('',#1558);
#1560=CARTESIAN_POINT('',(7.86278543,-30.668114681,41.290345844));
#1561=VERTEX_POINT('',#1560);
#1562=CARTESIAN_POINT('',(7.86278543,-30.668114681,42.556469266));
#1563=DIRECTION('',(0.,0.,-1.));
#1564=VECTOR('',#1563,1.266123422);
#1565=LINE('',#1562,#1564);
#1566=EDGE_CURVE('',#1559,#1561,#1565,.T.);
#1567=ORIENTED_EDGE('',*,*,#1566,.F.);
#1568=CARTESIAN_POINT('',(8.66278543,-30.668114681,42.556469266));
#1569=VERTEX_POINT('',#1568);
#1570=CARTESIAN_POINT('',(7.86278543,-30.668114681,42.556469266));
#1571=DIRECTION('',(1.,0.,0.));
#1572=VECTOR('',#1571,0.8);
#1573=LINE('',#1570,#1572);
#1574=EDGE_CURVE('',#1559,#1569,#1573,.T.);
#1575=ORIENTED_EDGE('',*,*,#1574,.T.);
#1576=CARTESIAN_POINT('',(8.66278543,-30.668114681,41.290345844));
#1577=VERTEX_POINT('',#1576);
#1578=CARTESIAN_POINT('',(8.66278543,-30.668114681,41.290345844));
#1579=DIRECTION('',(-0.,-0.,1.));
#1580=VECTOR('',#1579,1.266123422);
#1581=LINE('',#1578,#1580);
#1582=EDGE_CURVE('',#1577,#1569,#1581,.T.);
#1583=ORIENTED_EDGE('',*,*,#1582,.F.);
#1584=CARTESIAN_POINT('',(7.86278543,-30.668114681,41.290345844));
#1585=DIRECTION('',(1.,0.,0.));
#1586=VECTOR('',#1585,0.8);
#1587=LINE('',#1584,#1586);
#1588=EDGE_CURVE('',#1561,#1577,#1587,.T.);
#1589=ORIENTED_EDGE('',*,*,#1588,.F.);
#1590=EDGE_LOOP('',(#1567,#1575,#1583,#1589));
#1591=FACE_BOUND('',#1590,.T.);
#1592=CARTESIAN_POINT('',(6.26278543,-30.668114681,42.656469266));
#1593=VERTEX_POINT('',#1592);
#1594=CARTESIAN_POINT('',(6.26278543,-30.668114681,41.290345844));
#1595=VERTEX_POINT('',#1594);
#1596=CARTESIAN_POINT('',(6.26278543,-30.668114681,42.656469266));
#1597=DIRECTION('',(0.,0.,-1.));
#1598=VECTOR('',#1597,1.366123422);
#1599=LINE('',#1596,#1598);
#1600=EDGE_CURVE('',#1593,#1595,#1599,.T.);
#1601=ORIENTED_EDGE('',*,*,#1600,.F.);
#1602=CARTESIAN_POINT('',(7.06278543,-30.668114681,42.656469266));
#1603=VERTEX_POINT('',#1602);
#1604=CARTESIAN_POINT('',(6.26278543,-30.668114681,42.656469266));
#1605=DIRECTION('',(1.,0.,0.));
#1606=VECTOR('',#1605,0.8);
#1607=LINE('',#1604,#1606);
#1608=EDGE_CURVE('',#1593,#1603,#1607,.T.);
#1609=ORIENTED_EDGE('',*,*,#1608,.T.);
#1610=CARTESIAN_POINT('',(7.06278543,-30.668114681,41.290345844));
#1611=VERTEX_POINT('',#1610);
#1612=CARTESIAN_POINT('',(7.06278543,-30.668114681,41.290345844));
#1613=DIRECTION('',(-0.,-0.,1.));
#1614=VECTOR('',#1613,1.366123422);
#1615=LINE('',#1612,#1614);
#1616=EDGE_CURVE('',#1611,#1603,#1615,.T.);
#1617=ORIENTED_EDGE('',*,*,#1616,.F.);
#1618=CARTESIAN_POINT('',(6.26278543,-30.668114681,41.290345844));
#1619=DIRECTION('',(1.,0.,0.));
#1620=VECTOR('',#1619,0.8);
#1621=LINE('',#1618,#1620);
#1622=EDGE_CURVE('',#1595,#1611,#1621,.T.);
#1623=ORIENTED_EDGE('',*,*,#1622,.F.);
#1624=EDGE_LOOP('',(#1601,#1609,#1617,#1623));
#1625=FACE_BOUND('',#1624,.T.);
#1626=CARTESIAN_POINT('',(39.76278543,-30.668114681,42.656469266));
#1627=VERTEX_POINT('',#1626);
#1628=CARTESIAN_POINT('',(40.56278543,-30.668114681,42.656469266));
#1629=VERTEX_POINT('',#1628);
#1630=CARTESIAN_POINT('',(39.76278543,-30.668114681,42.656469266));
#1631=DIRECTION('',(1.,0.,-0.));
#1632=VECTOR('',#1631,0.8);
#1633=LINE('',#1630,#1632);
#1634=EDGE_CURVE('',#1627,#1629,#1633,.T.);
#1635=ORIENTED_EDGE('',*,*,#1634,.T.);
#1636=CARTESIAN_POINT('',(40.56278543,-30.668114681,41.290345844));
#1637=VERTEX_POINT('',#1636);
#1638=CARTESIAN_POINT('',(40.56278543,-30.668114681,42.656469266));
#1639=DIRECTION('',(-0.,-0.,-1.));
#1640=VECTOR('',#1639,1.366123422);
#1641=LINE('',#1638,#1640);
#1642=EDGE_CURVE('',#1629,#1637,#1641,.T.);
#1643=ORIENTED_EDGE('',*,*,#1642,.T.);
#1644=CARTESIAN_POINT('',(39.76278543,-30.668114681,41.290345844));
#1645=VERTEX_POINT('',#1644);
#1646=CARTESIAN_POINT('',(39.76278543,-30.668114681,41.290345844));
#1647=DIRECTION('',(1.,0.,-0.));
#1648=VECTOR('',#1647,0.8);
#1649=LINE('',#1646,#1648);
#1650=EDGE_CURVE('',#1645,#1637,#1649,.T.);
#1651=ORIENTED_EDGE('',*,*,#1650,.F.);
#1652=CARTESIAN_POINT('',(39.76278543,-30.668114681,41.290345844));
#1653=DIRECTION('',(0.,0.,1.));
#1654=VECTOR('',#1653,1.366123422);
#1655=LINE('',#1652,#1654);
#1656=EDGE_CURVE('',#1645,#1627,#1655,.T.);
#1657=ORIENTED_EDGE('',*,*,#1656,.T.);
#1658=EDGE_LOOP('',(#1635,#1643,#1651,#1657));
#1659=FACE_BOUND('',#1658,.T.);
#1660=CARTESIAN_POINT('',(25.11278543,-30.668114681,42.556469266));
#1661=VERTEX_POINT('',#1660);
#1662=CARTESIAN_POINT('',(25.11278543,-30.668114681,41.290345844));
#1663=VERTEX_POINT('',#1662);
#1664=CARTESIAN_POINT('',(25.11278543,-30.668114681,42.556469266));
#1665=DIRECTION('',(0.,0.,-1.));
#1666=VECTOR('',#1665,1.266123422);
#1667=LINE('',#1664,#1666);
#1668=EDGE_CURVE('',#1661,#1663,#1667,.T.);
#1669=ORIENTED_EDGE('',*,*,#1668,.F.);
#1670=CARTESIAN_POINT('',(25.91278543,-30.668114681,42.556469266));
#1671=VERTEX_POINT('',#1670);
#1672=CARTESIAN_POINT('',(25.11278543,-30.668114681,42.556469266));
#1673=DIRECTION('',(1.,0.,0.));
#1674=VECTOR('',#1673,0.8);
#1675=LINE('',#1672,#1674);
#1676=EDGE_CURVE('',#1661,#1671,#1675,.T.);
#1677=ORIENTED_EDGE('',*,*,#1676,.T.);
#1678=CARTESIAN_POINT('',(25.91278543,-30.668114681,41.290345844));
#1679=VERTEX_POINT('',#1678);
#1680=CARTESIAN_POINT('',(25.91278543,-30.668114681,41.290345844));
#1681=DIRECTION('',(-0.,-0.,1.));
#1682=VECTOR('',#1681,1.266123422);
#1683=LINE('',#1680,#1682);
#1684=EDGE_CURVE('',#1679,#1671,#1683,.T.);
#1685=ORIENTED_EDGE('',*,*,#1684,.F.);
#1686=CARTESIAN_POINT('',(25.11278543,-30.668114681,41.290345844));
#1687=DIRECTION('',(1.,0.,0.));
#1688=VECTOR('',#1687,0.8);
#1689=LINE('',#1686,#1688);
#1690=EDGE_CURVE('',#1663,#1679,#1689,.T.);
#1691=ORIENTED_EDGE('',*,*,#1690,.F.);
#1692=EDGE_LOOP('',(#1669,#1677,#1685,#1691));
#1693=FACE_BOUND('',#1692,.T.);
#1694=CARTESIAN_POINT('',(23.51278543,-30.668114681,42.656469266));
#1695=VERTEX_POINT('',#1694);
#1696=CARTESIAN_POINT('',(23.51278543,-30.668114681,41.290345844));
#1697=VERTEX_POINT('',#1696);
#1698=CARTESIAN_POINT('',(23.51278543,-30.668114681,42.656469266));
#1699=DIRECTION('',(0.,0.,-1.));
#1700=VECTOR('',#1699,1.366123422);
#1701=LINE('',#1698,#1700);
#1702=EDGE_CURVE('',#1695,#1697,#1701,.T.);
#1703=ORIENTED_EDGE('',*,*,#1702,.F.);
#1704=CARTESIAN_POINT('',(24.31278543,-30.668114681,42.656469266));
#1705=VERTEX_POINT('',#1704);
#1706=CARTESIAN_POINT('',(23.51278543,-30.668114681,42.656469266));
#1707=DIRECTION('',(1.,0.,0.));
#1708=VECTOR('',#1707,0.8);
#1709=LINE('',#1706,#1708);
#1710=EDGE_CURVE('',#1695,#1705,#1709,.T.);
#1711=ORIENTED_EDGE('',*,*,#1710,.T.);
#1712=CARTESIAN_POINT('',(24.31278543,-30.668114681,41.290345844));
#1713=VERTEX_POINT('',#1712);
#1714=CARTESIAN_POINT('',(24.31278543,-30.668114681,41.290345844));
#1715=DIRECTION('',(-0.,-0.,1.));
#1716=VECTOR('',#1715,1.366123422);
#1717=LINE('',#1714,#1716);
#1718=EDGE_CURVE('',#1713,#1705,#1717,.T.);
#1719=ORIENTED_EDGE('',*,*,#1718,.F.);
#1720=CARTESIAN_POINT('',(23.51278543,-30.668114681,41.290345844));
#1721=DIRECTION('',(1.,0.,0.));
#1722=VECTOR('',#1721,0.8);
#1723=LINE('',#1720,#1722);
#1724=EDGE_CURVE('',#1697,#1713,#1723,.T.);
#1725=ORIENTED_EDGE('',*,*,#1724,.F.);
#1726=EDGE_LOOP('',(#1703,#1711,#1719,#1725));
#1727=FACE_BOUND('',#1726,.T.);
#1728=CARTESIAN_POINT('',(-0.08721457,-30.668114681,40.706469266));
#1729=VERTEX_POINT('',#1728);
#1730=CARTESIAN_POINT('',(-0.08721457,-30.668114681,40.706469266));
#1731=DIRECTION('',(-1.,-0.,0.));
#1732=VECTOR('',#1731,1.25);
#1733=LINE('',#1730,#1732);
#1734=EDGE_CURVE('',#1729,#1015,#1733,.T.);
#1735=ORIENTED_EDGE('',*,*,#1734,.F.);
#1736=CARTESIAN_POINT('',(-0.08721457,-30.668114681,40.706469266));
#1737=DIRECTION('',(0.,0.,-1.));
#1738=VECTOR('',#1737,1.45);
#1739=LINE('',#1736,#1738);
#1740=EDGE_CURVE('',#1729,#1055,#1739,.T.);
#1741=ORIENTED_EDGE('',*,*,#1740,.T.);
#1742=ORIENTED_EDGE('',*,*,#1075,.F.);
#1743=CARTESIAN_POINT('',(50.91278543,-30.668114681,37.156467488));
#1744=VERTEX_POINT('',#1743);
#1745=CARTESIAN_POINT('',(50.91278543,-30.668114681,39.256469266));
#1746=DIRECTION('',(0.,0.,-1.));
#1747=VECTOR('',#1746,2.100001778);
#1748=LINE('',#1745,#1747);
#1749=EDGE_CURVE('',#1064,#1744,#1748,.T.);
#1750=ORIENTED_EDGE('',*,*,#1749,.T.);
#1751=CARTESIAN_POINT('',(49.87778543,-30.668114681,37.156467488));
#1752=VERTEX_POINT('',#1751);
#1753=CARTESIAN_POINT('',(49.87778543,-30.668114681,37.156467488));
#1754=DIRECTION('',(1.,0.,-0.));
#1755=VECTOR('',#1754,1.035);
#1756=LINE('',#1753,#1755);
#1757=EDGE_CURVE('',#1752,#1744,#1756,.T.);
#1758=ORIENTED_EDGE('',*,*,#1757,.F.);
#1759=CARTESIAN_POINT('',(49.87778543,-30.668114681,31.206468377));
#1760=VERTEX_POINT('',#1759);
#1761=CARTESIAN_POINT('',(49.87778543,-30.668114681,31.206468377));
#1762=DIRECTION('',(-0.,-0.,1.));
#1763=VECTOR('',#1762,5.949999111);
#1764=LINE('',#1761,#1763);
#1765=EDGE_CURVE('',#1760,#1752,#1764,.T.);
#1766=ORIENTED_EDGE('',*,*,#1765,.F.);
#1767=CARTESIAN_POINT('',(51.01278543,-30.668114681,31.206468377));
#1768=VERTEX_POINT('',#1767);
#1769=CARTESIAN_POINT('',(49.87778543,-30.668114681,31.206468377));
#1770=DIRECTION('',(1.,0.,0.));
#1771=VECTOR('',#1770,1.135);
#1772=LINE('',#1769,#1771);
#1773=EDGE_CURVE('',#1760,#1768,#1772,.T.);
#1774=ORIENTED_EDGE('',*,*,#1773,.T.);
#1775=CARTESIAN_POINT('',(51.01278543,-30.668114681,30.406468377));
#1776=VERTEX_POINT('',#1775);
#1777=CARTESIAN_POINT('',(51.01278543,-30.668114681,31.206468377));
#1778=DIRECTION('',(0.,0.,-1.));
#1779=VECTOR('',#1778,0.8);
#1780=LINE('',#1777,#1779);
#1781=EDGE_CURVE('',#1768,#1776,#1780,.T.);
#1782=ORIENTED_EDGE('',*,*,#1781,.T.);
#1783=CARTESIAN_POINT('',(51.01278543,-30.668114681,30.406468377));
#1784=DIRECTION('',(-1.,-0.,-0.));
#1785=VECTOR('',#1784,1.135);
#1786=LINE('',#1783,#1785);
#1787=EDGE_CURVE('',#1776,#891,#1786,.T.);
#1788=ORIENTED_EDGE('',*,*,#1787,.T.);
#1789=ORIENTED_EDGE('',*,*,#911,.F.);
#1790=CARTESIAN_POINT('',(50.91278543,-30.668114681,29.606468377));
#1791=VERTEX_POINT('',#1790);
#1792=CARTESIAN_POINT('',(50.91278543,-30.668114681,29.606468377));
#1793=DIRECTION('',(-1.,-0.,-0.));
#1794=VECTOR('',#1793,1.035);
#1795=LINE('',#1792,#1794);
#1796=EDGE_CURVE('',#1791,#900,#1795,.T.);
#1797=ORIENTED_EDGE('',*,*,#1796,.F.);
#1798=CARTESIAN_POINT('',(50.91278543,-30.668114681,28.806468377));
#1799=VERTEX_POINT('',#1798);
#1800=CARTESIAN_POINT('',(50.91278543,-30.668114681,29.606468377));
#1801=DIRECTION('',(0.,0.,-1.));
#1802=VECTOR('',#1801,0.8);
#1803=LINE('',#1800,#1802);
#1804=EDGE_CURVE('',#1791,#1799,#1803,.T.);
#1805=ORIENTED_EDGE('',*,*,#1804,.T.);
#1806=CARTESIAN_POINT('',(49.87778543,-30.668114681,28.806468377));
#1807=DIRECTION('',(1.,0.,0.));
#1808=VECTOR('',#1807,1.035);
#1809=LINE('',#1806,#1808);
#1810=EDGE_CURVE('',#860,#1799,#1809,.T.);
#1811=ORIENTED_EDGE('',*,*,#1810,.F.);
#1812=ORIENTED_EDGE('',*,*,#880,.F.);
#1813=CARTESIAN_POINT('',(51.01278543,-30.668114681,28.006468377));
#1814=VERTEX_POINT('',#1813);
#1815=CARTESIAN_POINT('',(51.01278543,-30.668114681,28.006468377));
#1816=DIRECTION('',(-1.,-0.,-0.));
#1817=VECTOR('',#1816,1.135);
#1818=LINE('',#1815,#1817);
#1819=EDGE_CURVE('',#1814,#869,#1818,.T.);
#1820=ORIENTED_EDGE('',*,*,#1819,.F.);
#1821=CARTESIAN_POINT('',(51.01278543,-30.668114681,27.206468377));
#1822=VERTEX_POINT('',#1821);
#1823=CARTESIAN_POINT('',(51.01278543,-30.668114681,28.006468377));
#1824=DIRECTION('',(-0.,-0.,-1.));
#1825=VECTOR('',#1824,0.8);
#1826=LINE('',#1823,#1825);
#1827=EDGE_CURVE('',#1814,#1822,#1826,.T.);
#1828=ORIENTED_EDGE('',*,*,#1827,.T.);
#1829=CARTESIAN_POINT('',(49.87778543,-30.668114681,27.206468377));
#1830=DIRECTION('',(1.,0.,0.));
#1831=VECTOR('',#1830,1.135);
#1832=LINE('',#1829,#1831);
#1833=EDGE_CURVE('',#829,#1822,#1832,.T.);
#1834=ORIENTED_EDGE('',*,*,#1833,.F.);
#1835=ORIENTED_EDGE('',*,*,#849,.F.);
#1836=CARTESIAN_POINT('',(0.17778543,-30.668114681,19.156467488));
#1837=VERTEX_POINT('',#1836);
#1838=CARTESIAN_POINT('',(0.17778543,-30.668114681,19.156467488));
#1839=DIRECTION('',(1.,0.,0.));
#1840=VECTOR('',#1839,49.7);
#1841=LINE('',#1838,#1840);
#1842=EDGE_CURVE('',#1837,#838,#1841,.T.);
#1843=ORIENTED_EDGE('',*,*,#1842,.F.);
#1844=CARTESIAN_POINT('',(0.17778543,-30.668114681,27.206468377));
#1845=VERTEX_POINT('',#1844);
#1846=CARTESIAN_POINT('',(0.17778543,-30.668114681,19.156467488));
#1847=DIRECTION('',(0.,0.,1.));
#1848=VECTOR('',#1847,8.050000889);
#1849=LINE('',#1846,#1848);
#1850=EDGE_CURVE('',#1837,#1845,#1849,.T.);
#1851=ORIENTED_EDGE('',*,*,#1850,.T.);
#1852=CARTESIAN_POINT('',(-0.98721457,-30.668114681,27.206468377));
#1853=VERTEX_POINT('',#1852);
#1854=CARTESIAN_POINT('',(-0.98721457,-30.668114681,27.206468377));
#1855=DIRECTION('',(1.,0.,0.));
#1856=VECTOR('',#1855,1.165);
#1857=LINE('',#1854,#1856);
#1858=EDGE_CURVE('',#1853,#1845,#1857,.T.);
#1859=ORIENTED_EDGE('',*,*,#1858,.F.);
#1860=CARTESIAN_POINT('',(-0.98721457,-30.668114681,28.006468377));
#1861=VERTEX_POINT('',#1860);
#1862=CARTESIAN_POINT('',(-0.98721457,-30.668114681,27.206468377));
#1863=DIRECTION('',(-0.,-0.,1.));
#1864=VECTOR('',#1863,0.8);
#1865=LINE('',#1862,#1864);
#1866=EDGE_CURVE('',#1853,#1861,#1865,.T.);
#1867=ORIENTED_EDGE('',*,*,#1866,.T.);
#1868=CARTESIAN_POINT('',(0.17778543,-30.668114681,28.006468377));
#1869=DIRECTION('',(-1.,-0.,0.));
#1870=VECTOR('',#1869,1.165);
#1871=LINE('',#1868,#1870);
#1872=EDGE_CURVE('',#922,#1861,#1871,.T.);
#1873=ORIENTED_EDGE('',*,*,#1872,.F.);
#1874=ORIENTED_EDGE('',*,*,#942,.T.);
#1875=CARTESIAN_POINT('',(-0.88721457,-30.668114681,28.806468377));
#1876=VERTEX_POINT('',#1875);
#1877=CARTESIAN_POINT('',(-0.88721457,-30.668114681,28.806468377));
#1878=DIRECTION('',(1.,0.,0.));
#1879=VECTOR('',#1878,1.065);
#1880=LINE('',#1877,#1879);
#1881=EDGE_CURVE('',#1876,#931,#1880,.T.);
#1882=ORIENTED_EDGE('',*,*,#1881,.F.);
#1883=CARTESIAN_POINT('',(-0.88721457,-30.668114681,29.606468377));
#1884=VERTEX_POINT('',#1883);
#1885=CARTESIAN_POINT('',(-0.88721457,-30.668114681,28.806468377));
#1886=DIRECTION('',(0.,0.,1.));
#1887=VECTOR('',#1886,0.8);
#1888=LINE('',#1885,#1887);
#1889=EDGE_CURVE('',#1876,#1884,#1888,.T.);
#1890=ORIENTED_EDGE('',*,*,#1889,.T.);
#1891=CARTESIAN_POINT('',(0.17778543,-30.668114681,29.606468377));
#1892=DIRECTION('',(-1.,-0.,-0.));
#1893=VECTOR('',#1892,1.065);
#1894=LINE('',#1891,#1893);
#1895=EDGE_CURVE('',#953,#1884,#1894,.T.);
#1896=ORIENTED_EDGE('',*,*,#1895,.F.);
#1897=ORIENTED_EDGE('',*,*,#973,.T.);
#1898=CARTESIAN_POINT('',(-0.98721457,-30.668114681,30.406468377));
#1899=VERTEX_POINT('',#1898);
#1900=CARTESIAN_POINT('',(0.17778543,-30.668114681,30.406468377));
#1901=DIRECTION('',(-1.,-0.,0.));
#1902=VECTOR('',#1901,1.165);
#1903=LINE('',#1900,#1902);
#1904=EDGE_CURVE('',#962,#1899,#1903,.T.);
#1905=ORIENTED_EDGE('',*,*,#1904,.T.);
#1906=CARTESIAN_POINT('',(-0.98721457,-30.668114681,31.206468377));
#1907=VERTEX_POINT('',#1906);
#1908=CARTESIAN_POINT('',(-0.98721457,-30.668114681,30.406468377));
#1909=DIRECTION('',(0.,0.,1.));
#1910=VECTOR('',#1909,0.8);
#1911=LINE('',#1908,#1910);
#1912=EDGE_CURVE('',#1899,#1907,#1911,.T.);
#1913=ORIENTED_EDGE('',*,*,#1912,.T.);
#1914=CARTESIAN_POINT('',(-0.98721457,-30.668114681,31.206468377));
#1915=DIRECTION('',(1.,0.,0.));
#1916=VECTOR('',#1915,1.165);
#1917=LINE('',#1914,#1916);
#1918=EDGE_CURVE('',#1907,#984,#1917,.T.);
#1919=ORIENTED_EDGE('',*,*,#1918,.T.);
#1920=ORIENTED_EDGE('',*,*,#1004,.T.);
#1921=CARTESIAN_POINT('',(-0.88721457,-30.668114681,37.156467488));
#1922=DIRECTION('',(1.,0.,-0.));
#1923=VECTOR('',#1922,1.065);
#1924=LINE('',#1921,#1923);
#1925=EDGE_CURVE('',#1094,#993,#1924,.T.);
#1926=ORIENTED_EDGE('',*,*,#1925,.F.);
#1927=ORIENTED_EDGE('',*,*,#1099,.F.);
#1928=CARTESIAN_POINT('',(-1.33721457,-30.668114681,38.306469266));
#1929=VERTEX_POINT('',#1928);
#1930=CARTESIAN_POINT('',(-0.88721457,-30.668114681,38.306469266));
#1931=DIRECTION('',(-1.,-0.,0.));
#1932=VECTOR('',#1931,0.45);
#1933=LINE('',#1930,#1932);
#1934=EDGE_CURVE('',#1086,#1929,#1933,.T.);
#1935=ORIENTED_EDGE('',*,*,#1934,.T.);
#1936=CARTESIAN_POINT('',(-1.33721457,-30.668114681,18.256467488));
#1937=VERTEX_POINT('',#1936);
#1938=CARTESIAN_POINT('',(-1.33721457,-30.668114681,38.306469266));
#1939=DIRECTION('',(0.,0.,-1.));
#1940=VECTOR('',#1939,20.050001778);
#1941=LINE('',#1938,#1940);
#1942=EDGE_CURVE('',#1929,#1937,#1941,.T.);
#1943=ORIENTED_EDGE('',*,*,#1942,.T.);
#1944=CARTESIAN_POINT('',(0.01278543,-30.668114681,16.906467488));
#1945=VERTEX_POINT('',#1944);
#1946=CARTESIAN_POINT('',(0.01278543,-30.668114681,18.256467488));
#1947=DIRECTION('',(-0.,1.,0.));
#1948=DIRECTION('',(-1.,-0.,0.));
#1949=AXIS2_PLACEMENT_3D('',#1946,#1947,#1948);
#1950=CIRCLE('',#1949,1.35);
#1951=EDGE_CURVE('',#1945,#1937,#1950,.T.);
#1952=ORIENTED_EDGE('',*,*,#1951,.F.);
#1953=CARTESIAN_POINT('',(50.01278543,-30.668114681,16.906467488));
#1954=VERTEX_POINT('',#1953);
#1955=CARTESIAN_POINT('',(50.01278543,-30.668114681,16.906467488));
#1956=DIRECTION('',(-1.,-0.,0.));
#1957=VECTOR('',#1956,50.);
#1958=LINE('',#1955,#1957);
#1959=EDGE_CURVE('',#1954,#1945,#1958,.T.);
#1960=ORIENTED_EDGE('',*,*,#1959,.F.);
#1961=CARTESIAN_POINT('',(51.36278543,-30.668114681,18.256467488));
#1962=VERTEX_POINT('',#1961);
#1963=CARTESIAN_POINT('',(50.01278543,-30.668114681,18.256467488));
#1964=DIRECTION('',(-0.,1.,0.));
#1965=DIRECTION('',(-1.,-0.,0.));
#1966=AXIS2_PLACEMENT_3D('',#1963,#1964,#1965);
#1967=CIRCLE('',#1966,1.35);
#1968=EDGE_CURVE('',#1962,#1954,#1967,.T.);
#1969=ORIENTED_EDGE('',*,*,#1968,.F.);
#1970=CARTESIAN_POINT('',(51.36278543,-30.668114681,41.656467488));
#1971=VERTEX_POINT('',#1970);
#1972=CARTESIAN_POINT('',(51.36278543,-30.668114681,18.256467488));
#1973=DIRECTION('',(0.,0.,1.));
#1974=VECTOR('',#1973,23.4);
#1975=LINE('',#1972,#1974);
#1976=EDGE_CURVE('',#1962,#1971,#1975,.T.);
#1977=ORIENTED_EDGE('',*,*,#1976,.T.);
#1978=CARTESIAN_POINT('',(50.01278543,-30.668114681,43.006467488));
#1979=VERTEX_POINT('',#1978);
#1980=CARTESIAN_POINT('',(50.01278543,-30.668114681,41.656467488));
#1981=DIRECTION('',(-0.,1.,0.));
#1982=DIRECTION('',(-1.,-0.,0.));
#1983=AXIS2_PLACEMENT_3D('',#1980,#1981,#1982);
#1984=CIRCLE('',#1983,1.35);
#1985=EDGE_CURVE('',#1979,#1971,#1984,.T.);
#1986=ORIENTED_EDGE('',*,*,#1985,.F.);
#1987=CARTESIAN_POINT('',(0.01278543,-30.668114681,43.006467488));
#1988=VERTEX_POINT('',#1987);
#1989=CARTESIAN_POINT('',(50.01278543,-30.668114681,43.006467488));
#1990=DIRECTION('',(-1.,-0.,0.));
#1991=VECTOR('',#1990,50.);
#1992=LINE('',#1989,#1991);
#1993=EDGE_CURVE('',#1979,#1988,#1992,.T.);
#1994=ORIENTED_EDGE('',*,*,#1993,.T.);
#1995=CARTESIAN_POINT('',(0.01278543,-30.668114681,41.656467488));
#1996=DIRECTION('',(-0.,1.,0.));
#1997=DIRECTION('',(-1.,-0.,0.));
#1998=AXIS2_PLACEMENT_3D('',#1995,#1996,#1997);
#1999=CIRCLE('',#1998,1.35);
#2000=EDGE_CURVE('',#1025,#1988,#1999,.T.);
#2001=ORIENTED_EDGE('',*,*,#2000,.F.);
#2002=ORIENTED_EDGE('',*,*,#1030,.T.);
#2003=EDGE_LOOP('',(#1735,#1741,#1742,#1750,#1758,#1766,#1774,#1782,#1788,#1789,#1797,#1805,#1811,#1812,#1820,#1828,#1834,#1835,#1843,#1851,#1859,#1867,#1873,#1874,#1882,#1890,
#1896,#1897,#1905,#1913,#1919,#1920,#1926,#1927,#1935,#1943,#1952,#1960,#1969,#1977,#1986,#1994,#2001,#2002));
#2004=FACE_BOUND('',#2003,.T.);
#2005=ADVANCED_FACE('',(#1149,#1183,#1217,#1251,#1285,#1319,#1353,#1387,#1421,#1455,#1489,#1523,#1557,#1591,#1625,#1659,#1693,#1727,#2004),#1115,.F.);
#2006=CARTESIAN_POINT('',(25.01278543,-29.668114681,29.956468377));
#2007=DIRECTION('',(-0.,1.,0.));
#2008=DIRECTION('',(-1.,-0.,0.));
#2009=AXIS2_PLACEMENT_3D('',#2006,#2007,#2008);
#2010=PLANE('',#2009);
#2011=CARTESIAN_POINT('',(3.705581735,-29.668114681,20.934813335));
#2012=VERTEX_POINT('',#2011);
#2013=CARTESIAN_POINT('',(5.705581735,-29.668114681,22.934813335));
#2014=VERTEX_POINT('',#2013);
#2015=CARTESIAN_POINT('',(5.705581735,-29.668114681,20.934813335));
#2016=DIRECTION('',(-0.,1.,0.));
#2017=DIRECTION('',(-1.,-0.,0.));
#2018=AXIS2_PLACEMENT_3D('',#2015,#2016,#2017);
#2019=CIRCLE('',#2018,2.);
#2020=EDGE_CURVE('',#2012,#2014,#2019,.T.);
#2021=ORIENTED_EDGE('',*,*,#2020,.F.);
#2022=CARTESIAN_POINT('',(5.705581735,-29.668114681,18.934813335));
#2023=VERTEX_POINT('',#2022);
#2024=CARTESIAN_POINT('',(5.705581735,-29.668114681,20.934813335));
#2025=DIRECTION('',(-0.,1.,0.));
#2026=DIRECTION('',(-1.,-0.,0.));
#2027=AXIS2_PLACEMENT_3D('',#2024,#2025,#2026);
#2028=CIRCLE('',#2027,2.);
#2029=EDGE_CURVE('',#2023,#2012,#2028,.T.);
#2030=ORIENTED_EDGE('',*,*,#2029,.F.);
#2031=CARTESIAN_POINT('',(14.205581735,-29.668114681,18.934813335));
#2032=VERTEX_POINT('',#2031);
#2033=CARTESIAN_POINT('',(14.205581735,-29.668114681,18.934813335));
#2034=DIRECTION('',(-1.,-0.,0.));
#2035=VECTOR('',#2034,8.5);
#2036=LINE('',#2033,#2035);
#2037=EDGE_CURVE('',#2032,#2023,#2036,.T.);
#2038=ORIENTED_EDGE('',*,*,#2037,.F.);
#2039=CARTESIAN_POINT('',(14.205581735,-29.668114681,22.934813335));
#2040=VERTEX_POINT('',#2039);
#2041=CARTESIAN_POINT('',(14.205581735,-29.668114681,20.934813335));
#2042=DIRECTION('',(-0.,1.,0.));
#2043=DIRECTION('',(-1.,-0.,0.));
#2044=AXIS2_PLACEMENT_3D('',#2041,#2042,#2043);
#2045=CIRCLE('',#2044,2.);
#2046=EDGE_CURVE('',#2040,#2032,#2045,.T.);
#2047=ORIENTED_EDGE('',*,*,#2046,.F.);
#2048=CARTESIAN_POINT('',(5.705581735,-29.668114681,22.934813335));
#2049=DIRECTION('',(1.,0.,0.));
#2050=VECTOR('',#2049,8.5);
#2051=LINE('',#2048,#2050);
#2052=EDGE_CURVE('',#2014,#2040,#2051,.T.);
#2053=ORIENTED_EDGE('',*,*,#2052,.F.);
#2054=EDGE_LOOP('',(#2021,#2030,#2038,#2047,#2053));
#2055=FACE_BOUND('',#2054,.T.);
#2056=CARTESIAN_POINT('',(33.705581735,-29.668114681,20.934813335));
#2057=VERTEX_POINT('',#2056);
#2058=CARTESIAN_POINT('',(35.705581735,-29.668114681,22.934813335));
#2059=VERTEX_POINT('',#2058);
#2060=CARTESIAN_POINT('',(35.705581735,-29.668114681,20.934813335));
#2061=DIRECTION('',(-0.,1.,0.));
#2062=DIRECTION('',(-1.,-0.,0.));
#2063=AXIS2_PLACEMENT_3D('',#2060,#2061,#2062);
#2064=CIRCLE('',#2063,2.);
#2065=EDGE_CURVE('',#2057,#2059,#2064,.T.);
#2066=ORIENTED_EDGE('',*,*,#2065,.F.);
#2067=CARTESIAN_POINT('',(35.705581735,-29.668114681,18.934813335));
#2068=VERTEX_POINT('',#2067);
#2069=CARTESIAN_POINT('',(35.705581735,-29.668114681,20.934813335));
#2070=DIRECTION('',(-0.,1.,0.));
#2071=DIRECTION('',(-1.,-0.,0.));
#2072=AXIS2_PLACEMENT_3D('',#2069,#2070,#2071);
#2073=CIRCLE('',#2072,2.);
#2074=EDGE_CURVE('',#2068,#2057,#2073,.T.);
#2075=ORIENTED_EDGE('',*,*,#2074,.F.);
#2076=CARTESIAN_POINT('',(44.205581735,-29.668114681,18.934813335));
#2077=VERTEX_POINT('',#2076);
#2078=CARTESIAN_POINT('',(44.205581735,-29.668114681,18.934813335));
#2079=DIRECTION('',(-1.,-0.,0.));
#2080=VECTOR('',#2079,8.5);
#2081=LINE('',#2078,#2080);
#2082=EDGE_CURVE('',#2077,#2068,#2081,.T.);
#2083=ORIENTED_EDGE('',*,*,#2082,.F.);
#2084=CARTESIAN_POINT('',(44.205581735,-29.668114681,22.934813335));
#2085=VERTEX_POINT('',#2084);
#2086=CARTESIAN_POINT('',(44.205581735,-29.668114681,20.934813335));
#2087=DIRECTION('',(-0.,1.,0.));
#2088=DIRECTION('',(-1.,-0.,0.));
#2089=AXIS2_PLACEMENT_3D('',#2086,#2087,#2088);
#2090=CIRCLE('',#2089,2.);
#2091=EDGE_CURVE('',#2085,#2077,#2090,.T.);
#2092=ORIENTED_EDGE('',*,*,#2091,.F.);
#2093=CARTESIAN_POINT('',(35.705581735,-29.668114681,22.934813335));
#2094=DIRECTION('',(1.,0.,0.));
#2095=VECTOR('',#2094,8.5);
#2096=LINE('',#2093,#2095);
#2097=EDGE_CURVE('',#2059,#2085,#2096,.T.);
#2098=ORIENTED_EDGE('',*,*,#2097,.F.);
#2099=EDGE_LOOP('',(#2066,#2075,#2083,#2092,#2098));
#2100=FACE_BOUND('',#2099,.T.);
#2101=ORIENTED_EDGE('',*,*,#1044,.F.);
#2102=CARTESIAN_POINT('',(0.01278543,-29.668114681,43.006467488));
#2103=VERTEX_POINT('',#2102);
#2104=CARTESIAN_POINT('',(0.01278543,-29.668114681,41.656467488));
#2105=DIRECTION('',(-0.,1.,0.));
#2106=DIRECTION('',(-1.,-0.,0.));
#2107=AXIS2_PLACEMENT_3D('',#2104,#2105,#2106);
#2108=CIRCLE('',#2107,1.35);
#2109=EDGE_CURVE('',#1033,#2103,#2108,.T.);
#2110=ORIENTED_EDGE('',*,*,#2109,.T.);
#2111=CARTESIAN_POINT('',(50.01278543,-29.668114681,43.006467488));
#2112=VERTEX_POINT('',#2111);
#2113=CARTESIAN_POINT('',(50.01278543,-29.668114681,43.006467488));
#2114=DIRECTION('',(-1.,-0.,0.));
#2115=VECTOR('',#2114,50.);
#2116=LINE('',#2113,#2115);
#2117=EDGE_CURVE('',#2112,#2103,#2116,.T.);
#2118=ORIENTED_EDGE('',*,*,#2117,.F.);
#2119=CARTESIAN_POINT('',(51.36278543,-29.668114681,41.656467488));
#2120=VERTEX_POINT('',#2119);
#2121=CARTESIAN_POINT('',(50.01278543,-29.668114681,41.656467488));
#2122=DIRECTION('',(-0.,1.,0.));
#2123=DIRECTION('',(-1.,-0.,0.));
#2124=AXIS2_PLACEMENT_3D('',#2121,#2122,#2123);
#2125=CIRCLE('',#2124,1.35);
#2126=EDGE_CURVE('',#2112,#2120,#2125,.T.);
#2127=ORIENTED_EDGE('',*,*,#2126,.T.);
#2128=CARTESIAN_POINT('',(51.36278543,-29.668114681,18.256467488));
#2129=VERTEX_POINT('',#2128);
#2130=CARTESIAN_POINT('',(51.36278543,-29.668114681,18.256467488));
#2131=DIRECTION('',(0.,0.,1.));
#2132=VECTOR('',#2131,23.4);
#2133=LINE('',#2130,#2132);
#2134=EDGE_CURVE('',#2129,#2120,#2133,.T.);
#2135=ORIENTED_EDGE('',*,*,#2134,.F.);
#2136=CARTESIAN_POINT('',(50.01278543,-29.668114681,16.906467488));
#2137=VERTEX_POINT('',#2136);
#2138=CARTESIAN_POINT('',(50.01278543,-29.668114681,18.256467488));
#2139=DIRECTION('',(-0.,1.,0.));
#2140=DIRECTION('',(-1.,-0.,0.));
#2141=AXIS2_PLACEMENT_3D('',#2138,#2139,#2140);
#2142=CIRCLE('',#2141,1.35);
#2143=EDGE_CURVE('',#2129,#2137,#2142,.T.);
#2144=ORIENTED_EDGE('',*,*,#2143,.T.);
#2145=CARTESIAN_POINT('',(0.01278543,-29.668114681,16.906467488));
#2146=VERTEX_POINT('',#2145);
#2147=CARTESIAN_POINT('',(50.01278543,-29.668114681,16.906467488));
#2148=DIRECTION('',(-1.,-0.,0.));
#2149=VECTOR('',#2148,50.);
#2150=LINE('',#2147,#2149);
#2151=EDGE_CURVE('',#2137,#2146,#2150,.T.);
#2152=ORIENTED_EDGE('',*,*,#2151,.T.);
#2153=CARTESIAN_POINT('',(-1.33721457,-29.668114681,18.256467488));
#2154=VERTEX_POINT('',#2153);
#2155=CARTESIAN_POINT('',(0.01278543,-29.668114681,18.256467488));
#2156=DIRECTION('',(-0.,1.,0.));
#2157=DIRECTION('',(-1.,-0.,0.));
#2158=AXIS2_PLACEMENT_3D('',#2155,#2156,#2157);
#2159=CIRCLE('',#2158,1.35);
#2160=EDGE_CURVE('',#2146,#2154,#2159,.T.);
#2161=ORIENTED_EDGE('',*,*,#2160,.T.);
#2162=CARTESIAN_POINT('',(-1.33721457,-29.668114681,38.306469266));
#2163=VERTEX_POINT('',#2162);
#2164=CARTESIAN_POINT('',(-1.33721457,-29.668114681,38.306469266));
#2165=DIRECTION('',(0.,0.,-1.));
#2166=VECTOR('',#2165,20.050001778);
#2167=LINE('',#2164,#2166);
#2168=EDGE_CURVE('',#2163,#2154,#2167,.T.);
#2169=ORIENTED_EDGE('',*,*,#2168,.F.);
#2170=CARTESIAN_POINT('',(-2.28721457,-29.668114681,38.306469266));
#2171=VERTEX_POINT('',#2170);
#2172=CARTESIAN_POINT('',(-2.28721457,-29.668114681,38.306469266));
#2173=DIRECTION('',(1.,0.,0.));
#2174=VECTOR('',#2173,0.95);
#2175=LINE('',#2172,#2174);
#2176=EDGE_CURVE('',#2171,#2163,#2175,.T.);
#2177=ORIENTED_EDGE('',*,*,#2176,.F.);
#2178=CARTESIAN_POINT('',(-2.28721457,-29.668114681,40.706469266));
#2179=VERTEX_POINT('',#2178);
#2180=CARTESIAN_POINT('',(-2.28721457,-29.668114681,40.706469266));
#2181=DIRECTION('',(0.,0.,-1.));
#2182=VECTOR('',#2181,2.4);
#2183=LINE('',#2180,#2182);
#2184=EDGE_CURVE('',#2179,#2171,#2183,.T.);
#2185=ORIENTED_EDGE('',*,*,#2184,.F.);
#2186=CARTESIAN_POINT('',(-2.28721457,-29.668114681,40.706469266));
#2187=DIRECTION('',(1.,0.,0.));
#2188=VECTOR('',#2187,0.95);
#2189=LINE('',#2186,#2188);
#2190=EDGE_CURVE('',#2179,#1017,#2189,.T.);
#2191=ORIENTED_EDGE('',*,*,#2190,.T.);
#2192=EDGE_LOOP('',(#2101,#2110,#2118,#2127,#2135,#2144,#2152,#2161,#2169,#2177,#2185,#2191));
#2193=FACE_BOUND('',#2192,.T.);
#2194=CARTESIAN_POINT('',(14.205581735,-29.668114681,40.978121641));
#2195=VERTEX_POINT('',#2194);
#2196=CARTESIAN_POINT('',(14.205581735,-29.668114681,36.978121641));
#2197=VERTEX_POINT('',#2196);
#2198=CARTESIAN_POINT('',(14.205581735,-29.668114681,38.978121641));
#2199=DIRECTION('',(-0.,1.,0.));
#2200=DIRECTION('',(-1.,-0.,0.));
#2201=AXIS2_PLACEMENT_3D('',#2198,#2199,#2200);
#2202=CIRCLE('',#2201,2.);
#2203=EDGE_CURVE('',#2195,#2197,#2202,.T.);
#2204=ORIENTED_EDGE('',*,*,#2203,.F.);
#2205=CARTESIAN_POINT('',(5.705581735,-29.668114681,40.978121641));
#2206=VERTEX_POINT('',#2205);
#2207=CARTESIAN_POINT('',(14.205581735,-29.668114681,40.978121641));
#2208=DIRECTION('',(-1.,-0.,0.));
#2209=VECTOR('',#2208,8.5);
#2210=LINE('',#2207,#2209);
#2211=EDGE_CURVE('',#2195,#2206,#2210,.T.);
#2212=ORIENTED_EDGE('',*,*,#2211,.T.);
#2213=CARTESIAN_POINT('',(3.705581735,-29.668114681,38.978121641));
#2214=VERTEX_POINT('',#2213);
#2215=CARTESIAN_POINT('',(5.705581735,-29.668114681,38.978121641));
#2216=DIRECTION('',(-0.,1.,0.));
#2217=DIRECTION('',(-1.,-0.,0.));
#2218=AXIS2_PLACEMENT_3D('',#2215,#2216,#2217);
#2219=CIRCLE('',#2218,2.);
#2220=EDGE_CURVE('',#2214,#2206,#2219,.T.);
#2221=ORIENTED_EDGE('',*,*,#2220,.F.);
#2222=CARTESIAN_POINT('',(5.705581735,-29.668114681,36.978121641));
#2223=VERTEX_POINT('',#2222);
#2224=CARTESIAN_POINT('',(5.705581735,-29.668114681,38.978121641));
#2225=DIRECTION('',(-0.,1.,0.));
#2226=DIRECTION('',(-1.,-0.,0.));
#2227=AXIS2_PLACEMENT_3D('',#2224,#2225,#2226);
#2228=CIRCLE('',#2227,2.);
#2229=EDGE_CURVE('',#2223,#2214,#2228,.T.);
#2230=ORIENTED_EDGE('',*,*,#2229,.F.);
#2231=CARTESIAN_POINT('',(5.705581735,-29.668114681,36.978121641));
#2232=DIRECTION('',(1.,0.,0.));
#2233=VECTOR('',#2232,8.5);
#2234=LINE('',#2231,#2233);
#2235=EDGE_CURVE('',#2223,#2197,#2234,.T.);
#2236=ORIENTED_EDGE('',*,*,#2235,.T.);
#2237=EDGE_LOOP('',(#2204,#2212,#2221,#2230,#2236));
#2238=FACE_BOUND('',#2237,.T.);
#2239=CARTESIAN_POINT('',(44.205581735,-29.668114681,40.978121641));
#2240=VERTEX_POINT('',#2239);
#2241=CARTESIAN_POINT('',(44.205581735,-29.668114681,36.978121641));
#2242=VERTEX_POINT('',#2241);
#2243=CARTESIAN_POINT('',(44.205581735,-29.668114681,38.978121641));
#2244=DIRECTION('',(-0.,1.,0.));
#2245=DIRECTION('',(-1.,-0.,0.));
#2246=AXIS2_PLACEMENT_3D('',#2243,#2244,#2245);
#2247=CIRCLE('',#2246,2.);
#2248=EDGE_CURVE('',#2240,#2242,#2247,.T.);
#2249=ORIENTED_EDGE('',*,*,#2248,.F.);
#2250=CARTESIAN_POINT('',(35.705581735,-29.668114681,40.978121641));
#2251=VERTEX_POINT('',#2250);
#2252=CARTESIAN_POINT('',(44.205581735,-29.668114681,40.978121641));
#2253=DIRECTION('',(-1.,-0.,0.));
#2254=VECTOR('',#2253,8.5);
#2255=LINE('',#2252,#2254);
#2256=EDGE_CURVE('',#2240,#2251,#2255,.T.);
#2257=ORIENTED_EDGE('',*,*,#2256,.T.);
#2258=CARTESIAN_POINT('',(33.705581735,-29.668114681,38.978121641));
#2259=VERTEX_POINT('',#2258);
#2260=CARTESIAN_POINT('',(35.705581735,-29.668114681,38.978121641));
#2261=DIRECTION('',(-0.,1.,0.));
#2262=DIRECTION('',(-1.,-0.,0.));
#2263=AXIS2_PLACEMENT_3D('',#2260,#2261,#2262);
#2264=CIRCLE('',#2263,2.);
#2265=EDGE_CURVE('',#2259,#2251,#2264,.T.);
#2266=ORIENTED_EDGE('',*,*,#2265,.F.);
#2267=CARTESIAN_POINT('',(35.705581735,-29.668114681,36.978121641));
#2268=VERTEX_POINT('',#2267);
#2269=CARTESIAN_POINT('',(35.705581735,-29.668114681,38.978121641));
#2270=DIRECTION('',(-0.,1.,0.));
#2271=DIRECTION('',(-1.,-0.,0.));
#2272=AXIS2_PLACEMENT_3D('',#2269,#2270,#2271);
#2273=CIRCLE('',#2272,2.);
#2274=EDGE_CURVE('',#2268,#2259,#2273,.T.);
#2275=ORIENTED_EDGE('',*,*,#2274,.F.);
#2276=CARTESIAN_POINT('',(35.705581735,-29.668114681,36.978121641));
#2277=DIRECTION('',(1.,0.,0.));
#2278=VECTOR('',#2277,8.5);
#2279=LINE('',#2276,#2278);
#2280=EDGE_CURVE('',#2268,#2242,#2279,.T.);
#2281=ORIENTED_EDGE('',*,*,#2280,.T.);
#2282=EDGE_LOOP('',(#2249,#2257,#2266,#2275,#2281));
#2283=FACE_BOUND('',#2282,.T.);
#2284=ADVANCED_FACE('',(#2055,#2100,#2193,#2238,#2283),#2010,.T.);
#2285=CARTESIAN_POINT('',(34.03778543,-31.968114681,28.288966599));
#2286=DIRECTION('',(-1.,-0.,0.));
#2287=DIRECTION('',(0.,-1.,0.));
#2288=AXIS2_PLACEMENT_3D('',#2285,#2286,#2287);
#2289=PLANE('',#2288);
#2290=CARTESIAN_POINT('',(34.03778543,-30.668114681,36.356467488));
#2291=VERTEX_POINT('',#2290);
#2292=CARTESIAN_POINT('',(34.03778543,-31.068114681,36.356467488));
#2293=DIRECTION('',(-0.,1.,0.));
#2294=VECTOR('',#2293,0.4);
#2295=LINE('',#2292,#2294);
#2296=EDGE_CURVE('',#103,#2291,#2295,.T.);
#2297=ORIENTED_EDGE('',*,*,#2296,.F.);
#2298=ORIENTED_EDGE('',*,*,#130,.F.);
#2299=CARTESIAN_POINT('',(34.03778543,-30.668114681,33.206468377));
#2300=VERTEX_POINT('',#2299);
#2301=CARTESIAN_POINT('',(34.03778543,-31.068114681,33.206468377));
#2302=DIRECTION('',(-0.,1.,0.));
#2303=VECTOR('',#2302,0.4);
#2304=LINE('',#2301,#2303);
#2305=EDGE_CURVE('',#119,#2300,#2304,.T.);
#2306=ORIENTED_EDGE('',*,*,#2305,.T.);
#2307=CARTESIAN_POINT('',(34.03778543,-30.668114681,33.206468377));
#2308=DIRECTION('',(0.,0.,1.));
#2309=VECTOR('',#2308,3.149999111);
#2310=LINE('',#2307,#2309);
#2311=EDGE_CURVE('',#2300,#2291,#2310,.T.);
#2312=ORIENTED_EDGE('',*,*,#2311,.T.);
#2313=EDGE_LOOP('',(#2297,#2298,#2306,#2312));
#2314=FACE_BOUND('',#2313,.T.);
#2315=ADVANCED_FACE('',(#2314),#2289,.F.);
#2316=CARTESIAN_POINT('',(16.48778543,-31.968114681,28.288966599));
#2317=DIRECTION('',(-1.,-0.,0.));
#2318=DIRECTION('',(0.,-1.,0.));
#2319=AXIS2_PLACEMENT_3D('',#2316,#2317,#2318);
#2320=PLANE('',#2319);
#2321=ORIENTED_EDGE('',*,*,#184,.T.);
#2322=CARTESIAN_POINT('',(16.48778543,-30.668114681,36.356467488));
#2323=VERTEX_POINT('',#2322);
#2324=CARTESIAN_POINT('',(16.48778543,-31.068114681,36.356467488));
#2325=DIRECTION('',(-0.,1.,0.));
#2326=VECTOR('',#2325,0.4);
#2327=LINE('',#2324,#2326);
#2328=EDGE_CURVE('',#169,#2323,#2327,.T.);
#2329=ORIENTED_EDGE('',*,*,#2328,.T.);
#2330=CARTESIAN_POINT('',(16.48778543,-30.668114681,33.206468377));
#2331=VERTEX_POINT('',#2330);
#2332=CARTESIAN_POINT('',(16.48778543,-30.668114681,33.206468377));
#2333=DIRECTION('',(0.,0.,1.));
#2334=VECTOR('',#2333,3.149999111);
#2335=LINE('',#2332,#2334);
#2336=EDGE_CURVE('',#2331,#2323,#2335,.T.);
#2337=ORIENTED_EDGE('',*,*,#2336,.F.);
#2338=CARTESIAN_POINT('',(16.48778543,-31.068114681,33.206468377));
#2339=DIRECTION('',(-0.,1.,0.));
#2340=VECTOR('',#2339,0.4);
#2341=LINE('',#2338,#2340);
#2342=EDGE_CURVE('',#179,#2331,#2341,.T.);
#2343=ORIENTED_EDGE('',*,*,#2342,.F.);
#2344=EDGE_LOOP('',(#2321,#2329,#2337,#2343));
#2345=FACE_BOUND('',#2344,.T.);
#2346=ADVANCED_FACE('',(#2345),#2320,.T.);
#2347=CARTESIAN_POINT('',(25.91278543,-31.968114681,28.288966599));
#2348=DIRECTION('',(-1.,-0.,0.));
#2349=DIRECTION('',(0.,-1.,0.));
#2350=AXIS2_PLACEMENT_3D('',#2347,#2348,#2349);
#2351=PLANE('',#2350);
#2352=CARTESIAN_POINT('',(25.91278543,-30.668114681,36.356467488));
#2353=VERTEX_POINT('',#2352);
#2354=CARTESIAN_POINT('',(25.91278543,-31.068114681,36.356467488));
#2355=DIRECTION('',(-0.,1.,0.));
#2356=VECTOR('',#2355,0.4);
#2357=LINE('',#2354,#2356);
#2358=EDGE_CURVE('',#35,#2353,#2357,.T.);
#2359=ORIENTED_EDGE('',*,*,#2358,.F.);
#2360=ORIENTED_EDGE('',*,*,#62,.F.);
#2361=CARTESIAN_POINT('',(25.91278543,-30.668114681,33.206468377));
#2362=VERTEX_POINT('',#2361);
#2363=CARTESIAN_POINT('',(25.91278543,-31.068114681,33.206468377));
#2364=DIRECTION('',(-0.,1.,0.));
#2365=VECTOR('',#2364,0.4);
#2366=LINE('',#2363,#2365);
#2367=EDGE_CURVE('',#51,#2362,#2366,.T.);
#2368=ORIENTED_EDGE('',*,*,#2367,.T.);
#2369=CARTESIAN_POINT('',(25.91278543,-30.668114681,33.206468377));
#2370=DIRECTION('',(0.,0.,1.));
#2371=VECTOR('',#2370,3.149999111);
#2372=LINE('',#2369,#2371);
#2373=EDGE_CURVE('',#2362,#2353,#2372,.T.);
#2374=ORIENTED_EDGE('',*,*,#2373,.T.);
#2375=EDGE_LOOP('',(#2359,#2360,#2368,#2374));
#2376=FACE_BOUND('',#2375,.T.);
#2377=ADVANCED_FACE('',(#2376),#2351,.F.);
#2378=CARTESIAN_POINT('',(42.16278543,-31.968114681,28.288966599));
#2379=DIRECTION('',(-1.,-0.,0.));
#2380=DIRECTION('',(0.,-1.,0.));
#2381=AXIS2_PLACEMENT_3D('',#2378,#2379,#2380);
#2382=PLANE('',#2381);
#2383=CARTESIAN_POINT('',(42.16278543,-30.668114681,36.356467488));
#2384=VERTEX_POINT('',#2383);
#2385=CARTESIAN_POINT('',(42.16278543,-31.068114681,36.356467488));
#2386=DIRECTION('',(-0.,1.,0.));
#2387=VECTOR('',#2386,0.4);
#2388=LINE('',#2385,#2387);
#2389=EDGE_CURVE('',#341,#2384,#2388,.T.);
#2390=ORIENTED_EDGE('',*,*,#2389,.F.);
#2391=ORIENTED_EDGE('',*,*,#346,.F.);
#2392=CARTESIAN_POINT('',(42.16278543,-30.668114681,33.206468377));
#2393=VERTEX_POINT('',#2392);
#2394=CARTESIAN_POINT('',(42.16278543,-31.068114681,33.206468377));
#2395=DIRECTION('',(-0.,1.,0.));
#2396=VECTOR('',#2395,0.4);
#2397=LINE('',#2394,#2396);
#2398=EDGE_CURVE('',#339,#2393,#2397,.T.);
#2399=ORIENTED_EDGE('',*,*,#2398,.T.);
#2400=CARTESIAN_POINT('',(42.16278543,-30.668114681,33.206468377));
#2401=DIRECTION('',(0.,0.,1.));
#2402=VECTOR('',#2401,3.149999111);
#2403=LINE('',#2400,#2402);
#2404=EDGE_CURVE('',#2393,#2384,#2403,.T.);
#2405=ORIENTED_EDGE('',*,*,#2404,.T.);
#2406=EDGE_LOOP('',(#2390,#2391,#2399,#2405));
#2407=FACE_BOUND('',#2406,.T.);
#2408=ADVANCED_FACE('',(#2407),#2382,.F.);
#2409=CARTESIAN_POINT('',(8.66278543,-31.968114681,28.288966599));
#2410=DIRECTION('',(-1.,-0.,0.));
#2411=DIRECTION('',(0.,-1.,0.));
#2412=AXIS2_PLACEMENT_3D('',#2409,#2410,#2411);
#2413=PLANE('',#2412);
#2414=CARTESIAN_POINT('',(8.66278543,-30.668114681,36.356467488));
#2415=VERTEX_POINT('',#2414);
#2416=CARTESIAN_POINT('',(8.66278543,-31.068114681,36.356467488));
#2417=DIRECTION('',(-0.,1.,0.));
#2418=VECTOR('',#2417,0.4);
#2419=LINE('',#2416,#2418);
#2420=EDGE_CURVE('',#171,#2415,#2419,.T.);
#2421=ORIENTED_EDGE('',*,*,#2420,.F.);
#2422=ORIENTED_EDGE('',*,*,#198,.F.);
#2423=CARTESIAN_POINT('',(8.66278543,-30.668114681,33.206468377));
#2424=VERTEX_POINT('',#2423);
#2425=CARTESIAN_POINT('',(8.66278543,-31.068114681,33.206468377));
#2426=DIRECTION('',(-0.,1.,0.));
#2427=VECTOR('',#2426,0.4);
#2428=LINE('',#2425,#2427);
#2429=EDGE_CURVE('',#187,#2424,#2428,.T.);
#2430=ORIENTED_EDGE('',*,*,#2429,.T.);
#2431=CARTESIAN_POINT('',(8.66278543,-30.668114681,33.206468377));
#2432=DIRECTION('',(0.,0.,1.));
#2433=VECTOR('',#2432,3.149999111);
#2434=LINE('',#2431,#2433);
#2435=EDGE_CURVE('',#2424,#2415,#2434,.T.);
#2436=ORIENTED_EDGE('',*,*,#2435,.T.);
#2437=EDGE_LOOP('',(#2421,#2422,#2430,#2436));
#2438=FACE_BOUND('',#2437,.T.);
#2439=ADVANCED_FACE('',(#2438),#2413,.F.);
#2440=CARTESIAN_POINT('',(49.07778543,-31.668114681,35.331467932));
#2441=DIRECTION('',(-1.,-0.,0.));
#2442=DIRECTION('',(0.,-1.,0.));
#2443=AXIS2_PLACEMENT_3D('',#2440,#2441,#2442);
#2444=PLANE('',#2443);
#2445=ORIENTED_EDGE('',*,*,#362,.T.);
#2446=CARTESIAN_POINT('',(49.07778543,-30.668114681,36.356467488));
#2447=VERTEX_POINT('',#2446);
#2448=CARTESIAN_POINT('',(49.07778543,-31.068114681,36.356467488));
#2449=DIRECTION('',(-0.,1.,0.));
#2450=VECTOR('',#2449,0.4);
#2451=LINE('',#2448,#2450);
#2452=EDGE_CURVE('',#349,#2447,#2451,.T.);
#2453=ORIENTED_EDGE('',*,*,#2452,.T.);
#2454=CARTESIAN_POINT('',(49.07778543,-30.668114681,33.206468377));
#2455=VERTEX_POINT('',#2454);
#2456=CARTESIAN_POINT('',(49.07778543,-30.668114681,33.206468377));
#2457=DIRECTION('',(0.,0.,1.));
#2458=VECTOR('',#2457,3.149999111);
#2459=LINE('',#2456,#2458);
#2460=EDGE_CURVE('',#2455,#2447,#2459,.T.);
#2461=ORIENTED_EDGE('',*,*,#2460,.F.);
#2462=CARTESIAN_POINT('',(49.07778543,-31.068114681,33.206468377));
#2463=DIRECTION('',(-0.,1.,0.));
#2464=VECTOR('',#2463,0.4);
#2465=LINE('',#2462,#2464);
#2466=EDGE_CURVE('',#357,#2455,#2465,.T.);
#2467=ORIENTED_EDGE('',*,*,#2466,.F.);
#2468=EDGE_LOOP('',(#2445,#2453,#2461,#2467));
#2469=FACE_BOUND('',#2468,.T.);
#2470=ADVANCED_FACE('',(#2469),#2444,.T.);
#2471=CARTESIAN_POINT('',(8.26278543,-31.968114681,37.156467488));
#2472=DIRECTION('',(0.,0.,-1.));
#2473=DIRECTION('',(-1.,0.,0.));
#2474=AXIS2_PLACEMENT_3D('',#2471,#2472,#2473);
#2475=PLANE('',#2474);
#2476=ORIENTED_EDGE('',*,*,#1925,.T.);
#2477=ORIENTED_EDGE('',*,*,#998,.T.);
#2478=ORIENTED_EDGE('',*,*,#756,.F.);
#2479=ORIENTED_EDGE('',*,*,#1105,.T.);
#2480=EDGE_LOOP('',(#2476,#2477,#2478,#2479));
#2481=FACE_BOUND('',#2480,.T.);
#2482=ADVANCED_FACE('',(#2481),#2475,.T.);
#2483=CARTESIAN_POINT('',(33.23778543,-31.968114681,28.288966599));
#2484=DIRECTION('',(1.,0.,0.));
#2485=DIRECTION('',(-0.,1.,0.));
#2486=AXIS2_PLACEMENT_3D('',#2483,#2484,#2485);
#2487=PLANE('',#2486);
#2488=CARTESIAN_POINT('',(33.23778543,-30.668114681,20.156467488));
#2489=VERTEX_POINT('',#2488);
#2490=CARTESIAN_POINT('',(33.23778543,-31.068114681,20.156467488));
#2491=DIRECTION('',(-0.,1.,0.));
#2492=VECTOR('',#2491,0.4);
#2493=LINE('',#2490,#2492);
#2494=EDGE_CURVE('',#271,#2489,#2493,.T.);
#2495=ORIENTED_EDGE('',*,*,#2494,.F.);
#2496=ORIENTED_EDGE('',*,*,#300,.F.);
#2497=CARTESIAN_POINT('',(33.23778543,-30.668114681,25.206468377));
#2498=VERTEX_POINT('',#2497);
#2499=CARTESIAN_POINT('',(33.23778543,-31.068114681,25.206468377));
#2500=DIRECTION('',(-0.,1.,0.));
#2501=VECTOR('',#2500,0.4);
#2502=LINE('',#2499,#2501);
#2503=EDGE_CURVE('',#289,#2498,#2502,.T.);
#2504=ORIENTED_EDGE('',*,*,#2503,.T.);
#2505=CARTESIAN_POINT('',(33.23778543,-30.668114681,25.206468377));
#2506=DIRECTION('',(0.,0.,-1.));
#2507=VECTOR('',#2506,5.050000889);
#2508=LINE('',#2505,#2507);
#2509=EDGE_CURVE('',#2498,#2489,#2508,.T.);
#2510=ORIENTED_EDGE('',*,*,#2509,.T.);
#2511=EDGE_LOOP('',(#2495,#2496,#2504,#2510));
#2512=FACE_BOUND('',#2511,.T.);
#2513=ADVANCED_FACE('',(#2512),#2487,.F.);
#2514=CARTESIAN_POINT('',(17.28778543,-31.968114681,28.288966599));
#2515=DIRECTION('',(1.,0.,0.));
#2516=DIRECTION('',(-0.,1.,0.));
#2517=AXIS2_PLACEMENT_3D('',#2514,#2515,#2516);
#2518=PLANE('',#2517);
#2519=ORIENTED_EDGE('',*,*,#388,.T.);
#2520=CARTESIAN_POINT('',(17.28778543,-30.668114681,20.156467488));
#2521=VERTEX_POINT('',#2520);
#2522=CARTESIAN_POINT('',(17.28778543,-31.068114681,20.156467488));
#2523=DIRECTION('',(-0.,1.,0.));
#2524=VECTOR('',#2523,0.4);
#2525=LINE('',#2522,#2524);
#2526=EDGE_CURVE('',#375,#2521,#2525,.T.);
#2527=ORIENTED_EDGE('',*,*,#2526,.T.);
#2528=CARTESIAN_POINT('',(17.28778543,-30.668114681,25.206468377));
#2529=VERTEX_POINT('',#2528);
#2530=CARTESIAN_POINT('',(17.28778543,-30.668114681,25.206468377));
#2531=DIRECTION('',(0.,0.,-1.));
#2532=VECTOR('',#2531,5.050000889);
#2533=LINE('',#2530,#2532);
#2534=EDGE_CURVE('',#2529,#2521,#2533,.T.);
#2535=ORIENTED_EDGE('',*,*,#2534,.F.);
#2536=CARTESIAN_POINT('',(17.28778543,-31.068114681,25.206468377));
#2537=DIRECTION('',(-0.,1.,0.));
#2538=VECTOR('',#2537,0.4);
#2539=LINE('',#2536,#2538);
#2540=EDGE_CURVE('',#383,#2529,#2539,.T.);
#2541=ORIENTED_EDGE('',*,*,#2540,.F.);
#2542=EDGE_LOOP('',(#2519,#2527,#2535,#2541));
#2543=FACE_BOUND('',#2542,.T.);
#2544=ADVANCED_FACE('',(#2543),#2518,.T.);
#2545=CARTESIAN_POINT('',(25.11278543,-31.968114681,28.288966599));
#2546=DIRECTION('',(1.,0.,0.));
#2547=DIRECTION('',(-0.,1.,0.));
#2548=AXIS2_PLACEMENT_3D('',#2545,#2546,#2547);
#2549=PLANE('',#2548);
#2550=CARTESIAN_POINT('',(25.11278543,-30.668114681,20.156467488));
#2551=VERTEX_POINT('',#2550);
#2552=CARTESIAN_POINT('',(25.11278543,-31.068114681,20.156467488));
#2553=DIRECTION('',(-0.,1.,0.));
#2554=VECTOR('',#2553,0.4);
#2555=LINE('',#2552,#2554);
#2556=EDGE_CURVE('',#373,#2551,#2555,.T.);
#2557=ORIENTED_EDGE('',*,*,#2556,.F.);
#2558=ORIENTED_EDGE('',*,*,#402,.F.);
#2559=CARTESIAN_POINT('',(25.11278543,-30.668114681,25.206468377));
#2560=VERTEX_POINT('',#2559);
#2561=CARTESIAN_POINT('',(25.11278543,-31.068114681,25.206468377));
#2562=DIRECTION('',(-0.,1.,0.));
#2563=VECTOR('',#2562,0.4);
#2564=LINE('',#2561,#2563);
#2565=EDGE_CURVE('',#391,#2560,#2564,.T.);
#2566=ORIENTED_EDGE('',*,*,#2565,.T.);
#2567=CARTESIAN_POINT('',(25.11278543,-30.668114681,25.206468377));
#2568=DIRECTION('',(0.,0.,-1.));
#2569=VECTOR('',#2568,5.050000889);
#2570=LINE('',#2567,#2569);
#2571=EDGE_CURVE('',#2560,#2551,#2570,.T.);
#2572=ORIENTED_EDGE('',*,*,#2571,.T.);
#2573=EDGE_LOOP('',(#2557,#2558,#2566,#2572));
#2574=FACE_BOUND('',#2573,.T.);
#2575=ADVANCED_FACE('',(#2574),#2549,.F.);
#2576=CARTESIAN_POINT('',(41.36278543,-31.968114681,28.288966599));
#2577=DIRECTION('',(1.,0.,0.));
#2578=DIRECTION('',(-0.,1.,0.));
#2579=AXIS2_PLACEMENT_3D('',#2576,#2577,#2578);
#2580=PLANE('',#2579);
#2581=CARTESIAN_POINT('',(41.36278543,-30.668114681,20.156467488));
#2582=VERTEX_POINT('',#2581);
#2583=CARTESIAN_POINT('',(41.36278543,-31.068114681,20.156467488));
#2584=DIRECTION('',(-0.,1.,0.));
#2585=VECTOR('',#2584,0.4);
#2586=LINE('',#2583,#2585);
#2587=EDGE_CURVE('',#203,#2582,#2586,.T.);
#2588=ORIENTED_EDGE('',*,*,#2587,.F.);
#2589=ORIENTED_EDGE('',*,*,#232,.F.);
#2590=CARTESIAN_POINT('',(41.36278543,-30.668114681,25.206468377));
#2591=VERTEX_POINT('',#2590);
#2592=CARTESIAN_POINT('',(41.36278543,-31.068114681,25.206468377));
#2593=DIRECTION('',(-0.,1.,0.));
#2594=VECTOR('',#2593,0.4);
#2595=LINE('',#2592,#2594);
#2596=EDGE_CURVE('',#221,#2591,#2595,.T.);
#2597=ORIENTED_EDGE('',*,*,#2596,.T.);
#2598=CARTESIAN_POINT('',(41.36278543,-30.668114681,25.206468377));
#2599=DIRECTION('',(0.,0.,-1.));
#2600=VECTOR('',#2599,5.050000889);
#2601=LINE('',#2598,#2600);
#2602=EDGE_CURVE('',#2591,#2582,#2601,.T.);
#2603=ORIENTED_EDGE('',*,*,#2602,.T.);
#2604=EDGE_LOOP('',(#2588,#2589,#2597,#2603));
#2605=FACE_BOUND('',#2604,.T.);
#2606=ADVANCED_FACE('',(#2605),#2580,.F.);
#2607=CARTESIAN_POINT('',(46.12028543,-31.668114681,26.206468377));
#2608=DIRECTION('',(0.,0.,1.));
#2609=DIRECTION('',(1.,0.,0.));
#2610=AXIS2_PLACEMENT_3D('',#2607,#2608,#2609);
#2611=PLANE('',#2610);
#2612=ORIENTED_EDGE('',*,*,#490,.T.);
#2613=CARTESIAN_POINT('',(49.07778543,-30.668114681,26.206468377));
#2614=VERTEX_POINT('',#2613);
#2615=CARTESIAN_POINT('',(49.07778543,-31.068114681,26.206468377));
#2616=DIRECTION('',(-0.,1.,0.));
#2617=VECTOR('',#2616,0.4);
#2618=LINE('',#2615,#2617);
#2619=EDGE_CURVE('',#475,#2614,#2618,.T.);
#2620=ORIENTED_EDGE('',*,*,#2619,.T.);
#2621=CARTESIAN_POINT('',(42.16278543,-30.668114681,26.206468377));
#2622=VERTEX_POINT('',#2621);
#2623=CARTESIAN_POINT('',(42.16278543,-30.668114681,26.206468377));
#2624=DIRECTION('',(1.,0.,0.));
#2625=VECTOR('',#2624,6.915);
#2626=LINE('',#2623,#2625);
#2627=EDGE_CURVE('',#2622,#2614,#2626,.T.);
#2628=ORIENTED_EDGE('',*,*,#2627,.F.);
#2629=CARTESIAN_POINT('',(42.16278543,-31.068114681,26.206468377));
#2630=DIRECTION('',(-0.,1.,0.));
#2631=VECTOR('',#2630,0.4);
#2632=LINE('',#2629,#2631);
#2633=EDGE_CURVE('',#485,#2622,#2632,.T.);
#2634=ORIENTED_EDGE('',*,*,#2633,.F.);
#2635=EDGE_LOOP('',(#2612,#2620,#2628,#2634));
#2636=FACE_BOUND('',#2635,.T.);
#2637=ADVANCED_FACE('',(#2636),#2611,.T.);
#2638=CARTESIAN_POINT('',(46.17028543,-31.668114681,32.206468377));
#2639=DIRECTION('',(0.,0.,1.));
#2640=DIRECTION('',(1.,0.,0.));
#2641=AXIS2_PLACEMENT_3D('',#2638,#2639,#2640);
#2642=PLANE('',#2641);
#2643=CARTESIAN_POINT('',(49.07778543,-30.668114681,32.206468377));
#2644=VERTEX_POINT('',#2643);
#2645=CARTESIAN_POINT('',(49.07778543,-31.068114681,32.206468377));
#2646=DIRECTION('',(-0.,1.,0.));
#2647=VECTOR('',#2646,0.4);
#2648=LINE('',#2645,#2647);
#2649=EDGE_CURVE('',#477,#2644,#2648,.T.);
#2650=ORIENTED_EDGE('',*,*,#2649,.F.);
#2651=ORIENTED_EDGE('',*,*,#504,.F.);
#2652=CARTESIAN_POINT('',(42.16278543,-30.668114681,32.206468377));
#2653=VERTEX_POINT('',#2652);
#2654=CARTESIAN_POINT('',(42.16278543,-31.068114681,32.206468377));
#2655=DIRECTION('',(-0.,1.,0.));
#2656=VECTOR('',#2655,0.4);
#2657=LINE('',#2654,#2656);
#2658=EDGE_CURVE('',#493,#2653,#2657,.T.);
#2659=ORIENTED_EDGE('',*,*,#2658,.T.);
#2660=CARTESIAN_POINT('',(42.16278543,-30.668114681,32.206468377));
#2661=DIRECTION('',(1.,0.,0.));
#2662=VECTOR('',#2661,6.915);
#2663=LINE('',#2660,#2662);
#2664=EDGE_CURVE('',#2653,#2644,#2663,.T.);
#2665=ORIENTED_EDGE('',*,*,#2664,.T.);
#2666=EDGE_LOOP('',(#2650,#2651,#2659,#2665));
#2667=FACE_BOUND('',#2666,.T.);
#2668=ADVANCED_FACE('',(#2667),#2642,.F.);
#2669=CARTESIAN_POINT('',(3.92028543,-31.668114681,33.206468377));
#2670=DIRECTION('',(0.,0.,-1.));
#2671=DIRECTION('',(-1.,0.,0.));
#2672=AXIS2_PLACEMENT_3D('',#2669,#2670,#2671);
#2673=PLANE('',#2672);
#2674=CARTESIAN_POINT('',(0.97778543,-30.668114681,33.206468377));
#2675=VERTEX_POINT('',#2674);
#2676=CARTESIAN_POINT('',(0.97778543,-31.068114681,33.206468377));
#2677=DIRECTION('',(-0.,1.,0.));
#2678=VECTOR('',#2677,0.4);
#2679=LINE('',#2676,#2678);
#2680=EDGE_CURVE('',#153,#2675,#2679,.T.);
#2681=ORIENTED_EDGE('',*,*,#2680,.F.);
#2682=ORIENTED_EDGE('',*,*,#158,.F.);
#2683=CARTESIAN_POINT('',(7.86278543,-30.668114681,33.206468377));
#2684=VERTEX_POINT('',#2683);
#2685=CARTESIAN_POINT('',(7.86278543,-31.068114681,33.206468377));
#2686=DIRECTION('',(-0.,1.,0.));
#2687=VECTOR('',#2686,0.4);
#2688=LINE('',#2685,#2687);
#2689=EDGE_CURVE('',#145,#2684,#2688,.T.);
#2690=ORIENTED_EDGE('',*,*,#2689,.T.);
#2691=CARTESIAN_POINT('',(7.86278543,-30.668114681,33.206468377));
#2692=DIRECTION('',(-1.,-0.,0.));
#2693=VECTOR('',#2692,6.885);
#2694=LINE('',#2691,#2693);
#2695=EDGE_CURVE('',#2684,#2675,#2694,.T.);
#2696=ORIENTED_EDGE('',*,*,#2695,.T.);
#2697=EDGE_LOOP('',(#2681,#2682,#2690,#2696));
#2698=FACE_BOUND('',#2697,.T.);
#2699=ADVANCED_FACE('',(#2698),#2673,.F.);
#2700=CARTESIAN_POINT('',(25.01278543,-30.668114681,29.956468377));
#2701=DIRECTION('',(-0.,1.,0.));
#2702=DIRECTION('',(-1.,-0.,0.));
#2703=AXIS2_PLACEMENT_3D('',#2700,#2701,#2702);
#2704=PLANE('',#2703);
#2705=CARTESIAN_POINT('',(34.03778543,-30.668114681,20.156467488));
#2706=VERTEX_POINT('',#2705);
#2707=CARTESIAN_POINT('',(41.36278543,-30.668114681,20.156467488));
#2708=DIRECTION('',(-1.,-0.,0.));
#2709=VECTOR('',#2708,7.325);
#2710=LINE('',#2707,#2709);
#2711=EDGE_CURVE('',#2582,#2706,#2710,.T.);
#2712=ORIENTED_EDGE('',*,*,#2711,.F.);
#2713=ORIENTED_EDGE('',*,*,#2602,.F.);
#2714=CARTESIAN_POINT('',(34.03778543,-30.668114681,25.206468377));
#2715=VERTEX_POINT('',#2714);
#2716=CARTESIAN_POINT('',(41.36278543,-30.668114681,25.206468377));
#2717=DIRECTION('',(-1.,-0.,0.));
#2718=VECTOR('',#2717,7.325);
#2719=LINE('',#2716,#2718);
#2720=EDGE_CURVE('',#2591,#2715,#2719,.T.);
#2721=ORIENTED_EDGE('',*,*,#2720,.T.);
#2722=CARTESIAN_POINT('',(34.03778543,-30.668114681,20.156467488));
#2723=DIRECTION('',(0.,0.,1.));
#2724=VECTOR('',#2723,5.050000889);
#2725=LINE('',#2722,#2724);
#2726=EDGE_CURVE('',#2706,#2715,#2725,.T.);
#2727=ORIENTED_EDGE('',*,*,#2726,.F.);
#2728=EDGE_LOOP('',(#2712,#2713,#2721,#2727));
#2729=FACE_BOUND('',#2728,.T.);
#2730=ADVANCED_FACE('',(#2729),#2704,.F.);
#2731=CARTESIAN_POINT('',(25.01278543,-30.668114681,29.956468377));
#2732=DIRECTION('',(-0.,1.,0.));
#2733=DIRECTION('',(-1.,-0.,0.));
#2734=AXIS2_PLACEMENT_3D('',#2731,#2732,#2733);
#2735=PLANE('',#2734);
#2736=ORIENTED_EDGE('',*,*,#2627,.T.);
#2737=CARTESIAN_POINT('',(49.07778543,-30.668114681,26.206468377));
#2738=DIRECTION('',(0.,0.,1.));
#2739=VECTOR('',#2738,6.);
#2740=LINE('',#2737,#2739);
#2741=EDGE_CURVE('',#2614,#2644,#2740,.T.);
#2742=ORIENTED_EDGE('',*,*,#2741,.T.);
#2743=ORIENTED_EDGE('',*,*,#2664,.F.);
#2744=CARTESIAN_POINT('',(42.16278543,-30.668114681,26.206468377));
#2745=DIRECTION('',(0.,0.,1.));
#2746=VECTOR('',#2745,6.);
#2747=LINE('',#2744,#2746);
#2748=EDGE_CURVE('',#2622,#2653,#2747,.T.);
#2749=ORIENTED_EDGE('',*,*,#2748,.F.);
#2750=EDGE_LOOP('',(#2736,#2742,#2743,#2749));
#2751=FACE_BOUND('',#2750,.T.);
#2752=ADVANCED_FACE('',(#2751),#2735,.F.);
#2753=CARTESIAN_POINT('',(25.01278543,-30.668114681,29.956468377));
#2754=DIRECTION('',(-0.,1.,0.));
#2755=DIRECTION('',(-1.,-0.,0.));
#2756=AXIS2_PLACEMENT_3D('',#2753,#2754,#2755);
#2757=PLANE('',#2756);
#2758=CARTESIAN_POINT('',(16.48778543,-30.668114681,20.156467488));
#2759=VERTEX_POINT('',#2758);
#2760=CARTESIAN_POINT('',(8.66278543,-30.668114681,20.156467488));
#2761=VERTEX_POINT('',#2760);
#2762=CARTESIAN_POINT('',(16.48778543,-30.668114681,20.156467488));
#2763=DIRECTION('',(-1.,-0.,0.));
#2764=VECTOR('',#2763,7.825);
#2765=LINE('',#2762,#2764);
#2766=EDGE_CURVE('',#2759,#2761,#2765,.T.);
#2767=ORIENTED_EDGE('',*,*,#2766,.F.);
#2768=CARTESIAN_POINT('',(16.48778543,-30.668114681,25.206468377));
#2769=VERTEX_POINT('',#2768);
#2770=CARTESIAN_POINT('',(16.48778543,-30.668114681,20.156467488));
#2771=DIRECTION('',(0.,0.,1.));
#2772=VECTOR('',#2771,5.050000889);
#2773=LINE('',#2770,#2772);
#2774=EDGE_CURVE('',#2759,#2769,#2773,.T.);
#2775=ORIENTED_EDGE('',*,*,#2774,.T.);
#2776=CARTESIAN_POINT('',(8.66278543,-30.668114681,25.206468377));
#2777=VERTEX_POINT('',#2776);
#2778=CARTESIAN_POINT('',(16.48778543,-30.668114681,25.206468377));
#2779=DIRECTION('',(-1.,-0.,0.));
#2780=VECTOR('',#2779,7.825);
#2781=LINE('',#2778,#2780);
#2782=EDGE_CURVE('',#2769,#2777,#2781,.T.);
#2783=ORIENTED_EDGE('',*,*,#2782,.T.);
#2784=CARTESIAN_POINT('',(8.66278543,-30.668114681,20.156467488));
#2785=DIRECTION('',(0.,0.,1.));
#2786=VECTOR('',#2785,5.050000889);
#2787=LINE('',#2784,#2786);
#2788=EDGE_CURVE('',#2761,#2777,#2787,.T.);
#2789=ORIENTED_EDGE('',*,*,#2788,.F.);
#2790=EDGE_LOOP('',(#2767,#2775,#2783,#2789));
#2791=FACE_BOUND('',#2790,.T.);
#2792=ADVANCED_FACE('',(#2791),#2757,.F.);
#2793=CARTESIAN_POINT('',(25.01278543,-30.668114681,29.956468377));
#2794=DIRECTION('',(-0.,1.,0.));
#2795=DIRECTION('',(-1.,-0.,0.));
#2796=AXIS2_PLACEMENT_3D('',#2793,#2794,#2795);
#2797=PLANE('',#2796);
#2798=CARTESIAN_POINT('',(25.91278543,-30.668114681,20.156467488));
#2799=VERTEX_POINT('',#2798);
#2800=CARTESIAN_POINT('',(33.23778543,-30.668114681,20.156467488));
#2801=DIRECTION('',(-1.,-0.,0.));
#2802=VECTOR('',#2801,7.325);
#2803=LINE('',#2800,#2802);
#2804=EDGE_CURVE('',#2489,#2799,#2803,.T.);
#2805=ORIENTED_EDGE('',*,*,#2804,.F.);
#2806=ORIENTED_EDGE('',*,*,#2509,.F.);
#2807=CARTESIAN_POINT('',(25.91278543,-30.668114681,25.206468377));
#2808=VERTEX_POINT('',#2807);
#2809=CARTESIAN_POINT('',(33.23778543,-30.668114681,25.206468377));
#2810=DIRECTION('',(-1.,-0.,0.));
#2811=VECTOR('',#2810,7.325);
#2812=LINE('',#2809,#2811);
#2813=EDGE_CURVE('',#2498,#2808,#2812,.T.);
#2814=ORIENTED_EDGE('',*,*,#2813,.T.);
#2815=CARTESIAN_POINT('',(25.91278543,-30.668114681,20.156467488));
#2816=DIRECTION('',(0.,0.,1.));
#2817=VECTOR('',#2816,5.050000889);
#2818=LINE('',#2815,#2817);
#2819=EDGE_CURVE('',#2799,#2808,#2818,.T.);
#2820=ORIENTED_EDGE('',*,*,#2819,.F.);
#2821=EDGE_LOOP('',(#2805,#2806,#2814,#2820));
#2822=FACE_BOUND('',#2821,.T.);
#2823=ADVANCED_FACE('',(#2822),#2797,.F.);
#2824=CARTESIAN_POINT('',(25.01278543,-30.668114681,29.956468377));
#2825=DIRECTION('',(-0.,1.,0.));
#2826=DIRECTION('',(-1.,-0.,0.));
#2827=AXIS2_PLACEMENT_3D('',#2824,#2825,#2826);
#2828=PLANE('',#2827);
#2829=CARTESIAN_POINT('',(7.86278543,-30.668114681,36.356467488));
#2830=VERTEX_POINT('',#2829);
#2831=CARTESIAN_POINT('',(7.86278543,-30.668114681,36.356467488));
#2832=DIRECTION('',(0.,0.,-1.));
#2833=VECTOR('',#2832,3.149999111);
#2834=LINE('',#2831,#2833);
#2835=EDGE_CURVE('',#2830,#2684,#2834,.T.);
#2836=ORIENTED_EDGE('',*,*,#2835,.F.);
#2837=CARTESIAN_POINT('',(0.97778543,-30.668114681,36.356467488));
#2838=VERTEX_POINT('',#2837);
#2839=CARTESIAN_POINT('',(7.86278543,-30.668114681,36.356467488));
#2840=DIRECTION('',(-1.,-0.,0.));
#2841=VECTOR('',#2840,6.885);
#2842=LINE('',#2839,#2841);
#2843=EDGE_CURVE('',#2830,#2838,#2842,.T.);
#2844=ORIENTED_EDGE('',*,*,#2843,.T.);
#2845=CARTESIAN_POINT('',(0.97778543,-30.668114681,36.356467488));
#2846=DIRECTION('',(0.,0.,-1.));
#2847=VECTOR('',#2846,3.149999111);
#2848=LINE('',#2845,#2847);
#2849=EDGE_CURVE('',#2838,#2675,#2848,.T.);
#2850=ORIENTED_EDGE('',*,*,#2849,.T.);
#2851=ORIENTED_EDGE('',*,*,#2695,.F.);
#2852=EDGE_LOOP('',(#2836,#2844,#2850,#2851));
#2853=FACE_BOUND('',#2852,.T.);
#2854=ADVANCED_FACE('',(#2853),#2828,.F.);
#2855=CARTESIAN_POINT('',(25.01278543,-30.668114681,29.956468377));
#2856=DIRECTION('',(-0.,1.,0.));
#2857=DIRECTION('',(-1.,-0.,0.));
#2858=AXIS2_PLACEMENT_3D('',#2855,#2856,#2857);
#2859=PLANE('',#2858);
#2860=CARTESIAN_POINT('',(49.07778543,-30.668114681,20.156467488));
#2861=VERTEX_POINT('',#2860);
#2862=CARTESIAN_POINT('',(42.16278543,-30.668114681,20.156467488));
#2863=VERTEX_POINT('',#2862);
#2864=CARTESIAN_POINT('',(49.07778543,-30.668114681,20.156467488));
#2865=DIRECTION('',(-1.,-0.,0.));
#2866=VECTOR('',#2865,6.915);
#2867=LINE('',#2864,#2866);
#2868=EDGE_CURVE('',#2861,#2863,#2867,.T.);
#2869=ORIENTED_EDGE('',*,*,#2868,.F.);
#2870=CARTESIAN_POINT('',(49.07778543,-30.668114681,25.206468377));
#2871=VERTEX_POINT('',#2870);
#2872=CARTESIAN_POINT('',(49.07778543,-30.668114681,20.156467488));
#2873=DIRECTION('',(0.,0.,1.));
#2874=VECTOR('',#2873,5.050000889);
#2875=LINE('',#2872,#2874);
#2876=EDGE_CURVE('',#2861,#2871,#2875,.T.);
#2877=ORIENTED_EDGE('',*,*,#2876,.T.);
#2878=CARTESIAN_POINT('',(42.16278543,-30.668114681,25.206468377));
#2879=VERTEX_POINT('',#2878);
#2880=CARTESIAN_POINT('',(49.07778543,-30.668114681,25.206468377));
#2881=DIRECTION('',(-1.,-0.,0.));
#2882=VECTOR('',#2881,6.915);
#2883=LINE('',#2880,#2882);
#2884=EDGE_CURVE('',#2871,#2879,#2883,.T.);
#2885=ORIENTED_EDGE('',*,*,#2884,.T.);
#2886=CARTESIAN_POINT('',(42.16278543,-30.668114681,20.156467488));
#2887=DIRECTION('',(0.,0.,1.));
#2888=VECTOR('',#2887,5.050000889);
#2889=LINE('',#2886,#2888);
#2890=EDGE_CURVE('',#2863,#2879,#2889,.T.);
#2891=ORIENTED_EDGE('',*,*,#2890,.F.);
#2892=EDGE_LOOP('',(#2869,#2877,#2885,#2891));
#2893=FACE_BOUND('',#2892,.T.);
#2894=ADVANCED_FACE('',(#2893),#2859,.F.);
#2895=CARTESIAN_POINT('',(25.01278543,-30.668114681,29.956468377));
#2896=DIRECTION('',(-0.,1.,0.));
#2897=DIRECTION('',(-1.,-0.,0.));
#2898=AXIS2_PLACEMENT_3D('',#2895,#2896,#2897);
#2899=PLANE('',#2898);
#2900=CARTESIAN_POINT('',(0.97778543,-30.668114681,32.206468377));
#2901=VERTEX_POINT('',#2900);
#2902=CARTESIAN_POINT('',(7.86278543,-30.668114681,32.206468377));
#2903=VERTEX_POINT('',#2902);
#2904=CARTESIAN_POINT('',(0.97778543,-30.668114681,32.206468377));
#2905=DIRECTION('',(1.,0.,0.));
#2906=VECTOR('',#2905,6.885);
#2907=LINE('',#2904,#2906);
#2908=EDGE_CURVE('',#2901,#2903,#2907,.T.);
#2909=ORIENTED_EDGE('',*,*,#2908,.F.);
#2910=CARTESIAN_POINT('',(0.97778543,-30.668114681,26.206468377));
#2911=VERTEX_POINT('',#2910);
#2912=CARTESIAN_POINT('',(0.97778543,-30.668114681,32.206468377));
#2913=DIRECTION('',(0.,0.,-1.));
#2914=VECTOR('',#2913,6.);
#2915=LINE('',#2912,#2914);
#2916=EDGE_CURVE('',#2901,#2911,#2915,.T.);
#2917=ORIENTED_EDGE('',*,*,#2916,.T.);
#2918=CARTESIAN_POINT('',(7.86278543,-30.668114681,26.206468377));
#2919=VERTEX_POINT('',#2918);
#2920=CARTESIAN_POINT('',(0.97778543,-30.668114681,26.206468377));
#2921=DIRECTION('',(1.,0.,0.));
#2922=VECTOR('',#2921,6.885);
#2923=LINE('',#2920,#2922);
#2924=EDGE_CURVE('',#2911,#2919,#2923,.T.);
#2925=ORIENTED_EDGE('',*,*,#2924,.T.);
#2926=CARTESIAN_POINT('',(7.86278543,-30.668114681,32.206468377));
#2927=DIRECTION('',(0.,0.,-1.));
#2928=VECTOR('',#2927,6.);
#2929=LINE('',#2926,#2928);
#2930=EDGE_CURVE('',#2903,#2919,#2929,.T.);
#2931=ORIENTED_EDGE('',*,*,#2930,.F.);
#2932=EDGE_LOOP('',(#2909,#2917,#2925,#2931));
#2933=FACE_BOUND('',#2932,.T.);
#2934=ADVANCED_FACE('',(#2933),#2899,.F.);
#2935=CARTESIAN_POINT('',(25.01278543,-30.668114681,29.956468377));
#2936=DIRECTION('',(-0.,1.,0.));
#2937=DIRECTION('',(-1.,-0.,0.));
#2938=AXIS2_PLACEMENT_3D('',#2935,#2936,#2937);
#2939=PLANE('',#2938);
#2940=ORIENTED_EDGE('',*,*,#2460,.T.);
#2941=CARTESIAN_POINT('',(49.07778543,-30.668114681,36.356467488));
#2942=DIRECTION('',(-1.,-0.,0.));
#2943=VECTOR('',#2942,6.915);
#2944=LINE('',#2941,#2943);
#2945=EDGE_CURVE('',#2447,#2384,#2944,.T.);
#2946=ORIENTED_EDGE('',*,*,#2945,.T.);
#2947=ORIENTED_EDGE('',*,*,#2404,.F.);
#2948=CARTESIAN_POINT('',(49.07778543,-30.668114681,33.206468377));
#2949=DIRECTION('',(-1.,-0.,0.));
#2950=VECTOR('',#2949,6.915);
#2951=LINE('',#2948,#2950);
#2952=EDGE_CURVE('',#2455,#2393,#2951,.T.);
#2953=ORIENTED_EDGE('',*,*,#2952,.F.);
#2954=EDGE_LOOP('',(#2940,#2946,#2947,#2953));
#2955=FACE_BOUND('',#2954,.T.);
#2956=ADVANCED_FACE('',(#2955),#2939,.F.);
#2957=CARTESIAN_POINT('',(25.01278543,-30.668114681,29.956468377));
#2958=DIRECTION('',(-0.,1.,0.));
#2959=DIRECTION('',(-1.,-0.,0.));
#2960=AXIS2_PLACEMENT_3D('',#2957,#2958,#2959);
#2961=PLANE('',#2960);
#2962=CARTESIAN_POINT('',(25.11278543,-30.668114681,20.156467488));
#2963=DIRECTION('',(-1.,-0.,0.));
#2964=VECTOR('',#2963,7.825);
#2965=LINE('',#2962,#2964);
#2966=EDGE_CURVE('',#2551,#2521,#2965,.T.);
#2967=ORIENTED_EDGE('',*,*,#2966,.F.);
#2968=ORIENTED_EDGE('',*,*,#2571,.F.);
#2969=CARTESIAN_POINT('',(25.11278543,-30.668114681,25.206468377));
#2970=DIRECTION('',(-1.,-0.,0.));
#2971=VECTOR('',#2970,7.825);
#2972=LINE('',#2969,#2971);
#2973=EDGE_CURVE('',#2560,#2529,#2972,.T.);
#2974=ORIENTED_EDGE('',*,*,#2973,.T.);
#2975=ORIENTED_EDGE('',*,*,#2534,.T.);
#2976=EDGE_LOOP('',(#2967,#2968,#2974,#2975));
#2977=FACE_BOUND('',#2976,.T.);
#2978=ADVANCED_FACE('',(#2977),#2961,.F.);
#2979=CARTESIAN_POINT('',(25.01278543,-30.668114681,29.956468377));
#2980=DIRECTION('',(-0.,1.,0.));
#2981=DIRECTION('',(-1.,-0.,0.));
#2982=AXIS2_PLACEMENT_3D('',#2979,#2980,#2981);
#2983=PLANE('',#2982);
#2984=CARTESIAN_POINT('',(7.86278543,-30.668114681,25.206468377));
#2985=VERTEX_POINT('',#2984);
#2986=CARTESIAN_POINT('',(0.97778543,-30.668114681,25.206468377));
#2987=VERTEX_POINT('',#2986);
#2988=CARTESIAN_POINT('',(7.86278543,-30.668114681,25.206468377));
#2989=DIRECTION('',(-1.,-0.,0.));
#2990=VECTOR('',#2989,6.885);
#2991=LINE('',#2988,#2990);
#2992=EDGE_CURVE('',#2985,#2987,#2991,.T.);
#2993=ORIENTED_EDGE('',*,*,#2992,.T.);
#2994=CARTESIAN_POINT('',(0.97778543,-30.668114681,20.156467488));
#2995=VERTEX_POINT('',#2994);
#2996=CARTESIAN_POINT('',(0.97778543,-30.668114681,25.206468377));
#2997=DIRECTION('',(0.,0.,-1.));
#2998=VECTOR('',#2997,5.050000889);
#2999=LINE('',#2996,#2998);
#3000=EDGE_CURVE('',#2987,#2995,#2999,.T.);
#3001=ORIENTED_EDGE('',*,*,#3000,.T.);
#3002=CARTESIAN_POINT('',(7.86278543,-30.668114681,20.156467488));
#3003=VERTEX_POINT('',#3002);
#3004=CARTESIAN_POINT('',(7.86278543,-30.668114681,20.156467488));
#3005=DIRECTION('',(-1.,-0.,0.));
#3006=VECTOR('',#3005,6.885);
#3007=LINE('',#3004,#3006);
#3008=EDGE_CURVE('',#3003,#2995,#3007,.T.);
#3009=ORIENTED_EDGE('',*,*,#3008,.F.);
#3010=CARTESIAN_POINT('',(7.86278543,-30.668114681,25.206468377));
#3011=DIRECTION('',(0.,0.,-1.));
#3012=VECTOR('',#3011,5.050000889);
#3013=LINE('',#3010,#3012);
#3014=EDGE_CURVE('',#2985,#3003,#3013,.T.);
#3015=ORIENTED_EDGE('',*,*,#3014,.F.);
#3016=EDGE_LOOP('',(#2993,#3001,#3009,#3015));
#3017=FACE_BOUND('',#3016,.T.);
#3018=ADVANCED_FACE('',(#3017),#2983,.F.);
#3019=CARTESIAN_POINT('',(51.02278543,-30.768114681,28.006468377));
#3020=DIRECTION('',(-0.,-0.,1.));
#3021=DIRECTION('',(-1.,-0.,-0.));
#3022=AXIS2_PLACEMENT_3D('',#3019,#3020,#3021);
#3023=PLANE('',#3022);
#3024=CARTESIAN_POINT('',(50.31278543,-31.800049354,28.006468377));
#3025=VERTEX_POINT('',#3024);
#3026=CARTESIAN_POINT('',(50.81278543,-31.884795117,28.006468377));
#3027=VERTEX_POINT('',#3026);
#3028=CARTESIAN_POINT('',(50.31278543,-31.800049354,28.006468377));
#3029=DIRECTION('',(0.985938558,-0.16710823,-0.));
#3030=VECTOR('',#3029,0.507130993);
#3031=LINE('',#3028,#3030);
#3032=EDGE_CURVE('',#3025,#3027,#3031,.T.);
#3033=ORIENTED_EDGE('',*,*,#3032,.T.);
#3034=CARTESIAN_POINT('',(50.81278543,-30.868114681,28.006468377));
#3035=VERTEX_POINT('',#3034);
#3036=CARTESIAN_POINT('',(50.81278543,-30.868114681,28.006468377));
#3037=DIRECTION('',(0.,-1.,-0.));
#3038=VECTOR('',#3037,1.016680436);
#3039=LINE('',#3036,#3038);
#3040=EDGE_CURVE('',#3035,#3027,#3039,.T.);
#3041=ORIENTED_EDGE('',*,*,#3040,.F.);
#3042=CARTESIAN_POINT('',(51.01278543,-30.868114681,28.006468377));
#3043=DIRECTION('',(0.,0.,-1.));
#3044=DIRECTION('',(0.,-1.,-0.));
#3045=AXIS2_PLACEMENT_3D('',#3042,#3043,#3044);
#3046=CIRCLE('',#3045,0.2);
#3047=EDGE_CURVE('',#3035,#1814,#3046,.T.);
#3048=ORIENTED_EDGE('',*,*,#3047,.T.);
#3049=ORIENTED_EDGE('',*,*,#1819,.T.);
#3050=ORIENTED_EDGE('',*,*,#874,.F.);
#3051=CARTESIAN_POINT('',(49.87778543,-32.868114681,28.006468377));
#3052=VERTEX_POINT('',#3051);
#3053=CARTESIAN_POINT('',(49.87778543,-31.068114681,28.006468377));
#3054=DIRECTION('',(0.,-1.,-0.));
#3055=VECTOR('',#3054,1.8);
#3056=LINE('',#3053,#3055);
#3057=EDGE_CURVE('',#655,#3052,#3056,.T.);
#3058=ORIENTED_EDGE('',*,*,#3057,.T.);
#3059=CARTESIAN_POINT('',(50.31278543,-32.868114681,28.006468377));
#3060=VERTEX_POINT('',#3059);
#3061=CARTESIAN_POINT('',(50.31278543,-32.868114681,28.006468377));
#3062=DIRECTION('',(-1.,-0.,0.));
#3063=VECTOR('',#3062,0.435);
#3064=LINE('',#3061,#3063);
#3065=EDGE_CURVE('',#3060,#3052,#3064,.T.);
#3066=ORIENTED_EDGE('',*,*,#3065,.F.);
#3067=CARTESIAN_POINT('',(50.31278543,-31.800049354,28.006468377));
#3068=DIRECTION('',(0.,-1.,-0.));
#3069=VECTOR('',#3068,1.068065327);
#3070=LINE('',#3067,#3069);
#3071=EDGE_CURVE('',#3025,#3060,#3070,.T.);
#3072=ORIENTED_EDGE('',*,*,#3071,.F.);
#3073=EDGE_LOOP('',(#3033,#3041,#3048,#3049,#3050,#3058,#3066,#3072));
#3074=FACE_BOUND('',#3073,.T.);
#3075=ADVANCED_FACE('',(#3074),#3023,.T.);
#3076=CARTESIAN_POINT('',(51.02278543,-30.768114681,30.406468377));
#3077=DIRECTION('',(0.,0.,-1.));
#3078=DIRECTION('',(1.,0.,0.));
#3079=AXIS2_PLACEMENT_3D('',#3076,#3077,#3078);
#3080=PLANE('',#3079);
#3081=CARTESIAN_POINT('',(49.87778543,-32.868114681,30.406468377));
#3082=VERTEX_POINT('',#3081);
#3083=CARTESIAN_POINT('',(49.87778543,-31.068114681,30.406468377));
#3084=DIRECTION('',(0.,-1.,-0.));
#3085=VECTOR('',#3084,1.8);
#3086=LINE('',#3083,#3085);
#3087=EDGE_CURVE('',#679,#3082,#3086,.T.);
#3088=ORIENTED_EDGE('',*,*,#3087,.F.);
#3089=ORIENTED_EDGE('',*,*,#896,.F.);
#3090=ORIENTED_EDGE('',*,*,#1787,.F.);
#3091=CARTESIAN_POINT('',(50.81278543,-30.868114681,30.406468377));
#3092=VERTEX_POINT('',#3091);
#3093=CARTESIAN_POINT('',(51.01278543,-30.868114681,30.406468377));
#3094=DIRECTION('',(-0.,-0.,1.));
#3095=DIRECTION('',(0.,1.,0.));
#3096=AXIS2_PLACEMENT_3D('',#3093,#3094,#3095);
#3097=CIRCLE('',#3096,0.2);
#3098=EDGE_CURVE('',#1776,#3092,#3097,.T.);
#3099=ORIENTED_EDGE('',*,*,#3098,.T.);
#3100=CARTESIAN_POINT('',(50.81278543,-31.884795117,30.406468377));
#3101=VERTEX_POINT('',#3100);
#3102=CARTESIAN_POINT('',(50.81278543,-30.868114681,30.406468377));
#3103=DIRECTION('',(0.,-1.,-0.));
#3104=VECTOR('',#3103,1.016680436);
#3105=LINE('',#3102,#3104);
#3106=EDGE_CURVE('',#3092,#3101,#3105,.T.);
#3107=ORIENTED_EDGE('',*,*,#3106,.T.);
#3108=CARTESIAN_POINT('',(50.31278543,-31.800049354,30.406468377));
#3109=VERTEX_POINT('',#3108);
#3110=CARTESIAN_POINT('',(50.31278543,-31.800049354,30.406468377));
#3111=DIRECTION('',(0.985938558,-0.16710823,-0.));
#3112=VECTOR('',#3111,0.507130993);
#3113=LINE('',#3110,#3112);
#3114=EDGE_CURVE('',#3109,#3101,#3113,.T.);
#3115=ORIENTED_EDGE('',*,*,#3114,.F.);
#3116=CARTESIAN_POINT('',(50.31278543,-32.868114681,30.406468377));
#3117=VERTEX_POINT('',#3116);
#3118=CARTESIAN_POINT('',(50.31278543,-31.800049354,30.406468377));
#3119=DIRECTION('',(0.,-1.,-0.));
#3120=VECTOR('',#3119,1.068065327);
#3121=LINE('',#3118,#3120);
#3122=EDGE_CURVE('',#3109,#3117,#3121,.T.);
#3123=ORIENTED_EDGE('',*,*,#3122,.T.);
#3124=CARTESIAN_POINT('',(50.31278543,-32.868114681,30.406468377));
#3125=DIRECTION('',(-1.,-0.,0.));
#3126=VECTOR('',#3125,0.435);
#3127=LINE('',#3124,#3126);
#3128=EDGE_CURVE('',#3117,#3082,#3127,.T.);
#3129=ORIENTED_EDGE('',*,*,#3128,.T.);
#3130=EDGE_LOOP('',(#3088,#3089,#3090,#3099,#3107,#3115,#3123,#3129));
#3131=FACE_BOUND('',#3130,.T.);
#3132=ADVANCED_FACE('',(#3131),#3080,.T.);
#3133=CARTESIAN_POINT('',(50.61278543,-26.868114681,29.606468377));
#3134=DIRECTION('',(-0.,0.,-1.));
#3135=DIRECTION('',(-0.,1.,0.));
#3136=AXIS2_PLACEMENT_3D('',#3133,#3134,#3135);
#3137=PLANE('',#3136);
#3138=CARTESIAN_POINT('',(50.31278543,-31.800049354,29.606468377));
#3139=VERTEX_POINT('',#3138);
#3140=CARTESIAN_POINT('',(50.71278543,-31.867845965,29.606468377));
#3141=VERTEX_POINT('',#3140);
#3142=CARTESIAN_POINT('',(50.31278543,-31.800049354,29.606468377));
#3143=DIRECTION('',(0.985938558,-0.16710823,-0.));
#3144=VECTOR('',#3143,0.405704795);
#3145=LINE('',#3142,#3144);
#3146=EDGE_CURVE('',#3139,#3141,#3145,.T.);
#3147=ORIENTED_EDGE('',*,*,#3146,.T.);
#3148=CARTESIAN_POINT('',(50.71278543,-30.868114681,29.606468377));
#3149=VERTEX_POINT('',#3148);
#3150=CARTESIAN_POINT('',(50.71278543,-30.868114681,29.606468377));
#3151=DIRECTION('',(0.,-1.,-0.));
#3152=VECTOR('',#3151,0.999731283);
#3153=LINE('',#3150,#3152);
#3154=EDGE_CURVE('',#3149,#3141,#3153,.T.);
#3155=ORIENTED_EDGE('',*,*,#3154,.F.);
#3156=CARTESIAN_POINT('',(50.91278543,-30.868114681,29.606468377));
#3157=DIRECTION('',(-0.,0.,-1.));
#3158=DIRECTION('',(0.,1.,0.));
#3159=AXIS2_PLACEMENT_3D('',#3156,#3157,#3158);
#3160=CIRCLE('',#3159,0.2);
#3161=EDGE_CURVE('',#3149,#1791,#3160,.T.);
#3162=ORIENTED_EDGE('',*,*,#3161,.T.);
#3163=ORIENTED_EDGE('',*,*,#1796,.T.);
#3164=ORIENTED_EDGE('',*,*,#905,.F.);
#3165=CARTESIAN_POINT('',(49.87778543,-32.868114681,29.606468377));
#3166=VERTEX_POINT('',#3165);
#3167=CARTESIAN_POINT('',(49.87778543,-31.068114681,29.606468377));
#3168=DIRECTION('',(0.,-1.,-0.));
#3169=VECTOR('',#3168,1.8);
#3170=LINE('',#3167,#3169);
#3171=EDGE_CURVE('',#671,#3166,#3170,.T.);
#3172=ORIENTED_EDGE('',*,*,#3171,.T.);
#3173=CARTESIAN_POINT('',(50.31278543,-32.868114681,29.606468377));
#3174=VERTEX_POINT('',#3173);
#3175=CARTESIAN_POINT('',(50.31278543,-32.868114681,29.606468377));
#3176=DIRECTION('',(-1.,-0.,0.));
#3177=VECTOR('',#3176,0.435);
#3178=LINE('',#3175,#3177);
#3179=EDGE_CURVE('',#3174,#3166,#3178,.T.);
#3180=ORIENTED_EDGE('',*,*,#3179,.F.);
#3181=CARTESIAN_POINT('',(50.31278543,-31.800049354,29.606468377));
#3182=DIRECTION('',(0.,-1.,-0.));
#3183=VECTOR('',#3182,1.068065327);
#3184=LINE('',#3181,#3183);
#3185=EDGE_CURVE('',#3139,#3174,#3184,.T.);
#3186=ORIENTED_EDGE('',*,*,#3185,.F.);
#3187=EDGE_LOOP('',(#3147,#3155,#3162,#3163,#3164,#3172,#3180,#3186));
#3188=FACE_BOUND('',#3187,.T.);
#3189=ADVANCED_FACE('',(#3188),#3137,.F.);
#3190=CARTESIAN_POINT('',(7.86278543,-31.968114681,28.288966599));
#3191=DIRECTION('',(1.,0.,0.));
#3192=DIRECTION('',(-0.,1.,0.));
#3193=AXIS2_PLACEMENT_3D('',#3190,#3191,#3192);
#3194=PLANE('',#3193);
#3195=CARTESIAN_POINT('',(7.86278543,-31.068114681,20.156467488));
#3196=DIRECTION('',(-0.,1.,0.));
#3197=VECTOR('',#3196,0.4);
#3198=LINE('',#3195,#3197);
#3199=EDGE_CURVE('',#409,#3003,#3198,.T.);
#3200=ORIENTED_EDGE('',*,*,#3199,.F.);
#3201=ORIENTED_EDGE('',*,*,#414,.F.);
#3202=CARTESIAN_POINT('',(7.86278543,-31.068114681,25.206468377));
#3203=DIRECTION('',(-0.,1.,0.));
#3204=VECTOR('',#3203,0.4);
#3205=LINE('',#3202,#3204);
#3206=EDGE_CURVE('',#407,#2985,#3205,.T.);
#3207=ORIENTED_EDGE('',*,*,#3206,.T.);
#3208=ORIENTED_EDGE('',*,*,#3014,.T.);
#3209=EDGE_LOOP('',(#3200,#3201,#3207,#3208));
#3210=FACE_BOUND('',#3209,.T.);
#3211=ADVANCED_FACE('',(#3210),#3194,.F.);
#3212=CARTESIAN_POINT('',(3.92028543,-31.668114681,25.206468377));
#3213=DIRECTION('',(0.,0.,-1.));
#3214=DIRECTION('',(-1.,0.,0.));
#3215=AXIS2_PLACEMENT_3D('',#3212,#3213,#3214);
#3216=PLANE('',#3215);
#3217=ORIENTED_EDGE('',*,*,#436,.T.);
#3218=CARTESIAN_POINT('',(0.97778543,-31.068114681,25.206468377));
#3219=DIRECTION('',(-0.,1.,0.));
#3220=VECTOR('',#3219,0.4);
#3221=LINE('',#3218,#3220);
#3222=EDGE_CURVE('',#425,#2987,#3221,.T.);
#3223=ORIENTED_EDGE('',*,*,#3222,.T.);
#3224=ORIENTED_EDGE('',*,*,#2992,.F.);
#3225=ORIENTED_EDGE('',*,*,#3206,.F.);
#3226=EDGE_LOOP('',(#3217,#3223,#3224,#3225));
#3227=FACE_BOUND('',#3226,.T.);
#3228=ADVANCED_FACE('',(#3227),#3216,.T.);
#3229=CARTESIAN_POINT('',(34.03778543,-31.968114681,28.288966599));
#3230=DIRECTION('',(-1.,-0.,0.));
#3231=DIRECTION('',(0.,-1.,0.));
#3232=AXIS2_PLACEMENT_3D('',#3229,#3230,#3231);
#3233=PLANE('',#3232);
#3234=CARTESIAN_POINT('',(34.03778543,-30.668114681,32.206468377));
#3235=VERTEX_POINT('',#3234);
#3236=CARTESIAN_POINT('',(34.03778543,-31.068114681,32.206468377));
#3237=DIRECTION('',(-0.,1.,0.));
#3238=VECTOR('',#3237,0.4);
#3239=LINE('',#3236,#3238);
#3240=EDGE_CURVE('',#511,#3235,#3239,.T.);
#3241=ORIENTED_EDGE('',*,*,#3240,.F.);
#3242=ORIENTED_EDGE('',*,*,#516,.F.);
#3243=CARTESIAN_POINT('',(34.03778543,-30.668114681,26.206468377));
#3244=VERTEX_POINT('',#3243);
#3245=CARTESIAN_POINT('',(34.03778543,-31.068114681,26.206468377));
#3246=DIRECTION('',(-0.,1.,0.));
#3247=VECTOR('',#3246,0.4);
#3248=LINE('',#3245,#3247);
#3249=EDGE_CURVE('',#509,#3244,#3248,.T.);
#3250=ORIENTED_EDGE('',*,*,#3249,.T.);
#3251=CARTESIAN_POINT('',(34.03778543,-30.668114681,26.206468377));
#3252=DIRECTION('',(0.,0.,1.));
#3253=VECTOR('',#3252,6.);
#3254=LINE('',#3251,#3253);
#3255=EDGE_CURVE('',#3244,#3235,#3254,.T.);
#3256=ORIENTED_EDGE('',*,*,#3255,.T.);
#3257=EDGE_LOOP('',(#3241,#3242,#3250,#3256));
#3258=FACE_BOUND('',#3257,.T.);
#3259=ADVANCED_FACE('',(#3258),#3233,.F.);
#3260=CARTESIAN_POINT('',(34.03778543,-31.968114681,28.288966599));
#3261=DIRECTION('',(-1.,-0.,0.));
#3262=DIRECTION('',(0.,-1.,0.));
#3263=AXIS2_PLACEMENT_3D('',#3260,#3261,#3262);
#3264=PLANE('',#3263);
#3265=ORIENTED_EDGE('',*,*,#218,.F.);
#3266=CARTESIAN_POINT('',(34.03778543,-31.068114681,20.156467488));
#3267=DIRECTION('',(-0.,1.,0.));
#3268=VECTOR('',#3267,0.4);
#3269=LINE('',#3266,#3268);
#3270=EDGE_CURVE('',#205,#2706,#3269,.T.);
#3271=ORIENTED_EDGE('',*,*,#3270,.T.);
#3272=ORIENTED_EDGE('',*,*,#2726,.T.);
#3273=CARTESIAN_POINT('',(34.03778543,-31.068114681,25.206468377));
#3274=DIRECTION('',(-0.,1.,0.));
#3275=VECTOR('',#3274,0.4);
#3276=LINE('',#3273,#3275);
#3277=EDGE_CURVE('',#213,#2715,#3276,.T.);
#3278=ORIENTED_EDGE('',*,*,#3277,.F.);
#3279=EDGE_LOOP('',(#3265,#3271,#3272,#3278));
#3280=FACE_BOUND('',#3279,.T.);
#3281=ADVANCED_FACE('',(#3280),#3264,.F.);
#3282=CARTESIAN_POINT('',(33.23778543,-31.968114681,28.288966599));
#3283=DIRECTION('',(1.,0.,0.));
#3284=DIRECTION('',(-0.,1.,0.));
#3285=AXIS2_PLACEMENT_3D('',#3282,#3283,#3284);
#3286=PLANE('',#3285);
#3287=CARTESIAN_POINT('',(33.23778543,-30.668114681,26.206468377));
#3288=VERTEX_POINT('',#3287);
#3289=CARTESIAN_POINT('',(33.23778543,-31.068114681,26.206468377));
#3290=DIRECTION('',(-0.,1.,0.));
#3291=VECTOR('',#3290,0.4);
#3292=LINE('',#3289,#3291);
#3293=EDGE_CURVE('',#613,#3288,#3292,.T.);
#3294=ORIENTED_EDGE('',*,*,#3293,.F.);
#3295=ORIENTED_EDGE('',*,*,#618,.F.);
#3296=CARTESIAN_POINT('',(33.23778543,-30.668114681,32.206468377));
#3297=VERTEX_POINT('',#3296);
#3298=CARTESIAN_POINT('',(33.23778543,-31.068114681,32.206468377));
#3299=DIRECTION('',(-0.,1.,0.));
#3300=VECTOR('',#3299,0.4);
#3301=LINE('',#3298,#3300);
#3302=EDGE_CURVE('',#611,#3297,#3301,.T.);
#3303=ORIENTED_EDGE('',*,*,#3302,.T.);
#3304=CARTESIAN_POINT('',(33.23778543,-30.668114681,32.206468377));
#3305=DIRECTION('',(0.,0.,-1.));
#3306=VECTOR('',#3305,6.);
#3307=LINE('',#3304,#3306);
#3308=EDGE_CURVE('',#3297,#3288,#3307,.T.);
#3309=ORIENTED_EDGE('',*,*,#3308,.T.);
#3310=EDGE_LOOP('',(#3294,#3295,#3303,#3309));
#3311=FACE_BOUND('',#3310,.T.);
#3312=ADVANCED_FACE('',(#3311),#3286,.F.);
#3313=CARTESIAN_POINT('',(33.23778543,-31.968114681,28.288966599));
#3314=DIRECTION('',(1.,0.,0.));
#3315=DIRECTION('',(-0.,1.,0.));
#3316=AXIS2_PLACEMENT_3D('',#3313,#3314,#3315);
#3317=PLANE('',#3316);
#3318=ORIENTED_EDGE('',*,*,#48,.F.);
#3319=CARTESIAN_POINT('',(33.23778543,-30.668114681,36.356467488));
#3320=VERTEX_POINT('',#3319);
#3321=CARTESIAN_POINT('',(33.23778543,-31.068114681,36.356467488));
#3322=DIRECTION('',(-0.,1.,0.));
#3323=VECTOR('',#3322,0.4);
#3324=LINE('',#3321,#3323);
#3325=EDGE_CURVE('',#33,#3320,#3324,.T.);
#3326=ORIENTED_EDGE('',*,*,#3325,.T.);
#3327=CARTESIAN_POINT('',(33.23778543,-30.668114681,33.206468377));
#3328=VERTEX_POINT('',#3327);
#3329=CARTESIAN_POINT('',(33.23778543,-30.668114681,36.356467488));
#3330=DIRECTION('',(0.,0.,-1.));
#3331=VECTOR('',#3330,3.149999111);
#3332=LINE('',#3329,#3331);
#3333=EDGE_CURVE('',#3320,#3328,#3332,.T.);
#3334=ORIENTED_EDGE('',*,*,#3333,.T.);
#3335=CARTESIAN_POINT('',(33.23778543,-31.068114681,33.206468377));
#3336=DIRECTION('',(-0.,1.,0.));
#3337=VECTOR('',#3336,0.4);
#3338=LINE('',#3335,#3337);
#3339=EDGE_CURVE('',#43,#3328,#3338,.T.);
#3340=ORIENTED_EDGE('',*,*,#3339,.F.);
#3341=EDGE_LOOP('',(#3318,#3326,#3334,#3340));
#3342=FACE_BOUND('',#3341,.T.);
#3343=ADVANCED_FACE('',(#3342),#3317,.F.);
#3344=CARTESIAN_POINT('',(17.28778543,-31.968114681,28.288966599));
#3345=DIRECTION('',(1.,0.,0.));
#3346=DIRECTION('',(-0.,1.,0.));
#3347=AXIS2_PLACEMENT_3D('',#3344,#3345,#3346);
#3348=PLANE('',#3347);
#3349=CARTESIAN_POINT('',(17.28778543,-30.668114681,36.356467488));
#3350=VERTEX_POINT('',#3349);
#3351=CARTESIAN_POINT('',(17.28778543,-31.068114681,36.356467488));
#3352=DIRECTION('',(-0.,1.,0.));
#3353=VECTOR('',#3352,0.4);
#3354=LINE('',#3351,#3353);
#3355=EDGE_CURVE('',#67,#3350,#3354,.T.);
#3356=ORIENTED_EDGE('',*,*,#3355,.F.);
#3357=ORIENTED_EDGE('',*,*,#74,.T.);
#3358=CARTESIAN_POINT('',(17.28778543,-30.668114681,33.206468377));
#3359=VERTEX_POINT('',#3358);
#3360=CARTESIAN_POINT('',(17.28778543,-31.068114681,33.206468377));
#3361=DIRECTION('',(-0.,1.,0.));
#3362=VECTOR('',#3361,0.4);
#3363=LINE('',#3360,#3362);
#3364=EDGE_CURVE('',#69,#3359,#3363,.T.);
#3365=ORIENTED_EDGE('',*,*,#3364,.T.);
#3366=CARTESIAN_POINT('',(17.28778543,-30.668114681,36.356467488));
#3367=DIRECTION('',(0.,0.,-1.));
#3368=VECTOR('',#3367,3.149999111);
#3369=LINE('',#3366,#3368);
#3370=EDGE_CURVE('',#3350,#3359,#3369,.T.);
#3371=ORIENTED_EDGE('',*,*,#3370,.F.);
#3372=EDGE_LOOP('',(#3356,#3357,#3365,#3371));
#3373=FACE_BOUND('',#3372,.T.);
#3374=ADVANCED_FACE('',(#3373),#3348,.T.);
#3375=CARTESIAN_POINT('',(17.28778543,-31.968114681,28.288966599));
#3376=DIRECTION('',(1.,0.,0.));
#3377=DIRECTION('',(-0.,1.,0.));
#3378=AXIS2_PLACEMENT_3D('',#3375,#3376,#3377);
#3379=PLANE('',#3378);
#3380=CARTESIAN_POINT('',(17.28778543,-30.668114681,32.206468377));
#3381=VERTEX_POINT('',#3380);
#3382=CARTESIAN_POINT('',(17.28778543,-31.068114681,32.206468377));
#3383=DIRECTION('',(-0.,1.,0.));
#3384=VECTOR('',#3383,0.4);
#3385=LINE('',#3382,#3384);
#3386=EDGE_CURVE('',#543,#3381,#3385,.T.);
#3387=ORIENTED_EDGE('',*,*,#3386,.F.);
#3388=ORIENTED_EDGE('',*,*,#550,.T.);
#3389=CARTESIAN_POINT('',(17.28778543,-30.668114681,26.206468377));
#3390=VERTEX_POINT('',#3389);
#3391=CARTESIAN_POINT('',(17.28778543,-31.068114681,26.206468377));
#3392=DIRECTION('',(-0.,1.,0.));
#3393=VECTOR('',#3392,0.4);
#3394=LINE('',#3391,#3393);
#3395=EDGE_CURVE('',#545,#3390,#3394,.T.);
#3396=ORIENTED_EDGE('',*,*,#3395,.T.);
#3397=CARTESIAN_POINT('',(17.28778543,-30.668114681,32.206468377));
#3398=DIRECTION('',(0.,0.,-1.));
#3399=VECTOR('',#3398,6.);
#3400=LINE('',#3397,#3399);
#3401=EDGE_CURVE('',#3381,#3390,#3400,.T.);
#3402=ORIENTED_EDGE('',*,*,#3401,.F.);
#3403=EDGE_LOOP('',(#3387,#3388,#3396,#3402));
#3404=FACE_BOUND('',#3403,.T.);
#3405=ADVANCED_FACE('',(#3404),#3379,.T.);
#3406=CARTESIAN_POINT('',(16.48778543,-31.968114681,28.288966599));
#3407=DIRECTION('',(-1.,-0.,0.));
#3408=DIRECTION('',(0.,-1.,0.));
#3409=AXIS2_PLACEMENT_3D('',#3406,#3407,#3408);
#3410=PLANE('',#3409);
#3411=CARTESIAN_POINT('',(16.48778543,-31.068114681,20.156467488));
#3412=DIRECTION('',(-0.,1.,0.));
#3413=VECTOR('',#3412,0.4);
#3414=LINE('',#3411,#3413);
#3415=EDGE_CURVE('',#237,#2759,#3414,.T.);
#3416=ORIENTED_EDGE('',*,*,#3415,.F.);
#3417=ORIENTED_EDGE('',*,*,#244,.T.);
#3418=CARTESIAN_POINT('',(16.48778543,-31.068114681,25.206468377));
#3419=DIRECTION('',(-0.,1.,0.));
#3420=VECTOR('',#3419,0.4);
#3421=LINE('',#3418,#3420);
#3422=EDGE_CURVE('',#239,#2769,#3421,.T.);
#3423=ORIENTED_EDGE('',*,*,#3422,.T.);
#3424=ORIENTED_EDGE('',*,*,#2774,.F.);
#3425=EDGE_LOOP('',(#3416,#3417,#3423,#3424));
#3426=FACE_BOUND('',#3425,.T.);
#3427=ADVANCED_FACE('',(#3426),#3410,.T.);
#3428=CARTESIAN_POINT('',(16.48778543,-31.968114681,28.288966599));
#3429=DIRECTION('',(-1.,-0.,0.));
#3430=DIRECTION('',(0.,-1.,0.));
#3431=AXIS2_PLACEMENT_3D('',#3428,#3429,#3430);
#3432=PLANE('',#3431);
#3433=CARTESIAN_POINT('',(16.48778543,-30.668114681,26.206468377));
#3434=VERTEX_POINT('',#3433);
#3435=CARTESIAN_POINT('',(16.48778543,-31.068114681,26.206468377));
#3436=DIRECTION('',(-0.,1.,0.));
#3437=VECTOR('',#3436,0.4);
#3438=LINE('',#3435,#3437);
#3439=EDGE_CURVE('',#577,#3434,#3438,.T.);
#3440=ORIENTED_EDGE('',*,*,#3439,.F.);
#3441=ORIENTED_EDGE('',*,*,#584,.T.);
#3442=CARTESIAN_POINT('',(16.48778543,-30.668114681,32.206468377));
#3443=VERTEX_POINT('',#3442);
#3444=CARTESIAN_POINT('',(16.48778543,-31.068114681,32.206468377));
#3445=DIRECTION('',(-0.,1.,0.));
#3446=VECTOR('',#3445,0.4);
#3447=LINE('',#3444,#3446);
#3448=EDGE_CURVE('',#579,#3443,#3447,.T.);
#3449=ORIENTED_EDGE('',*,*,#3448,.T.);
#3450=CARTESIAN_POINT('',(16.48778543,-30.668114681,26.206468377));
#3451=DIRECTION('',(0.,0.,1.));
#3452=VECTOR('',#3451,6.);
#3453=LINE('',#3450,#3452);
#3454=EDGE_CURVE('',#3434,#3443,#3453,.T.);
#3455=ORIENTED_EDGE('',*,*,#3454,.F.);
#3456=EDGE_LOOP('',(#3440,#3441,#3449,#3455));
#3457=FACE_BOUND('',#3456,.T.);
#3458=ADVANCED_FACE('',(#3457),#3432,.T.);
#3459=CARTESIAN_POINT('',(25.91278543,-31.968114681,28.288966599));
#3460=DIRECTION('',(-1.,-0.,0.));
#3461=DIRECTION('',(0.,-1.,0.));
#3462=AXIS2_PLACEMENT_3D('',#3459,#3460,#3461);
#3463=PLANE('',#3462);
#3464=ORIENTED_EDGE('',*,*,#286,.F.);
#3465=CARTESIAN_POINT('',(25.91278543,-31.068114681,20.156467488));
#3466=DIRECTION('',(-0.,1.,0.));
#3467=VECTOR('',#3466,0.4);
#3468=LINE('',#3465,#3467);
#3469=EDGE_CURVE('',#273,#2799,#3468,.T.);
#3470=ORIENTED_EDGE('',*,*,#3469,.T.);
#3471=ORIENTED_EDGE('',*,*,#2819,.T.);
#3472=CARTESIAN_POINT('',(25.91278543,-31.068114681,25.206468377));
#3473=DIRECTION('',(-0.,1.,0.));
#3474=VECTOR('',#3473,0.4);
#3475=LINE('',#3472,#3474);
#3476=EDGE_CURVE('',#281,#2808,#3475,.T.);
#3477=ORIENTED_EDGE('',*,*,#3476,.F.);
#3478=EDGE_LOOP('',(#3464,#3470,#3471,#3477));
#3479=FACE_BOUND('',#3478,.T.);
#3480=ADVANCED_FACE('',(#3479),#3463,.F.);
#3481=CARTESIAN_POINT('',(25.91278543,-31.968114681,28.288966599));
#3482=DIRECTION('',(-1.,-0.,0.));
#3483=DIRECTION('',(0.,-1.,0.));
#3484=AXIS2_PLACEMENT_3D('',#3481,#3482,#3483);
#3485=PLANE('',#3484);
#3486=ORIENTED_EDGE('',*,*,#634,.F.);
#3487=CARTESIAN_POINT('',(25.91278543,-30.668114681,26.206468377));
#3488=VERTEX_POINT('',#3487);
#3489=CARTESIAN_POINT('',(25.91278543,-31.068114681,26.206468377));
#3490=DIRECTION('',(-0.,1.,0.));
#3491=VECTOR('',#3490,0.4);
#3492=LINE('',#3489,#3491);
#3493=EDGE_CURVE('',#621,#3488,#3492,.T.);
#3494=ORIENTED_EDGE('',*,*,#3493,.T.);
#3495=CARTESIAN_POINT('',(25.91278543,-30.668114681,32.206468377));
#3496=VERTEX_POINT('',#3495);
#3497=CARTESIAN_POINT('',(25.91278543,-30.668114681,26.206468377));
#3498=DIRECTION('',(0.,0.,1.));
#3499=VECTOR('',#3498,6.);
#3500=LINE('',#3497,#3499);
#3501=EDGE_CURVE('',#3488,#3496,#3500,.T.);
#3502=ORIENTED_EDGE('',*,*,#3501,.T.);
#3503=CARTESIAN_POINT('',(25.91278543,-31.068114681,32.206468377));
#3504=DIRECTION('',(-0.,1.,0.));
#3505=VECTOR('',#3504,0.4);
#3506=LINE('',#3503,#3505);
#3507=EDGE_CURVE('',#629,#3496,#3506,.T.);
#3508=ORIENTED_EDGE('',*,*,#3507,.F.);
#3509=EDGE_LOOP('',(#3486,#3494,#3502,#3508));
#3510=FACE_BOUND('',#3509,.T.);
#3511=ADVANCED_FACE('',(#3510),#3485,.F.);
#3512=CARTESIAN_POINT('',(25.11278543,-31.968114681,28.288966599));
#3513=DIRECTION('',(1.,0.,0.));
#3514=DIRECTION('',(-0.,1.,0.));
#3515=AXIS2_PLACEMENT_3D('',#3512,#3513,#3514);
#3516=PLANE('',#3515);
#3517=ORIENTED_EDGE('',*,*,#90,.F.);
#3518=CARTESIAN_POINT('',(25.11278543,-30.668114681,36.356467488));
#3519=VERTEX_POINT('',#3518);
#3520=CARTESIAN_POINT('',(25.11278543,-31.068114681,36.356467488));
#3521=DIRECTION('',(-0.,1.,0.));
#3522=VECTOR('',#3521,0.4);
#3523=LINE('',#3520,#3522);
#3524=EDGE_CURVE('',#77,#3519,#3523,.T.);
#3525=ORIENTED_EDGE('',*,*,#3524,.T.);
#3526=CARTESIAN_POINT('',(25.11278543,-30.668114681,33.206468377));
#3527=VERTEX_POINT('',#3526);
#3528=CARTESIAN_POINT('',(25.11278543,-30.668114681,36.356467488));
#3529=DIRECTION('',(0.,0.,-1.));
#3530=VECTOR('',#3529,3.149999111);
#3531=LINE('',#3528,#3530);
#3532=EDGE_CURVE('',#3519,#3527,#3531,.T.);
#3533=ORIENTED_EDGE('',*,*,#3532,.T.);
#3534=CARTESIAN_POINT('',(25.11278543,-31.068114681,33.206468377));
#3535=DIRECTION('',(-0.,1.,0.));
#3536=VECTOR('',#3535,0.4);
#3537=LINE('',#3534,#3536);
#3538=EDGE_CURVE('',#85,#3527,#3537,.T.);
#3539=ORIENTED_EDGE('',*,*,#3538,.F.);
#3540=EDGE_LOOP('',(#3517,#3525,#3533,#3539));
#3541=FACE_BOUND('',#3540,.T.);
#3542=ADVANCED_FACE('',(#3541),#3516,.F.);
#3543=CARTESIAN_POINT('',(25.11278543,-31.968114681,28.288966599));
#3544=DIRECTION('',(1.,0.,0.));
#3545=DIRECTION('',(-0.,1.,0.));
#3546=AXIS2_PLACEMENT_3D('',#3543,#3544,#3545);
#3547=PLANE('',#3546);
#3548=ORIENTED_EDGE('',*,*,#566,.F.);
#3549=CARTESIAN_POINT('',(25.11278543,-30.668114681,32.206468377));
#3550=VERTEX_POINT('',#3549);
#3551=CARTESIAN_POINT('',(25.11278543,-31.068114681,32.206468377));
#3552=DIRECTION('',(-0.,1.,0.));
#3553=VECTOR('',#3552,0.4);
#3554=LINE('',#3551,#3553);
#3555=EDGE_CURVE('',#553,#3550,#3554,.T.);
#3556=ORIENTED_EDGE('',*,*,#3555,.T.);
#3557=CARTESIAN_POINT('',(25.11278543,-30.668114681,26.206468377));
#3558=VERTEX_POINT('',#3557);
#3559=CARTESIAN_POINT('',(25.11278543,-30.668114681,32.206468377));
#3560=DIRECTION('',(0.,0.,-1.));
#3561=VECTOR('',#3560,6.);
#3562=LINE('',#3559,#3561);
#3563=EDGE_CURVE('',#3550,#3558,#3562,.T.);
#3564=ORIENTED_EDGE('',*,*,#3563,.T.);
#3565=CARTESIAN_POINT('',(25.11278543,-31.068114681,26.206468377));
#3566=DIRECTION('',(-0.,1.,0.));
#3567=VECTOR('',#3566,0.4);
#3568=LINE('',#3565,#3567);
#3569=EDGE_CURVE('',#561,#3558,#3568,.T.);
#3570=ORIENTED_EDGE('',*,*,#3569,.F.);
#3571=EDGE_LOOP('',(#3548,#3556,#3564,#3570));
#3572=FACE_BOUND('',#3571,.T.);
#3573=ADVANCED_FACE('',(#3572),#3547,.F.);
#3574=CARTESIAN_POINT('',(42.16278543,-31.968114681,28.288966599));
#3575=DIRECTION('',(-1.,-0.,0.));
#3576=DIRECTION('',(0.,-1.,0.));
#3577=AXIS2_PLACEMENT_3D('',#3574,#3575,#3576);
#3578=PLANE('',#3577);
#3579=ORIENTED_EDGE('',*,*,#2658,.F.);
#3580=ORIENTED_EDGE('',*,*,#498,.F.);
#3581=ORIENTED_EDGE('',*,*,#2633,.T.);
#3582=ORIENTED_EDGE('',*,*,#2748,.T.);
#3583=EDGE_LOOP('',(#3579,#3580,#3581,#3582));
#3584=FACE_BOUND('',#3583,.T.);
#3585=ADVANCED_FACE('',(#3584),#3578,.F.);
#3586=CARTESIAN_POINT('',(42.16278543,-31.968114681,28.288966599));
#3587=DIRECTION('',(-1.,-0.,0.));
#3588=DIRECTION('',(0.,-1.,0.));
#3589=AXIS2_PLACEMENT_3D('',#3586,#3587,#3588);
#3590=PLANE('',#3589);
#3591=ORIENTED_EDGE('',*,*,#320,.F.);
#3592=CARTESIAN_POINT('',(42.16278543,-31.068114681,20.156467488));
#3593=DIRECTION('',(-0.,1.,0.));
#3594=VECTOR('',#3593,0.4);
#3595=LINE('',#3592,#3594);
#3596=EDGE_CURVE('',#307,#2863,#3595,.T.);
#3597=ORIENTED_EDGE('',*,*,#3596,.T.);
#3598=ORIENTED_EDGE('',*,*,#2890,.T.);
#3599=CARTESIAN_POINT('',(42.16278543,-31.068114681,25.206468377));
#3600=DIRECTION('',(-0.,1.,0.));
#3601=VECTOR('',#3600,0.4);
#3602=LINE('',#3599,#3601);
#3603=EDGE_CURVE('',#315,#2879,#3602,.T.);
#3604=ORIENTED_EDGE('',*,*,#3603,.F.);
#3605=EDGE_LOOP('',(#3591,#3597,#3598,#3604));
#3606=FACE_BOUND('',#3605,.T.);
#3607=ADVANCED_FACE('',(#3606),#3590,.F.);
#3608=CARTESIAN_POINT('',(41.36278543,-31.968114681,28.288966599));
#3609=DIRECTION('',(1.,0.,0.));
#3610=DIRECTION('',(-0.,1.,0.));
#3611=AXIS2_PLACEMENT_3D('',#3608,#3609,#3610);
#3612=PLANE('',#3611);
#3613=ORIENTED_EDGE('',*,*,#116,.F.);
#3614=CARTESIAN_POINT('',(41.36278543,-30.668114681,36.356467488));
#3615=VERTEX_POINT('',#3614);
#3616=CARTESIAN_POINT('',(41.36278543,-31.068114681,36.356467488));
#3617=DIRECTION('',(-0.,1.,0.));
#3618=VECTOR('',#3617,0.4);
#3619=LINE('',#3616,#3618);
#3620=EDGE_CURVE('',#101,#3615,#3619,.T.);
#3621=ORIENTED_EDGE('',*,*,#3620,.T.);
#3622=CARTESIAN_POINT('',(41.36278543,-30.668114681,33.206468377));
#3623=VERTEX_POINT('',#3622);
#3624=CARTESIAN_POINT('',(41.36278543,-30.668114681,36.356467488));
#3625=DIRECTION('',(0.,0.,-1.));
#3626=VECTOR('',#3625,3.149999111);
#3627=LINE('',#3624,#3626);
#3628=EDGE_CURVE('',#3615,#3623,#3627,.T.);
#3629=ORIENTED_EDGE('',*,*,#3628,.T.);
#3630=CARTESIAN_POINT('',(41.36278543,-31.068114681,33.206468377));
#3631=DIRECTION('',(-0.,1.,0.));
#3632=VECTOR('',#3631,0.4);
#3633=LINE('',#3630,#3632);
#3634=EDGE_CURVE('',#111,#3623,#3633,.T.);
#3635=ORIENTED_EDGE('',*,*,#3634,.F.);
#3636=EDGE_LOOP('',(#3613,#3621,#3629,#3635));
#3637=FACE_BOUND('',#3636,.T.);
#3638=ADVANCED_FACE('',(#3637),#3612,.F.);
#3639=CARTESIAN_POINT('',(41.36278543,-31.968114681,28.288966599));
#3640=DIRECTION('',(1.,0.,0.));
#3641=DIRECTION('',(-0.,1.,0.));
#3642=AXIS2_PLACEMENT_3D('',#3639,#3640,#3641);
#3643=PLANE('',#3642);
#3644=ORIENTED_EDGE('',*,*,#532,.F.);
#3645=CARTESIAN_POINT('',(41.36278543,-30.668114681,32.206468377));
#3646=VERTEX_POINT('',#3645);
#3647=CARTESIAN_POINT('',(41.36278543,-31.068114681,32.206468377));
#3648=DIRECTION('',(-0.,1.,0.));
#3649=VECTOR('',#3648,0.4);
#3650=LINE('',#3647,#3649);
#3651=EDGE_CURVE('',#519,#3646,#3650,.T.);
#3652=ORIENTED_EDGE('',*,*,#3651,.T.);
#3653=CARTESIAN_POINT('',(41.36278543,-30.668114681,26.206468377));
#3654=VERTEX_POINT('',#3653);
#3655=CARTESIAN_POINT('',(41.36278543,-30.668114681,32.206468377));
#3656=DIRECTION('',(0.,0.,-1.));
#3657=VECTOR('',#3656,6.);
#3658=LINE('',#3655,#3657);
#3659=EDGE_CURVE('',#3646,#3654,#3658,.T.);
#3660=ORIENTED_EDGE('',*,*,#3659,.T.);
#3661=CARTESIAN_POINT('',(41.36278543,-31.068114681,26.206468377));
#3662=DIRECTION('',(-0.,1.,0.));
#3663=VECTOR('',#3662,0.4);
#3664=LINE('',#3661,#3663);
#3665=EDGE_CURVE('',#527,#3654,#3664,.T.);
#3666=ORIENTED_EDGE('',*,*,#3665,.F.);
#3667=EDGE_LOOP('',(#3644,#3652,#3660,#3666));
#3668=FACE_BOUND('',#3667,.T.);
#3669=ADVANCED_FACE('',(#3668),#3643,.F.);
#3670=CARTESIAN_POINT('',(7.86278543,-31.968114681,28.288966599));
#3671=DIRECTION('',(1.,0.,0.));
#3672=DIRECTION('',(-0.,1.,0.));
#3673=AXIS2_PLACEMENT_3D('',#3670,#3671,#3672);
#3674=PLANE('',#3673);
#3675=CARTESIAN_POINT('',(7.86278543,-31.068114681,26.206468377));
#3676=DIRECTION('',(-0.,1.,0.));
#3677=VECTOR('',#3676,0.4);
#3678=LINE('',#3675,#3677);
#3679=EDGE_CURVE('',#459,#2919,#3678,.T.);
#3680=ORIENTED_EDGE('',*,*,#3679,.F.);
#3681=ORIENTED_EDGE('',*,*,#464,.F.);
#3682=CARTESIAN_POINT('',(7.86278543,-31.068114681,32.206468377));
#3683=DIRECTION('',(-0.,1.,0.));
#3684=VECTOR('',#3683,0.4);
#3685=LINE('',#3682,#3684);
#3686=EDGE_CURVE('',#451,#2903,#3685,.T.);
#3687=ORIENTED_EDGE('',*,*,#3686,.T.);
#3688=ORIENTED_EDGE('',*,*,#2930,.T.);
#3689=EDGE_LOOP('',(#3680,#3681,#3687,#3688));
#3690=FACE_BOUND('',#3689,.T.);
#3691=ADVANCED_FACE('',(#3690),#3674,.F.);
#3692=CARTESIAN_POINT('',(7.86278543,-31.968114681,28.288966599));
#3693=DIRECTION('',(1.,0.,0.));
#3694=DIRECTION('',(-0.,1.,0.));
#3695=AXIS2_PLACEMENT_3D('',#3692,#3693,#3694);
#3696=PLANE('',#3695);
#3697=ORIENTED_EDGE('',*,*,#150,.F.);
#3698=CARTESIAN_POINT('',(7.86278543,-31.068114681,36.356467488));
#3699=DIRECTION('',(-0.,1.,0.));
#3700=VECTOR('',#3699,0.4);
#3701=LINE('',#3698,#3700);
#3702=EDGE_CURVE('',#135,#2830,#3701,.T.);
#3703=ORIENTED_EDGE('',*,*,#3702,.T.);
#3704=ORIENTED_EDGE('',*,*,#2835,.T.);
#3705=ORIENTED_EDGE('',*,*,#2689,.F.);
#3706=EDGE_LOOP('',(#3697,#3703,#3704,#3705));
#3707=FACE_BOUND('',#3706,.T.);
#3708=ADVANCED_FACE('',(#3707),#3696,.F.);
#3709=CARTESIAN_POINT('',(8.66278543,-31.968114681,28.288966599));
#3710=DIRECTION('',(-1.,-0.,0.));
#3711=DIRECTION('',(0.,-1.,0.));
#3712=AXIS2_PLACEMENT_3D('',#3709,#3710,#3711);
#3713=PLANE('',#3712);
#3714=ORIENTED_EDGE('',*,*,#260,.F.);
#3715=CARTESIAN_POINT('',(8.66278543,-31.068114681,20.156467488));
#3716=DIRECTION('',(-0.,1.,0.));
#3717=VECTOR('',#3716,0.4);
#3718=LINE('',#3715,#3717);
#3719=EDGE_CURVE('',#247,#2761,#3718,.T.);
#3720=ORIENTED_EDGE('',*,*,#3719,.T.);
#3721=ORIENTED_EDGE('',*,*,#2788,.T.);
#3722=CARTESIAN_POINT('',(8.66278543,-31.068114681,25.206468377));
#3723=DIRECTION('',(-0.,1.,0.));
#3724=VECTOR('',#3723,0.4);
#3725=LINE('',#3722,#3724);
#3726=EDGE_CURVE('',#255,#2777,#3725,.T.);
#3727=ORIENTED_EDGE('',*,*,#3726,.F.);
#3728=EDGE_LOOP('',(#3714,#3720,#3721,#3727));
#3729=FACE_BOUND('',#3728,.T.);
#3730=ADVANCED_FACE('',(#3729),#3713,.F.);
#3731=CARTESIAN_POINT('',(8.66278543,-31.968114681,28.288966599));
#3732=DIRECTION('',(-1.,-0.,0.));
#3733=DIRECTION('',(0.,-1.,0.));
#3734=AXIS2_PLACEMENT_3D('',#3731,#3732,#3733);
#3735=PLANE('',#3734);
#3736=ORIENTED_EDGE('',*,*,#600,.F.);
#3737=CARTESIAN_POINT('',(8.66278543,-30.668114681,26.206468377));
#3738=VERTEX_POINT('',#3737);
#3739=CARTESIAN_POINT('',(8.66278543,-31.068114681,26.206468377));
#3740=DIRECTION('',(-0.,1.,0.));
#3741=VECTOR('',#3740,0.4);
#3742=LINE('',#3739,#3741);
#3743=EDGE_CURVE('',#587,#3738,#3742,.T.);
#3744=ORIENTED_EDGE('',*,*,#3743,.T.);
#3745=CARTESIAN_POINT('',(8.66278543,-30.668114681,32.206468377));
#3746=VERTEX_POINT('',#3745);
#3747=CARTESIAN_POINT('',(8.66278543,-30.668114681,26.206468377));
#3748=DIRECTION('',(0.,0.,1.));
#3749=VECTOR('',#3748,6.);
#3750=LINE('',#3747,#3749);
#3751=EDGE_CURVE('',#3738,#3746,#3750,.T.);
#3752=ORIENTED_EDGE('',*,*,#3751,.T.);
#3753=CARTESIAN_POINT('',(8.66278543,-31.068114681,32.206468377));
#3754=DIRECTION('',(-0.,1.,0.));
#3755=VECTOR('',#3754,0.4);
#3756=LINE('',#3753,#3755);
#3757=EDGE_CURVE('',#595,#3746,#3756,.T.);
#3758=ORIENTED_EDGE('',*,*,#3757,.F.);
#3759=EDGE_LOOP('',(#3736,#3744,#3752,#3758));
#3760=FACE_BOUND('',#3759,.T.);
#3761=ADVANCED_FACE('',(#3760),#3735,.F.);
#3762=CARTESIAN_POINT('',(25.01278543,-30.668114681,29.956468377));
#3763=DIRECTION('',(-0.,1.,0.));
#3764=DIRECTION('',(-1.,-0.,0.));
#3765=AXIS2_PLACEMENT_3D('',#3762,#3763,#3764);
#3766=PLANE('',#3765);
#3767=CARTESIAN_POINT('',(34.03778543,-30.668114681,32.206468377));
#3768=DIRECTION('',(1.,0.,0.));
#3769=VECTOR('',#3768,7.325);
#3770=LINE('',#3767,#3769);
#3771=EDGE_CURVE('',#3235,#3646,#3770,.T.);
#3772=ORIENTED_EDGE('',*,*,#3771,.F.);
#3773=ORIENTED_EDGE('',*,*,#3255,.F.);
#3774=CARTESIAN_POINT('',(34.03778543,-30.668114681,26.206468377));
#3775=DIRECTION('',(1.,0.,0.));
#3776=VECTOR('',#3775,7.325);
#3777=LINE('',#3774,#3776);
#3778=EDGE_CURVE('',#3244,#3654,#3777,.T.);
#3779=ORIENTED_EDGE('',*,*,#3778,.T.);
#3780=ORIENTED_EDGE('',*,*,#3659,.F.);
#3781=EDGE_LOOP('',(#3772,#3773,#3779,#3780));
#3782=FACE_BOUND('',#3781,.T.);
#3783=ADVANCED_FACE('',(#3782),#3766,.F.);
#3784=CARTESIAN_POINT('',(25.01278543,-30.668114681,29.956468377));
#3785=DIRECTION('',(-0.,1.,0.));
#3786=DIRECTION('',(-1.,-0.,0.));
#3787=AXIS2_PLACEMENT_3D('',#3784,#3785,#3786);
#3788=PLANE('',#3787);
#3789=ORIENTED_EDGE('',*,*,#3628,.F.);
#3790=CARTESIAN_POINT('',(41.36278543,-30.668114681,36.356467488));
#3791=DIRECTION('',(-1.,-0.,0.));
#3792=VECTOR('',#3791,7.325);
#3793=LINE('',#3790,#3792);
#3794=EDGE_CURVE('',#3615,#2291,#3793,.T.);
#3795=ORIENTED_EDGE('',*,*,#3794,.T.);
#3796=ORIENTED_EDGE('',*,*,#2311,.F.);
#3797=CARTESIAN_POINT('',(41.36278543,-30.668114681,33.206468377));
#3798=DIRECTION('',(-1.,-0.,0.));
#3799=VECTOR('',#3798,7.325);
#3800=LINE('',#3797,#3799);
#3801=EDGE_CURVE('',#3623,#2300,#3800,.T.);
#3802=ORIENTED_EDGE('',*,*,#3801,.F.);
#3803=EDGE_LOOP('',(#3789,#3795,#3796,#3802));
#3804=FACE_BOUND('',#3803,.T.);
#3805=ADVANCED_FACE('',(#3804),#3788,.F.);
#3806=CARTESIAN_POINT('',(25.01278543,-30.668114681,29.956468377));
#3807=DIRECTION('',(-0.,1.,0.));
#3808=DIRECTION('',(-1.,-0.,0.));
#3809=AXIS2_PLACEMENT_3D('',#3806,#3807,#3808);
#3810=PLANE('',#3809);
#3811=ORIENTED_EDGE('',*,*,#3532,.F.);
#3812=CARTESIAN_POINT('',(25.11278543,-30.668114681,36.356467488));
#3813=DIRECTION('',(-1.,-0.,0.));
#3814=VECTOR('',#3813,7.825);
#3815=LINE('',#3812,#3814);
#3816=EDGE_CURVE('',#3519,#3350,#3815,.T.);
#3817=ORIENTED_EDGE('',*,*,#3816,.T.);
#3818=ORIENTED_EDGE('',*,*,#3370,.T.);
#3819=CARTESIAN_POINT('',(25.11278543,-30.668114681,33.206468377));
#3820=DIRECTION('',(-1.,-0.,0.));
#3821=VECTOR('',#3820,7.825);
#3822=LINE('',#3819,#3821);
#3823=EDGE_CURVE('',#3527,#3359,#3822,.T.);
#3824=ORIENTED_EDGE('',*,*,#3823,.F.);
#3825=EDGE_LOOP('',(#3811,#3817,#3818,#3824));
#3826=FACE_BOUND('',#3825,.T.);
#3827=ADVANCED_FACE('',(#3826),#3810,.F.);
#3828=CARTESIAN_POINT('',(25.01278543,-30.668114681,29.956468377));
#3829=DIRECTION('',(-0.,1.,0.));
#3830=DIRECTION('',(-1.,-0.,0.));
#3831=AXIS2_PLACEMENT_3D('',#3828,#3829,#3830);
#3832=PLANE('',#3831);
#3833=CARTESIAN_POINT('',(17.28778543,-30.668114681,32.206468377));
#3834=DIRECTION('',(1.,0.,0.));
#3835=VECTOR('',#3834,7.825);
#3836=LINE('',#3833,#3835);
#3837=EDGE_CURVE('',#3381,#3550,#3836,.T.);
#3838=ORIENTED_EDGE('',*,*,#3837,.F.);
#3839=ORIENTED_EDGE('',*,*,#3401,.T.);
#3840=CARTESIAN_POINT('',(17.28778543,-30.668114681,26.206468377));
#3841=DIRECTION('',(1.,0.,0.));
#3842=VECTOR('',#3841,7.825);
#3843=LINE('',#3840,#3842);
#3844=EDGE_CURVE('',#3390,#3558,#3843,.T.);
#3845=ORIENTED_EDGE('',*,*,#3844,.T.);
#3846=ORIENTED_EDGE('',*,*,#3563,.F.);
#3847=EDGE_LOOP('',(#3838,#3839,#3845,#3846));
#3848=FACE_BOUND('',#3847,.T.);
#3849=ADVANCED_FACE('',(#3848),#3832,.F.);
#3850=CARTESIAN_POINT('',(25.01278543,-30.668114681,29.956468377));
#3851=DIRECTION('',(-0.,1.,0.));
#3852=DIRECTION('',(-1.,-0.,0.));
#3853=AXIS2_PLACEMENT_3D('',#3850,#3851,#3852);
#3854=PLANE('',#3853);
#3855=ORIENTED_EDGE('',*,*,#3751,.F.);
#3856=CARTESIAN_POINT('',(8.66278543,-30.668114681,26.206468377));
#3857=DIRECTION('',(1.,0.,0.));
#3858=VECTOR('',#3857,7.825);
#3859=LINE('',#3856,#3858);
#3860=EDGE_CURVE('',#3738,#3434,#3859,.T.);
#3861=ORIENTED_EDGE('',*,*,#3860,.T.);
#3862=ORIENTED_EDGE('',*,*,#3454,.T.);
#3863=CARTESIAN_POINT('',(8.66278543,-30.668114681,32.206468377));
#3864=DIRECTION('',(1.,0.,0.));
#3865=VECTOR('',#3864,7.825);
#3866=LINE('',#3863,#3865);
#3867=EDGE_CURVE('',#3746,#3443,#3866,.T.);
#3868=ORIENTED_EDGE('',*,*,#3867,.F.);
#3869=EDGE_LOOP('',(#3855,#3861,#3862,#3868));
#3870=FACE_BOUND('',#3869,.T.);
#3871=ADVANCED_FACE('',(#3870),#3854,.F.);
#3872=CARTESIAN_POINT('',(25.01278543,-30.668114681,29.956468377));
#3873=DIRECTION('',(-0.,1.,0.));
#3874=DIRECTION('',(-1.,-0.,0.));
#3875=AXIS2_PLACEMENT_3D('',#3872,#3873,#3874);
#3876=PLANE('',#3875);
#3877=ORIENTED_EDGE('',*,*,#2336,.T.);
#3878=CARTESIAN_POINT('',(16.48778543,-30.668114681,36.356467488));
#3879=DIRECTION('',(-1.,-0.,0.));
#3880=VECTOR('',#3879,7.825);
#3881=LINE('',#3878,#3880);
#3882=EDGE_CURVE('',#2323,#2415,#3881,.T.);
#3883=ORIENTED_EDGE('',*,*,#3882,.T.);
#3884=ORIENTED_EDGE('',*,*,#2435,.F.);
#3885=CARTESIAN_POINT('',(16.48778543,-30.668114681,33.206468377));
#3886=DIRECTION('',(-1.,-0.,0.));
#3887=VECTOR('',#3886,7.825);
#3888=LINE('',#3885,#3887);
#3889=EDGE_CURVE('',#2331,#2424,#3888,.T.);
#3890=ORIENTED_EDGE('',*,*,#3889,.F.);
#3891=EDGE_LOOP('',(#3877,#3883,#3884,#3890));
#3892=FACE_BOUND('',#3891,.T.);
#3893=ADVANCED_FACE('',(#3892),#3876,.F.);
#3894=CARTESIAN_POINT('',(25.01278543,-30.668114681,29.956468377));
#3895=DIRECTION('',(-0.,1.,0.));
#3896=DIRECTION('',(-1.,-0.,0.));
#3897=AXIS2_PLACEMENT_3D('',#3894,#3895,#3896);
#3898=PLANE('',#3897);
#3899=ORIENTED_EDGE('',*,*,#3501,.F.);
#3900=CARTESIAN_POINT('',(25.91278543,-30.668114681,26.206468377));
#3901=DIRECTION('',(1.,0.,0.));
#3902=VECTOR('',#3901,7.325);
#3903=LINE('',#3900,#3902);
#3904=EDGE_CURVE('',#3488,#3288,#3903,.T.);
#3905=ORIENTED_EDGE('',*,*,#3904,.T.);
#3906=ORIENTED_EDGE('',*,*,#3308,.F.);
#3907=CARTESIAN_POINT('',(25.91278543,-30.668114681,32.206468377));
#3908=DIRECTION('',(1.,0.,0.));
#3909=VECTOR('',#3908,7.325);
#3910=LINE('',#3907,#3909);
#3911=EDGE_CURVE('',#3496,#3297,#3910,.T.);
#3912=ORIENTED_EDGE('',*,*,#3911,.F.);
#3913=EDGE_LOOP('',(#3899,#3905,#3906,#3912));
#3914=FACE_BOUND('',#3913,.T.);
#3915=ADVANCED_FACE('',(#3914),#3898,.F.);
#3916=CARTESIAN_POINT('',(25.01278543,-30.668114681,29.956468377));
#3917=DIRECTION('',(-0.,1.,0.));
#3918=DIRECTION('',(-1.,-0.,0.));
#3919=AXIS2_PLACEMENT_3D('',#3916,#3917,#3918);
#3920=PLANE('',#3919);
#3921=ORIENTED_EDGE('',*,*,#3333,.F.);
#3922=CARTESIAN_POINT('',(33.23778543,-30.668114681,36.356467488));
#3923=DIRECTION('',(-1.,-0.,0.));
#3924=VECTOR('',#3923,7.325);
#3925=LINE('',#3922,#3924);
#3926=EDGE_CURVE('',#3320,#2353,#3925,.T.);
#3927=ORIENTED_EDGE('',*,*,#3926,.T.);
#3928=ORIENTED_EDGE('',*,*,#2373,.F.);
#3929=CARTESIAN_POINT('',(33.23778543,-30.668114681,33.206468377));
#3930=DIRECTION('',(-1.,-0.,0.));
#3931=VECTOR('',#3930,7.325);
#3932=LINE('',#3929,#3931);
#3933=EDGE_CURVE('',#3328,#2362,#3932,.T.);
#3934=ORIENTED_EDGE('',*,*,#3933,.F.);
#3935=EDGE_LOOP('',(#3921,#3927,#3928,#3934));
#3936=FACE_BOUND('',#3935,.T.);
#3937=ADVANCED_FACE('',(#3936),#3920,.F.);
#3938=CARTESIAN_POINT('',(8.26278543,-31.968114681,37.156467488));
#3939=DIRECTION('',(0.,0.,-1.));
#3940=DIRECTION('',(-1.,0.,0.));
#3941=AXIS2_PLACEMENT_3D('',#3938,#3939,#3940);
#3942=PLANE('',#3941);
#3943=CARTESIAN_POINT('',(50.91278543,-31.068114681,37.156467488));
#3944=DIRECTION('',(-0.,1.,-0.));
#3945=VECTOR('',#3944,0.4);
#3946=LINE('',#3943,#3945);
#3947=EDGE_CURVE('',#703,#1744,#3946,.T.);
#3948=ORIENTED_EDGE('',*,*,#3947,.F.);
#3949=ORIENTED_EDGE('',*,*,#708,.F.);
#3950=CARTESIAN_POINT('',(49.87778543,-30.668114681,37.156467488));
#3951=DIRECTION('',(0.,-1.,-0.));
#3952=VECTOR('',#3951,0.4);
#3953=LINE('',#3950,#3952);
#3954=EDGE_CURVE('',#1752,#695,#3953,.T.);
#3955=ORIENTED_EDGE('',*,*,#3954,.F.);
#3956=ORIENTED_EDGE('',*,*,#1757,.T.);
#3957=EDGE_LOOP('',(#3948,#3949,#3955,#3956));
#3958=FACE_BOUND('',#3957,.T.);
#3959=ADVANCED_FACE('',(#3958),#3942,.T.);
#3960=CARTESIAN_POINT('',(-1.33721457,-30.668114681,29.956468377));
#3961=DIRECTION('',(1.,0.,0.));
#3962=DIRECTION('',(-0.,1.,0.));
#3963=AXIS2_PLACEMENT_3D('',#3960,#3961,#3962);
#3964=PLANE('',#3963);
#3965=ORIENTED_EDGE('',*,*,#1942,.F.);
#3966=CARTESIAN_POINT('',(-1.33721457,-30.668114681,38.306469266));
#3967=DIRECTION('',(-0.,1.,0.));
#3968=VECTOR('',#3967,1.);
#3969=LINE('',#3966,#3968);
#3970=EDGE_CURVE('',#1929,#2163,#3969,.T.);
#3971=ORIENTED_EDGE('',*,*,#3970,.T.);
#3972=ORIENTED_EDGE('',*,*,#2168,.T.);
#3973=CARTESIAN_POINT('',(-1.33721457,-30.668114681,18.256467488));
#3974=DIRECTION('',(-0.,1.,-0.));
#3975=VECTOR('',#3974,1.);
#3976=LINE('',#3973,#3975);
#3977=EDGE_CURVE('',#1937,#2154,#3976,.T.);
#3978=ORIENTED_EDGE('',*,*,#3977,.F.);
#3979=EDGE_LOOP('',(#3965,#3971,#3972,#3978));
#3980=FACE_BOUND('',#3979,.T.);
#3981=ADVANCED_FACE('',(#3980),#3964,.F.);
#3982=CARTESIAN_POINT('',(0.01278543,-30.668114681,41.656467488));
#3983=DIRECTION('',(-0.,1.,0.));
#3984=DIRECTION('',(-1.,-0.,0.));
#3985=AXIS2_PLACEMENT_3D('',#3982,#3983,#3984);
#3986=CYLINDRICAL_SURFACE('',#3985,1.35);
#3987=ORIENTED_EDGE('',*,*,#2109,.F.);
#3988=ORIENTED_EDGE('',*,*,#1038,.F.);
#3989=ORIENTED_EDGE('',*,*,#2000,.T.);
#3990=CARTESIAN_POINT('',(0.01278543,-30.668114681,43.006467488));
#3991=DIRECTION('',(-0.,1.,-0.));
#3992=VECTOR('',#3991,1.);
#3993=LINE('',#3990,#3992);
#3994=EDGE_CURVE('',#1988,#2103,#3993,.T.);
#3995=ORIENTED_EDGE('',*,*,#3994,.T.);
#3996=EDGE_LOOP('',(#3987,#3988,#3989,#3995));
#3997=FACE_BOUND('',#3996,.T.);
#3998=ADVANCED_FACE('',(#3997),#3986,.T.);
#3999=CARTESIAN_POINT('',(25.01278543,-30.668114681,43.006467488));
#4000=DIRECTION('',(0.,0.,-1.));
#4001=DIRECTION('',(-1.,0.,0.));
#4002=AXIS2_PLACEMENT_3D('',#3999,#4000,#4001);
#4003=PLANE('',#4002);
#4004=ORIENTED_EDGE('',*,*,#2117,.T.);
#4005=ORIENTED_EDGE('',*,*,#3994,.F.);
#4006=ORIENTED_EDGE('',*,*,#1993,.F.);
#4007=CARTESIAN_POINT('',(50.01278543,-30.668114681,43.006467488));
#4008=DIRECTION('',(-0.,1.,0.));
#4009=VECTOR('',#4008,1.);
#4010=LINE('',#4007,#4009);
#4011=EDGE_CURVE('',#1979,#2112,#4010,.T.);
#4012=ORIENTED_EDGE('',*,*,#4011,.T.);
#4013=EDGE_LOOP('',(#4004,#4005,#4006,#4012));
#4014=FACE_BOUND('',#4013,.T.);
#4015=ADVANCED_FACE('',(#4014),#4003,.F.);
#4016=CARTESIAN_POINT('',(50.01278543,-30.668114681,41.656467488));
#4017=DIRECTION('',(-0.,1.,0.));
#4018=DIRECTION('',(-1.,-0.,0.));
#4019=AXIS2_PLACEMENT_3D('',#4016,#4017,#4018);
#4020=CYLINDRICAL_SURFACE('',#4019,1.35);
#4021=ORIENTED_EDGE('',*,*,#2126,.F.);
#4022=ORIENTED_EDGE('',*,*,#4011,.F.);
#4023=ORIENTED_EDGE('',*,*,#1985,.T.);
#4024=CARTESIAN_POINT('',(51.36278543,-30.668114681,41.656467488));
#4025=DIRECTION('',(-0.,1.,-0.));
#4026=VECTOR('',#4025,1.);
#4027=LINE('',#4024,#4026);
#4028=EDGE_CURVE('',#1971,#2120,#4027,.T.);
#4029=ORIENTED_EDGE('',*,*,#4028,.T.);
#4030=EDGE_LOOP('',(#4021,#4022,#4023,#4029));
#4031=FACE_BOUND('',#4030,.T.);
#4032=ADVANCED_FACE('',(#4031),#4020,.T.);
#4033=CARTESIAN_POINT('',(51.36278543,-30.668114681,29.956468377));
#4034=DIRECTION('',(-1.,-0.,0.));
#4035=DIRECTION('',(0.,-1.,0.));
#4036=AXIS2_PLACEMENT_3D('',#4033,#4034,#4035);
#4037=PLANE('',#4036);
#4038=ORIENTED_EDGE('',*,*,#4028,.F.);
#4039=ORIENTED_EDGE('',*,*,#1976,.F.);
#4040=CARTESIAN_POINT('',(51.36278543,-30.668114681,18.256467488));
#4041=DIRECTION('',(-0.,1.,0.));
#4042=VECTOR('',#4041,1.);
#4043=LINE('',#4040,#4042);
#4044=EDGE_CURVE('',#1962,#2129,#4043,.T.);
#4045=ORIENTED_EDGE('',*,*,#4044,.T.);
#4046=ORIENTED_EDGE('',*,*,#2134,.T.);
#4047=EDGE_LOOP('',(#4038,#4039,#4045,#4046));
#4048=FACE_BOUND('',#4047,.T.);
#4049=ADVANCED_FACE('',(#4048),#4037,.F.);
#4050=CARTESIAN_POINT('',(50.01278543,-30.668114681,18.256467488));
#4051=DIRECTION('',(0.,-1.,0.));
#4052=DIRECTION('',(1.,0.,0.));
#4053=AXIS2_PLACEMENT_3D('',#4050,#4051,#4052);
#4054=CYLINDRICAL_SURFACE('',#4053,1.35);
#4055=ORIENTED_EDGE('',*,*,#2143,.F.);
#4056=ORIENTED_EDGE('',*,*,#4044,.F.);
#4057=ORIENTED_EDGE('',*,*,#1968,.T.);
#4058=CARTESIAN_POINT('',(50.01278543,-30.668114681,16.906467488));
#4059=DIRECTION('',(-0.,1.,-0.));
#4060=VECTOR('',#4059,1.);
#4061=LINE('',#4058,#4060);
#4062=EDGE_CURVE('',#1954,#2137,#4061,.T.);
#4063=ORIENTED_EDGE('',*,*,#4062,.T.);
#4064=EDGE_LOOP('',(#4055,#4056,#4057,#4063));
#4065=FACE_BOUND('',#4064,.T.);
#4066=ADVANCED_FACE('',(#4065),#4054,.T.);
#4067=CARTESIAN_POINT('',(25.01278543,-30.668114681,16.906467488));
#4068=DIRECTION('',(0.,0.,-1.));
#4069=DIRECTION('',(-1.,0.,0.));
#4070=AXIS2_PLACEMENT_3D('',#4067,#4068,#4069);
#4071=PLANE('',#4070);
#4072=ORIENTED_EDGE('',*,*,#2151,.F.);
#4073=ORIENTED_EDGE('',*,*,#4062,.F.);
#4074=ORIENTED_EDGE('',*,*,#1959,.T.);
#4075=CARTESIAN_POINT('',(0.01278543,-30.668114681,16.906467488));
#4076=DIRECTION('',(-0.,1.,0.));
#4077=VECTOR('',#4076,1.);
#4078=LINE('',#4075,#4077);
#4079=EDGE_CURVE('',#1945,#2146,#4078,.T.);
#4080=ORIENTED_EDGE('',*,*,#4079,.T.);
#4081=EDGE_LOOP('',(#4072,#4073,#4074,#4080));
#4082=FACE_BOUND('',#4081,.T.);
#4083=ADVANCED_FACE('',(#4082),#4071,.T.);
#4084=CARTESIAN_POINT('',(0.01278543,-30.668114681,18.256467488));
#4085=DIRECTION('',(0.,-1.,0.));
#4086=DIRECTION('',(1.,0.,0.));
#4087=AXIS2_PLACEMENT_3D('',#4084,#4085,#4086);
#4088=CYLINDRICAL_SURFACE('',#4087,1.35);
#4089=ORIENTED_EDGE('',*,*,#2160,.F.);
#4090=ORIENTED_EDGE('',*,*,#4079,.F.);
#4091=ORIENTED_EDGE('',*,*,#1951,.T.);
#4092=ORIENTED_EDGE('',*,*,#3977,.T.);
#4093=EDGE_LOOP('',(#4089,#4090,#4091,#4092));
#4094=FACE_BOUND('',#4093,.T.);
#4095=ADVANCED_FACE('',(#4094),#4088,.T.);
#4096=CARTESIAN_POINT('',(63.469253806,-42.660958418,17.723125852));
#4097=DIRECTION('',(-0.,-0.074789948,0.99719931));
#4098=DIRECTION('',(-0.,0.99719931,0.074789948));
#4099=AXIS2_PLACEMENT_3D('',#4096,#4097,#4098);
#4100=PLANE('',#4099);
#4101=CARTESIAN_POINT('',(40.56278543,-32.868114681,18.457589132));
#4102=VERTEX_POINT('',#4101);
#4103=CARTESIAN_POINT('',(40.56278543,-30.668114681,18.622589132));
#4104=DIRECTION('',(0.,-0.99719931,-0.074789948));
#4105=VECTOR('',#4104,2.206178823);
#4106=LINE('',#4103,#4105);
#4107=EDGE_CURVE('',#1339,#4102,#4106,.T.);
#4108=ORIENTED_EDGE('',*,*,#4107,.F.);
#4109=ORIENTED_EDGE('',*,*,#1344,.T.);
#4110=CARTESIAN_POINT('',(39.76278543,-32.868114681,18.457589132));
#4111=VERTEX_POINT('',#4110);
#4112=CARTESIAN_POINT('',(39.76278543,-30.668114681,18.622589132));
#4113=DIRECTION('',(0.,-0.99719931,-0.074789948));
#4114=VECTOR('',#4113,2.206178823);
#4115=LINE('',#4112,#4114);
#4116=EDGE_CURVE('',#1331,#4111,#4115,.T.);
#4117=ORIENTED_EDGE('',*,*,#4116,.T.);
#4118=CARTESIAN_POINT('',(39.76278543,-32.868114681,18.457589132));
#4119=DIRECTION('',(1.,0.,0.));
#4120=VECTOR('',#4119,0.8);
#4121=LINE('',#4118,#4120);
#4122=EDGE_CURVE('',#4111,#4102,#4121,.T.);
#4123=ORIENTED_EDGE('',*,*,#4122,.T.);
#4124=EDGE_LOOP('',(#4108,#4109,#4117,#4123));
#4125=FACE_BOUND('',#4124,.T.);
#4126=ADVANCED_FACE('',(#4125),#4100,.T.);
#4127=CARTESIAN_POINT('',(63.469253806,-42.660958418,17.723125852));
#4128=DIRECTION('',(-0.,-0.074789948,0.99719931));
#4129=DIRECTION('',(-0.,0.99719931,0.074789948));
#4130=AXIS2_PLACEMENT_3D('',#4127,#4128,#4129);
#4131=PLANE('',#4130);
#4132=CARTESIAN_POINT('',(42.16278543,-32.868114681,18.457589132));
#4133=VERTEX_POINT('',#4132);
#4134=CARTESIAN_POINT('',(42.16278543,-30.668114681,18.622589132));
#4135=DIRECTION('',(0.,-0.99719931,-0.074789948));
#4136=VECTOR('',#4135,2.206178823);
#4137=LINE('',#4134,#4136);
#4138=EDGE_CURVE('',#1289,#4133,#4137,.T.);
#4139=ORIENTED_EDGE('',*,*,#4138,.F.);
#4140=ORIENTED_EDGE('',*,*,#1316,.T.);
#4141=CARTESIAN_POINT('',(41.36278543,-32.868114681,18.457589132));
#4142=VERTEX_POINT('',#4141);
#4143=CARTESIAN_POINT('',(41.36278543,-30.668114681,18.622589132));
#4144=DIRECTION('',(0.,-0.99719931,-0.074789948));
#4145=VECTOR('',#4144,2.206178823);
#4146=LINE('',#4143,#4145);
#4147=EDGE_CURVE('',#1305,#4142,#4146,.T.);
#4148=ORIENTED_EDGE('',*,*,#4147,.T.);
#4149=CARTESIAN_POINT('',(41.36278543,-32.868114681,18.457589132));
#4150=DIRECTION('',(1.,0.,0.));
#4151=VECTOR('',#4150,0.8);
#4152=LINE('',#4149,#4151);
#4153=EDGE_CURVE('',#4142,#4133,#4152,.T.);
#4154=ORIENTED_EDGE('',*,*,#4153,.T.);
#4155=EDGE_LOOP('',(#4139,#4140,#4148,#4154));
#4156=FACE_BOUND('',#4155,.T.);
#4157=ADVANCED_FACE('',(#4156),#4131,.T.);
#4158=CARTESIAN_POINT('',(44.36278543,-26.868114681,17.45646571));
#4159=DIRECTION('',(-0.,0.,1.));
#4160=DIRECTION('',(0.,-1.,0.));
#4161=AXIS2_PLACEMENT_3D('',#4158,#4159,#4160);
#4162=PLANE('',#4161);
#4163=CARTESIAN_POINT('',(42.96278543,-30.868114681,17.45646571));
#4164=VERTEX_POINT('',#4163);
#4165=CARTESIAN_POINT('',(42.96278543,-31.884795117,17.45646571));
#4166=VERTEX_POINT('',#4165);
#4167=CARTESIAN_POINT('',(42.96278543,-30.868114681,17.45646571));
#4168=DIRECTION('',(0.,-1.,0.));
#4169=VECTOR('',#4168,1.016680436);
#4170=LINE('',#4167,#4169);
#4171=EDGE_CURVE('',#4164,#4166,#4170,.T.);
#4172=ORIENTED_EDGE('',*,*,#4171,.F.);
#4173=CARTESIAN_POINT('',(43.76278543,-30.868114681,17.45646571));
#4174=VERTEX_POINT('',#4173);
#4175=CARTESIAN_POINT('',(42.96278543,-30.868114681,17.45646571));
#4176=DIRECTION('',(1.,0.,0.));
#4177=VECTOR('',#4176,0.8);
#4178=LINE('',#4175,#4177);
#4179=EDGE_CURVE('',#4164,#4174,#4178,.T.);
#4180=ORIENTED_EDGE('',*,*,#4179,.T.);
#4181=CARTESIAN_POINT('',(43.76278543,-31.884795117,17.45646571));
#4182=VERTEX_POINT('',#4181);
#4183=CARTESIAN_POINT('',(43.76278543,-30.868114681,17.45646571));
#4184=DIRECTION('',(0.,-1.,0.));
#4185=VECTOR('',#4184,1.016680436);
#4186=LINE('',#4183,#4185);
#4187=EDGE_CURVE('',#4174,#4182,#4186,.T.);
#4188=ORIENTED_EDGE('',*,*,#4187,.T.);
#4189=CARTESIAN_POINT('',(42.96278543,-31.884795117,17.45646571));
#4190=DIRECTION('',(1.,-0.,0.));
#4191=VECTOR('',#4190,0.8);
#4192=LINE('',#4189,#4191);
#4193=EDGE_CURVE('',#4166,#4182,#4192,.T.);
#4194=ORIENTED_EDGE('',*,*,#4193,.F.);
#4195=EDGE_LOOP('',(#4172,#4180,#4188,#4194));
#4196=FACE_BOUND('',#4195,.T.);
#4197=ADVANCED_FACE('',(#4196),#4162,.F.);
#4198=CARTESIAN_POINT('',(42.96278543,-30.768114681,17.24646571));
#4199=DIRECTION('',(-1.,-0.,-0.));
#4200=DIRECTION('',(-0.,0.,1.));
#4201=AXIS2_PLACEMENT_3D('',#4198,#4199,#4200);
#4202=PLANE('',#4201);
#4203=CARTESIAN_POINT('',(42.96278543,-32.868114681,18.457589132));
#4204=VERTEX_POINT('',#4203);
#4205=CARTESIAN_POINT('',(42.96278543,-30.668114681,18.622589132));
#4206=DIRECTION('',(0.,-0.99719931,-0.074789948));
#4207=VECTOR('',#4206,2.206178823);
#4208=LINE('',#4205,#4207);
#4209=EDGE_CURVE('',#1271,#4204,#4208,.T.);
#4210=ORIENTED_EDGE('',*,*,#4209,.F.);
#4211=ORIENTED_EDGE('',*,*,#1276,.T.);
#4212=CARTESIAN_POINT('',(42.96278543,-30.868114681,17.25646571));
#4213=DIRECTION('',(1.,0.,0.));
#4214=DIRECTION('',(-0.,0.,1.));
#4215=AXIS2_PLACEMENT_3D('',#4212,#4213,#4214);
#4216=CIRCLE('',#4215,0.2);
#4217=EDGE_CURVE('',#1263,#4164,#4216,.T.);
#4218=ORIENTED_EDGE('',*,*,#4217,.T.);
#4219=ORIENTED_EDGE('',*,*,#4171,.T.);
#4220=CARTESIAN_POINT('',(42.96278543,-31.800049354,17.95646571));
#4221=VERTEX_POINT('',#4220);
#4222=CARTESIAN_POINT('',(42.96278543,-31.800049354,17.95646571));
#4223=DIRECTION('',(0.,-0.16710823,-0.985938558));
#4224=VECTOR('',#4223,0.507130993);
#4225=LINE('',#4222,#4224);
#4226=EDGE_CURVE('',#4221,#4166,#4225,.T.);
#4227=ORIENTED_EDGE('',*,*,#4226,.F.);
#4228=CARTESIAN_POINT('',(42.96278543,-32.868114681,17.95646571));
#4229=VERTEX_POINT('',#4228);
#4230=CARTESIAN_POINT('',(42.96278543,-31.800049354,17.95646571));
#4231=DIRECTION('',(0.,-1.,0.));
#4232=VECTOR('',#4231,1.068065327);
#4233=LINE('',#4230,#4232);
#4234=EDGE_CURVE('',#4221,#4229,#4233,.T.);
#4235=ORIENTED_EDGE('',*,*,#4234,.T.);
#4236=CARTESIAN_POINT('',(42.96278543,-32.868114681,17.95646571));
#4237=DIRECTION('',(-0.,0.,1.));
#4238=VECTOR('',#4237,0.501123422);
#4239=LINE('',#4236,#4238);
#4240=EDGE_CURVE('',#4229,#4204,#4239,.T.);
#4241=ORIENTED_EDGE('',*,*,#4240,.T.);
#4242=EDGE_LOOP('',(#4210,#4211,#4218,#4219,#4227,#4235,#4241));
#4243=FACE_BOUND('',#4242,.T.);
#4244=ADVANCED_FACE('',(#4243),#4202,.T.);
#4245=CARTESIAN_POINT('',(63.469253806,-42.660958418,17.723125852));
#4246=DIRECTION('',(-0.,-0.074789948,0.99719931));
#4247=DIRECTION('',(-0.,0.99719931,0.074789948));
#4248=AXIS2_PLACEMENT_3D('',#4245,#4246,#4247);
#4249=PLANE('',#4248);
#4250=CARTESIAN_POINT('',(43.76278543,-32.868114681,18.457589132));
#4251=VERTEX_POINT('',#4250);
#4252=CARTESIAN_POINT('',(43.76278543,-30.668114681,18.622589132));
#4253=DIRECTION('',(0.,-0.99719931,-0.074789948));
#4254=VECTOR('',#4253,2.206178823);
#4255=LINE('',#4252,#4254);
#4256=EDGE_CURVE('',#1255,#4251,#4255,.T.);
#4257=ORIENTED_EDGE('',*,*,#4256,.F.);
#4258=ORIENTED_EDGE('',*,*,#1282,.T.);
#4259=ORIENTED_EDGE('',*,*,#4209,.T.);
#4260=CARTESIAN_POINT('',(42.96278543,-32.868114681,18.457589132));
#4261=DIRECTION('',(1.,0.,0.));
#4262=VECTOR('',#4261,0.8);
#4263=LINE('',#4260,#4262);
#4264=EDGE_CURVE('',#4204,#4251,#4263,.T.);
#4265=ORIENTED_EDGE('',*,*,#4264,.T.);
#4266=EDGE_LOOP('',(#4257,#4258,#4259,#4265));
#4267=FACE_BOUND('',#4266,.T.);
#4268=ADVANCED_FACE('',(#4267),#4249,.T.);
#4269=CARTESIAN_POINT('',(43.76278543,-26.868114681,17.65646571));
#4270=DIRECTION('',(-1.,-0.,-0.));
#4271=DIRECTION('',(0.,-1.,0.));
#4272=AXIS2_PLACEMENT_3D('',#4269,#4270,#4271);
#4273=PLANE('',#4272);
#4274=ORIENTED_EDGE('',*,*,#4187,.F.);
#4275=CARTESIAN_POINT('',(43.76278543,-30.868114681,17.25646571));
#4276=DIRECTION('',(-1.,-0.,-0.));
#4277=DIRECTION('',(-0.,0.,1.));
#4278=AXIS2_PLACEMENT_3D('',#4275,#4276,#4277);
#4279=CIRCLE('',#4278,0.2);
#4280=EDGE_CURVE('',#4174,#1253,#4279,.T.);
#4281=ORIENTED_EDGE('',*,*,#4280,.T.);
#4282=ORIENTED_EDGE('',*,*,#1260,.T.);
#4283=ORIENTED_EDGE('',*,*,#4256,.T.);
#4284=CARTESIAN_POINT('',(43.76278543,-32.868114681,17.45646571));
#4285=VERTEX_POINT('',#4284);
#4286=CARTESIAN_POINT('',(43.76278543,-32.868114681,18.457589132));
#4287=DIRECTION('',(0.,-0.,-1.));
#4288=VECTOR('',#4287,1.001123422);
#4289=LINE('',#4286,#4288);
#4290=EDGE_CURVE('',#4251,#4285,#4289,.T.);
#4291=ORIENTED_EDGE('',*,*,#4290,.T.);
#4292=CARTESIAN_POINT('',(43.76278543,-32.368114681,16.95646571));
#4293=VERTEX_POINT('',#4292);
#4294=CARTESIAN_POINT('',(43.76278543,-32.868114681,17.45646571));
#4295=DIRECTION('',(0.,0.707106781,-0.707106781));
#4296=VECTOR('',#4295,0.707106781);
#4297=LINE('',#4294,#4296);
#4298=EDGE_CURVE('',#4285,#4293,#4297,.T.);
#4299=ORIENTED_EDGE('',*,*,#4298,.T.);
#4300=CARTESIAN_POINT('',(43.76278543,-31.96954088,16.95646571));
#4301=VERTEX_POINT('',#4300);
#4302=CARTESIAN_POINT('',(43.76278543,-31.96954088,16.95646571));
#4303=DIRECTION('',(0.,-1.,0.));
#4304=VECTOR('',#4303,0.398573801);
#4305=LINE('',#4302,#4304);
#4306=EDGE_CURVE('',#4301,#4293,#4305,.T.);
#4307=ORIENTED_EDGE('',*,*,#4306,.F.);
#4308=CARTESIAN_POINT('',(43.76278543,-31.884795117,17.45646571));
#4309=DIRECTION('',(0.,-0.16710823,-0.985938558));
#4310=VECTOR('',#4309,0.507130993);
#4311=LINE('',#4308,#4310);
#4312=EDGE_CURVE('',#4182,#4301,#4311,.T.);
#4313=ORIENTED_EDGE('',*,*,#4312,.F.);
#4314=EDGE_LOOP('',(#4274,#4281,#4282,#4283,#4291,#4299,#4307,#4313));
#4315=FACE_BOUND('',#4314,.T.);
#4316=ADVANCED_FACE('',(#4315),#4273,.F.);
#4317=CARTESIAN_POINT('',(40.56278543,-30.768114681,17.24646571));
#4318=DIRECTION('',(1.,0.,0.));
#4319=DIRECTION('',(0.,-0.,-1.));
#4320=AXIS2_PLACEMENT_3D('',#4317,#4318,#4319);
#4321=PLANE('',#4320);
#4322=ORIENTED_EDGE('',*,*,#1350,.F.);
#4323=ORIENTED_EDGE('',*,*,#4107,.T.);
#4324=CARTESIAN_POINT('',(40.56278543,-32.868114681,17.95646571));
#4325=VERTEX_POINT('',#4324);
#4326=CARTESIAN_POINT('',(40.56278543,-32.868114681,17.95646571));
#4327=DIRECTION('',(-0.,0.,1.));
#4328=VECTOR('',#4327,0.501123422);
#4329=LINE('',#4326,#4328);
#4330=EDGE_CURVE('',#4325,#4102,#4329,.T.);
#4331=ORIENTED_EDGE('',*,*,#4330,.F.);
#4332=CARTESIAN_POINT('',(40.56278543,-31.800049354,17.95646571));
#4333=VERTEX_POINT('',#4332);
#4334=CARTESIAN_POINT('',(40.56278543,-31.800049354,17.95646571));
#4335=DIRECTION('',(0.,-1.,0.));
#4336=VECTOR('',#4335,1.068065327);
#4337=LINE('',#4334,#4336);
#4338=EDGE_CURVE('',#4333,#4325,#4337,.T.);
#4339=ORIENTED_EDGE('',*,*,#4338,.F.);
#4340=CARTESIAN_POINT('',(40.56278543,-31.884795117,17.45646571));
#4341=VERTEX_POINT('',#4340);
#4342=CARTESIAN_POINT('',(40.56278543,-31.800049354,17.95646571));
#4343=DIRECTION('',(0.,-0.16710823,-0.985938558));
#4344=VECTOR('',#4343,0.507130993);
#4345=LINE('',#4342,#4344);
#4346=EDGE_CURVE('',#4333,#4341,#4345,.T.);
#4347=ORIENTED_EDGE('',*,*,#4346,.T.);
#4348=CARTESIAN_POINT('',(40.56278543,-30.868114681,17.45646571));
#4349=VERTEX_POINT('',#4348);
#4350=CARTESIAN_POINT('',(40.56278543,-30.868114681,17.45646571));
#4351=DIRECTION('',(0.,-1.,0.));
#4352=VECTOR('',#4351,1.016680436);
#4353=LINE('',#4350,#4352);
#4354=EDGE_CURVE('',#4349,#4341,#4353,.T.);
#4355=ORIENTED_EDGE('',*,*,#4354,.F.);
#4356=CARTESIAN_POINT('',(40.56278543,-30.868114681,17.25646571));
#4357=DIRECTION('',(-1.,-0.,-0.));
#4358=DIRECTION('',(0.,0.,-1.));
#4359=AXIS2_PLACEMENT_3D('',#4356,#4357,#4358);
#4360=CIRCLE('',#4359,0.2);
#4361=EDGE_CURVE('',#4349,#1321,#4360,.T.);
#4362=ORIENTED_EDGE('',*,*,#4361,.T.);
#4363=EDGE_LOOP('',(#4322,#4323,#4331,#4339,#4347,#4355,#4362));
#4364=FACE_BOUND('',#4363,.T.);
#4365=ADVANCED_FACE('',(#4364),#4321,.T.);
#4366=CARTESIAN_POINT('',(39.16278543,-26.868114681,17.45646571));
#4367=DIRECTION('',(0.,-0.,-1.));
#4368=DIRECTION('',(-0.,1.,-0.));
#4369=AXIS2_PLACEMENT_3D('',#4366,#4367,#4368);
#4370=PLANE('',#4369);
#4371=CARTESIAN_POINT('',(39.76278543,-30.868114681,17.45646571));
#4372=VERTEX_POINT('',#4371);
#4373=CARTESIAN_POINT('',(39.76278543,-31.884795117,17.45646571));
#4374=VERTEX_POINT('',#4373);
#4375=CARTESIAN_POINT('',(39.76278543,-30.868114681,17.45646571));
#4376=DIRECTION('',(0.,-1.,0.));
#4377=VECTOR('',#4376,1.016680436);
#4378=LINE('',#4375,#4377);
#4379=EDGE_CURVE('',#4372,#4374,#4378,.T.);
#4380=ORIENTED_EDGE('',*,*,#4379,.F.);
#4381=CARTESIAN_POINT('',(39.76278543,-30.868114681,17.45646571));
#4382=DIRECTION('',(1.,0.,0.));
#4383=VECTOR('',#4382,0.8);
#4384=LINE('',#4381,#4383);
#4385=EDGE_CURVE('',#4372,#4349,#4384,.T.);
#4386=ORIENTED_EDGE('',*,*,#4385,.T.);
#4387=ORIENTED_EDGE('',*,*,#4354,.T.);
#4388=CARTESIAN_POINT('',(40.56278543,-31.884795117,17.45646571));
#4389=DIRECTION('',(-1.,0.,-0.));
#4390=VECTOR('',#4389,0.8);
#4391=LINE('',#4388,#4390);
#4392=EDGE_CURVE('',#4341,#4374,#4391,.T.);
#4393=ORIENTED_EDGE('',*,*,#4392,.T.);
#4394=EDGE_LOOP('',(#4380,#4386,#4387,#4393));
#4395=FACE_BOUND('',#4394,.T.);
#4396=ADVANCED_FACE('',(#4395),#4370,.T.);
#4397=CARTESIAN_POINT('',(39.76278543,-26.868114681,17.65646571));
#4398=DIRECTION('',(-1.,-0.,-0.));
#4399=DIRECTION('',(0.,-1.,0.));
#4400=AXIS2_PLACEMENT_3D('',#4397,#4398,#4399);
#4401=PLANE('',#4400);
#4402=ORIENTED_EDGE('',*,*,#1336,.F.);
#4403=CARTESIAN_POINT('',(39.76278543,-30.868114681,17.25646571));
#4404=DIRECTION('',(1.,0.,0.));
#4405=DIRECTION('',(-0.,0.,1.));
#4406=AXIS2_PLACEMENT_3D('',#4403,#4404,#4405);
#4407=CIRCLE('',#4406,0.2);
#4408=EDGE_CURVE('',#1323,#4372,#4407,.T.);
#4409=ORIENTED_EDGE('',*,*,#4408,.T.);
#4410=ORIENTED_EDGE('',*,*,#4379,.T.);
#4411=CARTESIAN_POINT('',(39.76278543,-31.96954088,16.95646571));
#4412=VERTEX_POINT('',#4411);
#4413=CARTESIAN_POINT('',(39.76278543,-31.96954088,16.95646571));
#4414=DIRECTION('',(-0.,0.16710823,0.985938558));
#4415=VECTOR('',#4414,0.507130993);
#4416=LINE('',#4413,#4415);
#4417=EDGE_CURVE('',#4412,#4374,#4416,.T.);
#4418=ORIENTED_EDGE('',*,*,#4417,.F.);
#4419=CARTESIAN_POINT('',(39.76278543,-32.368114681,16.95646571));
#4420=VERTEX_POINT('',#4419);
#4421=CARTESIAN_POINT('',(39.76278543,-31.96954088,16.95646571));
#4422=DIRECTION('',(0.,-1.,0.));
#4423=VECTOR('',#4422,0.398573801);
#4424=LINE('',#4421,#4423);
#4425=EDGE_CURVE('',#4412,#4420,#4424,.T.);
#4426=ORIENTED_EDGE('',*,*,#4425,.T.);
#4427=CARTESIAN_POINT('',(39.76278543,-32.868114681,17.45646571));
#4428=VERTEX_POINT('',#4427);
#4429=CARTESIAN_POINT('',(39.76278543,-32.368114681,16.95646571));
#4430=DIRECTION('',(-0.,-0.707106781,0.707106781));
#4431=VECTOR('',#4430,0.707106781);
#4432=LINE('',#4429,#4431);
#4433=EDGE_CURVE('',#4420,#4428,#4432,.T.);
#4434=ORIENTED_EDGE('',*,*,#4433,.T.);
#4435=CARTESIAN_POINT('',(39.76278543,-32.868114681,18.457589132));
#4436=DIRECTION('',(0.,-0.,-1.));
#4437=VECTOR('',#4436,1.001123422);
#4438=LINE('',#4435,#4437);
#4439=EDGE_CURVE('',#4111,#4428,#4438,.T.);
#4440=ORIENTED_EDGE('',*,*,#4439,.F.);
#4441=ORIENTED_EDGE('',*,*,#4116,.F.);
#4442=EDGE_LOOP('',(#4402,#4409,#4410,#4418,#4426,#4434,#4440,#4441));
#4443=FACE_BOUND('',#4442,.T.);
#4444=ADVANCED_FACE('',(#4443),#4401,.T.);
#4445=CARTESIAN_POINT('',(42.16278543,-26.868114681,17.65646571));
#4446=DIRECTION('',(-1.,-0.,-0.));
#4447=DIRECTION('',(0.,-1.,0.));
#4448=AXIS2_PLACEMENT_3D('',#4445,#4446,#4447);
#4449=PLANE('',#4448);
#4450=CARTESIAN_POINT('',(42.16278543,-30.868114681,17.55646571));
#4451=VERTEX_POINT('',#4450);
#4452=CARTESIAN_POINT('',(42.16278543,-31.867845965,17.55646571));
#4453=VERTEX_POINT('',#4452);
#4454=CARTESIAN_POINT('',(42.16278543,-30.868114681,17.55646571));
#4455=DIRECTION('',(0.,-1.,0.));
#4456=VECTOR('',#4455,0.999731283);
#4457=LINE('',#4454,#4456);
#4458=EDGE_CURVE('',#4451,#4453,#4457,.T.);
#4459=ORIENTED_EDGE('',*,*,#4458,.F.);
#4460=CARTESIAN_POINT('',(42.16278543,-30.868114681,17.35646571));
#4461=DIRECTION('',(-1.,-0.,-0.));
#4462=DIRECTION('',(-0.,0.,1.));
#4463=AXIS2_PLACEMENT_3D('',#4460,#4461,#4462);
#4464=CIRCLE('',#4463,0.2);
#4465=EDGE_CURVE('',#4451,#1287,#4464,.T.);
#4466=ORIENTED_EDGE('',*,*,#4465,.T.);
#4467=ORIENTED_EDGE('',*,*,#1294,.T.);
#4468=ORIENTED_EDGE('',*,*,#4138,.T.);
#4469=CARTESIAN_POINT('',(42.16278543,-32.868114681,17.95646571));
#4470=VERTEX_POINT('',#4469);
#4471=CARTESIAN_POINT('',(42.16278543,-32.868114681,17.95646571));
#4472=DIRECTION('',(-0.,0.,1.));
#4473=VECTOR('',#4472,0.501123422);
#4474=LINE('',#4471,#4473);
#4475=EDGE_CURVE('',#4470,#4133,#4474,.T.);
#4476=ORIENTED_EDGE('',*,*,#4475,.F.);
#4477=CARTESIAN_POINT('',(42.16278543,-31.800049354,17.95646571));
#4478=VERTEX_POINT('',#4477);
#4479=CARTESIAN_POINT('',(42.16278543,-31.800049354,17.95646571));
#4480=DIRECTION('',(0.,-1.,0.));
#4481=VECTOR('',#4480,1.068065327);
#4482=LINE('',#4479,#4481);
#4483=EDGE_CURVE('',#4478,#4470,#4482,.T.);
#4484=ORIENTED_EDGE('',*,*,#4483,.F.);
#4485=CARTESIAN_POINT('',(42.16278543,-31.867845965,17.55646571));
#4486=DIRECTION('',(-0.,0.16710823,0.985938558));
#4487=VECTOR('',#4486,0.405704795);
#4488=LINE('',#4485,#4487);
#4489=EDGE_CURVE('',#4453,#4478,#4488,.T.);
#4490=ORIENTED_EDGE('',*,*,#4489,.F.);
#4491=EDGE_LOOP('',(#4459,#4466,#4467,#4468,#4476,#4484,#4490));
#4492=FACE_BOUND('',#4491,.T.);
#4493=ADVANCED_FACE('',(#4492),#4449,.F.);
#4494=CARTESIAN_POINT('',(-11.73721457,-24.868114681,17.55646571));
#4495=DIRECTION('',(-0.,0.,1.));
#4496=DIRECTION('',(1.,0.,0.));
#4497=AXIS2_PLACEMENT_3D('',#4494,#4495,#4496);
#4498=PLANE('',#4497);
#4499=CARTESIAN_POINT('',(41.36278543,-30.868114681,17.55646571));
#4500=VERTEX_POINT('',#4499);
#4501=CARTESIAN_POINT('',(41.36278543,-31.867845965,17.55646571));
#4502=VERTEX_POINT('',#4501);
#4503=CARTESIAN_POINT('',(41.36278543,-30.868114681,17.55646571));
#4504=DIRECTION('',(0.,-1.,0.));
#4505=VECTOR('',#4504,0.999731283);
#4506=LINE('',#4503,#4505);
#4507=EDGE_CURVE('',#4500,#4502,#4506,.T.);
#4508=ORIENTED_EDGE('',*,*,#4507,.F.);
#4509=CARTESIAN_POINT('',(41.36278543,-30.868114681,17.55646571));
#4510=DIRECTION('',(1.,0.,0.));
#4511=VECTOR('',#4510,0.8);
#4512=LINE('',#4509,#4511);
#4513=EDGE_CURVE('',#4500,#4451,#4512,.T.);
#4514=ORIENTED_EDGE('',*,*,#4513,.T.);
#4515=ORIENTED_EDGE('',*,*,#4458,.T.);
#4516=CARTESIAN_POINT('',(41.36278543,-31.867845965,17.55646571));
#4517=DIRECTION('',(1.,-0.,0.));
#4518=VECTOR('',#4517,0.8);
#4519=LINE('',#4516,#4518);
#4520=EDGE_CURVE('',#4502,#4453,#4519,.T.);
#4521=ORIENTED_EDGE('',*,*,#4520,.F.);
#4522=EDGE_LOOP('',(#4508,#4514,#4515,#4521));
#4523=FACE_BOUND('',#4522,.T.);
#4524=ADVANCED_FACE('',(#4523),#4498,.F.);
#4525=CARTESIAN_POINT('',(41.36278543,-26.868114681,17.65646571));
#4526=DIRECTION('',(1.,0.,0.));
#4527=DIRECTION('',(-0.,1.,-0.));
#4528=AXIS2_PLACEMENT_3D('',#4525,#4526,#4527);
#4529=PLANE('',#4528);
#4530=ORIENTED_EDGE('',*,*,#4147,.F.);
#4531=ORIENTED_EDGE('',*,*,#1310,.T.);
#4532=CARTESIAN_POINT('',(41.36278543,-30.868114681,17.35646571));
#4533=DIRECTION('',(1.,0.,0.));
#4534=DIRECTION('',(0.,0.,-1.));
#4535=AXIS2_PLACEMENT_3D('',#4532,#4533,#4534);
#4536=CIRCLE('',#4535,0.2);
#4537=EDGE_CURVE('',#1297,#4500,#4536,.T.);
#4538=ORIENTED_EDGE('',*,*,#4537,.T.);
#4539=ORIENTED_EDGE('',*,*,#4507,.T.);
#4540=CARTESIAN_POINT('',(41.36278543,-31.800049354,17.95646571));
#4541=VERTEX_POINT('',#4540);
#4542=CARTESIAN_POINT('',(41.36278543,-31.800049354,17.95646571));
#4543=DIRECTION('',(0.,-0.16710823,-0.985938558));
#4544=VECTOR('',#4543,0.405704795);
#4545=LINE('',#4542,#4544);
#4546=EDGE_CURVE('',#4541,#4502,#4545,.T.);
#4547=ORIENTED_EDGE('',*,*,#4546,.F.);
#4548=CARTESIAN_POINT('',(41.36278543,-32.868114681,17.95646571));
#4549=VERTEX_POINT('',#4548);
#4550=CARTESIAN_POINT('',(41.36278543,-31.800049354,17.95646571));
#4551=DIRECTION('',(0.,-1.,0.));
#4552=VECTOR('',#4551,1.068065327);
#4553=LINE('',#4550,#4552);
#4554=EDGE_CURVE('',#4541,#4549,#4553,.T.);
#4555=ORIENTED_EDGE('',*,*,#4554,.T.);
#4556=CARTESIAN_POINT('',(41.36278543,-32.868114681,17.95646571));
#4557=DIRECTION('',(-0.,0.,1.));
#4558=VECTOR('',#4557,0.501123422);
#4559=LINE('',#4556,#4558);
#4560=EDGE_CURVE('',#4549,#4142,#4559,.T.);
#4561=ORIENTED_EDGE('',*,*,#4560,.T.);
#4562=EDGE_LOOP('',(#4530,#4531,#4538,#4539,#4547,#4555,#4561));
#4563=FACE_BOUND('',#4562,.T.);
#4564=ADVANCED_FACE('',(#4563),#4529,.F.);
#4565=CARTESIAN_POINT('',(0.693617916,-32.868114681,-35.15631972));
#4566=DIRECTION('',(-0.,1.,-0.));
#4567=DIRECTION('',(1.,0.,0.));
#4568=AXIS2_PLACEMENT_3D('',#4565,#4566,#4567);
#4569=PLANE('',#4568);
#4570=ORIENTED_EDGE('',*,*,#4439,.T.);
#4571=CARTESIAN_POINT('',(39.76278543,-32.868114681,17.45646571));
#4572=DIRECTION('',(1.,0.,0.));
#4573=VECTOR('',#4572,4.);
#4574=LINE('',#4571,#4573);
#4575=EDGE_CURVE('',#4428,#4285,#4574,.T.);
#4576=ORIENTED_EDGE('',*,*,#4575,.T.);
#4577=ORIENTED_EDGE('',*,*,#4290,.F.);
#4578=ORIENTED_EDGE('',*,*,#4264,.F.);
#4579=ORIENTED_EDGE('',*,*,#4240,.F.);
#4580=CARTESIAN_POINT('',(42.16278543,-32.868114681,17.95646571));
#4581=DIRECTION('',(1.,0.,0.));
#4582=VECTOR('',#4581,0.8);
#4583=LINE('',#4580,#4582);
#4584=EDGE_CURVE('',#4470,#4229,#4583,.T.);
#4585=ORIENTED_EDGE('',*,*,#4584,.F.);
#4586=ORIENTED_EDGE('',*,*,#4475,.T.);
#4587=ORIENTED_EDGE('',*,*,#4153,.F.);
#4588=ORIENTED_EDGE('',*,*,#4560,.F.);
#4589=CARTESIAN_POINT('',(40.56278543,-32.868114681,17.95646571));
#4590=DIRECTION('',(1.,0.,0.));
#4591=VECTOR('',#4590,0.8);
#4592=LINE('',#4589,#4591);
#4593=EDGE_CURVE('',#4325,#4549,#4592,.T.);
#4594=ORIENTED_EDGE('',*,*,#4593,.F.);
#4595=ORIENTED_EDGE('',*,*,#4330,.T.);
#4596=ORIENTED_EDGE('',*,*,#4122,.F.);
#4597=EDGE_LOOP('',(#4570,#4576,#4577,#4578,#4579,#4585,#4586,#4587,#4588,#4594,#4595,#4596));
#4598=FACE_BOUND('',#4597,.T.);
#4599=ADVANCED_FACE('',(#4598),#4569,.F.);
#4600=CARTESIAN_POINT('',(49.331952943,-41.254670068,-37.825796498));
#4601=DIRECTION('',(-0.,-0.985938558,0.16710823));
#4602=DIRECTION('',(0.,-0.16710823,-0.985938558));
#4603=AXIS2_PLACEMENT_3D('',#4600,#4601,#4602);
#4604=PLANE('',#4603);
#4605=ORIENTED_EDGE('',*,*,#4346,.F.);
#4606=CARTESIAN_POINT('',(40.56278543,-31.800049354,17.95646571));
#4607=DIRECTION('',(1.,-0.,0.));
#4608=VECTOR('',#4607,0.8);
#4609=LINE('',#4606,#4608);
#4610=EDGE_CURVE('',#4333,#4541,#4609,.T.);
#4611=ORIENTED_EDGE('',*,*,#4610,.T.);
#4612=ORIENTED_EDGE('',*,*,#4546,.T.);
#4613=ORIENTED_EDGE('',*,*,#4520,.T.);
#4614=ORIENTED_EDGE('',*,*,#4489,.T.);
#4615=CARTESIAN_POINT('',(42.16278543,-31.800049354,17.95646571));
#4616=DIRECTION('',(1.,-0.,0.));
#4617=VECTOR('',#4616,0.8);
#4618=LINE('',#4615,#4617);
#4619=EDGE_CURVE('',#4478,#4221,#4618,.T.);
#4620=ORIENTED_EDGE('',*,*,#4619,.T.);
#4621=ORIENTED_EDGE('',*,*,#4226,.T.);
#4622=ORIENTED_EDGE('',*,*,#4193,.T.);
#4623=ORIENTED_EDGE('',*,*,#4312,.T.);
#4624=CARTESIAN_POINT('',(43.76278543,-31.96954088,16.95646571));
#4625=DIRECTION('',(-1.,0.,-0.));
#4626=VECTOR('',#4625,4.);
#4627=LINE('',#4624,#4626);
#4628=EDGE_CURVE('',#4301,#4412,#4627,.T.);
#4629=ORIENTED_EDGE('',*,*,#4628,.T.);
#4630=ORIENTED_EDGE('',*,*,#4417,.T.);
#4631=ORIENTED_EDGE('',*,*,#4392,.F.);
#4632=EDGE_LOOP('',(#4605,#4611,#4612,#4613,#4614,#4620,#4621,#4622,#4623,#4629,#4630,#4631));
#4633=FACE_BOUND('',#4632,.T.);
#4634=ADVANCED_FACE('',(#4633),#4604,.F.);
#4635=CARTESIAN_POINT('',(41.76278543,-31.868114681,16.95646571));
#4636=DIRECTION('',(-0.,0.,1.));
#4637=DIRECTION('',(0.,-1.,0.));
#4638=AXIS2_PLACEMENT_3D('',#4635,#4636,#4637);
#4639=PLANE('',#4638);
#4640=ORIENTED_EDGE('',*,*,#4306,.T.);
#4641=CARTESIAN_POINT('',(43.76278543,-32.368114681,16.95646571));
#4642=DIRECTION('',(-1.,-0.,-0.));
#4643=VECTOR('',#4642,4.);
#4644=LINE('',#4641,#4643);
#4645=EDGE_CURVE('',#4293,#4420,#4644,.T.);
#4646=ORIENTED_EDGE('',*,*,#4645,.T.);
#4647=ORIENTED_EDGE('',*,*,#4425,.F.);
#4648=ORIENTED_EDGE('',*,*,#4628,.F.);
#4649=EDGE_LOOP('',(#4640,#4646,#4647,#4648));
#4650=FACE_BOUND('',#4649,.T.);
#4651=ADVANCED_FACE('',(#4650),#4639,.F.);
#4652=CARTESIAN_POINT('',(0.693617916,-55.824583058,17.95646571));
#4653=DIRECTION('',(-0.,0.,1.));
#4654=DIRECTION('',(1.,0.,0.));
#4655=AXIS2_PLACEMENT_3D('',#4652,#4653,#4654);
#4656=PLANE('',#4655);
#4657=ORIENTED_EDGE('',*,*,#4619,.F.);
#4658=ORIENTED_EDGE('',*,*,#4483,.T.);
#4659=ORIENTED_EDGE('',*,*,#4584,.T.);
#4660=ORIENTED_EDGE('',*,*,#4234,.F.);
#4661=EDGE_LOOP('',(#4657,#4658,#4659,#4660));
#4662=FACE_BOUND('',#4661,.T.);
#4663=ADVANCED_FACE('',(#4662),#4656,.T.);
#4664=CARTESIAN_POINT('',(0.693617916,-55.824583058,17.95646571));
#4665=DIRECTION('',(-0.,0.,1.));
#4666=DIRECTION('',(1.,0.,0.));
#4667=AXIS2_PLACEMENT_3D('',#4664,#4665,#4666);
#4668=PLANE('',#4667);
#4669=ORIENTED_EDGE('',*,*,#4610,.F.);
#4670=ORIENTED_EDGE('',*,*,#4338,.T.);
#4671=ORIENTED_EDGE('',*,*,#4593,.T.);
#4672=ORIENTED_EDGE('',*,*,#4554,.F.);
#4673=EDGE_LOOP('',(#4669,#4670,#4671,#4672));
#4674=FACE_BOUND('',#4673,.T.);
#4675=ADVANCED_FACE('',(#4674),#4668,.T.);
#4676=CARTESIAN_POINT('',(41.76278543,-32.368114681,16.95646571));
#4677=DIRECTION('',(-0.,0.707106781,0.707106781));
#4678=DIRECTION('',(-1.,-0.,-0.));
#4679=AXIS2_PLACEMENT_3D('',#4676,#4677,#4678);
#4680=PLANE('',#4679);
#4681=ORIENTED_EDGE('',*,*,#4298,.F.);
#4682=ORIENTED_EDGE('',*,*,#4575,.F.);
#4683=ORIENTED_EDGE('',*,*,#4433,.F.);
#4684=ORIENTED_EDGE('',*,*,#4645,.F.);
#4685=EDGE_LOOP('',(#4681,#4682,#4683,#4684));
#4686=FACE_BOUND('',#4685,.T.);
#4687=ADVANCED_FACE('',(#4686),#4680,.F.);
#4688=CARTESIAN_POINT('',(-13.443682947,-42.660958418,42.189809124));
#4689=DIRECTION('',(0.,-0.074789948,-0.99719931));
#4690=DIRECTION('',(0.,0.99719931,-0.074789948));
#4691=AXIS2_PLACEMENT_3D('',#4688,#4689,#4690);
#4692=PLANE('',#4691);
#4693=CARTESIAN_POINT('',(9.46278543,-32.868114681,41.455345844));
#4694=VERTEX_POINT('',#4693);
#4695=CARTESIAN_POINT('',(9.46278543,-30.668114681,41.290345844));
#4696=DIRECTION('',(-0.,-0.99719931,0.074789948));
#4697=VECTOR('',#4696,2.206178823);
#4698=LINE('',#4695,#4697);
#4699=EDGE_CURVE('',#1543,#4694,#4698,.T.);
#4700=ORIENTED_EDGE('',*,*,#4699,.F.);
#4701=ORIENTED_EDGE('',*,*,#1548,.T.);
#4702=CARTESIAN_POINT('',(10.26278543,-32.868114681,41.455345844));
#4703=VERTEX_POINT('',#4702);
#4704=CARTESIAN_POINT('',(10.26278543,-30.668114681,41.290345844));
#4705=DIRECTION('',(-0.,-0.99719931,0.074789948));
#4706=VECTOR('',#4705,2.206178823);
#4707=LINE('',#4704,#4706);
#4708=EDGE_CURVE('',#1535,#4703,#4707,.T.);
#4709=ORIENTED_EDGE('',*,*,#4708,.T.);
#4710=CARTESIAN_POINT('',(10.26278543,-32.868114681,41.455345844));
#4711=DIRECTION('',(-1.,0.,-0.));
#4712=VECTOR('',#4711,0.8);
#4713=LINE('',#4710,#4712);
#4714=EDGE_CURVE('',#4703,#4694,#4713,.T.);
#4715=ORIENTED_EDGE('',*,*,#4714,.T.);
#4716=EDGE_LOOP('',(#4700,#4701,#4709,#4715));
#4717=FACE_BOUND('',#4716,.T.);
#4718=ADVANCED_FACE('',(#4717),#4692,.T.);
#4719=CARTESIAN_POINT('',(-13.443682947,-42.660958418,42.189809124));
#4720=DIRECTION('',(0.,-0.074789948,-0.99719931));
#4721=DIRECTION('',(0.,0.99719931,-0.074789948));
#4722=AXIS2_PLACEMENT_3D('',#4719,#4720,#4721);
#4723=PLANE('',#4722);
#4724=CARTESIAN_POINT('',(7.86278543,-32.868114681,41.455345844));
#4725=VERTEX_POINT('',#4724);
#4726=CARTESIAN_POINT('',(7.86278543,-30.668114681,41.290345844));
#4727=DIRECTION('',(-0.,-0.99719931,0.074789948));
#4728=VECTOR('',#4727,2.206178823);
#4729=LINE('',#4726,#4728);
#4730=EDGE_CURVE('',#1561,#4725,#4729,.T.);
#4731=ORIENTED_EDGE('',*,*,#4730,.F.);
#4732=ORIENTED_EDGE('',*,*,#1588,.T.);
#4733=CARTESIAN_POINT('',(8.66278543,-32.868114681,41.455345844));
#4734=VERTEX_POINT('',#4733);
#4735=CARTESIAN_POINT('',(8.66278543,-30.668114681,41.290345844));
#4736=DIRECTION('',(-0.,-0.99719931,0.074789948));
#4737=VECTOR('',#4736,2.206178823);
#4738=LINE('',#4735,#4737);
#4739=EDGE_CURVE('',#1577,#4734,#4738,.T.);
#4740=ORIENTED_EDGE('',*,*,#4739,.T.);
#4741=CARTESIAN_POINT('',(8.66278543,-32.868114681,41.455345844));
#4742=DIRECTION('',(-1.,0.,-0.));
#4743=VECTOR('',#4742,0.8);
#4744=LINE('',#4741,#4743);
#4745=EDGE_CURVE('',#4734,#4725,#4744,.T.);
#4746=ORIENTED_EDGE('',*,*,#4745,.T.);
#4747=EDGE_LOOP('',(#4731,#4732,#4740,#4746));
#4748=FACE_BOUND('',#4747,.T.);
#4749=ADVANCED_FACE('',(#4748),#4723,.T.);
#4750=CARTESIAN_POINT('',(5.66278543,-26.868114681,42.456469266));
#4751=DIRECTION('',(0.,0.,-1.));
#4752=DIRECTION('',(-0.,-1.,-0.));
#4753=AXIS2_PLACEMENT_3D('',#4750,#4751,#4752);
#4754=PLANE('',#4753);
#4755=CARTESIAN_POINT('',(7.06278543,-30.868114681,42.456469266));
#4756=VERTEX_POINT('',#4755);
#4757=CARTESIAN_POINT('',(7.06278543,-31.884795117,42.456469266));
#4758=VERTEX_POINT('',#4757);
#4759=CARTESIAN_POINT('',(7.06278543,-30.868114681,42.456469266));
#4760=DIRECTION('',(-0.,-1.,-0.));
#4761=VECTOR('',#4760,1.016680436);
#4762=LINE('',#4759,#4761);
#4763=EDGE_CURVE('',#4756,#4758,#4762,.T.);
#4764=ORIENTED_EDGE('',*,*,#4763,.F.);
#4765=CARTESIAN_POINT('',(6.26278543,-30.868114681,42.456469266));
#4766=VERTEX_POINT('',#4765);
#4767=CARTESIAN_POINT('',(7.06278543,-30.868114681,42.456469266));
#4768=DIRECTION('',(-1.,-0.,-0.));
#4769=VECTOR('',#4768,0.8);
#4770=LINE('',#4767,#4769);
#4771=EDGE_CURVE('',#4756,#4766,#4770,.T.);
#4772=ORIENTED_EDGE('',*,*,#4771,.T.);
#4773=CARTESIAN_POINT('',(6.26278543,-31.884795117,42.456469266));
#4774=VERTEX_POINT('',#4773);
#4775=CARTESIAN_POINT('',(6.26278543,-30.868114681,42.456469266));
#4776=DIRECTION('',(-0.,-1.,-0.));
#4777=VECTOR('',#4776,1.016680436);
#4778=LINE('',#4775,#4777);
#4779=EDGE_CURVE('',#4766,#4774,#4778,.T.);
#4780=ORIENTED_EDGE('',*,*,#4779,.T.);
#4781=CARTESIAN_POINT('',(7.06278543,-31.884795117,42.456469266));
#4782=DIRECTION('',(-1.,-0.,-0.));
#4783=VECTOR('',#4782,0.8);
#4784=LINE('',#4781,#4783);
#4785=EDGE_CURVE('',#4758,#4774,#4784,.T.);
#4786=ORIENTED_EDGE('',*,*,#4785,.F.);
#4787=EDGE_LOOP('',(#4764,#4772,#4780,#4786));
#4788=FACE_BOUND('',#4787,.T.);
#4789=ADVANCED_FACE('',(#4788),#4754,.F.);
#4790=CARTESIAN_POINT('',(7.06278543,-30.768114681,42.666469266));
#4791=DIRECTION('',(1.,-0.,0.));
#4792=DIRECTION('',(0.,0.,-1.));
#4793=AXIS2_PLACEMENT_3D('',#4790,#4791,#4792);
#4794=PLANE('',#4793);
#4795=CARTESIAN_POINT('',(7.06278543,-32.868114681,41.455345844));
#4796=VERTEX_POINT('',#4795);
#4797=CARTESIAN_POINT('',(7.06278543,-30.668114681,41.290345844));
#4798=DIRECTION('',(-0.,-0.99719931,0.074789948));
#4799=VECTOR('',#4798,2.206178823);
#4800=LINE('',#4797,#4799);
#4801=EDGE_CURVE('',#1611,#4796,#4800,.T.);
#4802=ORIENTED_EDGE('',*,*,#4801,.F.);
#4803=ORIENTED_EDGE('',*,*,#1616,.T.);
#4804=CARTESIAN_POINT('',(7.06278543,-30.868114681,42.656469266));
#4805=DIRECTION('',(-1.,0.,-0.));
#4806=DIRECTION('',(0.,1.,0.));
#4807=AXIS2_PLACEMENT_3D('',#4804,#4805,#4806);
#4808=CIRCLE('',#4807,0.2);
#4809=EDGE_CURVE('',#1603,#4756,#4808,.T.);
#4810=ORIENTED_EDGE('',*,*,#4809,.T.);
#4811=ORIENTED_EDGE('',*,*,#4763,.T.);
#4812=CARTESIAN_POINT('',(7.06278543,-31.800049354,41.956469266));
#4813=VERTEX_POINT('',#4812);
#4814=CARTESIAN_POINT('',(7.06278543,-31.800049354,41.956469266));
#4815=DIRECTION('',(-0.,-0.16710823,0.985938558));
#4816=VECTOR('',#4815,0.507130993);
#4817=LINE('',#4814,#4816);
#4818=EDGE_CURVE('',#4813,#4758,#4817,.T.);
#4819=ORIENTED_EDGE('',*,*,#4818,.F.);
#4820=CARTESIAN_POINT('',(7.06278543,-32.868114681,41.956469266));
#4821=VERTEX_POINT('',#4820);
#4822=CARTESIAN_POINT('',(7.06278543,-31.800049354,41.956469266));
#4823=DIRECTION('',(-0.,-1.,-0.));
#4824=VECTOR('',#4823,1.068065327);
#4825=LINE('',#4822,#4824);
#4826=EDGE_CURVE('',#4813,#4821,#4825,.T.);
#4827=ORIENTED_EDGE('',*,*,#4826,.T.);
#4828=CARTESIAN_POINT('',(7.06278543,-32.868114681,41.956469266));
#4829=DIRECTION('',(0.,0.,-1.));
#4830=VECTOR('',#4829,0.501123422);
#4831=LINE('',#4828,#4830);
#4832=EDGE_CURVE('',#4821,#4796,#4831,.T.);
#4833=ORIENTED_EDGE('',*,*,#4832,.T.);
#4834=EDGE_LOOP('',(#4802,#4803,#4810,#4811,#4819,#4827,#4833));
#4835=FACE_BOUND('',#4834,.T.);
#4836=ADVANCED_FACE('',(#4835),#4794,.T.);
#4837=CARTESIAN_POINT('',(-13.443682947,-42.660958418,42.189809124));
#4838=DIRECTION('',(0.,-0.074789948,-0.99719931));
#4839=DIRECTION('',(0.,0.99719931,-0.074789948));
#4840=AXIS2_PLACEMENT_3D('',#4837,#4838,#4839);
#4841=PLANE('',#4840);
#4842=CARTESIAN_POINT('',(6.26278543,-32.868114681,41.455345844));
#4843=VERTEX_POINT('',#4842);
#4844=CARTESIAN_POINT('',(6.26278543,-30.668114681,41.290345844));
#4845=DIRECTION('',(-0.,-0.99719931,0.074789948));
#4846=VECTOR('',#4845,2.206178823);
#4847=LINE('',#4844,#4846);
#4848=EDGE_CURVE('',#1595,#4843,#4847,.T.);
#4849=ORIENTED_EDGE('',*,*,#4848,.F.);
#4850=ORIENTED_EDGE('',*,*,#1622,.T.);
#4851=ORIENTED_EDGE('',*,*,#4801,.T.);
#4852=CARTESIAN_POINT('',(7.06278543,-32.868114681,41.455345844));
#4853=DIRECTION('',(-1.,0.,-0.));
#4854=VECTOR('',#4853,0.8);
#4855=LINE('',#4852,#4854);
#4856=EDGE_CURVE('',#4796,#4843,#4855,.T.);
#4857=ORIENTED_EDGE('',*,*,#4856,.T.);
#4858=EDGE_LOOP('',(#4849,#4850,#4851,#4857));
#4859=FACE_BOUND('',#4858,.T.);
#4860=ADVANCED_FACE('',(#4859),#4841,.T.);
#4861=CARTESIAN_POINT('',(6.26278543,-26.868114681,42.256469266));
#4862=DIRECTION('',(1.,-0.,0.));
#4863=DIRECTION('',(-0.,-1.,-0.));
#4864=AXIS2_PLACEMENT_3D('',#4861,#4862,#4863);
#4865=PLANE('',#4864);
#4866=ORIENTED_EDGE('',*,*,#4779,.F.);
#4867=CARTESIAN_POINT('',(6.26278543,-30.868114681,42.656469266));
#4868=DIRECTION('',(1.,-0.,0.));
#4869=DIRECTION('',(0.,1.,0.));
#4870=AXIS2_PLACEMENT_3D('',#4867,#4868,#4869);
#4871=CIRCLE('',#4870,0.2);
#4872=EDGE_CURVE('',#4766,#1593,#4871,.T.);
#4873=ORIENTED_EDGE('',*,*,#4872,.T.);
#4874=ORIENTED_EDGE('',*,*,#1600,.T.);
#4875=ORIENTED_EDGE('',*,*,#4848,.T.);
#4876=CARTESIAN_POINT('',(6.26278543,-32.868114681,42.456469266));
#4877=VERTEX_POINT('',#4876);
#4878=CARTESIAN_POINT('',(6.26278543,-32.868114681,41.455345844));
#4879=DIRECTION('',(-0.,-0.,1.));
#4880=VECTOR('',#4879,1.001123422);
#4881=LINE('',#4878,#4880);
#4882=EDGE_CURVE('',#4843,#4877,#4881,.T.);
#4883=ORIENTED_EDGE('',*,*,#4882,.T.);
#4884=CARTESIAN_POINT('',(6.26278543,-32.368114681,42.956469266));
#4885=VERTEX_POINT('',#4884);
#4886=CARTESIAN_POINT('',(6.26278543,-32.868114681,42.456469266));
#4887=DIRECTION('',(0.,0.707106781,0.707106781));
#4888=VECTOR('',#4887,0.707106781);
#4889=LINE('',#4886,#4888);
#4890=EDGE_CURVE('',#4877,#4885,#4889,.T.);
#4891=ORIENTED_EDGE('',*,*,#4890,.T.);
#4892=CARTESIAN_POINT('',(6.26278543,-31.96954088,42.956469266));
#4893=VERTEX_POINT('',#4892);
#4894=CARTESIAN_POINT('',(6.26278543,-31.96954088,42.956469266));
#4895=DIRECTION('',(-0.,-1.,-0.));
#4896=VECTOR('',#4895,0.398573801);
#4897=LINE('',#4894,#4896);
#4898=EDGE_CURVE('',#4893,#4885,#4897,.T.);
#4899=ORIENTED_EDGE('',*,*,#4898,.F.);
#4900=CARTESIAN_POINT('',(6.26278543,-31.884795117,42.456469266));
#4901=DIRECTION('',(-0.,-0.16710823,0.985938558));
#4902=VECTOR('',#4901,0.507130993);
#4903=LINE('',#4900,#4902);
#4904=EDGE_CURVE('',#4774,#4893,#4903,.T.);
#4905=ORIENTED_EDGE('',*,*,#4904,.F.);
#4906=EDGE_LOOP('',(#4866,#4873,#4874,#4875,#4883,#4891,#4899,#4905));
#4907=FACE_BOUND('',#4906,.T.);
#4908=ADVANCED_FACE('',(#4907),#4865,.F.);
#4909=CARTESIAN_POINT('',(9.46278543,-30.768114681,42.666469266));
#4910=DIRECTION('',(-1.,0.,-0.));
#4911=DIRECTION('',(-0.,-0.,1.));
#4912=AXIS2_PLACEMENT_3D('',#4909,#4910,#4911);
#4913=PLANE('',#4912);
#4914=ORIENTED_EDGE('',*,*,#1554,.F.);
#4915=ORIENTED_EDGE('',*,*,#4699,.T.);
#4916=CARTESIAN_POINT('',(9.46278543,-32.868114681,41.956469266));
#4917=VERTEX_POINT('',#4916);
#4918=CARTESIAN_POINT('',(9.46278543,-32.868114681,41.956469266));
#4919=DIRECTION('',(0.,0.,-1.));
#4920=VECTOR('',#4919,0.501123422);
#4921=LINE('',#4918,#4920);
#4922=EDGE_CURVE('',#4917,#4694,#4921,.T.);
#4923=ORIENTED_EDGE('',*,*,#4922,.F.);
#4924=CARTESIAN_POINT('',(9.46278543,-31.800049354,41.956469266));
#4925=VERTEX_POINT('',#4924);
#4926=CARTESIAN_POINT('',(9.46278543,-31.800049354,41.956469266));
#4927=DIRECTION('',(-0.,-1.,-0.));
#4928=VECTOR('',#4927,1.068065327);
#4929=LINE('',#4926,#4928);
#4930=EDGE_CURVE('',#4925,#4917,#4929,.T.);
#4931=ORIENTED_EDGE('',*,*,#4930,.F.);
#4932=CARTESIAN_POINT('',(9.46278543,-31.884795117,42.456469266));
#4933=VERTEX_POINT('',#4932);
#4934=CARTESIAN_POINT('',(9.46278543,-31.800049354,41.956469266));
#4935=DIRECTION('',(-0.,-0.16710823,0.985938558));
#4936=VECTOR('',#4935,0.507130993);
#4937=LINE('',#4934,#4936);
#4938=EDGE_CURVE('',#4925,#4933,#4937,.T.);
#4939=ORIENTED_EDGE('',*,*,#4938,.T.);
#4940=CARTESIAN_POINT('',(9.46278543,-30.868114681,42.456469266));
#4941=VERTEX_POINT('',#4940);
#4942=CARTESIAN_POINT('',(9.46278543,-30.868114681,42.456469266));
#4943=DIRECTION('',(-0.,-1.,-0.));
#4944=VECTOR('',#4943,1.016680436);
#4945=LINE('',#4942,#4944);
#4946=EDGE_CURVE('',#4941,#4933,#4945,.T.);
#4947=ORIENTED_EDGE('',*,*,#4946,.F.);
#4948=CARTESIAN_POINT('',(9.46278543,-30.868114681,42.656469266));
#4949=DIRECTION('',(1.,-0.,0.));
#4950=DIRECTION('',(-0.,-1.,0.));
#4951=AXIS2_PLACEMENT_3D('',#4948,#4949,#4950);
#4952=CIRCLE('',#4951,0.2);
#4953=EDGE_CURVE('',#4941,#1525,#4952,.T.);
#4954=ORIENTED_EDGE('',*,*,#4953,.T.);
#4955=EDGE_LOOP('',(#4914,#4915,#4923,#4931,#4939,#4947,#4954));
#4956=FACE_BOUND('',#4955,.T.);
#4957=ADVANCED_FACE('',(#4956),#4913,.T.);
#4958=CARTESIAN_POINT('',(10.86278543,-26.868114681,42.456469266));
#4959=DIRECTION('',(-0.,-0.,1.));
#4960=DIRECTION('',(0.,1.,0.));
#4961=AXIS2_PLACEMENT_3D('',#4958,#4959,#4960);
#4962=PLANE('',#4961);
#4963=CARTESIAN_POINT('',(10.26278543,-30.868114681,42.456469266));
#4964=VERTEX_POINT('',#4963);
#4965=CARTESIAN_POINT('',(10.26278543,-31.884795117,42.456469266));
#4966=VERTEX_POINT('',#4965);
#4967=CARTESIAN_POINT('',(10.26278543,-30.868114681,42.456469266));
#4968=DIRECTION('',(-0.,-1.,-0.));
#4969=VECTOR('',#4968,1.016680436);
#4970=LINE('',#4967,#4969);
#4971=EDGE_CURVE('',#4964,#4966,#4970,.T.);
#4972=ORIENTED_EDGE('',*,*,#4971,.F.);
#4973=CARTESIAN_POINT('',(10.26278543,-30.868114681,42.456469266));
#4974=DIRECTION('',(-1.,-0.,-0.));
#4975=VECTOR('',#4974,0.8);
#4976=LINE('',#4973,#4975);
#4977=EDGE_CURVE('',#4964,#4941,#4976,.T.);
#4978=ORIENTED_EDGE('',*,*,#4977,.T.);
#4979=ORIENTED_EDGE('',*,*,#4946,.T.);
#4980=CARTESIAN_POINT('',(9.46278543,-31.884795117,42.456469266));
#4981=DIRECTION('',(1.,0.,0.));
#4982=VECTOR('',#4981,0.8);
#4983=LINE('',#4980,#4982);
#4984=EDGE_CURVE('',#4933,#4966,#4983,.T.);
#4985=ORIENTED_EDGE('',*,*,#4984,.T.);
#4986=EDGE_LOOP('',(#4972,#4978,#4979,#4985));
#4987=FACE_BOUND('',#4986,.T.);
#4988=ADVANCED_FACE('',(#4987),#4962,.T.);
#4989=CARTESIAN_POINT('',(10.26278543,-26.868114681,42.256469266));
#4990=DIRECTION('',(1.,-0.,0.));
#4991=DIRECTION('',(-0.,-1.,-0.));
#4992=AXIS2_PLACEMENT_3D('',#4989,#4990,#4991);
#4993=PLANE('',#4992);
#4994=ORIENTED_EDGE('',*,*,#1540,.F.);
#4995=CARTESIAN_POINT('',(10.26278543,-30.868114681,42.656469266));
#4996=DIRECTION('',(-1.,0.,-0.));
#4997=DIRECTION('',(0.,1.,0.));
#4998=AXIS2_PLACEMENT_3D('',#4995,#4996,#4997);
#4999=CIRCLE('',#4998,0.2);
#5000=EDGE_CURVE('',#1527,#4964,#4999,.T.);
#5001=ORIENTED_EDGE('',*,*,#5000,.T.);
#5002=ORIENTED_EDGE('',*,*,#4971,.T.);
#5003=CARTESIAN_POINT('',(10.26278543,-31.96954088,42.956469266));
#5004=VERTEX_POINT('',#5003);
#5005=CARTESIAN_POINT('',(10.26278543,-31.96954088,42.956469266));
#5006=DIRECTION('',(0.,0.16710823,-0.985938558));
#5007=VECTOR('',#5006,0.507130993);
#5008=LINE('',#5005,#5007);
#5009=EDGE_CURVE('',#5004,#4966,#5008,.T.);
#5010=ORIENTED_EDGE('',*,*,#5009,.F.);
#5011=CARTESIAN_POINT('',(10.26278543,-32.368114681,42.956469266));
#5012=VERTEX_POINT('',#5011);
#5013=CARTESIAN_POINT('',(10.26278543,-31.96954088,42.956469266));
#5014=DIRECTION('',(-0.,-1.,-0.));
#5015=VECTOR('',#5014,0.398573801);
#5016=LINE('',#5013,#5015);
#5017=EDGE_CURVE('',#5004,#5012,#5016,.T.);
#5018=ORIENTED_EDGE('',*,*,#5017,.T.);
#5019=CARTESIAN_POINT('',(10.26278543,-32.868114681,42.456469266));
#5020=VERTEX_POINT('',#5019);
#5021=CARTESIAN_POINT('',(10.26278543,-32.368114681,42.956469266));
#5022=DIRECTION('',(-0.,-0.707106781,-0.707106781));
#5023=VECTOR('',#5022,0.707106781);
#5024=LINE('',#5021,#5023);
#5025=EDGE_CURVE('',#5012,#5020,#5024,.T.);
#5026=ORIENTED_EDGE('',*,*,#5025,.T.);
#5027=CARTESIAN_POINT('',(10.26278543,-32.868114681,41.455345844));
#5028=DIRECTION('',(-0.,-0.,1.));
#5029=VECTOR('',#5028,1.001123422);
#5030=LINE('',#5027,#5029);
#5031=EDGE_CURVE('',#4703,#5020,#5030,.T.);
#5032=ORIENTED_EDGE('',*,*,#5031,.F.);
#5033=ORIENTED_EDGE('',*,*,#4708,.F.);
#5034=EDGE_LOOP('',(#4994,#5001,#5002,#5010,#5018,#5026,#5032,#5033));
#5035=FACE_BOUND('',#5034,.T.);
#5036=ADVANCED_FACE('',(#5035),#4993,.T.);
#5037=CARTESIAN_POINT('',(7.86278543,-26.868114681,42.256469266));
#5038=DIRECTION('',(1.,-0.,0.));
#5039=DIRECTION('',(-0.,-1.,-0.));
#5040=AXIS2_PLACEMENT_3D('',#5037,#5038,#5039);
#5041=PLANE('',#5040);
#5042=CARTESIAN_POINT('',(7.86278543,-30.868114681,42.356469266));
#5043=VERTEX_POINT('',#5042);
#5044=CARTESIAN_POINT('',(7.86278543,-31.867845965,42.356469266));
#5045=VERTEX_POINT('',#5044);
#5046=CARTESIAN_POINT('',(7.86278543,-30.868114681,42.356469266));
#5047=DIRECTION('',(-0.,-1.,-0.));
#5048=VECTOR('',#5047,0.999731283);
#5049=LINE('',#5046,#5048);
#5050=EDGE_CURVE('',#5043,#5045,#5049,.T.);
#5051=ORIENTED_EDGE('',*,*,#5050,.F.);
#5052=CARTESIAN_POINT('',(7.86278543,-30.868114681,42.556469266));
#5053=DIRECTION('',(1.,-0.,0.));
#5054=DIRECTION('',(0.,1.,0.));
#5055=AXIS2_PLACEMENT_3D('',#5052,#5053,#5054);
#5056=CIRCLE('',#5055,0.2);
#5057=EDGE_CURVE('',#5043,#1559,#5056,.T.);
#5058=ORIENTED_EDGE('',*,*,#5057,.T.);
#5059=ORIENTED_EDGE('',*,*,#1566,.T.);
#5060=ORIENTED_EDGE('',*,*,#4730,.T.);
#5061=CARTESIAN_POINT('',(7.86278543,-32.868114681,41.956469266));
#5062=VERTEX_POINT('',#5061);
#5063=CARTESIAN_POINT('',(7.86278543,-32.868114681,41.956469266));
#5064=DIRECTION('',(0.,0.,-1.));
#5065=VECTOR('',#5064,0.501123422);
#5066=LINE('',#5063,#5065);
#5067=EDGE_CURVE('',#5062,#4725,#5066,.T.);
#5068=ORIENTED_EDGE('',*,*,#5067,.F.);
#5069=CARTESIAN_POINT('',(7.86278543,-31.800049354,41.956469266));
#5070=VERTEX_POINT('',#5069);
#5071=CARTESIAN_POINT('',(7.86278543,-31.800049354,41.956469266));
#5072=DIRECTION('',(-0.,-1.,-0.));
#5073=VECTOR('',#5072,1.068065327);
#5074=LINE('',#5071,#5073);
#5075=EDGE_CURVE('',#5070,#5062,#5074,.T.);
#5076=ORIENTED_EDGE('',*,*,#5075,.F.);
#5077=CARTESIAN_POINT('',(7.86278543,-31.867845965,42.356469266));
#5078=DIRECTION('',(0.,0.16710823,-0.985938558));
#5079=VECTOR('',#5078,0.405704795);
#5080=LINE('',#5077,#5079);
#5081=EDGE_CURVE('',#5045,#5070,#5080,.T.);
#5082=ORIENTED_EDGE('',*,*,#5081,.F.);
#5083=EDGE_LOOP('',(#5051,#5058,#5059,#5060,#5068,#5076,#5082));
#5084=FACE_BOUND('',#5083,.T.);
#5085=ADVANCED_FACE('',(#5084),#5041,.F.);
#5086=CARTESIAN_POINT('',(61.76278543,-24.868114681,42.356469266));
#5087=DIRECTION('',(0.,0.,-1.));
#5088=DIRECTION('',(-1.,0.,-0.));
#5089=AXIS2_PLACEMENT_3D('',#5086,#5087,#5088);
#5090=PLANE('',#5089);
#5091=CARTESIAN_POINT('',(8.66278543,-30.868114681,42.356469266));
#5092=VERTEX_POINT('',#5091);
#5093=CARTESIAN_POINT('',(8.66278543,-31.867845965,42.356469266));
#5094=VERTEX_POINT('',#5093);
#5095=CARTESIAN_POINT('',(8.66278543,-30.868114681,42.356469266));
#5096=DIRECTION('',(-0.,-1.,-0.));
#5097=VECTOR('',#5096,0.999731283);
#5098=LINE('',#5095,#5097);
#5099=EDGE_CURVE('',#5092,#5094,#5098,.T.);
#5100=ORIENTED_EDGE('',*,*,#5099,.F.);
#5101=CARTESIAN_POINT('',(8.66278543,-30.868114681,42.356469266));
#5102=DIRECTION('',(-1.,-0.,-0.));
#5103=VECTOR('',#5102,0.8);
#5104=LINE('',#5101,#5103);
#5105=EDGE_CURVE('',#5092,#5043,#5104,.T.);
#5106=ORIENTED_EDGE('',*,*,#5105,.T.);
#5107=ORIENTED_EDGE('',*,*,#5050,.T.);
#5108=CARTESIAN_POINT('',(8.66278543,-31.867845965,42.356469266));
#5109=DIRECTION('',(-1.,-0.,-0.));
#5110=VECTOR('',#5109,0.8);
#5111=LINE('',#5108,#5110);
#5112=EDGE_CURVE('',#5094,#5045,#5111,.T.);
#5113=ORIENTED_EDGE('',*,*,#5112,.F.);
#5114=EDGE_LOOP('',(#5100,#5106,#5107,#5113));
#5115=FACE_BOUND('',#5114,.T.);
#5116=ADVANCED_FACE('',(#5115),#5090,.F.);
#5117=CARTESIAN_POINT('',(8.66278543,-26.868114681,42.256469266));
#5118=DIRECTION('',(-1.,0.,-0.));
#5119=DIRECTION('',(0.,1.,0.));
#5120=AXIS2_PLACEMENT_3D('',#5117,#5118,#5119);
#5121=PLANE('',#5120);
#5122=ORIENTED_EDGE('',*,*,#4739,.F.);
#5123=ORIENTED_EDGE('',*,*,#1582,.T.);
#5124=CARTESIAN_POINT('',(8.66278543,-30.868114681,42.556469266));
#5125=DIRECTION('',(-1.,0.,-0.));
#5126=DIRECTION('',(-0.,-1.,0.));
#5127=AXIS2_PLACEMENT_3D('',#5124,#5125,#5126);
#5128=CIRCLE('',#5127,0.2);
#5129=EDGE_CURVE('',#1569,#5092,#5128,.T.);
#5130=ORIENTED_EDGE('',*,*,#5129,.T.);
#5131=ORIENTED_EDGE('',*,*,#5099,.T.);
#5132=CARTESIAN_POINT('',(8.66278543,-31.800049354,41.956469266));
#5133=VERTEX_POINT('',#5132);
#5134=CARTESIAN_POINT('',(8.66278543,-31.800049354,41.956469266));
#5135=DIRECTION('',(-0.,-0.16710823,0.985938558));
#5136=VECTOR('',#5135,0.405704795);
#5137=LINE('',#5134,#5136);
#5138=EDGE_CURVE('',#5133,#5094,#5137,.T.);
#5139=ORIENTED_EDGE('',*,*,#5138,.F.);
#5140=CARTESIAN_POINT('',(8.66278543,-32.868114681,41.956469266));
#5141=VERTEX_POINT('',#5140);
#5142=CARTESIAN_POINT('',(8.66278543,-31.800049354,41.956469266));
#5143=DIRECTION('',(-0.,-1.,-0.));
#5144=VECTOR('',#5143,1.068065327);
#5145=LINE('',#5142,#5144);
#5146=EDGE_CURVE('',#5133,#5141,#5145,.T.);
#5147=ORIENTED_EDGE('',*,*,#5146,.T.);
#5148=CARTESIAN_POINT('',(8.66278543,-32.868114681,41.956469266));
#5149=DIRECTION('',(0.,0.,-1.));
#5150=VECTOR('',#5149,0.501123422);
#5151=LINE('',#5148,#5150);
#5152=EDGE_CURVE('',#5141,#4734,#5151,.T.);
#5153=ORIENTED_EDGE('',*,*,#5152,.T.);
#5154=EDGE_LOOP('',(#5122,#5123,#5130,#5131,#5139,#5147,#5153));
#5155=FACE_BOUND('',#5154,.T.);
#5156=ADVANCED_FACE('',(#5155),#5121,.F.);
#5157=CARTESIAN_POINT('',(49.331952943,-32.868114681,95.069254696));
#5158=DIRECTION('',(0.,1.,0.));
#5159=DIRECTION('',(-1.,0.,-0.));
#5160=AXIS2_PLACEMENT_3D('',#5157,#5158,#5159);
#5161=PLANE('',#5160);
#5162=ORIENTED_EDGE('',*,*,#5031,.T.);
#5163=CARTESIAN_POINT('',(10.26278543,-32.868114681,42.456469266));
#5164=DIRECTION('',(-1.,0.,-0.));
#5165=VECTOR('',#5164,4.);
#5166=LINE('',#5163,#5165);
#5167=EDGE_CURVE('',#5020,#4877,#5166,.T.);
#5168=ORIENTED_EDGE('',*,*,#5167,.T.);
#5169=ORIENTED_EDGE('',*,*,#4882,.F.);
#5170=ORIENTED_EDGE('',*,*,#4856,.F.);
#5171=ORIENTED_EDGE('',*,*,#4832,.F.);
#5172=CARTESIAN_POINT('',(7.86278543,-32.868114681,41.956469266));
#5173=DIRECTION('',(-1.,0.,-0.));
#5174=VECTOR('',#5173,0.8);
#5175=LINE('',#5172,#5174);
#5176=EDGE_CURVE('',#5062,#4821,#5175,.T.);
#5177=ORIENTED_EDGE('',*,*,#5176,.F.);
#5178=ORIENTED_EDGE('',*,*,#5067,.T.);
#5179=ORIENTED_EDGE('',*,*,#4745,.F.);
#5180=ORIENTED_EDGE('',*,*,#5152,.F.);
#5181=CARTESIAN_POINT('',(9.46278543,-32.868114681,41.956469266));
#5182=DIRECTION('',(-1.,0.,-0.));
#5183=VECTOR('',#5182,0.8);
#5184=LINE('',#5181,#5183);
#5185=EDGE_CURVE('',#4917,#5141,#5184,.T.);
#5186=ORIENTED_EDGE('',*,*,#5185,.F.);
#5187=ORIENTED_EDGE('',*,*,#4922,.T.);
#5188=ORIENTED_EDGE('',*,*,#4714,.F.);
#5189=EDGE_LOOP('',(#5162,#5168,#5169,#5170,#5171,#5177,#5178,#5179,#5180,#5186,#5187,#5188));
#5190=FACE_BOUND('',#5189,.T.);
#5191=ADVANCED_FACE('',(#5190),#5161,.F.);
#5192=CARTESIAN_POINT('',(0.693617916,-41.254670068,97.738731474));
#5193=DIRECTION('',(0.,-0.985938558,-0.16710823));
#5194=DIRECTION('',(0.,-0.16710823,0.985938558));
#5195=AXIS2_PLACEMENT_3D('',#5192,#5193,#5194);
#5196=PLANE('',#5195);
#5197=ORIENTED_EDGE('',*,*,#4938,.F.);
#5198=CARTESIAN_POINT('',(9.46278543,-31.800049354,41.956469266));
#5199=DIRECTION('',(-1.,-0.,-0.));
#5200=VECTOR('',#5199,0.8);
#5201=LINE('',#5198,#5200);
#5202=EDGE_CURVE('',#4925,#5133,#5201,.T.);
#5203=ORIENTED_EDGE('',*,*,#5202,.T.);
#5204=ORIENTED_EDGE('',*,*,#5138,.T.);
#5205=ORIENTED_EDGE('',*,*,#5112,.T.);
#5206=ORIENTED_EDGE('',*,*,#5081,.T.);
#5207=CARTESIAN_POINT('',(7.86278543,-31.800049354,41.956469266));
#5208=DIRECTION('',(-1.,-0.,-0.));
#5209=VECTOR('',#5208,0.8);
#5210=LINE('',#5207,#5209);
#5211=EDGE_CURVE('',#5070,#4813,#5210,.T.);
#5212=ORIENTED_EDGE('',*,*,#5211,.T.);
#5213=ORIENTED_EDGE('',*,*,#4818,.T.);
#5214=ORIENTED_EDGE('',*,*,#4785,.T.);
#5215=ORIENTED_EDGE('',*,*,#4904,.T.);
#5216=CARTESIAN_POINT('',(6.26278543,-31.96954088,42.956469266));
#5217=DIRECTION('',(1.,0.,0.));
#5218=VECTOR('',#5217,4.);
#5219=LINE('',#5216,#5218);
#5220=EDGE_CURVE('',#4893,#5004,#5219,.T.);
#5221=ORIENTED_EDGE('',*,*,#5220,.T.);
#5222=ORIENTED_EDGE('',*,*,#5009,.T.);
#5223=ORIENTED_EDGE('',*,*,#4984,.F.);
#5224=EDGE_LOOP('',(#5197,#5203,#5204,#5205,#5206,#5212,#5213,#5214,#5215,#5221,#5222,#5223));
#5225=FACE_BOUND('',#5224,.T.);
#5226=ADVANCED_FACE('',(#5225),#5196,.F.);
#5227=CARTESIAN_POINT('',(8.26278543,-31.868114681,42.956469266));
#5228=DIRECTION('',(0.,0.,-1.));
#5229=DIRECTION('',(-0.,-1.,-0.));
#5230=AXIS2_PLACEMENT_3D('',#5227,#5228,#5229);
#5231=PLANE('',#5230);
#5232=ORIENTED_EDGE('',*,*,#4898,.T.);
#5233=CARTESIAN_POINT('',(6.26278543,-32.368114681,42.956469266));
#5234=DIRECTION('',(1.,-0.,0.));
#5235=VECTOR('',#5234,4.);
#5236=LINE('',#5233,#5235);
#5237=EDGE_CURVE('',#4885,#5012,#5236,.T.);
#5238=ORIENTED_EDGE('',*,*,#5237,.T.);
#5239=ORIENTED_EDGE('',*,*,#5017,.F.);
#5240=ORIENTED_EDGE('',*,*,#5220,.F.);
#5241=EDGE_LOOP('',(#5232,#5238,#5239,#5240));
#5242=FACE_BOUND('',#5241,.T.);
#5243=ADVANCED_FACE('',(#5242),#5231,.F.);
#5244=CARTESIAN_POINT('',(49.331952943,-55.824583058,41.956469266));
#5245=DIRECTION('',(0.,0.,-1.));
#5246=DIRECTION('',(-1.,0.,-0.));
#5247=AXIS2_PLACEMENT_3D('',#5244,#5245,#5246);
#5248=PLANE('',#5247);
#5249=ORIENTED_EDGE('',*,*,#5211,.F.);
#5250=ORIENTED_EDGE('',*,*,#5075,.T.);
#5251=ORIENTED_EDGE('',*,*,#5176,.T.);
#5252=ORIENTED_EDGE('',*,*,#4826,.F.);
#5253=EDGE_LOOP('',(#5249,#5250,#5251,#5252));
#5254=FACE_BOUND('',#5253,.T.);
#5255=ADVANCED_FACE('',(#5254),#5248,.T.);
#5256=CARTESIAN_POINT('',(49.331952943,-55.824583058,41.956469266));
#5257=DIRECTION('',(0.,0.,-1.));
#5258=DIRECTION('',(-1.,0.,-0.));
#5259=AXIS2_PLACEMENT_3D('',#5256,#5257,#5258);
#5260=PLANE('',#5259);
#5261=ORIENTED_EDGE('',*,*,#5202,.F.);
#5262=ORIENTED_EDGE('',*,*,#4930,.T.);
#5263=ORIENTED_EDGE('',*,*,#5185,.T.);
#5264=ORIENTED_EDGE('',*,*,#5146,.F.);
#5265=EDGE_LOOP('',(#5261,#5262,#5263,#5264));
#5266=FACE_BOUND('',#5265,.T.);
#5267=ADVANCED_FACE('',(#5266),#5260,.T.);
#5268=CARTESIAN_POINT('',(8.26278543,-32.368114681,42.956469266));
#5269=DIRECTION('',(0.,0.707106781,-0.707106781));
#5270=DIRECTION('',(1.,-0.,0.));
#5271=AXIS2_PLACEMENT_3D('',#5268,#5269,#5270);
#5272=PLANE('',#5271);
#5273=ORIENTED_EDGE('',*,*,#4890,.F.);
#5274=ORIENTED_EDGE('',*,*,#5167,.F.);
#5275=ORIENTED_EDGE('',*,*,#5025,.F.);
#5276=ORIENTED_EDGE('',*,*,#5237,.F.);
#5277=EDGE_LOOP('',(#5273,#5274,#5275,#5276));
#5278=FACE_BOUND('',#5277,.T.);
#5279=ADVANCED_FACE('',(#5278),#5272,.F.);
#5280=CARTESIAN_POINT('',(63.469253806,-42.660958418,42.189809124));
#5281=DIRECTION('',(-0.,-0.074789948,-0.99719931));
#5282=DIRECTION('',(-0.,0.99719931,-0.074789948));
#5283=AXIS2_PLACEMENT_3D('',#5280,#5281,#5282);
#5284=PLANE('',#5283);
#5285=CARTESIAN_POINT('',(39.76278543,-32.868114681,41.455345844));
#5286=VERTEX_POINT('',#5285);
#5287=CARTESIAN_POINT('',(39.76278543,-30.668114681,41.290345844));
#5288=DIRECTION('',(0.,-0.99719931,0.074789948));
#5289=VECTOR('',#5288,2.206178823);
#5290=LINE('',#5287,#5289);
#5291=EDGE_CURVE('',#1645,#5286,#5290,.T.);
#5292=ORIENTED_EDGE('',*,*,#5291,.F.);
#5293=ORIENTED_EDGE('',*,*,#1650,.T.);
#5294=CARTESIAN_POINT('',(40.56278543,-32.868114681,41.455345844));
#5295=VERTEX_POINT('',#5294);
#5296=CARTESIAN_POINT('',(40.56278543,-30.668114681,41.290345844));
#5297=DIRECTION('',(0.,-0.99719931,0.074789948));
#5298=VECTOR('',#5297,2.206178823);
#5299=LINE('',#5296,#5298);
#5300=EDGE_CURVE('',#1637,#5295,#5299,.T.);
#5301=ORIENTED_EDGE('',*,*,#5300,.T.);
#5302=CARTESIAN_POINT('',(39.76278543,-32.868114681,41.455345844));
#5303=DIRECTION('',(1.,0.,-0.));
#5304=VECTOR('',#5303,0.8);
#5305=LINE('',#5302,#5304);
#5306=EDGE_CURVE('',#5286,#5295,#5305,.T.);
#5307=ORIENTED_EDGE('',*,*,#5306,.F.);
#5308=EDGE_LOOP('',(#5292,#5293,#5301,#5307));
#5309=FACE_BOUND('',#5308,.T.);
#5310=ADVANCED_FACE('',(#5309),#5284,.T.);
#5311=CARTESIAN_POINT('',(63.469253806,-42.660958418,42.189809124));
#5312=DIRECTION('',(-0.,-0.074789948,-0.99719931));
#5313=DIRECTION('',(-0.,0.99719931,-0.074789948));
#5314=AXIS2_PLACEMENT_3D('',#5311,#5312,#5313);
#5315=PLANE('',#5314);
#5316=CARTESIAN_POINT('',(41.36278543,-32.868114681,41.455345844));
#5317=VERTEX_POINT('',#5316);
#5318=CARTESIAN_POINT('',(41.36278543,-30.668114681,41.290345844));
#5319=DIRECTION('',(0.,-0.99719931,0.074789948));
#5320=VECTOR('',#5319,2.206178823);
#5321=LINE('',#5318,#5320);
#5322=EDGE_CURVE('',#1493,#5317,#5321,.T.);
#5323=ORIENTED_EDGE('',*,*,#5322,.F.);
#5324=ORIENTED_EDGE('',*,*,#1520,.T.);
#5325=CARTESIAN_POINT('',(42.16278543,-32.868114681,41.455345844));
#5326=VERTEX_POINT('',#5325);
#5327=CARTESIAN_POINT('',(42.16278543,-30.668114681,41.290345844));
#5328=DIRECTION('',(0.,-0.99719931,0.074789948));
#5329=VECTOR('',#5328,2.206178823);
#5330=LINE('',#5327,#5329);
#5331=EDGE_CURVE('',#1509,#5326,#5330,.T.);
#5332=ORIENTED_EDGE('',*,*,#5331,.T.);
#5333=CARTESIAN_POINT('',(41.36278543,-32.868114681,41.455345844));
#5334=DIRECTION('',(1.,0.,-0.));
#5335=VECTOR('',#5334,0.8);
#5336=LINE('',#5333,#5335);
#5337=EDGE_CURVE('',#5317,#5326,#5336,.T.);
#5338=ORIENTED_EDGE('',*,*,#5337,.F.);
#5339=EDGE_LOOP('',(#5323,#5324,#5332,#5338));
#5340=FACE_BOUND('',#5339,.T.);
#5341=ADVANCED_FACE('',(#5340),#5315,.T.);
#5342=CARTESIAN_POINT('',(44.36278543,-26.868114681,42.456469266));
#5343=DIRECTION('',(-0.,0.,-1.));
#5344=DIRECTION('',(0.,-1.,-0.));
#5345=AXIS2_PLACEMENT_3D('',#5342,#5343,#5344);
#5346=PLANE('',#5345);
#5347=CARTESIAN_POINT('',(43.76278543,-30.868114681,42.456469266));
#5348=VERTEX_POINT('',#5347);
#5349=CARTESIAN_POINT('',(43.76278543,-31.884795117,42.456469266));
#5350=VERTEX_POINT('',#5349);
#5351=CARTESIAN_POINT('',(43.76278543,-30.868114681,42.456469266));
#5352=DIRECTION('',(0.,-1.,-0.));
#5353=VECTOR('',#5352,1.016680436);
#5354=LINE('',#5351,#5353);
#5355=EDGE_CURVE('',#5348,#5350,#5354,.T.);
#5356=ORIENTED_EDGE('',*,*,#5355,.F.);
#5357=CARTESIAN_POINT('',(42.96278543,-30.868114681,42.456469266));
#5358=VERTEX_POINT('',#5357);
#5359=CARTESIAN_POINT('',(43.76278543,-30.868114681,42.456469266));
#5360=DIRECTION('',(-1.,-0.,0.));
#5361=VECTOR('',#5360,0.8);
#5362=LINE('',#5359,#5361);
#5363=EDGE_CURVE('',#5348,#5358,#5362,.T.);
#5364=ORIENTED_EDGE('',*,*,#5363,.T.);
#5365=CARTESIAN_POINT('',(42.96278543,-31.884795117,42.456469266));
#5366=VERTEX_POINT('',#5365);
#5367=CARTESIAN_POINT('',(42.96278543,-30.868114681,42.456469266));
#5368=DIRECTION('',(0.,-1.,-0.));
#5369=VECTOR('',#5368,1.016680436);
#5370=LINE('',#5367,#5369);
#5371=EDGE_CURVE('',#5358,#5366,#5370,.T.);
#5372=ORIENTED_EDGE('',*,*,#5371,.T.);
#5373=CARTESIAN_POINT('',(42.96278543,-31.884795117,42.456469266));
#5374=DIRECTION('',(1.,0.,-0.));
#5375=VECTOR('',#5374,0.8);
#5376=LINE('',#5373,#5375);
#5377=EDGE_CURVE('',#5366,#5350,#5376,.T.);
#5378=ORIENTED_EDGE('',*,*,#5377,.T.);
#5379=EDGE_LOOP('',(#5356,#5364,#5372,#5378));
#5380=FACE_BOUND('',#5379,.T.);
#5381=ADVANCED_FACE('',(#5380),#5346,.F.);
#5382=CARTESIAN_POINT('',(42.96278543,-30.768114681,42.666469266));
#5383=DIRECTION('',(-1.,-0.,0.));
#5384=DIRECTION('',(-0.,0.,-1.));
#5385=AXIS2_PLACEMENT_3D('',#5382,#5383,#5384);
#5386=PLANE('',#5385);
#5387=ORIENTED_EDGE('',*,*,#5371,.F.);
#5388=CARTESIAN_POINT('',(42.96278543,-30.868114681,42.656469266));
#5389=DIRECTION('',(1.,0.,-0.));
#5390=DIRECTION('',(0.,-1.,0.));
#5391=AXIS2_PLACEMENT_3D('',#5388,#5389,#5390);
#5392=CIRCLE('',#5391,0.2);
#5393=EDGE_CURVE('',#5358,#1457,#5392,.T.);
#5394=ORIENTED_EDGE('',*,*,#5393,.T.);
#5395=ORIENTED_EDGE('',*,*,#1464,.T.);
#5396=CARTESIAN_POINT('',(42.96278543,-32.868114681,41.455345844));
#5397=VERTEX_POINT('',#5396);
#5398=CARTESIAN_POINT('',(42.96278543,-30.668114681,41.290345844));
#5399=DIRECTION('',(0.,-0.99719931,0.074789948));
#5400=VECTOR('',#5399,2.206178823);
#5401=LINE('',#5398,#5400);
#5402=EDGE_CURVE('',#1459,#5397,#5401,.T.);
#5403=ORIENTED_EDGE('',*,*,#5402,.T.);
#5404=CARTESIAN_POINT('',(42.96278543,-32.868114681,41.956469266));
#5405=VERTEX_POINT('',#5404);
#5406=CARTESIAN_POINT('',(42.96278543,-32.868114681,41.956469266));
#5407=DIRECTION('',(-0.,0.,-1.));
#5408=VECTOR('',#5407,0.501123422);
#5409=LINE('',#5406,#5408);
#5410=EDGE_CURVE('',#5405,#5397,#5409,.T.);
#5411=ORIENTED_EDGE('',*,*,#5410,.F.);
#5412=CARTESIAN_POINT('',(42.96278543,-31.800049354,41.956469266));
#5413=VERTEX_POINT('',#5412);
#5414=CARTESIAN_POINT('',(42.96278543,-31.800049354,41.956469266));
#5415=DIRECTION('',(0.,-1.,-0.));
#5416=VECTOR('',#5415,1.068065327);
#5417=LINE('',#5414,#5416);
#5418=EDGE_CURVE('',#5413,#5405,#5417,.T.);
#5419=ORIENTED_EDGE('',*,*,#5418,.F.);
#5420=CARTESIAN_POINT('',(42.96278543,-31.800049354,41.956469266));
#5421=DIRECTION('',(0.,-0.16710823,0.985938558));
#5422=VECTOR('',#5421,0.507130993);
#5423=LINE('',#5420,#5422);
#5424=EDGE_CURVE('',#5413,#5366,#5423,.T.);
#5425=ORIENTED_EDGE('',*,*,#5424,.T.);
#5426=EDGE_LOOP('',(#5387,#5394,#5395,#5403,#5411,#5419,#5425));
#5427=FACE_BOUND('',#5426,.T.);
#5428=ADVANCED_FACE('',(#5427),#5386,.T.);
#5429=CARTESIAN_POINT('',(63.469253806,-42.660958418,42.189809124));
#5430=DIRECTION('',(-0.,-0.074789948,-0.99719931));
#5431=DIRECTION('',(-0.,0.99719931,-0.074789948));
#5432=AXIS2_PLACEMENT_3D('',#5429,#5430,#5431);
#5433=PLANE('',#5432);
#5434=ORIENTED_EDGE('',*,*,#5402,.F.);
#5435=ORIENTED_EDGE('',*,*,#1486,.T.);
#5436=CARTESIAN_POINT('',(43.76278543,-32.868114681,41.455345844));
#5437=VERTEX_POINT('',#5436);
#5438=CARTESIAN_POINT('',(43.76278543,-30.668114681,41.290345844));
#5439=DIRECTION('',(0.,-0.99719931,0.074789948));
#5440=VECTOR('',#5439,2.206178823);
#5441=LINE('',#5438,#5440);
#5442=EDGE_CURVE('',#1475,#5437,#5441,.T.);
#5443=ORIENTED_EDGE('',*,*,#5442,.T.);
#5444=CARTESIAN_POINT('',(42.96278543,-32.868114681,41.455345844));
#5445=DIRECTION('',(1.,0.,-0.));
#5446=VECTOR('',#5445,0.8);
#5447=LINE('',#5444,#5446);
#5448=EDGE_CURVE('',#5397,#5437,#5447,.T.);
#5449=ORIENTED_EDGE('',*,*,#5448,.F.);
#5450=EDGE_LOOP('',(#5434,#5435,#5443,#5449));
#5451=FACE_BOUND('',#5450,.T.);
#5452=ADVANCED_FACE('',(#5451),#5433,.T.);
#5453=CARTESIAN_POINT('',(43.76278543,-26.868114681,42.256469266));
#5454=DIRECTION('',(-1.,-0.,0.));
#5455=DIRECTION('',(0.,-1.,-0.));
#5456=AXIS2_PLACEMENT_3D('',#5453,#5454,#5455);
#5457=PLANE('',#5456);
#5458=ORIENTED_EDGE('',*,*,#5442,.F.);
#5459=ORIENTED_EDGE('',*,*,#1480,.T.);
#5460=CARTESIAN_POINT('',(43.76278543,-30.868114681,42.656469266));
#5461=DIRECTION('',(-1.,-0.,0.));
#5462=DIRECTION('',(0.,-1.,0.));
#5463=AXIS2_PLACEMENT_3D('',#5460,#5461,#5462);
#5464=CIRCLE('',#5463,0.2);
#5465=EDGE_CURVE('',#1467,#5348,#5464,.T.);
#5466=ORIENTED_EDGE('',*,*,#5465,.T.);
#5467=ORIENTED_EDGE('',*,*,#5355,.T.);
#5468=CARTESIAN_POINT('',(43.76278543,-31.96954088,42.956469266));
#5469=VERTEX_POINT('',#5468);
#5470=CARTESIAN_POINT('',(43.76278543,-31.884795117,42.456469266));
#5471=DIRECTION('',(0.,-0.16710823,0.985938558));
#5472=VECTOR('',#5471,0.507130993);
#5473=LINE('',#5470,#5472);
#5474=EDGE_CURVE('',#5350,#5469,#5473,.T.);
#5475=ORIENTED_EDGE('',*,*,#5474,.T.);
#5476=CARTESIAN_POINT('',(43.76278543,-32.368114681,42.956469266));
#5477=VERTEX_POINT('',#5476);
#5478=CARTESIAN_POINT('',(43.76278543,-31.96954088,42.956469266));
#5479=DIRECTION('',(0.,-1.,-0.));
#5480=VECTOR('',#5479,0.398573801);
#5481=LINE('',#5478,#5480);
#5482=EDGE_CURVE('',#5469,#5477,#5481,.T.);
#5483=ORIENTED_EDGE('',*,*,#5482,.T.);
#5484=CARTESIAN_POINT('',(43.76278543,-32.868114681,42.456469266));
#5485=VERTEX_POINT('',#5484);
#5486=CARTESIAN_POINT('',(43.76278543,-32.868114681,42.456469266));
#5487=DIRECTION('',(-0.,0.707106781,0.707106781));
#5488=VECTOR('',#5487,0.707106781);
#5489=LINE('',#5486,#5488);
#5490=EDGE_CURVE('',#5485,#5477,#5489,.T.);
#5491=ORIENTED_EDGE('',*,*,#5490,.F.);
#5492=CARTESIAN_POINT('',(43.76278543,-32.868114681,41.455345844));
#5493=DIRECTION('',(0.,-0.,1.));
#5494=VECTOR('',#5493,1.001123422);
#5495=LINE('',#5492,#5494);
#5496=EDGE_CURVE('',#5437,#5485,#5495,.T.);
#5497=ORIENTED_EDGE('',*,*,#5496,.F.);
#5498=EDGE_LOOP('',(#5458,#5459,#5466,#5467,#5475,#5483,#5491,#5497));
#5499=FACE_BOUND('',#5498,.T.);
#5500=ADVANCED_FACE('',(#5499),#5457,.F.);
#5501=CARTESIAN_POINT('',(40.56278543,-30.768114681,42.666469266));
#5502=DIRECTION('',(1.,0.,-0.));
#5503=DIRECTION('',(0.,-0.,1.));
#5504=AXIS2_PLACEMENT_3D('',#5501,#5502,#5503);
#5505=PLANE('',#5504);
#5506=ORIENTED_EDGE('',*,*,#1642,.F.);
#5507=CARTESIAN_POINT('',(40.56278543,-30.868114681,42.456469266));
#5508=VERTEX_POINT('',#5507);
#5509=CARTESIAN_POINT('',(40.56278543,-30.868114681,42.656469266));
#5510=DIRECTION('',(-1.,-0.,0.));
#5511=DIRECTION('',(-0.,1.,0.));
#5512=AXIS2_PLACEMENT_3D('',#5509,#5510,#5511);
#5513=CIRCLE('',#5512,0.2);
#5514=EDGE_CURVE('',#1629,#5508,#5513,.T.);
#5515=ORIENTED_EDGE('',*,*,#5514,.T.);
#5516=CARTESIAN_POINT('',(40.56278543,-31.884795117,42.456469266));
#5517=VERTEX_POINT('',#5516);
#5518=CARTESIAN_POINT('',(40.56278543,-30.868114681,42.456469266));
#5519=DIRECTION('',(0.,-1.,-0.));
#5520=VECTOR('',#5519,1.016680436);
#5521=LINE('',#5518,#5520);
#5522=EDGE_CURVE('',#5508,#5517,#5521,.T.);
#5523=ORIENTED_EDGE('',*,*,#5522,.T.);
#5524=CARTESIAN_POINT('',(40.56278543,-31.800049354,41.956469266));
#5525=VERTEX_POINT('',#5524);
#5526=CARTESIAN_POINT('',(40.56278543,-31.800049354,41.956469266));
#5527=DIRECTION('',(0.,-0.16710823,0.985938558));
#5528=VECTOR('',#5527,0.507130993);
#5529=LINE('',#5526,#5528);
#5530=EDGE_CURVE('',#5525,#5517,#5529,.T.);
#5531=ORIENTED_EDGE('',*,*,#5530,.F.);
#5532=CARTESIAN_POINT('',(40.56278543,-32.868114681,41.956469266));
#5533=VERTEX_POINT('',#5532);
#5534=CARTESIAN_POINT('',(40.56278543,-31.800049354,41.956469266));
#5535=DIRECTION('',(0.,-1.,-0.));
#5536=VECTOR('',#5535,1.068065327);
#5537=LINE('',#5534,#5536);
#5538=EDGE_CURVE('',#5525,#5533,#5537,.T.);
#5539=ORIENTED_EDGE('',*,*,#5538,.T.);
#5540=CARTESIAN_POINT('',(40.56278543,-32.868114681,41.956469266));
#5541=DIRECTION('',(-0.,0.,-1.));
#5542=VECTOR('',#5541,0.501123422);
#5543=LINE('',#5540,#5542);
#5544=EDGE_CURVE('',#5533,#5295,#5543,.T.);
#5545=ORIENTED_EDGE('',*,*,#5544,.T.);
#5546=ORIENTED_EDGE('',*,*,#5300,.F.);
#5547=EDGE_LOOP('',(#5506,#5515,#5523,#5531,#5539,#5545,#5546));
#5548=FACE_BOUND('',#5547,.T.);
#5549=ADVANCED_FACE('',(#5548),#5505,.T.);
#5550=CARTESIAN_POINT('',(39.16278543,-26.868114681,42.456469266));
#5551=DIRECTION('',(0.,-0.,1.));
#5552=DIRECTION('',(-0.,1.,0.));
#5553=AXIS2_PLACEMENT_3D('',#5550,#5551,#5552);
#5554=PLANE('',#5553);
#5555=ORIENTED_EDGE('',*,*,#5522,.F.);
#5556=CARTESIAN_POINT('',(39.76278543,-30.868114681,42.456469266));
#5557=VERTEX_POINT('',#5556);
#5558=CARTESIAN_POINT('',(40.56278543,-30.868114681,42.456469266));
#5559=DIRECTION('',(-1.,-0.,0.));
#5560=VECTOR('',#5559,0.8);
#5561=LINE('',#5558,#5560);
#5562=EDGE_CURVE('',#5508,#5557,#5561,.T.);
#5563=ORIENTED_EDGE('',*,*,#5562,.T.);
#5564=CARTESIAN_POINT('',(39.76278543,-31.884795117,42.456469266));
#5565=VERTEX_POINT('',#5564);
#5566=CARTESIAN_POINT('',(39.76278543,-30.868114681,42.456469266));
#5567=DIRECTION('',(0.,-1.,-0.));
#5568=VECTOR('',#5567,1.016680436);
#5569=LINE('',#5566,#5568);
#5570=EDGE_CURVE('',#5557,#5565,#5569,.T.);
#5571=ORIENTED_EDGE('',*,*,#5570,.T.);
#5572=CARTESIAN_POINT('',(40.56278543,-31.884795117,42.456469266));
#5573=DIRECTION('',(-1.,-0.,0.));
#5574=VECTOR('',#5573,0.8);
#5575=LINE('',#5572,#5574);
#5576=EDGE_CURVE('',#5517,#5565,#5575,.T.);
#5577=ORIENTED_EDGE('',*,*,#5576,.F.);
#5578=EDGE_LOOP('',(#5555,#5563,#5571,#5577));
#5579=FACE_BOUND('',#5578,.T.);
#5580=ADVANCED_FACE('',(#5579),#5554,.T.);
#5581=CARTESIAN_POINT('',(39.76278543,-26.868114681,42.256469266));
#5582=DIRECTION('',(-1.,-0.,0.));
#5583=DIRECTION('',(0.,-1.,-0.));
#5584=AXIS2_PLACEMENT_3D('',#5581,#5582,#5583);
#5585=PLANE('',#5584);
#5586=ORIENTED_EDGE('',*,*,#1656,.F.);
#5587=ORIENTED_EDGE('',*,*,#5291,.T.);
#5588=CARTESIAN_POINT('',(39.76278543,-32.868114681,42.456469266));
#5589=VERTEX_POINT('',#5588);
#5590=CARTESIAN_POINT('',(39.76278543,-32.868114681,41.455345844));
#5591=DIRECTION('',(0.,-0.,1.));
#5592=VECTOR('',#5591,1.001123422);
#5593=LINE('',#5590,#5592);
#5594=EDGE_CURVE('',#5286,#5589,#5593,.T.);
#5595=ORIENTED_EDGE('',*,*,#5594,.T.);
#5596=CARTESIAN_POINT('',(39.76278543,-32.368114681,42.956469266));
#5597=VERTEX_POINT('',#5596);
#5598=CARTESIAN_POINT('',(39.76278543,-32.368114681,42.956469266));
#5599=DIRECTION('',(0.,-0.707106781,-0.707106781));
#5600=VECTOR('',#5599,0.707106781);
#5601=LINE('',#5598,#5600);
#5602=EDGE_CURVE('',#5597,#5589,#5601,.T.);
#5603=ORIENTED_EDGE('',*,*,#5602,.F.);
#5604=CARTESIAN_POINT('',(39.76278543,-31.96954088,42.956469266));
#5605=VERTEX_POINT('',#5604);
#5606=CARTESIAN_POINT('',(39.76278543,-31.96954088,42.956469266));
#5607=DIRECTION('',(0.,-1.,-0.));
#5608=VECTOR('',#5607,0.398573801);
#5609=LINE('',#5606,#5608);
#5610=EDGE_CURVE('',#5605,#5597,#5609,.T.);
#5611=ORIENTED_EDGE('',*,*,#5610,.F.);
#5612=CARTESIAN_POINT('',(39.76278543,-31.96954088,42.956469266));
#5613=DIRECTION('',(-0.,0.16710823,-0.985938558));
#5614=VECTOR('',#5613,0.507130993);
#5615=LINE('',#5612,#5614);
#5616=EDGE_CURVE('',#5605,#5565,#5615,.T.);
#5617=ORIENTED_EDGE('',*,*,#5616,.T.);
#5618=ORIENTED_EDGE('',*,*,#5570,.F.);
#5619=CARTESIAN_POINT('',(39.76278543,-30.868114681,42.656469266));
#5620=DIRECTION('',(1.,0.,-0.));
#5621=DIRECTION('',(0.,-1.,0.));
#5622=AXIS2_PLACEMENT_3D('',#5619,#5620,#5621);
#5623=CIRCLE('',#5622,0.2);
#5624=EDGE_CURVE('',#5557,#1627,#5623,.T.);
#5625=ORIENTED_EDGE('',*,*,#5624,.T.);
#5626=EDGE_LOOP('',(#5586,#5587,#5595,#5603,#5611,#5617,#5618,#5625));
#5627=FACE_BOUND('',#5626,.T.);
#5628=ADVANCED_FACE('',(#5627),#5585,.T.);
#5629=CARTESIAN_POINT('',(42.16278543,-26.868114681,42.256469266));
#5630=DIRECTION('',(-1.,-0.,0.));
#5631=DIRECTION('',(0.,-1.,-0.));
#5632=AXIS2_PLACEMENT_3D('',#5629,#5630,#5631);
#5633=PLANE('',#5632);
#5634=ORIENTED_EDGE('',*,*,#5331,.F.);
#5635=ORIENTED_EDGE('',*,*,#1514,.T.);
#5636=CARTESIAN_POINT('',(42.16278543,-30.868114681,42.356469266));
#5637=VERTEX_POINT('',#5636);
#5638=CARTESIAN_POINT('',(42.16278543,-30.868114681,42.556469266));
#5639=DIRECTION('',(-1.,-0.,0.));
#5640=DIRECTION('',(0.,-1.,0.));
#5641=AXIS2_PLACEMENT_3D('',#5638,#5639,#5640);
#5642=CIRCLE('',#5641,0.2);
#5643=EDGE_CURVE('',#1501,#5637,#5642,.T.);
#5644=ORIENTED_EDGE('',*,*,#5643,.T.);
#5645=CARTESIAN_POINT('',(42.16278543,-31.867845965,42.356469266));
#5646=VERTEX_POINT('',#5645);
#5647=CARTESIAN_POINT('',(42.16278543,-30.868114681,42.356469266));
#5648=DIRECTION('',(0.,-1.,-0.));
#5649=VECTOR('',#5648,0.999731283);
#5650=LINE('',#5647,#5649);
#5651=EDGE_CURVE('',#5637,#5646,#5650,.T.);
#5652=ORIENTED_EDGE('',*,*,#5651,.T.);
#5653=CARTESIAN_POINT('',(42.16278543,-31.800049354,41.956469266));
#5654=VERTEX_POINT('',#5653);
#5655=CARTESIAN_POINT('',(42.16278543,-31.867845965,42.356469266));
#5656=DIRECTION('',(-0.,0.16710823,-0.985938558));
#5657=VECTOR('',#5656,0.405704795);
#5658=LINE('',#5655,#5657);
#5659=EDGE_CURVE('',#5646,#5654,#5658,.T.);
#5660=ORIENTED_EDGE('',*,*,#5659,.T.);
#5661=CARTESIAN_POINT('',(42.16278543,-32.868114681,41.956469266));
#5662=VERTEX_POINT('',#5661);
#5663=CARTESIAN_POINT('',(42.16278543,-31.800049354,41.956469266));
#5664=DIRECTION('',(0.,-1.,-0.));
#5665=VECTOR('',#5664,1.068065327);
#5666=LINE('',#5663,#5665);
#5667=EDGE_CURVE('',#5654,#5662,#5666,.T.);
#5668=ORIENTED_EDGE('',*,*,#5667,.T.);
#5669=CARTESIAN_POINT('',(42.16278543,-32.868114681,41.956469266));
#5670=DIRECTION('',(-0.,0.,-1.));
#5671=VECTOR('',#5670,0.501123422);
#5672=LINE('',#5669,#5671);
#5673=EDGE_CURVE('',#5662,#5326,#5672,.T.);
#5674=ORIENTED_EDGE('',*,*,#5673,.T.);
#5675=EDGE_LOOP('',(#5634,#5635,#5644,#5652,#5660,#5668,#5674));
#5676=FACE_BOUND('',#5675,.T.);
#5677=ADVANCED_FACE('',(#5676),#5633,.F.);
#5678=CARTESIAN_POINT('',(-11.73721457,-24.868114681,42.356469266));
#5679=DIRECTION('',(-0.,0.,-1.));
#5680=DIRECTION('',(1.,0.,-0.));
#5681=AXIS2_PLACEMENT_3D('',#5678,#5679,#5680);
#5682=PLANE('',#5681);
#5683=ORIENTED_EDGE('',*,*,#5651,.F.);
#5684=CARTESIAN_POINT('',(41.36278543,-30.868114681,42.356469266));
#5685=VERTEX_POINT('',#5684);
#5686=CARTESIAN_POINT('',(42.16278543,-30.868114681,42.356469266));
#5687=DIRECTION('',(-1.,-0.,0.));
#5688=VECTOR('',#5687,0.8);
#5689=LINE('',#5686,#5688);
#5690=EDGE_CURVE('',#5637,#5685,#5689,.T.);
#5691=ORIENTED_EDGE('',*,*,#5690,.T.);
#5692=CARTESIAN_POINT('',(41.36278543,-31.867845965,42.356469266));
#5693=VERTEX_POINT('',#5692);
#5694=CARTESIAN_POINT('',(41.36278543,-30.868114681,42.356469266));
#5695=DIRECTION('',(0.,-1.,-0.));
#5696=VECTOR('',#5695,0.999731283);
#5697=LINE('',#5694,#5696);
#5698=EDGE_CURVE('',#5685,#5693,#5697,.T.);
#5699=ORIENTED_EDGE('',*,*,#5698,.T.);
#5700=CARTESIAN_POINT('',(41.36278543,-31.867845965,42.356469266));
#5701=DIRECTION('',(1.,0.,-0.));
#5702=VECTOR('',#5701,0.8);
#5703=LINE('',#5700,#5702);
#5704=EDGE_CURVE('',#5693,#5646,#5703,.T.);
#5705=ORIENTED_EDGE('',*,*,#5704,.T.);
#5706=EDGE_LOOP('',(#5683,#5691,#5699,#5705));
#5707=FACE_BOUND('',#5706,.T.);
#5708=ADVANCED_FACE('',(#5707),#5682,.F.);
#5709=CARTESIAN_POINT('',(41.36278543,-26.868114681,42.256469266));
#5710=DIRECTION('',(1.,0.,-0.));
#5711=DIRECTION('',(-0.,1.,0.));
#5712=AXIS2_PLACEMENT_3D('',#5709,#5710,#5711);
#5713=PLANE('',#5712);
#5714=ORIENTED_EDGE('',*,*,#5698,.F.);
#5715=CARTESIAN_POINT('',(41.36278543,-30.868114681,42.556469266));
#5716=DIRECTION('',(1.,0.,-0.));
#5717=DIRECTION('',(-0.,1.,0.));
#5718=AXIS2_PLACEMENT_3D('',#5715,#5716,#5717);
#5719=CIRCLE('',#5718,0.2);
#5720=EDGE_CURVE('',#5685,#1491,#5719,.T.);
#5721=ORIENTED_EDGE('',*,*,#5720,.T.);
#5722=ORIENTED_EDGE('',*,*,#1498,.T.);
#5723=ORIENTED_EDGE('',*,*,#5322,.T.);
#5724=CARTESIAN_POINT('',(41.36278543,-32.868114681,41.956469266));
#5725=VERTEX_POINT('',#5724);
#5726=CARTESIAN_POINT('',(41.36278543,-32.868114681,41.956469266));
#5727=DIRECTION('',(-0.,0.,-1.));
#5728=VECTOR('',#5727,0.501123422);
#5729=LINE('',#5726,#5728);
#5730=EDGE_CURVE('',#5725,#5317,#5729,.T.);
#5731=ORIENTED_EDGE('',*,*,#5730,.F.);
#5732=CARTESIAN_POINT('',(41.36278543,-31.800049354,41.956469266));
#5733=VERTEX_POINT('',#5732);
#5734=CARTESIAN_POINT('',(41.36278543,-31.800049354,41.956469266));
#5735=DIRECTION('',(0.,-1.,-0.));
#5736=VECTOR('',#5735,1.068065327);
#5737=LINE('',#5734,#5736);
#5738=EDGE_CURVE('',#5733,#5725,#5737,.T.);
#5739=ORIENTED_EDGE('',*,*,#5738,.F.);
#5740=CARTESIAN_POINT('',(41.36278543,-31.800049354,41.956469266));
#5741=DIRECTION('',(0.,-0.16710823,0.985938558));
#5742=VECTOR('',#5741,0.405704795);
#5743=LINE('',#5740,#5742);
#5744=EDGE_CURVE('',#5733,#5693,#5743,.T.);
#5745=ORIENTED_EDGE('',*,*,#5744,.T.);
#5746=EDGE_LOOP('',(#5714,#5721,#5722,#5723,#5731,#5739,#5745));
#5747=FACE_BOUND('',#5746,.T.);
#5748=ADVANCED_FACE('',(#5747),#5713,.F.);
#5749=CARTESIAN_POINT('',(0.693617916,-32.868114681,95.069254696));
#5750=DIRECTION('',(-0.,1.,0.));
#5751=DIRECTION('',(1.,0.,-0.));
#5752=AXIS2_PLACEMENT_3D('',#5749,#5750,#5751);
#5753=PLANE('',#5752);
#5754=ORIENTED_EDGE('',*,*,#5594,.F.);
#5755=ORIENTED_EDGE('',*,*,#5306,.T.);
#5756=ORIENTED_EDGE('',*,*,#5544,.F.);
#5757=CARTESIAN_POINT('',(40.56278543,-32.868114681,41.956469266));
#5758=DIRECTION('',(1.,0.,-0.));
#5759=VECTOR('',#5758,0.8);
#5760=LINE('',#5757,#5759);
#5761=EDGE_CURVE('',#5533,#5725,#5760,.T.);
#5762=ORIENTED_EDGE('',*,*,#5761,.T.);
#5763=ORIENTED_EDGE('',*,*,#5730,.T.);
#5764=ORIENTED_EDGE('',*,*,#5337,.T.);
#5765=ORIENTED_EDGE('',*,*,#5673,.F.);
#5766=CARTESIAN_POINT('',(42.16278543,-32.868114681,41.956469266));
#5767=DIRECTION('',(1.,0.,-0.));
#5768=VECTOR('',#5767,0.8);
#5769=LINE('',#5766,#5768);
#5770=EDGE_CURVE('',#5662,#5405,#5769,.T.);
#5771=ORIENTED_EDGE('',*,*,#5770,.T.);
#5772=ORIENTED_EDGE('',*,*,#5410,.T.);
#5773=ORIENTED_EDGE('',*,*,#5448,.T.);
#5774=ORIENTED_EDGE('',*,*,#5496,.T.);
#5775=CARTESIAN_POINT('',(39.76278543,-32.868114681,42.456469266));
#5776=DIRECTION('',(1.,0.,-0.));
#5777=VECTOR('',#5776,4.);
#5778=LINE('',#5775,#5777);
#5779=EDGE_CURVE('',#5589,#5485,#5778,.T.);
#5780=ORIENTED_EDGE('',*,*,#5779,.F.);
#5781=EDGE_LOOP('',(#5754,#5755,#5756,#5762,#5763,#5764,#5765,#5771,#5772,#5773,#5774,#5780));
#5782=FACE_BOUND('',#5781,.T.);
#5783=ADVANCED_FACE('',(#5782),#5753,.F.);
#5784=CARTESIAN_POINT('',(0.693617916,-41.254670068,97.738731474));
#5785=DIRECTION('',(0.,-0.985938558,-0.16710823));
#5786=DIRECTION('',(0.,-0.16710823,0.985938558));
#5787=AXIS2_PLACEMENT_3D('',#5784,#5785,#5786);
#5788=PLANE('',#5787);
#5789=ORIENTED_EDGE('',*,*,#5530,.T.);
#5790=ORIENTED_EDGE('',*,*,#5576,.T.);
#5791=ORIENTED_EDGE('',*,*,#5616,.F.);
#5792=CARTESIAN_POINT('',(43.76278543,-31.96954088,42.956469266));
#5793=DIRECTION('',(-1.,-0.,0.));
#5794=VECTOR('',#5793,4.);
#5795=LINE('',#5792,#5794);
#5796=EDGE_CURVE('',#5469,#5605,#5795,.T.);
#5797=ORIENTED_EDGE('',*,*,#5796,.F.);
#5798=ORIENTED_EDGE('',*,*,#5474,.F.);
#5799=ORIENTED_EDGE('',*,*,#5377,.F.);
#5800=ORIENTED_EDGE('',*,*,#5424,.F.);
#5801=CARTESIAN_POINT('',(42.16278543,-31.800049354,41.956469266));
#5802=DIRECTION('',(1.,0.,-0.));
#5803=VECTOR('',#5802,0.8);
#5804=LINE('',#5801,#5803);
#5805=EDGE_CURVE('',#5654,#5413,#5804,.T.);
#5806=ORIENTED_EDGE('',*,*,#5805,.F.);
#5807=ORIENTED_EDGE('',*,*,#5659,.F.);
#5808=ORIENTED_EDGE('',*,*,#5704,.F.);
#5809=ORIENTED_EDGE('',*,*,#5744,.F.);
#5810=CARTESIAN_POINT('',(40.56278543,-31.800049354,41.956469266));
#5811=DIRECTION('',(1.,0.,-0.));
#5812=VECTOR('',#5811,0.8);
#5813=LINE('',#5810,#5812);
#5814=EDGE_CURVE('',#5525,#5733,#5813,.T.);
#5815=ORIENTED_EDGE('',*,*,#5814,.F.);
#5816=EDGE_LOOP('',(#5789,#5790,#5791,#5797,#5798,#5799,#5800,#5806,#5807,#5808,#5809,#5815));
#5817=FACE_BOUND('',#5816,.T.);
#5818=ADVANCED_FACE('',(#5817),#5788,.F.);
#5819=CARTESIAN_POINT('',(41.76278543,-31.868114681,42.956469266));
#5820=DIRECTION('',(-0.,0.,-1.));
#5821=DIRECTION('',(0.,-1.,-0.));
#5822=AXIS2_PLACEMENT_3D('',#5819,#5820,#5821);
#5823=PLANE('',#5822);
#5824=ORIENTED_EDGE('',*,*,#5482,.F.);
#5825=ORIENTED_EDGE('',*,*,#5796,.T.);
#5826=ORIENTED_EDGE('',*,*,#5610,.T.);
#5827=CARTESIAN_POINT('',(43.76278543,-32.368114681,42.956469266));
#5828=DIRECTION('',(-1.,-0.,0.));
#5829=VECTOR('',#5828,4.);
#5830=LINE('',#5827,#5829);
#5831=EDGE_CURVE('',#5477,#5597,#5830,.T.);
#5832=ORIENTED_EDGE('',*,*,#5831,.F.);
#5833=EDGE_LOOP('',(#5824,#5825,#5826,#5832));
#5834=FACE_BOUND('',#5833,.T.);
#5835=ADVANCED_FACE('',(#5834),#5823,.F.);
#5836=CARTESIAN_POINT('',(0.693617916,-55.824583058,41.956469266));
#5837=DIRECTION('',(-0.,0.,-1.));
#5838=DIRECTION('',(1.,0.,-0.));
#5839=AXIS2_PLACEMENT_3D('',#5836,#5837,#5838);
#5840=PLANE('',#5839);
#5841=ORIENTED_EDGE('',*,*,#5805,.T.);
#5842=ORIENTED_EDGE('',*,*,#5418,.T.);
#5843=ORIENTED_EDGE('',*,*,#5770,.F.);
#5844=ORIENTED_EDGE('',*,*,#5667,.F.);
#5845=EDGE_LOOP('',(#5841,#5842,#5843,#5844));
#5846=FACE_BOUND('',#5845,.T.);
#5847=ADVANCED_FACE('',(#5846),#5840,.T.);
#5848=CARTESIAN_POINT('',(0.693617916,-55.824583058,41.956469266));
#5849=DIRECTION('',(-0.,0.,-1.));
#5850=DIRECTION('',(1.,0.,-0.));
#5851=AXIS2_PLACEMENT_3D('',#5848,#5849,#5850);
#5852=PLANE('',#5851);
#5853=ORIENTED_EDGE('',*,*,#5814,.T.);
#5854=ORIENTED_EDGE('',*,*,#5738,.T.);
#5855=ORIENTED_EDGE('',*,*,#5761,.F.);
#5856=ORIENTED_EDGE('',*,*,#5538,.F.);
#5857=EDGE_LOOP('',(#5853,#5854,#5855,#5856));
#5858=FACE_BOUND('',#5857,.T.);
#5859=ADVANCED_FACE('',(#5858),#5852,.T.);
#5860=CARTESIAN_POINT('',(41.76278543,-32.368114681,42.956469266));
#5861=DIRECTION('',(-0.,0.707106781,-0.707106781));
#5862=DIRECTION('',(-1.,-0.,0.));
#5863=AXIS2_PLACEMENT_3D('',#5860,#5861,#5862);
#5864=PLANE('',#5863);
#5865=ORIENTED_EDGE('',*,*,#5490,.T.);
#5866=ORIENTED_EDGE('',*,*,#5831,.T.);
#5867=ORIENTED_EDGE('',*,*,#5602,.T.);
#5868=ORIENTED_EDGE('',*,*,#5779,.T.);
#5869=EDGE_LOOP('',(#5865,#5866,#5867,#5868));
#5870=FACE_BOUND('',#5869,.T.);
#5871=ADVANCED_FACE('',(#5870),#5864,.F.);
#5872=CARTESIAN_POINT('',(49.87778543,-31.148114681,28.256467488));
#5873=DIRECTION('',(1.,0.,0.));
#5874=DIRECTION('',(0.,0.,-1.));
#5875=AXIS2_PLACEMENT_3D('',#5872,#5873,#5874);
#5876=PLANE('',#5875);
#5877=CARTESIAN_POINT('',(49.87778543,-32.868114681,31.206468377));
#5878=VERTEX_POINT('',#5877);
#5879=CARTESIAN_POINT('',(49.87778543,-31.068114681,31.206468377));
#5880=DIRECTION('',(0.,-1.,-0.));
#5881=VECTOR('',#5880,1.8);
#5882=LINE('',#5879,#5881);
#5883=EDGE_CURVE('',#687,#5878,#5882,.T.);
#5884=ORIENTED_EDGE('',*,*,#5883,.F.);
#5885=ORIENTED_EDGE('',*,*,#692,.F.);
#5886=ORIENTED_EDGE('',*,*,#3087,.T.);
#5887=CARTESIAN_POINT('',(49.87778543,-32.868114681,31.206468377));
#5888=DIRECTION('',(0.,0.,-1.));
#5889=VECTOR('',#5888,0.8);
#5890=LINE('',#5887,#5889);
#5891=EDGE_CURVE('',#5878,#3082,#5890,.T.);
#5892=ORIENTED_EDGE('',*,*,#5891,.F.);
#5893=EDGE_LOOP('',(#5884,#5885,#5886,#5892));
#5894=FACE_BOUND('',#5893,.T.);
#5895=ADVANCED_FACE('',(#5894),#5876,.F.);
#5896=CARTESIAN_POINT('',(49.87778543,-31.148114681,28.256467488));
#5897=DIRECTION('',(1.,0.,0.));
#5898=DIRECTION('',(0.,0.,-1.));
#5899=AXIS2_PLACEMENT_3D('',#5896,#5897,#5898);
#5900=PLANE('',#5899);
#5901=ORIENTED_EDGE('',*,*,#3171,.F.);
#5902=ORIENTED_EDGE('',*,*,#676,.F.);
#5903=CARTESIAN_POINT('',(49.87778543,-32.868114681,28.806468377));
#5904=VERTEX_POINT('',#5903);
#5905=CARTESIAN_POINT('',(49.87778543,-31.068114681,28.806468377));
#5906=DIRECTION('',(0.,-1.,-0.));
#5907=VECTOR('',#5906,1.8);
#5908=LINE('',#5905,#5907);
#5909=EDGE_CURVE('',#663,#5904,#5908,.T.);
#5910=ORIENTED_EDGE('',*,*,#5909,.T.);
#5911=CARTESIAN_POINT('',(49.87778543,-32.868114681,29.606468377));
#5912=DIRECTION('',(0.,0.,-1.));
#5913=VECTOR('',#5912,0.8);
#5914=LINE('',#5911,#5913);
#5915=EDGE_CURVE('',#3166,#5904,#5914,.T.);
#5916=ORIENTED_EDGE('',*,*,#5915,.F.);
#5917=EDGE_LOOP('',(#5901,#5902,#5910,#5916));
#5918=FACE_BOUND('',#5917,.T.);
#5919=ADVANCED_FACE('',(#5918),#5900,.F.);
#5920=CARTESIAN_POINT('',(50.81278543,-26.868114681,26.606468377));
#5921=DIRECTION('',(-1.,-0.,0.));
#5922=DIRECTION('',(0.,-1.,-0.));
#5923=AXIS2_PLACEMENT_3D('',#5920,#5921,#5922);
#5924=PLANE('',#5923);
#5925=CARTESIAN_POINT('',(50.81278543,-31.884795117,27.206468377));
#5926=VERTEX_POINT('',#5925);
#5927=CARTESIAN_POINT('',(50.81278543,-31.884795117,28.006468377));
#5928=DIRECTION('',(0.,-0.,-1.));
#5929=VECTOR('',#5928,0.8);
#5930=LINE('',#5927,#5929);
#5931=EDGE_CURVE('',#3027,#5926,#5930,.T.);
#5932=ORIENTED_EDGE('',*,*,#5931,.T.);
#5933=CARTESIAN_POINT('',(50.81278543,-30.868114681,27.206468377));
#5934=VERTEX_POINT('',#5933);
#5935=CARTESIAN_POINT('',(50.81278543,-30.868114681,27.206468377));
#5936=DIRECTION('',(0.,-1.,-0.));
#5937=VECTOR('',#5936,1.016680436);
#5938=LINE('',#5935,#5937);
#5939=EDGE_CURVE('',#5934,#5926,#5938,.T.);
#5940=ORIENTED_EDGE('',*,*,#5939,.F.);
#5941=CARTESIAN_POINT('',(50.81278543,-30.868114681,27.206468377));
#5942=DIRECTION('',(0.,0.,1.));
#5943=VECTOR('',#5942,0.8);
#5944=LINE('',#5941,#5943);
#5945=EDGE_CURVE('',#5934,#3035,#5944,.T.);
#5946=ORIENTED_EDGE('',*,*,#5945,.T.);
#5947=ORIENTED_EDGE('',*,*,#3040,.T.);
#5948=EDGE_LOOP('',(#5932,#5940,#5946,#5947));
#5949=FACE_BOUND('',#5948,.T.);
#5950=ADVANCED_FACE('',(#5949),#5924,.F.);
#5951=CARTESIAN_POINT('',(49.87778543,-31.148114681,28.256467488));
#5952=DIRECTION('',(1.,0.,0.));
#5953=DIRECTION('',(0.,0.,-1.));
#5954=AXIS2_PLACEMENT_3D('',#5951,#5952,#5953);
#5955=PLANE('',#5954);
#5956=ORIENTED_EDGE('',*,*,#3057,.F.);
#5957=ORIENTED_EDGE('',*,*,#660,.F.);
#5958=CARTESIAN_POINT('',(49.87778543,-32.868114681,27.206468377));
#5959=VERTEX_POINT('',#5958);
#5960=CARTESIAN_POINT('',(49.87778543,-31.068114681,27.206468377));
#5961=DIRECTION('',(0.,-1.,-0.));
#5962=VECTOR('',#5961,1.8);
#5963=LINE('',#5960,#5962);
#5964=EDGE_CURVE('',#647,#5959,#5963,.T.);
#5965=ORIENTED_EDGE('',*,*,#5964,.T.);
#5966=CARTESIAN_POINT('',(49.87778543,-32.868114681,28.006468377));
#5967=DIRECTION('',(0.,0.,-1.));
#5968=VECTOR('',#5967,0.8);
#5969=LINE('',#5966,#5968);
#5970=EDGE_CURVE('',#3052,#5959,#5969,.T.);
#5971=ORIENTED_EDGE('',*,*,#5970,.F.);
#5972=EDGE_LOOP('',(#5956,#5957,#5965,#5971));
#5973=FACE_BOUND('',#5972,.T.);
#5974=ADVANCED_FACE('',(#5973),#5955,.F.);
#5975=CARTESIAN_POINT('',(50.61278543,-26.868114681,27.206468377));
#5976=DIRECTION('',(0.,-0.,1.));
#5977=DIRECTION('',(0.,-1.,-0.));
#5978=AXIS2_PLACEMENT_3D('',#5975,#5976,#5977);
#5979=PLANE('',#5978);
#5980=ORIENTED_EDGE('',*,*,#5964,.F.);
#5981=ORIENTED_EDGE('',*,*,#834,.F.);
#5982=ORIENTED_EDGE('',*,*,#1833,.T.);
#5983=CARTESIAN_POINT('',(51.01278543,-30.868114681,27.206468377));
#5984=DIRECTION('',(0.,-0.,1.));
#5985=DIRECTION('',(0.,-1.,-0.));
#5986=AXIS2_PLACEMENT_3D('',#5983,#5984,#5985);
#5987=CIRCLE('',#5986,0.2);
#5988=EDGE_CURVE('',#1822,#5934,#5987,.T.);
#5989=ORIENTED_EDGE('',*,*,#5988,.T.);
#5990=ORIENTED_EDGE('',*,*,#5939,.T.);
#5991=CARTESIAN_POINT('',(51.31278543,-31.96954088,27.206468377));
#5992=VERTEX_POINT('',#5991);
#5993=CARTESIAN_POINT('',(50.81278543,-31.884795117,27.206468377));
#5994=DIRECTION('',(0.985938558,-0.16710823,-0.));
#5995=VECTOR('',#5994,0.507130993);
#5996=LINE('',#5993,#5995);
#5997=EDGE_CURVE('',#5926,#5992,#5996,.T.);
#5998=ORIENTED_EDGE('',*,*,#5997,.T.);
#5999=CARTESIAN_POINT('',(51.31278543,-32.368114681,27.206468377));
#6000=VERTEX_POINT('',#5999);
#6001=CARTESIAN_POINT('',(51.31278543,-31.96954088,27.206468377));
#6002=DIRECTION('',(0.,-1.,-0.));
#6003=VECTOR('',#6002,0.398573801);
#6004=LINE('',#6001,#6003);
#6005=EDGE_CURVE('',#5992,#6000,#6004,.T.);
#6006=ORIENTED_EDGE('',*,*,#6005,.T.);
#6007=CARTESIAN_POINT('',(50.81278543,-32.868114681,27.206468377));
#6008=VERTEX_POINT('',#6007);
#6009=CARTESIAN_POINT('',(50.81278543,-32.868114681,27.206468377));
#6010=DIRECTION('',(0.707106781,0.707106781,0.));
#6011=VECTOR('',#6010,0.707106781);
#6012=LINE('',#6009,#6011);
#6013=EDGE_CURVE('',#6008,#6000,#6012,.T.);
#6014=ORIENTED_EDGE('',*,*,#6013,.F.);
#6015=CARTESIAN_POINT('',(49.87778543,-32.868114681,27.206468377));
#6016=DIRECTION('',(1.,0.,0.));
#6017=VECTOR('',#6016,0.935);
#6018=LINE('',#6015,#6017);
#6019=EDGE_CURVE('',#5959,#6008,#6018,.T.);
#6020=ORIENTED_EDGE('',*,*,#6019,.F.);
#6021=EDGE_LOOP('',(#5980,#5981,#5982,#5989,#5990,#5998,#6006,#6014,#6020));
#6022=FACE_BOUND('',#6021,.T.);
#6023=ADVANCED_FACE('',(#6022),#5979,.F.);
#6024=CARTESIAN_POINT('',(50.81278543,-26.868114681,31.806468377));
#6025=DIRECTION('',(1.,0.,0.));
#6026=DIRECTION('',(-0.,1.,0.));
#6027=AXIS2_PLACEMENT_3D('',#6024,#6025,#6026);
#6028=PLANE('',#6027);
#6029=CARTESIAN_POINT('',(50.81278543,-31.884795117,31.206468377));
#6030=VERTEX_POINT('',#6029);
#6031=CARTESIAN_POINT('',(50.81278543,-31.884795117,30.406468377));
#6032=DIRECTION('',(-0.,0.,1.));
#6033=VECTOR('',#6032,0.8);
#6034=LINE('',#6031,#6033);
#6035=EDGE_CURVE('',#3101,#6030,#6034,.T.);
#6036=ORIENTED_EDGE('',*,*,#6035,.F.);
#6037=ORIENTED_EDGE('',*,*,#3106,.F.);
#6038=CARTESIAN_POINT('',(50.81278543,-30.868114681,31.206468377));
#6039=VERTEX_POINT('',#6038);
#6040=CARTESIAN_POINT('',(50.81278543,-30.868114681,30.406468377));
#6041=DIRECTION('',(-0.,-0.,1.));
#6042=VECTOR('',#6041,0.8);
#6043=LINE('',#6040,#6042);
#6044=EDGE_CURVE('',#3092,#6039,#6043,.T.);
#6045=ORIENTED_EDGE('',*,*,#6044,.T.);
#6046=CARTESIAN_POINT('',(50.81278543,-30.868114681,31.206468377));
#6047=DIRECTION('',(0.,-1.,-0.));
#6048=VECTOR('',#6047,1.016680436);
#6049=LINE('',#6046,#6048);
#6050=EDGE_CURVE('',#6039,#6030,#6049,.T.);
#6051=ORIENTED_EDGE('',*,*,#6050,.T.);
#6052=EDGE_LOOP('',(#6036,#6037,#6045,#6051));
#6053=FACE_BOUND('',#6052,.T.);
#6054=ADVANCED_FACE('',(#6053),#6028,.T.);
#6055=CARTESIAN_POINT('',(50.61278543,-26.868114681,31.206468377));
#6056=DIRECTION('',(0.,-0.,1.));
#6057=DIRECTION('',(0.,-1.,-0.));
#6058=AXIS2_PLACEMENT_3D('',#6055,#6056,#6057);
#6059=PLANE('',#6058);
#6060=CARTESIAN_POINT('',(51.31278543,-31.96954088,31.206468377));
#6061=VERTEX_POINT('',#6060);
#6062=CARTESIAN_POINT('',(51.31278543,-31.96954088,31.206468377));
#6063=DIRECTION('',(-0.985938558,0.16710823,0.));
#6064=VECTOR('',#6063,0.507130993);
#6065=LINE('',#6062,#6064);
#6066=EDGE_CURVE('',#6061,#6030,#6065,.T.);
#6067=ORIENTED_EDGE('',*,*,#6066,.T.);
#6068=ORIENTED_EDGE('',*,*,#6050,.F.);
#6069=CARTESIAN_POINT('',(51.01278543,-30.868114681,31.206468377));
#6070=DIRECTION('',(-0.,0.,-1.));
#6071=DIRECTION('',(0.,-1.,-0.));
#6072=AXIS2_PLACEMENT_3D('',#6069,#6070,#6071);
#6073=CIRCLE('',#6072,0.2);
#6074=EDGE_CURVE('',#6039,#1768,#6073,.T.);
#6075=ORIENTED_EDGE('',*,*,#6074,.T.);
#6076=ORIENTED_EDGE('',*,*,#1773,.F.);
#6077=CARTESIAN_POINT('',(49.87778543,-31.068114681,31.206468377));
#6078=DIRECTION('',(-0.,1.,0.));
#6079=VECTOR('',#6078,0.4);
#6080=LINE('',#6077,#6079);
#6081=EDGE_CURVE('',#687,#1760,#6080,.T.);
#6082=ORIENTED_EDGE('',*,*,#6081,.F.);
#6083=ORIENTED_EDGE('',*,*,#5883,.T.);
#6084=CARTESIAN_POINT('',(50.81278543,-32.868114681,31.206468377));
#6085=VERTEX_POINT('',#6084);
#6086=CARTESIAN_POINT('',(49.87778543,-32.868114681,31.206468377));
#6087=DIRECTION('',(1.,0.,0.));
#6088=VECTOR('',#6087,0.935);
#6089=LINE('',#6086,#6088);
#6090=EDGE_CURVE('',#5878,#6085,#6089,.T.);
#6091=ORIENTED_EDGE('',*,*,#6090,.T.);
#6092=CARTESIAN_POINT('',(51.31278543,-32.368114681,31.206468377));
#6093=VERTEX_POINT('',#6092);
#6094=CARTESIAN_POINT('',(51.31278543,-32.368114681,31.206468377));
#6095=DIRECTION('',(-0.707106781,-0.707106781,-0.));
#6096=VECTOR('',#6095,0.707106781);
#6097=LINE('',#6094,#6096);
#6098=EDGE_CURVE('',#6093,#6085,#6097,.T.);
#6099=ORIENTED_EDGE('',*,*,#6098,.F.);
#6100=CARTESIAN_POINT('',(51.31278543,-31.96954088,31.206468377));
#6101=DIRECTION('',(0.,-1.,-0.));
#6102=VECTOR('',#6101,0.398573801);
#6103=LINE('',#6100,#6102);
#6104=EDGE_CURVE('',#6061,#6093,#6103,.T.);
#6105=ORIENTED_EDGE('',*,*,#6104,.F.);
#6106=EDGE_LOOP('',(#6067,#6068,#6075,#6076,#6082,#6083,#6091,#6099,#6105));
#6107=FACE_BOUND('',#6106,.T.);
#6108=ADVANCED_FACE('',(#6107),#6059,.T.);
#6109=CARTESIAN_POINT('',(50.61278543,-26.868114681,28.806468377));
#6110=DIRECTION('',(0.,-0.,1.));
#6111=DIRECTION('',(0.,-1.,-0.));
#6112=AXIS2_PLACEMENT_3D('',#6109,#6110,#6111);
#6113=PLANE('',#6112);
#6114=ORIENTED_EDGE('',*,*,#5909,.F.);
#6115=ORIENTED_EDGE('',*,*,#865,.F.);
#6116=ORIENTED_EDGE('',*,*,#1810,.T.);
#6117=CARTESIAN_POINT('',(50.71278543,-30.868114681,28.806468377));
#6118=VERTEX_POINT('',#6117);
#6119=CARTESIAN_POINT('',(50.91278543,-30.868114681,28.806468377));
#6120=DIRECTION('',(0.,-0.,1.));
#6121=DIRECTION('',(0.,-1.,-0.));
#6122=AXIS2_PLACEMENT_3D('',#6119,#6120,#6121);
#6123=CIRCLE('',#6122,0.2);
#6124=EDGE_CURVE('',#1799,#6118,#6123,.T.);
#6125=ORIENTED_EDGE('',*,*,#6124,.T.);
#6126=CARTESIAN_POINT('',(50.71278543,-31.867845965,28.806468377));
#6127=VERTEX_POINT('',#6126);
#6128=CARTESIAN_POINT('',(50.71278543,-30.868114681,28.806468377));
#6129=DIRECTION('',(0.,-1.,-0.));
#6130=VECTOR('',#6129,0.999731283);
#6131=LINE('',#6128,#6130);
#6132=EDGE_CURVE('',#6118,#6127,#6131,.T.);
#6133=ORIENTED_EDGE('',*,*,#6132,.T.);
#6134=CARTESIAN_POINT('',(50.31278543,-31.800049354,28.806468377));
#6135=VERTEX_POINT('',#6134);
#6136=CARTESIAN_POINT('',(50.71278543,-31.867845965,28.806468377));
#6137=DIRECTION('',(-0.985938558,0.16710823,0.));
#6138=VECTOR('',#6137,0.405704795);
#6139=LINE('',#6136,#6138);
#6140=EDGE_CURVE('',#6127,#6135,#6139,.T.);
#6141=ORIENTED_EDGE('',*,*,#6140,.T.);
#6142=CARTESIAN_POINT('',(50.31278543,-32.868114681,28.806468377));
#6143=VERTEX_POINT('',#6142);
#6144=CARTESIAN_POINT('',(50.31278543,-31.800049354,28.806468377));
#6145=DIRECTION('',(0.,-1.,-0.));
#6146=VECTOR('',#6145,1.068065327);
#6147=LINE('',#6144,#6146);
#6148=EDGE_CURVE('',#6135,#6143,#6147,.T.);
#6149=ORIENTED_EDGE('',*,*,#6148,.T.);
#6150=CARTESIAN_POINT('',(50.31278543,-32.868114681,28.806468377));
#6151=DIRECTION('',(-1.,-0.,0.));
#6152=VECTOR('',#6151,0.435);
#6153=LINE('',#6150,#6152);
#6154=EDGE_CURVE('',#6143,#5904,#6153,.T.);
#6155=ORIENTED_EDGE('',*,*,#6154,.T.);
#6156=EDGE_LOOP('',(#6114,#6115,#6116,#6125,#6133,#6141,#6149,#6155));
#6157=FACE_BOUND('',#6156,.T.);
#6158=ADVANCED_FACE('',(#6157),#6113,.F.);
#6159=CARTESIAN_POINT('',(50.71278543,-24.868114681,82.706468377));
#6160=DIRECTION('',(-1.,-0.,-0.));
#6161=DIRECTION('',(0.,0.,-1.));
#6162=AXIS2_PLACEMENT_3D('',#6159,#6160,#6161);
#6163=PLANE('',#6162);
#6164=CARTESIAN_POINT('',(50.71278543,-31.867845965,29.606468377));
#6165=DIRECTION('',(0.,-0.,-1.));
#6166=VECTOR('',#6165,0.8);
#6167=LINE('',#6164,#6166);
#6168=EDGE_CURVE('',#3141,#6127,#6167,.T.);
#6169=ORIENTED_EDGE('',*,*,#6168,.T.);
#6170=ORIENTED_EDGE('',*,*,#6132,.F.);
#6171=CARTESIAN_POINT('',(50.71278543,-30.868114681,28.806468377));
#6172=DIRECTION('',(-0.,-0.,1.));
#6173=VECTOR('',#6172,0.8);
#6174=LINE('',#6171,#6173);
#6175=EDGE_CURVE('',#6118,#3149,#6174,.T.);
#6176=ORIENTED_EDGE('',*,*,#6175,.T.);
#6177=ORIENTED_EDGE('',*,*,#3154,.T.);
#6178=EDGE_LOOP('',(#6169,#6170,#6176,#6177));
#6179=FACE_BOUND('',#6178,.T.);
#6180=ADVANCED_FACE('',(#6179),#6163,.F.);
#6181=CARTESIAN_POINT('',(103.425570859,-32.868114681,70.27563589));
#6182=DIRECTION('',(-0.,1.,0.));
#6183=DIRECTION('',(-0.,0.,-1.));
#6184=AXIS2_PLACEMENT_3D('',#6181,#6182,#6183);
#6185=PLANE('',#6184);
#6186=ORIENTED_EDGE('',*,*,#6090,.F.);
#6187=ORIENTED_EDGE('',*,*,#5891,.T.);
#6188=ORIENTED_EDGE('',*,*,#3128,.F.);
#6189=CARTESIAN_POINT('',(50.31278543,-32.868114681,30.406468377));
#6190=DIRECTION('',(-0.,0.,-1.));
#6191=VECTOR('',#6190,0.8);
#6192=LINE('',#6189,#6191);
#6193=EDGE_CURVE('',#3117,#3174,#6192,.T.);
#6194=ORIENTED_EDGE('',*,*,#6193,.T.);
#6195=ORIENTED_EDGE('',*,*,#3179,.T.);
#6196=ORIENTED_EDGE('',*,*,#5915,.T.);
#6197=ORIENTED_EDGE('',*,*,#6154,.F.);
#6198=CARTESIAN_POINT('',(50.31278543,-32.868114681,28.806468377));
#6199=DIRECTION('',(-0.,0.,-1.));
#6200=VECTOR('',#6199,0.8);
#6201=LINE('',#6198,#6200);
#6202=EDGE_CURVE('',#6143,#3060,#6201,.T.);
#6203=ORIENTED_EDGE('',*,*,#6202,.T.);
#6204=ORIENTED_EDGE('',*,*,#3065,.T.);
#6205=ORIENTED_EDGE('',*,*,#5970,.T.);
#6206=ORIENTED_EDGE('',*,*,#6019,.T.);
#6207=CARTESIAN_POINT('',(50.81278543,-32.868114681,31.206468377));
#6208=DIRECTION('',(-0.,0.,-1.));
#6209=VECTOR('',#6208,4.);
#6210=LINE('',#6207,#6209);
#6211=EDGE_CURVE('',#6085,#6008,#6210,.T.);
#6212=ORIENTED_EDGE('',*,*,#6211,.F.);
#6213=EDGE_LOOP('',(#6186,#6187,#6188,#6194,#6195,#6196,#6197,#6203,#6204,#6205,#6206,#6212));
#6214=FACE_BOUND('',#6213,.T.);
#6215=ADVANCED_FACE('',(#6214),#6185,.F.);
#6216=CARTESIAN_POINT('',(106.095047637,-41.254670068,70.27563589));
#6217=DIRECTION('',(-0.16710823,-0.985938558,0.));
#6218=DIRECTION('',(0.985938558,-0.16710823,0.));
#6219=AXIS2_PLACEMENT_3D('',#6216,#6217,#6218);
#6220=PLANE('',#6219);
#6221=ORIENTED_EDGE('',*,*,#3114,.T.);
#6222=ORIENTED_EDGE('',*,*,#6035,.T.);
#6223=ORIENTED_EDGE('',*,*,#6066,.F.);
#6224=CARTESIAN_POINT('',(51.31278543,-31.96954088,27.206468377));
#6225=DIRECTION('',(-0.,0.,1.));
#6226=VECTOR('',#6225,4.);
#6227=LINE('',#6224,#6226);
#6228=EDGE_CURVE('',#5992,#6061,#6227,.T.);
#6229=ORIENTED_EDGE('',*,*,#6228,.F.);
#6230=ORIENTED_EDGE('',*,*,#5997,.F.);
#6231=ORIENTED_EDGE('',*,*,#5931,.F.);
#6232=ORIENTED_EDGE('',*,*,#3032,.F.);
#6233=CARTESIAN_POINT('',(50.31278543,-31.800049354,28.806468377));
#6234=DIRECTION('',(0.,-0.,-1.));
#6235=VECTOR('',#6234,0.8);
#6236=LINE('',#6233,#6235);
#6237=EDGE_CURVE('',#6135,#3025,#6236,.T.);
#6238=ORIENTED_EDGE('',*,*,#6237,.F.);
#6239=ORIENTED_EDGE('',*,*,#6140,.F.);
#6240=ORIENTED_EDGE('',*,*,#6168,.F.);
#6241=ORIENTED_EDGE('',*,*,#3146,.F.);
#6242=CARTESIAN_POINT('',(50.31278543,-31.800049354,30.406468377));
#6243=DIRECTION('',(0.,-0.,-1.));
#6244=VECTOR('',#6243,0.8);
#6245=LINE('',#6242,#6244);
#6246=EDGE_CURVE('',#3109,#3139,#6245,.T.);
#6247=ORIENTED_EDGE('',*,*,#6246,.F.);
#6248=EDGE_LOOP('',(#6221,#6222,#6223,#6229,#6230,#6231,#6232,#6238,#6239,#6240,#6241,#6247));
#6249=FACE_BOUND('',#6248,.T.);
#6250=ADVANCED_FACE('',(#6249),#6220,.F.);
#6251=CARTESIAN_POINT('',(51.31278543,-31.868114681,29.206468377));
#6252=DIRECTION('',(-1.,-0.,0.));
#6253=DIRECTION('',(0.,-1.,-0.));
#6254=AXIS2_PLACEMENT_3D('',#6251,#6252,#6253);
#6255=PLANE('',#6254);
#6256=ORIENTED_EDGE('',*,*,#6005,.F.);
#6257=ORIENTED_EDGE('',*,*,#6228,.T.);
#6258=ORIENTED_EDGE('',*,*,#6104,.T.);
#6259=CARTESIAN_POINT('',(51.31278543,-32.368114681,27.206468377));
#6260=DIRECTION('',(0.,-0.,1.));
#6261=VECTOR('',#6260,4.);
#6262=LINE('',#6259,#6261);
#6263=EDGE_CURVE('',#6000,#6093,#6262,.T.);
#6264=ORIENTED_EDGE('',*,*,#6263,.F.);
#6265=EDGE_LOOP('',(#6256,#6257,#6258,#6264));
#6266=FACE_BOUND('',#6265,.T.);
#6267=ADVANCED_FACE('',(#6266),#6255,.F.);
#6268=CARTESIAN_POINT('',(50.31278543,-55.824583058,70.27563589));
#6269=DIRECTION('',(-1.,-0.,0.));
#6270=DIRECTION('',(-0.,0.,-1.));
#6271=AXIS2_PLACEMENT_3D('',#6268,#6269,#6270);
#6272=PLANE('',#6271);
#6273=ORIENTED_EDGE('',*,*,#6237,.T.);
#6274=ORIENTED_EDGE('',*,*,#3071,.T.);
#6275=ORIENTED_EDGE('',*,*,#6202,.F.);
#6276=ORIENTED_EDGE('',*,*,#6148,.F.);
#6277=EDGE_LOOP('',(#6273,#6274,#6275,#6276));
#6278=FACE_BOUND('',#6277,.T.);
#6279=ADVANCED_FACE('',(#6278),#6272,.T.);
#6280=CARTESIAN_POINT('',(50.31278543,-55.824583058,70.27563589));
#6281=DIRECTION('',(-1.,-0.,0.));
#6282=DIRECTION('',(-0.,0.,-1.));
#6283=AXIS2_PLACEMENT_3D('',#6280,#6281,#6282);
#6284=PLANE('',#6283);
#6285=ORIENTED_EDGE('',*,*,#6246,.T.);
#6286=ORIENTED_EDGE('',*,*,#3185,.T.);
#6287=ORIENTED_EDGE('',*,*,#6193,.F.);
#6288=ORIENTED_EDGE('',*,*,#3122,.F.);
#6289=EDGE_LOOP('',(#6285,#6286,#6287,#6288));
#6290=FACE_BOUND('',#6289,.T.);
#6291=ADVANCED_FACE('',(#6290),#6284,.T.);
#6292=CARTESIAN_POINT('',(51.31278543,-32.368114681,29.206468377));
#6293=DIRECTION('',(-0.707106781,0.707106781,0.));
#6294=DIRECTION('',(-0.,-0.,1.));
#6295=AXIS2_PLACEMENT_3D('',#6292,#6293,#6294);
#6296=PLANE('',#6295);
#6297=ORIENTED_EDGE('',*,*,#6013,.T.);
#6298=ORIENTED_EDGE('',*,*,#6263,.T.);
#6299=ORIENTED_EDGE('',*,*,#6098,.T.);
#6300=ORIENTED_EDGE('',*,*,#6211,.T.);
#6301=EDGE_LOOP('',(#6297,#6298,#6299,#6300));
#6302=FACE_BOUND('',#6301,.T.);
#6303=ADVANCED_FACE('',(#6302),#6296,.F.);
#6304=CARTESIAN_POINT('',(3.806317053,-42.660958418,17.723125852));
#6305=DIRECTION('',(-0.,-0.074789948,0.99719931));
#6306=DIRECTION('',(0.,0.99719931,0.074789948));
#6307=AXIS2_PLACEMENT_3D('',#6304,#6305,#6306);
#6308=PLANE('',#6307);
#6309=CARTESIAN_POINT('',(27.51278543,-32.868114681,18.457589132));
#6310=VERTEX_POINT('',#6309);
#6311=CARTESIAN_POINT('',(27.51278543,-30.668114681,18.622589132));
#6312=DIRECTION('',(-0.,-0.99719931,-0.074789948));
#6313=VECTOR('',#6312,2.206178823);
#6314=LINE('',#6311,#6313);
#6315=EDGE_CURVE('',#1373,#6310,#6314,.T.);
#6316=ORIENTED_EDGE('',*,*,#6315,.F.);
#6317=ORIENTED_EDGE('',*,*,#1378,.T.);
#6318=CARTESIAN_POINT('',(26.71278543,-32.868114681,18.457589132));
#6319=VERTEX_POINT('',#6318);
#6320=CARTESIAN_POINT('',(26.71278543,-30.668114681,18.622589132));
#6321=DIRECTION('',(-0.,-0.99719931,-0.074789948));
#6322=VECTOR('',#6321,2.206178823);
#6323=LINE('',#6320,#6322);
#6324=EDGE_CURVE('',#1365,#6319,#6323,.T.);
#6325=ORIENTED_EDGE('',*,*,#6324,.T.);
#6326=CARTESIAN_POINT('',(27.51278543,-32.868114681,18.457589132));
#6327=DIRECTION('',(-1.,0.,-0.));
#6328=VECTOR('',#6327,0.8);
#6329=LINE('',#6326,#6328);
#6330=EDGE_CURVE('',#6310,#6319,#6329,.T.);
#6331=ORIENTED_EDGE('',*,*,#6330,.F.);
#6332=EDGE_LOOP('',(#6316,#6317,#6325,#6331));
#6333=FACE_BOUND('',#6332,.T.);
#6334=ADVANCED_FACE('',(#6333),#6308,.T.);
#6335=CARTESIAN_POINT('',(3.806317053,-42.660958418,17.723125852));
#6336=DIRECTION('',(-0.,-0.074789948,0.99719931));
#6337=DIRECTION('',(0.,0.99719931,0.074789948));
#6338=AXIS2_PLACEMENT_3D('',#6335,#6336,#6337);
#6339=PLANE('',#6338);
#6340=CARTESIAN_POINT('',(25.91278543,-32.868114681,18.457589132));
#6341=VERTEX_POINT('',#6340);
#6342=CARTESIAN_POINT('',(25.91278543,-30.668114681,18.622589132));
#6343=DIRECTION('',(-0.,-0.99719931,-0.074789948));
#6344=VECTOR('',#6343,2.206178823);
#6345=LINE('',#6342,#6344);
#6346=EDGE_CURVE('',#1221,#6341,#6345,.T.);
#6347=ORIENTED_EDGE('',*,*,#6346,.F.);
#6348=ORIENTED_EDGE('',*,*,#1248,.T.);
#6349=CARTESIAN_POINT('',(25.11278543,-32.868114681,18.457589132));
#6350=VERTEX_POINT('',#6349);
#6351=CARTESIAN_POINT('',(25.11278543,-30.668114681,18.622589132));
#6352=DIRECTION('',(-0.,-0.99719931,-0.074789948));
#6353=VECTOR('',#6352,2.206178823);
#6354=LINE('',#6351,#6353);
#6355=EDGE_CURVE('',#1237,#6350,#6354,.T.);
#6356=ORIENTED_EDGE('',*,*,#6355,.T.);
#6357=CARTESIAN_POINT('',(25.91278543,-32.868114681,18.457589132));
#6358=DIRECTION('',(-1.,0.,-0.));
#6359=VECTOR('',#6358,0.8);
#6360=LINE('',#6357,#6359);
#6361=EDGE_CURVE('',#6341,#6350,#6360,.T.);
#6362=ORIENTED_EDGE('',*,*,#6361,.F.);
#6363=EDGE_LOOP('',(#6347,#6348,#6356,#6362));
#6364=FACE_BOUND('',#6363,.T.);
#6365=ADVANCED_FACE('',(#6364),#6339,.T.);
#6366=CARTESIAN_POINT('',(22.91278543,-26.868114681,17.45646571));
#6367=DIRECTION('',(-0.,0.,1.));
#6368=DIRECTION('',(-0.,-1.,0.));
#6369=AXIS2_PLACEMENT_3D('',#6366,#6367,#6368);
#6370=PLANE('',#6369);
#6371=CARTESIAN_POINT('',(23.51278543,-30.868114681,17.45646571));
#6372=VERTEX_POINT('',#6371);
#6373=CARTESIAN_POINT('',(23.51278543,-31.884795117,17.45646571));
#6374=VERTEX_POINT('',#6373);
#6375=CARTESIAN_POINT('',(23.51278543,-30.868114681,17.45646571));
#6376=DIRECTION('',(-0.,-1.,0.));
#6377=VECTOR('',#6376,1.016680436);
#6378=LINE('',#6375,#6377);
#6379=EDGE_CURVE('',#6372,#6374,#6378,.T.);
#6380=ORIENTED_EDGE('',*,*,#6379,.F.);
#6381=CARTESIAN_POINT('',(24.31278543,-30.868114681,17.45646571));
#6382=VERTEX_POINT('',#6381);
#6383=CARTESIAN_POINT('',(23.51278543,-30.868114681,17.45646571));
#6384=DIRECTION('',(1.,0.,0.));
#6385=VECTOR('',#6384,0.8);
#6386=LINE('',#6383,#6385);
#6387=EDGE_CURVE('',#6372,#6382,#6386,.T.);
#6388=ORIENTED_EDGE('',*,*,#6387,.T.);
#6389=CARTESIAN_POINT('',(24.31278543,-31.884795117,17.45646571));
#6390=VERTEX_POINT('',#6389);
#6391=CARTESIAN_POINT('',(24.31278543,-30.868114681,17.45646571));
#6392=DIRECTION('',(-0.,-1.,0.));
#6393=VECTOR('',#6392,1.016680436);
#6394=LINE('',#6391,#6393);
#6395=EDGE_CURVE('',#6382,#6390,#6394,.T.);
#6396=ORIENTED_EDGE('',*,*,#6395,.T.);
#6397=CARTESIAN_POINT('',(24.31278543,-31.884795117,17.45646571));
#6398=DIRECTION('',(-1.,0.,-0.));
#6399=VECTOR('',#6398,0.8);
#6400=LINE('',#6397,#6399);
#6401=EDGE_CURVE('',#6390,#6374,#6400,.T.);
#6402=ORIENTED_EDGE('',*,*,#6401,.T.);
#6403=EDGE_LOOP('',(#6380,#6388,#6396,#6402));
#6404=FACE_BOUND('',#6403,.T.);
#6405=ADVANCED_FACE('',(#6404),#6370,.F.);
#6406=CARTESIAN_POINT('',(24.31278543,-30.768114681,17.24646571));
#6407=DIRECTION('',(1.,-0.,0.));
#6408=DIRECTION('',(-0.,0.,1.));
#6409=AXIS2_PLACEMENT_3D('',#6406,#6407,#6408);
#6410=PLANE('',#6409);
#6411=ORIENTED_EDGE('',*,*,#6395,.F.);
#6412=CARTESIAN_POINT('',(24.31278543,-30.868114681,17.25646571));
#6413=DIRECTION('',(-1.,0.,-0.));
#6414=DIRECTION('',(0.,1.,0.));
#6415=AXIS2_PLACEMENT_3D('',#6412,#6413,#6414);
#6416=CIRCLE('',#6415,0.2);
#6417=EDGE_CURVE('',#6382,#1185,#6416,.T.);
#6418=ORIENTED_EDGE('',*,*,#6417,.T.);
#6419=ORIENTED_EDGE('',*,*,#1192,.T.);
#6420=CARTESIAN_POINT('',(24.31278543,-32.868114681,18.457589132));
#6421=VERTEX_POINT('',#6420);
#6422=CARTESIAN_POINT('',(24.31278543,-30.668114681,18.622589132));
#6423=DIRECTION('',(-0.,-0.99719931,-0.074789948));
#6424=VECTOR('',#6423,2.206178823);
#6425=LINE('',#6422,#6424);
#6426=EDGE_CURVE('',#1187,#6421,#6425,.T.);
#6427=ORIENTED_EDGE('',*,*,#6426,.T.);
#6428=CARTESIAN_POINT('',(24.31278543,-32.868114681,17.95646571));
#6429=VERTEX_POINT('',#6428);
#6430=CARTESIAN_POINT('',(24.31278543,-32.868114681,17.95646571));
#6431=DIRECTION('',(-0.,0.,1.));
#6432=VECTOR('',#6431,0.501123422);
#6433=LINE('',#6430,#6432);
#6434=EDGE_CURVE('',#6429,#6421,#6433,.T.);
#6435=ORIENTED_EDGE('',*,*,#6434,.F.);
#6436=CARTESIAN_POINT('',(24.31278543,-31.800049354,17.95646571));
#6437=VERTEX_POINT('',#6436);
#6438=CARTESIAN_POINT('',(24.31278543,-31.800049354,17.95646571));
#6439=DIRECTION('',(-0.,-1.,0.));
#6440=VECTOR('',#6439,1.068065327);
#6441=LINE('',#6438,#6440);
#6442=EDGE_CURVE('',#6437,#6429,#6441,.T.);
#6443=ORIENTED_EDGE('',*,*,#6442,.F.);
#6444=CARTESIAN_POINT('',(24.31278543,-31.800049354,17.95646571));
#6445=DIRECTION('',(0.,-0.16710823,-0.985938558));
#6446=VECTOR('',#6445,0.507130993);
#6447=LINE('',#6444,#6446);
#6448=EDGE_CURVE('',#6437,#6390,#6447,.T.);
#6449=ORIENTED_EDGE('',*,*,#6448,.T.);
#6450=EDGE_LOOP('',(#6411,#6418,#6419,#6427,#6435,#6443,#6449));
#6451=FACE_BOUND('',#6450,.T.);
#6452=ADVANCED_FACE('',(#6451),#6410,.T.);
#6453=CARTESIAN_POINT('',(3.806317053,-42.660958418,17.723125852));
#6454=DIRECTION('',(-0.,-0.074789948,0.99719931));
#6455=DIRECTION('',(0.,0.99719931,0.074789948));
#6456=AXIS2_PLACEMENT_3D('',#6453,#6454,#6455);
#6457=PLANE('',#6456);
#6458=ORIENTED_EDGE('',*,*,#6426,.F.);
#6459=ORIENTED_EDGE('',*,*,#1214,.T.);
#6460=CARTESIAN_POINT('',(23.51278543,-32.868114681,18.457589132));
#6461=VERTEX_POINT('',#6460);
#6462=CARTESIAN_POINT('',(23.51278543,-30.668114681,18.622589132));
#6463=DIRECTION('',(-0.,-0.99719931,-0.074789948));
#6464=VECTOR('',#6463,2.206178823);
#6465=LINE('',#6462,#6464);
#6466=EDGE_CURVE('',#1203,#6461,#6465,.T.);
#6467=ORIENTED_EDGE('',*,*,#6466,.T.);
#6468=CARTESIAN_POINT('',(24.31278543,-32.868114681,18.457589132));
#6469=DIRECTION('',(-1.,0.,-0.));
#6470=VECTOR('',#6469,0.8);
#6471=LINE('',#6468,#6470);
#6472=EDGE_CURVE('',#6421,#6461,#6471,.T.);
#6473=ORIENTED_EDGE('',*,*,#6472,.F.);
#6474=EDGE_LOOP('',(#6458,#6459,#6467,#6473));
#6475=FACE_BOUND('',#6474,.T.);
#6476=ADVANCED_FACE('',(#6475),#6457,.T.);
#6477=CARTESIAN_POINT('',(23.51278543,-26.868114681,17.65646571));
#6478=DIRECTION('',(1.,-0.,0.));
#6479=DIRECTION('',(-0.,-1.,0.));
#6480=AXIS2_PLACEMENT_3D('',#6477,#6478,#6479);
#6481=PLANE('',#6480);
#6482=ORIENTED_EDGE('',*,*,#6466,.F.);
#6483=ORIENTED_EDGE('',*,*,#1208,.T.);
#6484=CARTESIAN_POINT('',(23.51278543,-30.868114681,17.25646571));
#6485=DIRECTION('',(1.,-0.,0.));
#6486=DIRECTION('',(0.,1.,0.));
#6487=AXIS2_PLACEMENT_3D('',#6484,#6485,#6486);
#6488=CIRCLE('',#6487,0.2);
#6489=EDGE_CURVE('',#1195,#6372,#6488,.T.);
#6490=ORIENTED_EDGE('',*,*,#6489,.T.);
#6491=ORIENTED_EDGE('',*,*,#6379,.T.);
#6492=CARTESIAN_POINT('',(23.51278543,-31.96954088,16.95646571));
#6493=VERTEX_POINT('',#6492);
#6494=CARTESIAN_POINT('',(23.51278543,-31.884795117,17.45646571));
#6495=DIRECTION('',(0.,-0.16710823,-0.985938558));
#6496=VECTOR('',#6495,0.507130993);
#6497=LINE('',#6494,#6496);
#6498=EDGE_CURVE('',#6374,#6493,#6497,.T.);
#6499=ORIENTED_EDGE('',*,*,#6498,.T.);
#6500=CARTESIAN_POINT('',(23.51278543,-32.368114681,16.95646571));
#6501=VERTEX_POINT('',#6500);
#6502=CARTESIAN_POINT('',(23.51278543,-31.96954088,16.95646571));
#6503=DIRECTION('',(-0.,-1.,0.));
#6504=VECTOR('',#6503,0.398573801);
#6505=LINE('',#6502,#6504);
#6506=EDGE_CURVE('',#6493,#6501,#6505,.T.);
#6507=ORIENTED_EDGE('',*,*,#6506,.T.);
#6508=CARTESIAN_POINT('',(23.51278543,-32.868114681,17.45646571));
#6509=VERTEX_POINT('',#6508);
#6510=CARTESIAN_POINT('',(23.51278543,-32.868114681,17.45646571));
#6511=DIRECTION('',(0.,0.707106781,-0.707106781));
#6512=VECTOR('',#6511,0.707106781);
#6513=LINE('',#6510,#6512);
#6514=EDGE_CURVE('',#6509,#6501,#6513,.T.);
#6515=ORIENTED_EDGE('',*,*,#6514,.F.);
#6516=CARTESIAN_POINT('',(23.51278543,-32.868114681,18.457589132));
#6517=DIRECTION('',(0.,-0.,-1.));
#6518=VECTOR('',#6517,1.001123422);
#6519=LINE('',#6516,#6518);
#6520=EDGE_CURVE('',#6461,#6509,#6519,.T.);
#6521=ORIENTED_EDGE('',*,*,#6520,.F.);
#6522=EDGE_LOOP('',(#6482,#6483,#6490,#6491,#6499,#6507,#6515,#6521));
#6523=FACE_BOUND('',#6522,.T.);
#6524=ADVANCED_FACE('',(#6523),#6481,.F.);
#6525=CARTESIAN_POINT('',(26.71278543,-30.768114681,17.24646571));
#6526=DIRECTION('',(-1.,0.,-0.));
#6527=DIRECTION('',(0.,-0.,-1.));
#6528=AXIS2_PLACEMENT_3D('',#6525,#6526,#6527);
#6529=PLANE('',#6528);
#6530=ORIENTED_EDGE('',*,*,#1370,.F.);
#6531=CARTESIAN_POINT('',(26.71278543,-30.868114681,17.45646571));
#6532=VERTEX_POINT('',#6531);
#6533=CARTESIAN_POINT('',(26.71278543,-30.868114681,17.25646571));
#6534=DIRECTION('',(1.,-0.,0.));
#6535=DIRECTION('',(-0.,-1.,0.));
#6536=AXIS2_PLACEMENT_3D('',#6533,#6534,#6535);
#6537=CIRCLE('',#6536,0.2);
#6538=EDGE_CURVE('',#1357,#6532,#6537,.T.);
#6539=ORIENTED_EDGE('',*,*,#6538,.T.);
#6540=CARTESIAN_POINT('',(26.71278543,-31.884795117,17.45646571));
#6541=VERTEX_POINT('',#6540);
#6542=CARTESIAN_POINT('',(26.71278543,-30.868114681,17.45646571));
#6543=DIRECTION('',(-0.,-1.,0.));
#6544=VECTOR('',#6543,1.016680436);
#6545=LINE('',#6542,#6544);
#6546=EDGE_CURVE('',#6532,#6541,#6545,.T.);
#6547=ORIENTED_EDGE('',*,*,#6546,.T.);
#6548=CARTESIAN_POINT('',(26.71278543,-31.800049354,17.95646571));
#6549=VERTEX_POINT('',#6548);
#6550=CARTESIAN_POINT('',(26.71278543,-31.800049354,17.95646571));
#6551=DIRECTION('',(0.,-0.16710823,-0.985938558));
#6552=VECTOR('',#6551,0.507130993);
#6553=LINE('',#6550,#6552);
#6554=EDGE_CURVE('',#6549,#6541,#6553,.T.);
#6555=ORIENTED_EDGE('',*,*,#6554,.F.);
#6556=CARTESIAN_POINT('',(26.71278543,-32.868114681,17.95646571));
#6557=VERTEX_POINT('',#6556);
#6558=CARTESIAN_POINT('',(26.71278543,-31.800049354,17.95646571));
#6559=DIRECTION('',(-0.,-1.,0.));
#6560=VECTOR('',#6559,1.068065327);
#6561=LINE('',#6558,#6560);
#6562=EDGE_CURVE('',#6549,#6557,#6561,.T.);
#6563=ORIENTED_EDGE('',*,*,#6562,.T.);
#6564=CARTESIAN_POINT('',(26.71278543,-32.868114681,17.95646571));
#6565=DIRECTION('',(-0.,0.,1.));
#6566=VECTOR('',#6565,0.501123422);
#6567=LINE('',#6564,#6566);
#6568=EDGE_CURVE('',#6557,#6319,#6567,.T.);
#6569=ORIENTED_EDGE('',*,*,#6568,.T.);
#6570=ORIENTED_EDGE('',*,*,#6324,.F.);
#6571=EDGE_LOOP('',(#6530,#6539,#6547,#6555,#6563,#6569,#6570));
#6572=FACE_BOUND('',#6571,.T.);
#6573=ADVANCED_FACE('',(#6572),#6529,.T.);
#6574=CARTESIAN_POINT('',(28.11278543,-26.868114681,17.45646571));
#6575=DIRECTION('',(0.,-0.,-1.));
#6576=DIRECTION('',(0.,1.,-0.));
#6577=AXIS2_PLACEMENT_3D('',#6574,#6575,#6576);
#6578=PLANE('',#6577);
#6579=ORIENTED_EDGE('',*,*,#6546,.F.);
#6580=CARTESIAN_POINT('',(27.51278543,-30.868114681,17.45646571));
#6581=VERTEX_POINT('',#6580);
#6582=CARTESIAN_POINT('',(26.71278543,-30.868114681,17.45646571));
#6583=DIRECTION('',(1.,0.,0.));
#6584=VECTOR('',#6583,0.8);
#6585=LINE('',#6582,#6584);
#6586=EDGE_CURVE('',#6532,#6581,#6585,.T.);
#6587=ORIENTED_EDGE('',*,*,#6586,.T.);
#6588=CARTESIAN_POINT('',(27.51278543,-31.884795117,17.45646571));
#6589=VERTEX_POINT('',#6588);
#6590=CARTESIAN_POINT('',(27.51278543,-30.868114681,17.45646571));
#6591=DIRECTION('',(-0.,-1.,0.));
#6592=VECTOR('',#6591,1.016680436);
#6593=LINE('',#6590,#6592);
#6594=EDGE_CURVE('',#6581,#6589,#6593,.T.);
#6595=ORIENTED_EDGE('',*,*,#6594,.T.);
#6596=CARTESIAN_POINT('',(26.71278543,-31.884795117,17.45646571));
#6597=DIRECTION('',(1.,-0.,0.));
#6598=VECTOR('',#6597,0.8);
#6599=LINE('',#6596,#6598);
#6600=EDGE_CURVE('',#6541,#6589,#6599,.T.);
#6601=ORIENTED_EDGE('',*,*,#6600,.F.);
#6602=EDGE_LOOP('',(#6579,#6587,#6595,#6601));
#6603=FACE_BOUND('',#6602,.T.);
#6604=ADVANCED_FACE('',(#6603),#6578,.T.);
#6605=CARTESIAN_POINT('',(27.51278543,-26.868114681,17.65646571));
#6606=DIRECTION('',(1.,-0.,0.));
#6607=DIRECTION('',(-0.,-1.,0.));
#6608=AXIS2_PLACEMENT_3D('',#6605,#6606,#6607);
#6609=PLANE('',#6608);
#6610=ORIENTED_EDGE('',*,*,#1384,.F.);
#6611=ORIENTED_EDGE('',*,*,#6315,.T.);
#6612=CARTESIAN_POINT('',(27.51278543,-32.868114681,17.45646571));
#6613=VERTEX_POINT('',#6612);
#6614=CARTESIAN_POINT('',(27.51278543,-32.868114681,18.457589132));
#6615=DIRECTION('',(0.,-0.,-1.));
#6616=VECTOR('',#6615,1.001123422);
#6617=LINE('',#6614,#6616);
#6618=EDGE_CURVE('',#6310,#6613,#6617,.T.);
#6619=ORIENTED_EDGE('',*,*,#6618,.T.);
#6620=CARTESIAN_POINT('',(27.51278543,-32.368114681,16.95646571));
#6621=VERTEX_POINT('',#6620);
#6622=CARTESIAN_POINT('',(27.51278543,-32.368114681,16.95646571));
#6623=DIRECTION('',(-0.,-0.707106781,0.707106781));
#6624=VECTOR('',#6623,0.707106781);
#6625=LINE('',#6622,#6624);
#6626=EDGE_CURVE('',#6621,#6613,#6625,.T.);
#6627=ORIENTED_EDGE('',*,*,#6626,.F.);
#6628=CARTESIAN_POINT('',(27.51278543,-31.96954088,16.95646571));
#6629=VERTEX_POINT('',#6628);
#6630=CARTESIAN_POINT('',(27.51278543,-31.96954088,16.95646571));
#6631=DIRECTION('',(-0.,-1.,0.));
#6632=VECTOR('',#6631,0.398573801);
#6633=LINE('',#6630,#6632);
#6634=EDGE_CURVE('',#6629,#6621,#6633,.T.);
#6635=ORIENTED_EDGE('',*,*,#6634,.F.);
#6636=CARTESIAN_POINT('',(27.51278543,-31.96954088,16.95646571));
#6637=DIRECTION('',(-0.,0.16710823,0.985938558));
#6638=VECTOR('',#6637,0.507130993);
#6639=LINE('',#6636,#6638);
#6640=EDGE_CURVE('',#6629,#6589,#6639,.T.);
#6641=ORIENTED_EDGE('',*,*,#6640,.T.);
#6642=ORIENTED_EDGE('',*,*,#6594,.F.);
#6643=CARTESIAN_POINT('',(27.51278543,-30.868114681,17.25646571));
#6644=DIRECTION('',(-1.,0.,-0.));
#6645=DIRECTION('',(0.,1.,0.));
#6646=AXIS2_PLACEMENT_3D('',#6643,#6644,#6645);
#6647=CIRCLE('',#6646,0.2);
#6648=EDGE_CURVE('',#6581,#1355,#6647,.T.);
#6649=ORIENTED_EDGE('',*,*,#6648,.T.);
#6650=EDGE_LOOP('',(#6610,#6611,#6619,#6627,#6635,#6641,#6642,#6649));
#6651=FACE_BOUND('',#6650,.T.);
#6652=ADVANCED_FACE('',(#6651),#6609,.T.);
#6653=CARTESIAN_POINT('',(25.11278543,-26.868114681,17.65646571));
#6654=DIRECTION('',(1.,-0.,0.));
#6655=DIRECTION('',(-0.,-1.,0.));
#6656=AXIS2_PLACEMENT_3D('',#6653,#6654,#6655);
#6657=PLANE('',#6656);
#6658=ORIENTED_EDGE('',*,*,#6355,.F.);
#6659=ORIENTED_EDGE('',*,*,#1242,.T.);
#6660=CARTESIAN_POINT('',(25.11278543,-30.868114681,17.55646571));
#6661=VERTEX_POINT('',#6660);
#6662=CARTESIAN_POINT('',(25.11278543,-30.868114681,17.35646571));
#6663=DIRECTION('',(1.,-0.,0.));
#6664=DIRECTION('',(0.,1.,0.));
#6665=AXIS2_PLACEMENT_3D('',#6662,#6663,#6664);
#6666=CIRCLE('',#6665,0.2);
#6667=EDGE_CURVE('',#1229,#6661,#6666,.T.);
#6668=ORIENTED_EDGE('',*,*,#6667,.T.);
#6669=CARTESIAN_POINT('',(25.11278543,-31.867845965,17.55646571));
#6670=VERTEX_POINT('',#6669);
#6671=CARTESIAN_POINT('',(25.11278543,-30.868114681,17.55646571));
#6672=DIRECTION('',(-0.,-1.,0.));
#6673=VECTOR('',#6672,0.999731283);
#6674=LINE('',#6671,#6673);
#6675=EDGE_CURVE('',#6661,#6670,#6674,.T.);
#6676=ORIENTED_EDGE('',*,*,#6675,.T.);
#6677=CARTESIAN_POINT('',(25.11278543,-31.800049354,17.95646571));
#6678=VERTEX_POINT('',#6677);
#6679=CARTESIAN_POINT('',(25.11278543,-31.867845965,17.55646571));
#6680=DIRECTION('',(-0.,0.16710823,0.985938558));
#6681=VECTOR('',#6680,0.405704795);
#6682=LINE('',#6679,#6681);
#6683=EDGE_CURVE('',#6670,#6678,#6682,.T.);
#6684=ORIENTED_EDGE('',*,*,#6683,.T.);
#6685=CARTESIAN_POINT('',(25.11278543,-32.868114681,17.95646571));
#6686=VERTEX_POINT('',#6685);
#6687=CARTESIAN_POINT('',(25.11278543,-31.800049354,17.95646571));
#6688=DIRECTION('',(-0.,-1.,0.));
#6689=VECTOR('',#6688,1.068065327);
#6690=LINE('',#6687,#6689);
#6691=EDGE_CURVE('',#6678,#6686,#6690,.T.);
#6692=ORIENTED_EDGE('',*,*,#6691,.T.);
#6693=CARTESIAN_POINT('',(25.11278543,-32.868114681,17.95646571));
#6694=DIRECTION('',(-0.,0.,1.));
#6695=VECTOR('',#6694,0.501123422);
#6696=LINE('',#6693,#6695);
#6697=EDGE_CURVE('',#6686,#6350,#6696,.T.);
#6698=ORIENTED_EDGE('',*,*,#6697,.T.);
#6699=EDGE_LOOP('',(#6658,#6659,#6668,#6676,#6684,#6692,#6698));
#6700=FACE_BOUND('',#6699,.T.);
#6701=ADVANCED_FACE('',(#6700),#6657,.F.);
#6702=CARTESIAN_POINT('',(79.01278543,-24.868114681,17.55646571));
#6703=DIRECTION('',(-0.,0.,1.));
#6704=DIRECTION('',(-1.,0.,-0.));
#6705=AXIS2_PLACEMENT_3D('',#6702,#6703,#6704);
#6706=PLANE('',#6705);
#6707=ORIENTED_EDGE('',*,*,#6675,.F.);
#6708=CARTESIAN_POINT('',(25.91278543,-30.868114681,17.55646571));
#6709=VERTEX_POINT('',#6708);
#6710=CARTESIAN_POINT('',(25.11278543,-30.868114681,17.55646571));
#6711=DIRECTION('',(1.,0.,0.));
#6712=VECTOR('',#6711,0.8);
#6713=LINE('',#6710,#6712);
#6714=EDGE_CURVE('',#6661,#6709,#6713,.T.);
#6715=ORIENTED_EDGE('',*,*,#6714,.T.);
#6716=CARTESIAN_POINT('',(25.91278543,-31.867845965,17.55646571));
#6717=VERTEX_POINT('',#6716);
#6718=CARTESIAN_POINT('',(25.91278543,-30.868114681,17.55646571));
#6719=DIRECTION('',(-0.,-1.,0.));
#6720=VECTOR('',#6719,0.999731283);
#6721=LINE('',#6718,#6720);
#6722=EDGE_CURVE('',#6709,#6717,#6721,.T.);
#6723=ORIENTED_EDGE('',*,*,#6722,.T.);
#6724=CARTESIAN_POINT('',(25.91278543,-31.867845965,17.55646571));
#6725=DIRECTION('',(-1.,0.,-0.));
#6726=VECTOR('',#6725,0.8);
#6727=LINE('',#6724,#6726);
#6728=EDGE_CURVE('',#6717,#6670,#6727,.T.);
#6729=ORIENTED_EDGE('',*,*,#6728,.T.);
#6730=EDGE_LOOP('',(#6707,#6715,#6723,#6729));
#6731=FACE_BOUND('',#6730,.T.);
#6732=ADVANCED_FACE('',(#6731),#6706,.F.);
#6733=CARTESIAN_POINT('',(25.91278543,-26.868114681,17.65646571));
#6734=DIRECTION('',(-1.,0.,-0.));
#6735=DIRECTION('',(0.,1.,-0.));
#6736=AXIS2_PLACEMENT_3D('',#6733,#6734,#6735);
#6737=PLANE('',#6736);
#6738=ORIENTED_EDGE('',*,*,#6722,.F.);
#6739=CARTESIAN_POINT('',(25.91278543,-30.868114681,17.35646571));
#6740=DIRECTION('',(-1.,0.,-0.));
#6741=DIRECTION('',(-0.,-1.,0.));
#6742=AXIS2_PLACEMENT_3D('',#6739,#6740,#6741);
#6743=CIRCLE('',#6742,0.2);
#6744=EDGE_CURVE('',#6709,#1219,#6743,.T.);
#6745=ORIENTED_EDGE('',*,*,#6744,.T.);
#6746=ORIENTED_EDGE('',*,*,#1226,.T.);
#6747=ORIENTED_EDGE('',*,*,#6346,.T.);
#6748=CARTESIAN_POINT('',(25.91278543,-32.868114681,17.95646571));
#6749=VERTEX_POINT('',#6748);
#6750=CARTESIAN_POINT('',(25.91278543,-32.868114681,17.95646571));
#6751=DIRECTION('',(-0.,0.,1.));
#6752=VECTOR('',#6751,0.501123422);
#6753=LINE('',#6750,#6752);
#6754=EDGE_CURVE('',#6749,#6341,#6753,.T.);
#6755=ORIENTED_EDGE('',*,*,#6754,.F.);
#6756=CARTESIAN_POINT('',(25.91278543,-31.800049354,17.95646571));
#6757=VERTEX_POINT('',#6756);
#6758=CARTESIAN_POINT('',(25.91278543,-31.800049354,17.95646571));
#6759=DIRECTION('',(-0.,-1.,0.));
#6760=VECTOR('',#6759,1.068065327);
#6761=LINE('',#6758,#6760);
#6762=EDGE_CURVE('',#6757,#6749,#6761,.T.);
#6763=ORIENTED_EDGE('',*,*,#6762,.F.);
#6764=CARTESIAN_POINT('',(25.91278543,-31.800049354,17.95646571));
#6765=DIRECTION('',(0.,-0.16710823,-0.985938558));
#6766=VECTOR('',#6765,0.405704795);
#6767=LINE('',#6764,#6766);
#6768=EDGE_CURVE('',#6757,#6717,#6767,.T.);
#6769=ORIENTED_EDGE('',*,*,#6768,.T.);
#6770=EDGE_LOOP('',(#6738,#6745,#6746,#6747,#6755,#6763,#6769));
#6771=FACE_BOUND('',#6770,.T.);
#6772=ADVANCED_FACE('',(#6771),#6737,.F.);
#6773=CARTESIAN_POINT('',(66.581952943,-32.868114681,-35.15631972));
#6774=DIRECTION('',(0.,1.,-0.));
#6775=DIRECTION('',(-1.,0.,-0.));
#6776=AXIS2_PLACEMENT_3D('',#6773,#6774,#6775);
#6777=PLANE('',#6776);
#6778=ORIENTED_EDGE('',*,*,#6618,.F.);
#6779=ORIENTED_EDGE('',*,*,#6330,.T.);
#6780=ORIENTED_EDGE('',*,*,#6568,.F.);
#6781=CARTESIAN_POINT('',(26.71278543,-32.868114681,17.95646571));
#6782=DIRECTION('',(-1.,0.,-0.));
#6783=VECTOR('',#6782,0.8);
#6784=LINE('',#6781,#6783);
#6785=EDGE_CURVE('',#6557,#6749,#6784,.T.);
#6786=ORIENTED_EDGE('',*,*,#6785,.T.);
#6787=ORIENTED_EDGE('',*,*,#6754,.T.);
#6788=ORIENTED_EDGE('',*,*,#6361,.T.);
#6789=ORIENTED_EDGE('',*,*,#6697,.F.);
#6790=CARTESIAN_POINT('',(25.11278543,-32.868114681,17.95646571));
#6791=DIRECTION('',(-1.,0.,-0.));
#6792=VECTOR('',#6791,0.8);
#6793=LINE('',#6790,#6792);
#6794=EDGE_CURVE('',#6686,#6429,#6793,.T.);
#6795=ORIENTED_EDGE('',*,*,#6794,.T.);
#6796=ORIENTED_EDGE('',*,*,#6434,.T.);
#6797=ORIENTED_EDGE('',*,*,#6472,.T.);
#6798=ORIENTED_EDGE('',*,*,#6520,.T.);
#6799=CARTESIAN_POINT('',(27.51278543,-32.868114681,17.45646571));
#6800=DIRECTION('',(-1.,0.,-0.));
#6801=VECTOR('',#6800,4.);
#6802=LINE('',#6799,#6801);
#6803=EDGE_CURVE('',#6613,#6509,#6802,.T.);
#6804=ORIENTED_EDGE('',*,*,#6803,.F.);
#6805=EDGE_LOOP('',(#6778,#6779,#6780,#6786,#6787,#6788,#6789,#6795,#6796,#6797,#6798,#6804));
#6806=FACE_BOUND('',#6805,.T.);
#6807=ADVANCED_FACE('',(#6806),#6777,.F.);
#6808=CARTESIAN_POINT('',(49.331952943,-41.254670068,-37.825796498));
#6809=DIRECTION('',(-0.,-0.985938558,0.16710823));
#6810=DIRECTION('',(0.,-0.16710823,-0.985938558));
#6811=AXIS2_PLACEMENT_3D('',#6808,#6809,#6810);
#6812=PLANE('',#6811);
#6813=ORIENTED_EDGE('',*,*,#6554,.T.);
#6814=ORIENTED_EDGE('',*,*,#6600,.T.);
#6815=ORIENTED_EDGE('',*,*,#6640,.F.);
#6816=CARTESIAN_POINT('',(23.51278543,-31.96954088,16.95646571));
#6817=DIRECTION('',(1.,-0.,0.));
#6818=VECTOR('',#6817,4.);
#6819=LINE('',#6816,#6818);
#6820=EDGE_CURVE('',#6493,#6629,#6819,.T.);
#6821=ORIENTED_EDGE('',*,*,#6820,.F.);
#6822=ORIENTED_EDGE('',*,*,#6498,.F.);
#6823=ORIENTED_EDGE('',*,*,#6401,.F.);
#6824=ORIENTED_EDGE('',*,*,#6448,.F.);
#6825=CARTESIAN_POINT('',(25.11278543,-31.800049354,17.95646571));
#6826=DIRECTION('',(-1.,0.,-0.));
#6827=VECTOR('',#6826,0.8);
#6828=LINE('',#6825,#6827);
#6829=EDGE_CURVE('',#6678,#6437,#6828,.T.);
#6830=ORIENTED_EDGE('',*,*,#6829,.F.);
#6831=ORIENTED_EDGE('',*,*,#6683,.F.);
#6832=ORIENTED_EDGE('',*,*,#6728,.F.);
#6833=ORIENTED_EDGE('',*,*,#6768,.F.);
#6834=CARTESIAN_POINT('',(26.71278543,-31.800049354,17.95646571));
#6835=DIRECTION('',(-1.,0.,-0.));
#6836=VECTOR('',#6835,0.8);
#6837=LINE('',#6834,#6836);
#6838=EDGE_CURVE('',#6549,#6757,#6837,.T.);
#6839=ORIENTED_EDGE('',*,*,#6838,.F.);
#6840=EDGE_LOOP('',(#6813,#6814,#6815,#6821,#6822,#6823,#6824,#6830,#6831,#6832,#6833,#6839));
#6841=FACE_BOUND('',#6840,.T.);
#6842=ADVANCED_FACE('',(#6841),#6812,.F.);
#6843=CARTESIAN_POINT('',(25.51278543,-31.868114681,16.95646571));
#6844=DIRECTION('',(-0.,0.,1.));
#6845=DIRECTION('',(-0.,-1.,0.));
#6846=AXIS2_PLACEMENT_3D('',#6843,#6844,#6845);
#6847=PLANE('',#6846);
#6848=ORIENTED_EDGE('',*,*,#6506,.F.);
#6849=ORIENTED_EDGE('',*,*,#6820,.T.);
#6850=ORIENTED_EDGE('',*,*,#6634,.T.);
#6851=CARTESIAN_POINT('',(23.51278543,-32.368114681,16.95646571));
#6852=DIRECTION('',(1.,-0.,0.));
#6853=VECTOR('',#6852,4.);
#6854=LINE('',#6851,#6853);
#6855=EDGE_CURVE('',#6501,#6621,#6854,.T.);
#6856=ORIENTED_EDGE('',*,*,#6855,.F.);
#6857=EDGE_LOOP('',(#6848,#6849,#6850,#6856));
#6858=FACE_BOUND('',#6857,.T.);
#6859=ADVANCED_FACE('',(#6858),#6847,.F.);
#6860=CARTESIAN_POINT('',(66.581952943,-55.824583058,17.95646571));
#6861=DIRECTION('',(-0.,0.,1.));
#6862=DIRECTION('',(-1.,0.,-0.));
#6863=AXIS2_PLACEMENT_3D('',#6860,#6861,#6862);
#6864=PLANE('',#6863);
#6865=ORIENTED_EDGE('',*,*,#6829,.T.);
#6866=ORIENTED_EDGE('',*,*,#6442,.T.);
#6867=ORIENTED_EDGE('',*,*,#6794,.F.);
#6868=ORIENTED_EDGE('',*,*,#6691,.F.);
#6869=EDGE_LOOP('',(#6865,#6866,#6867,#6868));
#6870=FACE_BOUND('',#6869,.T.);
#6871=ADVANCED_FACE('',(#6870),#6864,.T.);
#6872=CARTESIAN_POINT('',(66.581952943,-55.824583058,17.95646571));
#6873=DIRECTION('',(-0.,0.,1.));
#6874=DIRECTION('',(-1.,0.,-0.));
#6875=AXIS2_PLACEMENT_3D('',#6872,#6873,#6874);
#6876=PLANE('',#6875);
#6877=ORIENTED_EDGE('',*,*,#6838,.T.);
#6878=ORIENTED_EDGE('',*,*,#6762,.T.);
#6879=ORIENTED_EDGE('',*,*,#6785,.F.);
#6880=ORIENTED_EDGE('',*,*,#6562,.F.);
#6881=EDGE_LOOP('',(#6877,#6878,#6879,#6880));
#6882=FACE_BOUND('',#6881,.T.);
#6883=ADVANCED_FACE('',(#6882),#6876,.T.);
#6884=CARTESIAN_POINT('',(25.51278543,-32.368114681,16.95646571));
#6885=DIRECTION('',(0.,0.707106781,0.707106781));
#6886=DIRECTION('',(1.,-0.,0.));
#6887=AXIS2_PLACEMENT_3D('',#6884,#6885,#6886);
#6888=PLANE('',#6887);
#6889=ORIENTED_EDGE('',*,*,#6514,.T.);
#6890=ORIENTED_EDGE('',*,*,#6855,.T.);
#6891=ORIENTED_EDGE('',*,*,#6626,.T.);
#6892=ORIENTED_EDGE('',*,*,#6803,.T.);
#6893=EDGE_LOOP('',(#6889,#6890,#6891,#6892));
#6894=FACE_BOUND('',#6893,.T.);
#6895=ADVANCED_FACE('',(#6894),#6888,.F.);
#6896=CARTESIAN_POINT('',(3.806317053,-42.660958418,42.189809124));
#6897=DIRECTION('',(0.,-0.074789948,-0.99719931));
#6898=DIRECTION('',(0.,0.99719931,-0.074789948));
#6899=AXIS2_PLACEMENT_3D('',#6896,#6897,#6898);
#6900=PLANE('',#6899);
#6901=CARTESIAN_POINT('',(26.71278543,-32.868114681,41.455345844));
#6902=VERTEX_POINT('',#6901);
#6903=CARTESIAN_POINT('',(26.71278543,-30.668114681,41.290345844));
#6904=DIRECTION('',(-0.,-0.99719931,0.074789948));
#6905=VECTOR('',#6904,2.206178823);
#6906=LINE('',#6903,#6905);
#6907=EDGE_CURVE('',#1441,#6902,#6906,.T.);
#6908=ORIENTED_EDGE('',*,*,#6907,.F.);
#6909=ORIENTED_EDGE('',*,*,#1446,.T.);
#6910=CARTESIAN_POINT('',(27.51278543,-32.868114681,41.455345844));
#6911=VERTEX_POINT('',#6910);
#6912=CARTESIAN_POINT('',(27.51278543,-30.668114681,41.290345844));
#6913=DIRECTION('',(-0.,-0.99719931,0.074789948));
#6914=VECTOR('',#6913,2.206178823);
#6915=LINE('',#6912,#6914);
#6916=EDGE_CURVE('',#1433,#6911,#6915,.T.);
#6917=ORIENTED_EDGE('',*,*,#6916,.T.);
#6918=CARTESIAN_POINT('',(27.51278543,-32.868114681,41.455345844));
#6919=DIRECTION('',(-1.,0.,-0.));
#6920=VECTOR('',#6919,0.8);
#6921=LINE('',#6918,#6920);
#6922=EDGE_CURVE('',#6911,#6902,#6921,.T.);
#6923=ORIENTED_EDGE('',*,*,#6922,.T.);
#6924=EDGE_LOOP('',(#6908,#6909,#6917,#6923));
#6925=FACE_BOUND('',#6924,.T.);
#6926=ADVANCED_FACE('',(#6925),#6900,.T.);
#6927=CARTESIAN_POINT('',(3.806317053,-42.660958418,42.189809124));
#6928=DIRECTION('',(0.,-0.074789948,-0.99719931));
#6929=DIRECTION('',(0.,0.99719931,-0.074789948));
#6930=AXIS2_PLACEMENT_3D('',#6927,#6928,#6929);
#6931=PLANE('',#6930);
#6932=CARTESIAN_POINT('',(25.11278543,-32.868114681,41.455345844));
#6933=VERTEX_POINT('',#6932);
#6934=CARTESIAN_POINT('',(25.11278543,-30.668114681,41.290345844));
#6935=DIRECTION('',(-0.,-0.99719931,0.074789948));
#6936=VECTOR('',#6935,2.206178823);
#6937=LINE('',#6934,#6936);
#6938=EDGE_CURVE('',#1663,#6933,#6937,.T.);
#6939=ORIENTED_EDGE('',*,*,#6938,.F.);
#6940=ORIENTED_EDGE('',*,*,#1690,.T.);
#6941=CARTESIAN_POINT('',(25.91278543,-32.868114681,41.455345844));
#6942=VERTEX_POINT('',#6941);
#6943=CARTESIAN_POINT('',(25.91278543,-30.668114681,41.290345844));
#6944=DIRECTION('',(-0.,-0.99719931,0.074789948));
#6945=VECTOR('',#6944,2.206178823);
#6946=LINE('',#6943,#6945);
#6947=EDGE_CURVE('',#1679,#6942,#6946,.T.);
#6948=ORIENTED_EDGE('',*,*,#6947,.T.);
#6949=CARTESIAN_POINT('',(25.91278543,-32.868114681,41.455345844));
#6950=DIRECTION('',(-1.,0.,-0.));
#6951=VECTOR('',#6950,0.8);
#6952=LINE('',#6949,#6951);
#6953=EDGE_CURVE('',#6942,#6933,#6952,.T.);
#6954=ORIENTED_EDGE('',*,*,#6953,.T.);
#6955=EDGE_LOOP('',(#6939,#6940,#6948,#6954));
#6956=FACE_BOUND('',#6955,.T.);
#6957=ADVANCED_FACE('',(#6956),#6931,.T.);
#6958=CARTESIAN_POINT('',(22.91278543,-26.868114681,42.456469266));
#6959=DIRECTION('',(0.,0.,-1.));
#6960=DIRECTION('',(-0.,-1.,-0.));
#6961=AXIS2_PLACEMENT_3D('',#6958,#6959,#6960);
#6962=PLANE('',#6961);
#6963=CARTESIAN_POINT('',(24.31278543,-30.868114681,42.456469266));
#6964=VERTEX_POINT('',#6963);
#6965=CARTESIAN_POINT('',(24.31278543,-31.884795117,42.456469266));
#6966=VERTEX_POINT('',#6965);
#6967=CARTESIAN_POINT('',(24.31278543,-30.868114681,42.456469266));
#6968=DIRECTION('',(-0.,-1.,-0.));
#6969=VECTOR('',#6968,1.016680436);
#6970=LINE('',#6967,#6969);
#6971=EDGE_CURVE('',#6964,#6966,#6970,.T.);
#6972=ORIENTED_EDGE('',*,*,#6971,.F.);
#6973=CARTESIAN_POINT('',(23.51278543,-30.868114681,42.456469266));
#6974=VERTEX_POINT('',#6973);
#6975=CARTESIAN_POINT('',(24.31278543,-30.868114681,42.456469266));
#6976=DIRECTION('',(-1.,-0.,-0.));
#6977=VECTOR('',#6976,0.8);
#6978=LINE('',#6975,#6977);
#6979=EDGE_CURVE('',#6964,#6974,#6978,.T.);
#6980=ORIENTED_EDGE('',*,*,#6979,.T.);
#6981=CARTESIAN_POINT('',(23.51278543,-31.884795117,42.456469266));
#6982=VERTEX_POINT('',#6981);
#6983=CARTESIAN_POINT('',(23.51278543,-30.868114681,42.456469266));
#6984=DIRECTION('',(-0.,-1.,-0.));
#6985=VECTOR('',#6984,1.016680436);
#6986=LINE('',#6983,#6985);
#6987=EDGE_CURVE('',#6974,#6982,#6986,.T.);
#6988=ORIENTED_EDGE('',*,*,#6987,.T.);
#6989=CARTESIAN_POINT('',(24.31278543,-31.884795117,42.456469266));
#6990=DIRECTION('',(-1.,-0.,-0.));
#6991=VECTOR('',#6990,0.8);
#6992=LINE('',#6989,#6991);
#6993=EDGE_CURVE('',#6966,#6982,#6992,.T.);
#6994=ORIENTED_EDGE('',*,*,#6993,.F.);
#6995=EDGE_LOOP('',(#6972,#6980,#6988,#6994));
#6996=FACE_BOUND('',#6995,.T.);
#6997=ADVANCED_FACE('',(#6996),#6962,.F.);
#6998=CARTESIAN_POINT('',(24.31278543,-30.768114681,42.666469266));
#6999=DIRECTION('',(1.,-0.,0.));
#7000=DIRECTION('',(0.,0.,-1.));
#7001=AXIS2_PLACEMENT_3D('',#6998,#6999,#7000);
#7002=PLANE('',#7001);
#7003=CARTESIAN_POINT('',(24.31278543,-32.868114681,41.455345844));
#7004=VERTEX_POINT('',#7003);
#7005=CARTESIAN_POINT('',(24.31278543,-30.668114681,41.290345844));
#7006=DIRECTION('',(-0.,-0.99719931,0.074789948));
#7007=VECTOR('',#7006,2.206178823);
#7008=LINE('',#7005,#7007);
#7009=EDGE_CURVE('',#1713,#7004,#7008,.T.);
#7010=ORIENTED_EDGE('',*,*,#7009,.F.);
#7011=ORIENTED_EDGE('',*,*,#1718,.T.);
#7012=CARTESIAN_POINT('',(24.31278543,-30.868114681,42.656469266));
#7013=DIRECTION('',(-1.,0.,-0.));
#7014=DIRECTION('',(0.,1.,0.));
#7015=AXIS2_PLACEMENT_3D('',#7012,#7013,#7014);
#7016=CIRCLE('',#7015,0.2);
#7017=EDGE_CURVE('',#1705,#6964,#7016,.T.);
#7018=ORIENTED_EDGE('',*,*,#7017,.T.);
#7019=ORIENTED_EDGE('',*,*,#6971,.T.);
#7020=CARTESIAN_POINT('',(24.31278543,-31.800049354,41.956469266));
#7021=VERTEX_POINT('',#7020);
#7022=CARTESIAN_POINT('',(24.31278543,-31.800049354,41.956469266));
#7023=DIRECTION('',(-0.,-0.16710823,0.985938558));
#7024=VECTOR('',#7023,0.507130993);
#7025=LINE('',#7022,#7024);
#7026=EDGE_CURVE('',#7021,#6966,#7025,.T.);
#7027=ORIENTED_EDGE('',*,*,#7026,.F.);
#7028=CARTESIAN_POINT('',(24.31278543,-32.868114681,41.956469266));
#7029=VERTEX_POINT('',#7028);
#7030=CARTESIAN_POINT('',(24.31278543,-31.800049354,41.956469266));
#7031=DIRECTION('',(-0.,-1.,-0.));
#7032=VECTOR('',#7031,1.068065327);
#7033=LINE('',#7030,#7032);
#7034=EDGE_CURVE('',#7021,#7029,#7033,.T.);
#7035=ORIENTED_EDGE('',*,*,#7034,.T.);
#7036=CARTESIAN_POINT('',(24.31278543,-32.868114681,41.956469266));
#7037=DIRECTION('',(0.,0.,-1.));
#7038=VECTOR('',#7037,0.501123422);
#7039=LINE('',#7036,#7038);
#7040=EDGE_CURVE('',#7029,#7004,#7039,.T.);
#7041=ORIENTED_EDGE('',*,*,#7040,.T.);
#7042=EDGE_LOOP('',(#7010,#7011,#7018,#7019,#7027,#7035,#7041));
#7043=FACE_BOUND('',#7042,.T.);
#7044=ADVANCED_FACE('',(#7043),#7002,.T.);
#7045=CARTESIAN_POINT('',(3.806317053,-42.660958418,42.189809124));
#7046=DIRECTION('',(0.,-0.074789948,-0.99719931));
#7047=DIRECTION('',(0.,0.99719931,-0.074789948));
#7048=AXIS2_PLACEMENT_3D('',#7045,#7046,#7047);
#7049=PLANE('',#7048);
#7050=CARTESIAN_POINT('',(23.51278543,-32.868114681,41.455345844));
#7051=VERTEX_POINT('',#7050);
#7052=CARTESIAN_POINT('',(23.51278543,-30.668114681,41.290345844));
#7053=DIRECTION('',(-0.,-0.99719931,0.074789948));
#7054=VECTOR('',#7053,2.206178823);
#7055=LINE('',#7052,#7054);
#7056=EDGE_CURVE('',#1697,#7051,#7055,.T.);
#7057=ORIENTED_EDGE('',*,*,#7056,.F.);
#7058=ORIENTED_EDGE('',*,*,#1724,.T.);
#7059=ORIENTED_EDGE('',*,*,#7009,.T.);
#7060=CARTESIAN_POINT('',(24.31278543,-32.868114681,41.455345844));
#7061=DIRECTION('',(-1.,0.,-0.));
#7062=VECTOR('',#7061,0.8);
#7063=LINE('',#7060,#7062);
#7064=EDGE_CURVE('',#7004,#7051,#7063,.T.);
#7065=ORIENTED_EDGE('',*,*,#7064,.T.);
#7066=EDGE_LOOP('',(#7057,#7058,#7059,#7065));
#7067=FACE_BOUND('',#7066,.T.);
#7068=ADVANCED_FACE('',(#7067),#7049,.T.);
#7069=CARTESIAN_POINT('',(23.51278543,-26.868114681,42.256469266));
#7070=DIRECTION('',(1.,-0.,0.));
#7071=DIRECTION('',(-0.,-1.,-0.));
#7072=AXIS2_PLACEMENT_3D('',#7069,#7070,#7071);
#7073=PLANE('',#7072);
#7074=ORIENTED_EDGE('',*,*,#6987,.F.);
#7075=CARTESIAN_POINT('',(23.51278543,-30.868114681,42.656469266));
#7076=DIRECTION('',(1.,-0.,0.));
#7077=DIRECTION('',(0.,1.,0.));
#7078=AXIS2_PLACEMENT_3D('',#7075,#7076,#7077);
#7079=CIRCLE('',#7078,0.2);
#7080=EDGE_CURVE('',#6974,#1695,#7079,.T.);
#7081=ORIENTED_EDGE('',*,*,#7080,.T.);
#7082=ORIENTED_EDGE('',*,*,#1702,.T.);
#7083=ORIENTED_EDGE('',*,*,#7056,.T.);
#7084=CARTESIAN_POINT('',(23.51278543,-32.868114681,42.456469266));
#7085=VERTEX_POINT('',#7084);
#7086=CARTESIAN_POINT('',(23.51278543,-32.868114681,41.455345844));
#7087=DIRECTION('',(-0.,-0.,1.));
#7088=VECTOR('',#7087,1.001123422);
#7089=LINE('',#7086,#7088);
#7090=EDGE_CURVE('',#7051,#7085,#7089,.T.);
#7091=ORIENTED_EDGE('',*,*,#7090,.T.);
#7092=CARTESIAN_POINT('',(23.51278543,-32.368114681,42.956469266));
#7093=VERTEX_POINT('',#7092);
#7094=CARTESIAN_POINT('',(23.51278543,-32.868114681,42.456469266));
#7095=DIRECTION('',(0.,0.707106781,0.707106781));
#7096=VECTOR('',#7095,0.707106781);
#7097=LINE('',#7094,#7096);
#7098=EDGE_CURVE('',#7085,#7093,#7097,.T.);
#7099=ORIENTED_EDGE('',*,*,#7098,.T.);
#7100=CARTESIAN_POINT('',(23.51278543,-31.96954088,42.956469266));
#7101=VERTEX_POINT('',#7100);
#7102=CARTESIAN_POINT('',(23.51278543,-31.96954088,42.956469266));
#7103=DIRECTION('',(-0.,-1.,-0.));
#7104=VECTOR('',#7103,0.398573801);
#7105=LINE('',#7102,#7104);
#7106=EDGE_CURVE('',#7101,#7093,#7105,.T.);
#7107=ORIENTED_EDGE('',*,*,#7106,.F.);
#7108=CARTESIAN_POINT('',(23.51278543,-31.884795117,42.456469266));
#7109=DIRECTION('',(-0.,-0.16710823,0.985938558));
#7110=VECTOR('',#7109,0.507130993);
#7111=LINE('',#7108,#7110);
#7112=EDGE_CURVE('',#6982,#7101,#7111,.T.);
#7113=ORIENTED_EDGE('',*,*,#7112,.F.);
#7114=EDGE_LOOP('',(#7074,#7081,#7082,#7083,#7091,#7099,#7107,#7113));
#7115=FACE_BOUND('',#7114,.T.);
#7116=ADVANCED_FACE('',(#7115),#7073,.F.);
#7117=CARTESIAN_POINT('',(26.71278543,-30.768114681,42.666469266));
#7118=DIRECTION('',(-1.,0.,-0.));
#7119=DIRECTION('',(-0.,-0.,1.));
#7120=AXIS2_PLACEMENT_3D('',#7117,#7118,#7119);
#7121=PLANE('',#7120);
#7122=ORIENTED_EDGE('',*,*,#1452,.F.);
#7123=ORIENTED_EDGE('',*,*,#6907,.T.);
#7124=CARTESIAN_POINT('',(26.71278543,-32.868114681,41.956469266));
#7125=VERTEX_POINT('',#7124);
#7126=CARTESIAN_POINT('',(26.71278543,-32.868114681,41.956469266));
#7127=DIRECTION('',(0.,0.,-1.));
#7128=VECTOR('',#7127,0.501123422);
#7129=LINE('',#7126,#7128);
#7130=EDGE_CURVE('',#7125,#6902,#7129,.T.);
#7131=ORIENTED_EDGE('',*,*,#7130,.F.);
#7132=CARTESIAN_POINT('',(26.71278543,-31.800049354,41.956469266));
#7133=VERTEX_POINT('',#7132);
#7134=CARTESIAN_POINT('',(26.71278543,-31.800049354,41.956469266));
#7135=DIRECTION('',(-0.,-1.,-0.));
#7136=VECTOR('',#7135,1.068065327);
#7137=LINE('',#7134,#7136);
#7138=EDGE_CURVE('',#7133,#7125,#7137,.T.);
#7139=ORIENTED_EDGE('',*,*,#7138,.F.);
#7140=CARTESIAN_POINT('',(26.71278543,-31.884795117,42.456469266));
#7141=VERTEX_POINT('',#7140);
#7142=CARTESIAN_POINT('',(26.71278543,-31.800049354,41.956469266));
#7143=DIRECTION('',(-0.,-0.16710823,0.985938558));
#7144=VECTOR('',#7143,0.507130993);
#7145=LINE('',#7142,#7144);
#7146=EDGE_CURVE('',#7133,#7141,#7145,.T.);
#7147=ORIENTED_EDGE('',*,*,#7146,.T.);
#7148=CARTESIAN_POINT('',(26.71278543,-30.868114681,42.456469266));
#7149=VERTEX_POINT('',#7148);
#7150=CARTESIAN_POINT('',(26.71278543,-30.868114681,42.456469266));
#7151=DIRECTION('',(-0.,-1.,-0.));
#7152=VECTOR('',#7151,1.016680436);
#7153=LINE('',#7150,#7152);
#7154=EDGE_CURVE('',#7149,#7141,#7153,.T.);
#7155=ORIENTED_EDGE('',*,*,#7154,.F.);
#7156=CARTESIAN_POINT('',(26.71278543,-30.868114681,42.656469266));
#7157=DIRECTION('',(1.,-0.,0.));
#7158=DIRECTION('',(-0.,-1.,0.));
#7159=AXIS2_PLACEMENT_3D('',#7156,#7157,#7158);
#7160=CIRCLE('',#7159,0.2);
#7161=EDGE_CURVE('',#7149,#1423,#7160,.T.);
#7162=ORIENTED_EDGE('',*,*,#7161,.T.);
#7163=EDGE_LOOP('',(#7122,#7123,#7131,#7139,#7147,#7155,#7162));
#7164=FACE_BOUND('',#7163,.T.);
#7165=ADVANCED_FACE('',(#7164),#7121,.T.);
#7166=CARTESIAN_POINT('',(28.11278543,-26.868114681,42.456469266));
#7167=DIRECTION('',(-0.,-0.,1.));
#7168=DIRECTION('',(0.,1.,0.));
#7169=AXIS2_PLACEMENT_3D('',#7166,#7167,#7168);
#7170=PLANE('',#7169);
#7171=CARTESIAN_POINT('',(27.51278543,-30.868114681,42.456469266));
#7172=VERTEX_POINT('',#7171);
#7173=CARTESIAN_POINT('',(27.51278543,-31.884795117,42.456469266));
#7174=VERTEX_POINT('',#7173);
#7175=CARTESIAN_POINT('',(27.51278543,-30.868114681,42.456469266));
#7176=DIRECTION('',(-0.,-1.,-0.));
#7177=VECTOR('',#7176,1.016680436);
#7178=LINE('',#7175,#7177);
#7179=EDGE_CURVE('',#7172,#7174,#7178,.T.);
#7180=ORIENTED_EDGE('',*,*,#7179,.F.);
#7181=CARTESIAN_POINT('',(27.51278543,-30.868114681,42.456469266));
#7182=DIRECTION('',(-1.,-0.,-0.));
#7183=VECTOR('',#7182,0.8);
#7184=LINE('',#7181,#7183);
#7185=EDGE_CURVE('',#7172,#7149,#7184,.T.);
#7186=ORIENTED_EDGE('',*,*,#7185,.T.);
#7187=ORIENTED_EDGE('',*,*,#7154,.T.);
#7188=CARTESIAN_POINT('',(26.71278543,-31.884795117,42.456469266));
#7189=DIRECTION('',(1.,0.,0.));
#7190=VECTOR('',#7189,0.8);
#7191=LINE('',#7188,#7190);
#7192=EDGE_CURVE('',#7141,#7174,#7191,.T.);
#7193=ORIENTED_EDGE('',*,*,#7192,.T.);
#7194=EDGE_LOOP('',(#7180,#7186,#7187,#7193));
#7195=FACE_BOUND('',#7194,.T.);
#7196=ADVANCED_FACE('',(#7195),#7170,.T.);
#7197=CARTESIAN_POINT('',(27.51278543,-26.868114681,42.256469266));
#7198=DIRECTION('',(1.,-0.,0.));
#7199=DIRECTION('',(-0.,-1.,-0.));
#7200=AXIS2_PLACEMENT_3D('',#7197,#7198,#7199);
#7201=PLANE('',#7200);
#7202=ORIENTED_EDGE('',*,*,#1438,.F.);
#7203=CARTESIAN_POINT('',(27.51278543,-30.868114681,42.656469266));
#7204=DIRECTION('',(-1.,0.,-0.));
#7205=DIRECTION('',(0.,1.,0.));
#7206=AXIS2_PLACEMENT_3D('',#7203,#7204,#7205);
#7207=CIRCLE('',#7206,0.2);
#7208=EDGE_CURVE('',#1425,#7172,#7207,.T.);
#7209=ORIENTED_EDGE('',*,*,#7208,.T.);
#7210=ORIENTED_EDGE('',*,*,#7179,.T.);
#7211=CARTESIAN_POINT('',(27.51278543,-31.96954088,42.956469266));
#7212=VERTEX_POINT('',#7211);
#7213=CARTESIAN_POINT('',(27.51278543,-31.96954088,42.956469266));
#7214=DIRECTION('',(0.,0.16710823,-0.985938558));
#7215=VECTOR('',#7214,0.507130993);
#7216=LINE('',#7213,#7215);
#7217=EDGE_CURVE('',#7212,#7174,#7216,.T.);
#7218=ORIENTED_EDGE('',*,*,#7217,.F.);
#7219=CARTESIAN_POINT('',(27.51278543,-32.368114681,42.956469266));
#7220=VERTEX_POINT('',#7219);
#7221=CARTESIAN_POINT('',(27.51278543,-31.96954088,42.956469266));
#7222=DIRECTION('',(-0.,-1.,-0.));
#7223=VECTOR('',#7222,0.398573801);
#7224=LINE('',#7221,#7223);
#7225=EDGE_CURVE('',#7212,#7220,#7224,.T.);
#7226=ORIENTED_EDGE('',*,*,#7225,.T.);
#7227=CARTESIAN_POINT('',(27.51278543,-32.868114681,42.456469266));
#7228=VERTEX_POINT('',#7227);
#7229=CARTESIAN_POINT('',(27.51278543,-32.368114681,42.956469266));
#7230=DIRECTION('',(-0.,-0.707106781,-0.707106781));
#7231=VECTOR('',#7230,0.707106781);
#7232=LINE('',#7229,#7231);
#7233=EDGE_CURVE('',#7220,#7228,#7232,.T.);
#7234=ORIENTED_EDGE('',*,*,#7233,.T.);
#7235=CARTESIAN_POINT('',(27.51278543,-32.868114681,41.455345844));
#7236=DIRECTION('',(-0.,-0.,1.));
#7237=VECTOR('',#7236,1.001123422);
#7238=LINE('',#7235,#7237);
#7239=EDGE_CURVE('',#6911,#7228,#7238,.T.);
#7240=ORIENTED_EDGE('',*,*,#7239,.F.);
#7241=ORIENTED_EDGE('',*,*,#6916,.F.);
#7242=EDGE_LOOP('',(#7202,#7209,#7210,#7218,#7226,#7234,#7240,#7241));
#7243=FACE_BOUND('',#7242,.T.);
#7244=ADVANCED_FACE('',(#7243),#7201,.T.);
#7245=CARTESIAN_POINT('',(25.11278543,-26.868114681,42.256469266));
#7246=DIRECTION('',(1.,-0.,0.));
#7247=DIRECTION('',(-0.,-1.,-0.));
#7248=AXIS2_PLACEMENT_3D('',#7245,#7246,#7247);
#7249=PLANE('',#7248);
#7250=CARTESIAN_POINT('',(25.11278543,-30.868114681,42.356469266));
#7251=VERTEX_POINT('',#7250);
#7252=CARTESIAN_POINT('',(25.11278543,-31.867845965,42.356469266));
#7253=VERTEX_POINT('',#7252);
#7254=CARTESIAN_POINT('',(25.11278543,-30.868114681,42.356469266));
#7255=DIRECTION('',(-0.,-1.,-0.));
#7256=VECTOR('',#7255,0.999731283);
#7257=LINE('',#7254,#7256);
#7258=EDGE_CURVE('',#7251,#7253,#7257,.T.);
#7259=ORIENTED_EDGE('',*,*,#7258,.F.);
#7260=CARTESIAN_POINT('',(25.11278543,-30.868114681,42.556469266));
#7261=DIRECTION('',(1.,-0.,0.));
#7262=DIRECTION('',(0.,1.,0.));
#7263=AXIS2_PLACEMENT_3D('',#7260,#7261,#7262);
#7264=CIRCLE('',#7263,0.2);
#7265=EDGE_CURVE('',#7251,#1661,#7264,.T.);
#7266=ORIENTED_EDGE('',*,*,#7265,.T.);
#7267=ORIENTED_EDGE('',*,*,#1668,.T.);
#7268=ORIENTED_EDGE('',*,*,#6938,.T.);
#7269=CARTESIAN_POINT('',(25.11278543,-32.868114681,41.956469266));
#7270=VERTEX_POINT('',#7269);
#7271=CARTESIAN_POINT('',(25.11278543,-32.868114681,41.956469266));
#7272=DIRECTION('',(0.,0.,-1.));
#7273=VECTOR('',#7272,0.501123422);
#7274=LINE('',#7271,#7273);
#7275=EDGE_CURVE('',#7270,#6933,#7274,.T.);
#7276=ORIENTED_EDGE('',*,*,#7275,.F.);
#7277=CARTESIAN_POINT('',(25.11278543,-31.800049354,41.956469266));
#7278=VERTEX_POINT('',#7277);
#7279=CARTESIAN_POINT('',(25.11278543,-31.800049354,41.956469266));
#7280=DIRECTION('',(-0.,-1.,-0.));
#7281=VECTOR('',#7280,1.068065327);
#7282=LINE('',#7279,#7281);
#7283=EDGE_CURVE('',#7278,#7270,#7282,.T.);
#7284=ORIENTED_EDGE('',*,*,#7283,.F.);
#7285=CARTESIAN_POINT('',(25.11278543,-31.867845965,42.356469266));
#7286=DIRECTION('',(0.,0.16710823,-0.985938558));
#7287=VECTOR('',#7286,0.405704795);
#7288=LINE('',#7285,#7287);
#7289=EDGE_CURVE('',#7253,#7278,#7288,.T.);
#7290=ORIENTED_EDGE('',*,*,#7289,.F.);
#7291=EDGE_LOOP('',(#7259,#7266,#7267,#7268,#7276,#7284,#7290));
#7292=FACE_BOUND('',#7291,.T.);
#7293=ADVANCED_FACE('',(#7292),#7249,.F.);
#7294=CARTESIAN_POINT('',(79.01278543,-24.868114681,42.356469266));
#7295=DIRECTION('',(0.,0.,-1.));
#7296=DIRECTION('',(-1.,0.,-0.));
#7297=AXIS2_PLACEMENT_3D('',#7294,#7295,#7296);
#7298=PLANE('',#7297);
#7299=CARTESIAN_POINT('',(25.91278543,-30.868114681,42.356469266));
#7300=VERTEX_POINT('',#7299);
#7301=CARTESIAN_POINT('',(25.91278543,-31.867845965,42.356469266));
#7302=VERTEX_POINT('',#7301);
#7303=CARTESIAN_POINT('',(25.91278543,-30.868114681,42.356469266));
#7304=DIRECTION('',(-0.,-1.,-0.));
#7305=VECTOR('',#7304,0.999731283);
#7306=LINE('',#7303,#7305);
#7307=EDGE_CURVE('',#7300,#7302,#7306,.T.);
#7308=ORIENTED_EDGE('',*,*,#7307,.F.);
#7309=CARTESIAN_POINT('',(25.91278543,-30.868114681,42.356469266));
#7310=DIRECTION('',(-1.,-0.,-0.));
#7311=VECTOR('',#7310,0.8);
#7312=LINE('',#7309,#7311);
#7313=EDGE_CURVE('',#7300,#7251,#7312,.T.);
#7314=ORIENTED_EDGE('',*,*,#7313,.T.);
#7315=ORIENTED_EDGE('',*,*,#7258,.T.);
#7316=CARTESIAN_POINT('',(25.91278543,-31.867845965,42.356469266));
#7317=DIRECTION('',(-1.,-0.,-0.));
#7318=VECTOR('',#7317,0.8);
#7319=LINE('',#7316,#7318);
#7320=EDGE_CURVE('',#7302,#7253,#7319,.T.);
#7321=ORIENTED_EDGE('',*,*,#7320,.F.);
#7322=EDGE_LOOP('',(#7308,#7314,#7315,#7321));
#7323=FACE_BOUND('',#7322,.T.);
#7324=ADVANCED_FACE('',(#7323),#7298,.F.);
#7325=CARTESIAN_POINT('',(25.91278543,-26.868114681,42.256469266));
#7326=DIRECTION('',(-1.,0.,-0.));
#7327=DIRECTION('',(0.,1.,0.));
#7328=AXIS2_PLACEMENT_3D('',#7325,#7326,#7327);
#7329=PLANE('',#7328);
#7330=ORIENTED_EDGE('',*,*,#6947,.F.);
#7331=ORIENTED_EDGE('',*,*,#1684,.T.);
#7332=CARTESIAN_POINT('',(25.91278543,-30.868114681,42.556469266));
#7333=DIRECTION('',(-1.,0.,-0.));
#7334=DIRECTION('',(-0.,-1.,0.));
#7335=AXIS2_PLACEMENT_3D('',#7332,#7333,#7334);
#7336=CIRCLE('',#7335,0.2);
#7337=EDGE_CURVE('',#1671,#7300,#7336,.T.);
#7338=ORIENTED_EDGE('',*,*,#7337,.T.);
#7339=ORIENTED_EDGE('',*,*,#7307,.T.);
#7340=CARTESIAN_POINT('',(25.91278543,-31.800049354,41.956469266));
#7341=VERTEX_POINT('',#7340);
#7342=CARTESIAN_POINT('',(25.91278543,-31.800049354,41.956469266));
#7343=DIRECTION('',(-0.,-0.16710823,0.985938558));
#7344=VECTOR('',#7343,0.405704795);
#7345=LINE('',#7342,#7344);
#7346=EDGE_CURVE('',#7341,#7302,#7345,.T.);
#7347=ORIENTED_EDGE('',*,*,#7346,.F.);
#7348=CARTESIAN_POINT('',(25.91278543,-32.868114681,41.956469266));
#7349=VERTEX_POINT('',#7348);
#7350=CARTESIAN_POINT('',(25.91278543,-31.800049354,41.956469266));
#7351=DIRECTION('',(-0.,-1.,-0.));
#7352=VECTOR('',#7351,1.068065327);
#7353=LINE('',#7350,#7352);
#7354=EDGE_CURVE('',#7341,#7349,#7353,.T.);
#7355=ORIENTED_EDGE('',*,*,#7354,.T.);
#7356=CARTESIAN_POINT('',(25.91278543,-32.868114681,41.956469266));
#7357=DIRECTION('',(0.,0.,-1.));
#7358=VECTOR('',#7357,0.501123422);
#7359=LINE('',#7356,#7358);
#7360=EDGE_CURVE('',#7349,#6942,#7359,.T.);
#7361=ORIENTED_EDGE('',*,*,#7360,.T.);
#7362=EDGE_LOOP('',(#7330,#7331,#7338,#7339,#7347,#7355,#7361));
#7363=FACE_BOUND('',#7362,.T.);
#7364=ADVANCED_FACE('',(#7363),#7329,.F.);
#7365=CARTESIAN_POINT('',(66.581952943,-32.868114681,95.069254696));
#7366=DIRECTION('',(0.,1.,0.));
#7367=DIRECTION('',(-1.,0.,-0.));
#7368=AXIS2_PLACEMENT_3D('',#7365,#7366,#7367);
#7369=PLANE('',#7368);
#7370=ORIENTED_EDGE('',*,*,#7239,.T.);
#7371=CARTESIAN_POINT('',(27.51278543,-32.868114681,42.456469266));
#7372=DIRECTION('',(-1.,0.,-0.));
#7373=VECTOR('',#7372,4.);
#7374=LINE('',#7371,#7373);
#7375=EDGE_CURVE('',#7228,#7085,#7374,.T.);
#7376=ORIENTED_EDGE('',*,*,#7375,.T.);
#7377=ORIENTED_EDGE('',*,*,#7090,.F.);
#7378=ORIENTED_EDGE('',*,*,#7064,.F.);
#7379=ORIENTED_EDGE('',*,*,#7040,.F.);
#7380=CARTESIAN_POINT('',(25.11278543,-32.868114681,41.956469266));
#7381=DIRECTION('',(-1.,0.,-0.));
#7382=VECTOR('',#7381,0.8);
#7383=LINE('',#7380,#7382);
#7384=EDGE_CURVE('',#7270,#7029,#7383,.T.);
#7385=ORIENTED_EDGE('',*,*,#7384,.F.);
#7386=ORIENTED_EDGE('',*,*,#7275,.T.);
#7387=ORIENTED_EDGE('',*,*,#6953,.F.);
#7388=ORIENTED_EDGE('',*,*,#7360,.F.);
#7389=CARTESIAN_POINT('',(26.71278543,-32.868114681,41.956469266));
#7390=DIRECTION('',(-1.,0.,-0.));
#7391=VECTOR('',#7390,0.8);
#7392=LINE('',#7389,#7391);
#7393=EDGE_CURVE('',#7125,#7349,#7392,.T.);
#7394=ORIENTED_EDGE('',*,*,#7393,.F.);
#7395=ORIENTED_EDGE('',*,*,#7130,.T.);
#7396=ORIENTED_EDGE('',*,*,#6922,.F.);
#7397=EDGE_LOOP('',(#7370,#7376,#7377,#7378,#7379,#7385,#7386,#7387,#7388,#7394,#7395,#7396));
#7398=FACE_BOUND('',#7397,.T.);
#7399=ADVANCED_FACE('',(#7398),#7369,.F.);
#7400=CARTESIAN_POINT('',(0.693617916,-41.254670068,97.738731474));
#7401=DIRECTION('',(0.,-0.985938558,-0.16710823));
#7402=DIRECTION('',(0.,-0.16710823,0.985938558));
#7403=AXIS2_PLACEMENT_3D('',#7400,#7401,#7402);
#7404=PLANE('',#7403);
#7405=ORIENTED_EDGE('',*,*,#7146,.F.);
#7406=CARTESIAN_POINT('',(26.71278543,-31.800049354,41.956469266));
#7407=DIRECTION('',(-1.,-0.,-0.));
#7408=VECTOR('',#7407,0.8);
#7409=LINE('',#7406,#7408);
#7410=EDGE_CURVE('',#7133,#7341,#7409,.T.);
#7411=ORIENTED_EDGE('',*,*,#7410,.T.);
#7412=ORIENTED_EDGE('',*,*,#7346,.T.);
#7413=ORIENTED_EDGE('',*,*,#7320,.T.);
#7414=ORIENTED_EDGE('',*,*,#7289,.T.);
#7415=CARTESIAN_POINT('',(25.11278543,-31.800049354,41.956469266));
#7416=DIRECTION('',(-1.,-0.,-0.));
#7417=VECTOR('',#7416,0.8);
#7418=LINE('',#7415,#7417);
#7419=EDGE_CURVE('',#7278,#7021,#7418,.T.);
#7420=ORIENTED_EDGE('',*,*,#7419,.T.);
#7421=ORIENTED_EDGE('',*,*,#7026,.T.);
#7422=ORIENTED_EDGE('',*,*,#6993,.T.);
#7423=ORIENTED_EDGE('',*,*,#7112,.T.);
#7424=CARTESIAN_POINT('',(23.51278543,-31.96954088,42.956469266));
#7425=DIRECTION('',(1.,0.,0.));
#7426=VECTOR('',#7425,4.);
#7427=LINE('',#7424,#7426);
#7428=EDGE_CURVE('',#7101,#7212,#7427,.T.);
#7429=ORIENTED_EDGE('',*,*,#7428,.T.);
#7430=ORIENTED_EDGE('',*,*,#7217,.T.);
#7431=ORIENTED_EDGE('',*,*,#7192,.F.);
#7432=EDGE_LOOP('',(#7405,#7411,#7412,#7413,#7414,#7420,#7421,#7422,#7423,#7429,#7430,#7431));
#7433=FACE_BOUND('',#7432,.T.);
#7434=ADVANCED_FACE('',(#7433),#7404,.F.);
#7435=CARTESIAN_POINT('',(25.51278543,-31.868114681,42.956469266));
#7436=DIRECTION('',(0.,0.,-1.));
#7437=DIRECTION('',(-0.,-1.,-0.));
#7438=AXIS2_PLACEMENT_3D('',#7435,#7436,#7437);
#7439=PLANE('',#7438);
#7440=ORIENTED_EDGE('',*,*,#7106,.T.);
#7441=CARTESIAN_POINT('',(23.51278543,-32.368114681,42.956469266));
#7442=DIRECTION('',(1.,-0.,0.));
#7443=VECTOR('',#7442,4.);
#7444=LINE('',#7441,#7443);
#7445=EDGE_CURVE('',#7093,#7220,#7444,.T.);
#7446=ORIENTED_EDGE('',*,*,#7445,.T.);
#7447=ORIENTED_EDGE('',*,*,#7225,.F.);
#7448=ORIENTED_EDGE('',*,*,#7428,.F.);
#7449=EDGE_LOOP('',(#7440,#7446,#7447,#7448));
#7450=FACE_BOUND('',#7449,.T.);
#7451=ADVANCED_FACE('',(#7450),#7439,.F.);
#7452=CARTESIAN_POINT('',(66.581952943,-55.824583058,41.956469266));
#7453=DIRECTION('',(0.,0.,-1.));
#7454=DIRECTION('',(-1.,0.,-0.));
#7455=AXIS2_PLACEMENT_3D('',#7452,#7453,#7454);
#7456=PLANE('',#7455);
#7457=ORIENTED_EDGE('',*,*,#7419,.F.);
#7458=ORIENTED_EDGE('',*,*,#7283,.T.);
#7459=ORIENTED_EDGE('',*,*,#7384,.T.);
#7460=ORIENTED_EDGE('',*,*,#7034,.F.);
#7461=EDGE_LOOP('',(#7457,#7458,#7459,#7460));
#7462=FACE_BOUND('',#7461,.T.);
#7463=ADVANCED_FACE('',(#7462),#7456,.T.);
#7464=CARTESIAN_POINT('',(66.581952943,-55.824583058,41.956469266));
#7465=DIRECTION('',(0.,0.,-1.));
#7466=DIRECTION('',(-1.,0.,-0.));
#7467=AXIS2_PLACEMENT_3D('',#7464,#7465,#7466);
#7468=PLANE('',#7467);
#7469=ORIENTED_EDGE('',*,*,#7410,.F.);
#7470=ORIENTED_EDGE('',*,*,#7138,.T.);
#7471=ORIENTED_EDGE('',*,*,#7393,.T.);
#7472=ORIENTED_EDGE('',*,*,#7354,.F.);
#7473=EDGE_LOOP('',(#7469,#7470,#7471,#7472));
#7474=FACE_BOUND('',#7473,.T.);
#7475=ADVANCED_FACE('',(#7474),#7468,.T.);
#7476=CARTESIAN_POINT('',(25.51278543,-32.368114681,42.956469266));
#7477=DIRECTION('',(0.,0.707106781,-0.707106781));
#7478=DIRECTION('',(1.,-0.,0.));
#7479=AXIS2_PLACEMENT_3D('',#7476,#7477,#7478);
#7480=PLANE('',#7479);
#7481=ORIENTED_EDGE('',*,*,#7098,.F.);
#7482=ORIENTED_EDGE('',*,*,#7375,.F.);
#7483=ORIENTED_EDGE('',*,*,#7233,.F.);
#7484=ORIENTED_EDGE('',*,*,#7445,.F.);
#7485=EDGE_LOOP('',(#7481,#7482,#7483,#7484));
#7486=FACE_BOUND('',#7485,.T.);
#7487=ADVANCED_FACE('',(#7486),#7480,.F.);
#7488=CARTESIAN_POINT('',(-13.443682947,-42.660958418,17.723125852));
#7489=DIRECTION('',(-0.,-0.074789948,0.99719931));
#7490=DIRECTION('',(0.,0.99719931,0.074789948));
#7491=AXIS2_PLACEMENT_3D('',#7488,#7489,#7490);
#7492=PLANE('',#7491);
#7493=CARTESIAN_POINT('',(10.26278543,-32.868114681,18.457589132));
#7494=VERTEX_POINT('',#7493);
#7495=CARTESIAN_POINT('',(10.26278543,-30.668114681,18.622589132));
#7496=DIRECTION('',(-0.,-0.99719931,-0.074789948));
#7497=VECTOR('',#7496,2.206178823);
#7498=LINE('',#7495,#7497);
#7499=EDGE_CURVE('',#1407,#7494,#7498,.T.);
#7500=ORIENTED_EDGE('',*,*,#7499,.F.);
#7501=ORIENTED_EDGE('',*,*,#1412,.T.);
#7502=CARTESIAN_POINT('',(9.46278543,-32.868114681,18.457589132));
#7503=VERTEX_POINT('',#7502);
#7504=CARTESIAN_POINT('',(9.46278543,-30.668114681,18.622589132));
#7505=DIRECTION('',(-0.,-0.99719931,-0.074789948));
#7506=VECTOR('',#7505,2.206178823);
#7507=LINE('',#7504,#7506);
#7508=EDGE_CURVE('',#1399,#7503,#7507,.T.);
#7509=ORIENTED_EDGE('',*,*,#7508,.T.);
#7510=CARTESIAN_POINT('',(10.26278543,-32.868114681,18.457589132));
#7511=DIRECTION('',(-1.,0.,-0.));
#7512=VECTOR('',#7511,0.8);
#7513=LINE('',#7510,#7512);
#7514=EDGE_CURVE('',#7494,#7503,#7513,.T.);
#7515=ORIENTED_EDGE('',*,*,#7514,.F.);
#7516=EDGE_LOOP('',(#7500,#7501,#7509,#7515));
#7517=FACE_BOUND('',#7516,.T.);
#7518=ADVANCED_FACE('',(#7517),#7492,.T.);
#7519=CARTESIAN_POINT('',(-13.443682947,-42.660958418,17.723125852));
#7520=DIRECTION('',(-0.,-0.074789948,0.99719931));
#7521=DIRECTION('',(0.,0.99719931,0.074789948));
#7522=AXIS2_PLACEMENT_3D('',#7519,#7520,#7521);
#7523=PLANE('',#7522);
#7524=CARTESIAN_POINT('',(8.66278543,-32.868114681,18.457589132));
#7525=VERTEX_POINT('',#7524);
#7526=CARTESIAN_POINT('',(8.66278543,-30.668114681,18.622589132));
#7527=DIRECTION('',(-0.,-0.99719931,-0.074789948));
#7528=VECTOR('',#7527,2.206178823);
#7529=LINE('',#7526,#7528);
#7530=EDGE_CURVE('',#1153,#7525,#7529,.T.);
#7531=ORIENTED_EDGE('',*,*,#7530,.F.);
#7532=ORIENTED_EDGE('',*,*,#1180,.T.);
#7533=CARTESIAN_POINT('',(7.86278543,-32.868114681,18.457589132));
#7534=VERTEX_POINT('',#7533);
#7535=CARTESIAN_POINT('',(7.86278543,-30.668114681,18.622589132));
#7536=DIRECTION('',(-0.,-0.99719931,-0.074789948));
#7537=VECTOR('',#7536,2.206178823);
#7538=LINE('',#7535,#7537);
#7539=EDGE_CURVE('',#1169,#7534,#7538,.T.);
#7540=ORIENTED_EDGE('',*,*,#7539,.T.);
#7541=CARTESIAN_POINT('',(8.66278543,-32.868114681,18.457589132));
#7542=DIRECTION('',(-1.,0.,-0.));
#7543=VECTOR('',#7542,0.8);
#7544=LINE('',#7541,#7543);
#7545=EDGE_CURVE('',#7525,#7534,#7544,.T.);
#7546=ORIENTED_EDGE('',*,*,#7545,.F.);
#7547=EDGE_LOOP('',(#7531,#7532,#7540,#7546));
#7548=FACE_BOUND('',#7547,.T.);
#7549=ADVANCED_FACE('',(#7548),#7523,.T.);
#7550=CARTESIAN_POINT('',(5.66278543,-26.868114681,17.45646571));
#7551=DIRECTION('',(-0.,0.,1.));
#7552=DIRECTION('',(-0.,-1.,0.));
#7553=AXIS2_PLACEMENT_3D('',#7550,#7551,#7552);
#7554=PLANE('',#7553);
#7555=CARTESIAN_POINT('',(6.26278543,-30.868114681,17.45646571));
#7556=VERTEX_POINT('',#7555);
#7557=CARTESIAN_POINT('',(6.26278543,-31.884795117,17.45646571));
#7558=VERTEX_POINT('',#7557);
#7559=CARTESIAN_POINT('',(6.26278543,-30.868114681,17.45646571));
#7560=DIRECTION('',(-0.,-1.,0.));
#7561=VECTOR('',#7560,1.016680436);
#7562=LINE('',#7559,#7561);
#7563=EDGE_CURVE('',#7556,#7558,#7562,.T.);
#7564=ORIENTED_EDGE('',*,*,#7563,.F.);
#7565=CARTESIAN_POINT('',(7.06278543,-30.868114681,17.45646571));
#7566=VERTEX_POINT('',#7565);
#7567=CARTESIAN_POINT('',(6.26278543,-30.868114681,17.45646571));
#7568=DIRECTION('',(1.,0.,0.));
#7569=VECTOR('',#7568,0.8);
#7570=LINE('',#7567,#7569);
#7571=EDGE_CURVE('',#7556,#7566,#7570,.T.);
#7572=ORIENTED_EDGE('',*,*,#7571,.T.);
#7573=CARTESIAN_POINT('',(7.06278543,-31.884795117,17.45646571));
#7574=VERTEX_POINT('',#7573);
#7575=CARTESIAN_POINT('',(7.06278543,-30.868114681,17.45646571));
#7576=DIRECTION('',(-0.,-1.,0.));
#7577=VECTOR('',#7576,1.016680436);
#7578=LINE('',#7575,#7577);
#7579=EDGE_CURVE('',#7566,#7574,#7578,.T.);
#7580=ORIENTED_EDGE('',*,*,#7579,.T.);
#7581=CARTESIAN_POINT('',(7.06278543,-31.884795117,17.45646571));
#7582=DIRECTION('',(-1.,0.,-0.));
#7583=VECTOR('',#7582,0.8);
#7584=LINE('',#7581,#7583);
#7585=EDGE_CURVE('',#7574,#7558,#7584,.T.);
#7586=ORIENTED_EDGE('',*,*,#7585,.T.);
#7587=EDGE_LOOP('',(#7564,#7572,#7580,#7586));
#7588=FACE_BOUND('',#7587,.T.);
#7589=ADVANCED_FACE('',(#7588),#7554,.F.);
#7590=CARTESIAN_POINT('',(7.06278543,-30.768114681,17.24646571));
#7591=DIRECTION('',(1.,-0.,0.));
#7592=DIRECTION('',(-0.,0.,1.));
#7593=AXIS2_PLACEMENT_3D('',#7590,#7591,#7592);
#7594=PLANE('',#7593);
#7595=ORIENTED_EDGE('',*,*,#7579,.F.);
#7596=CARTESIAN_POINT('',(7.06278543,-30.868114681,17.25646571));
#7597=DIRECTION('',(-1.,0.,-0.));
#7598=DIRECTION('',(0.,1.,0.));
#7599=AXIS2_PLACEMENT_3D('',#7596,#7597,#7598);
#7600=CIRCLE('',#7599,0.2);
#7601=EDGE_CURVE('',#7566,#1117,#7600,.T.);
#7602=ORIENTED_EDGE('',*,*,#7601,.T.);
#7603=ORIENTED_EDGE('',*,*,#1124,.T.);
#7604=CARTESIAN_POINT('',(7.06278543,-32.868114681,18.457589132));
#7605=VERTEX_POINT('',#7604);
#7606=CARTESIAN_POINT('',(7.06278543,-30.668114681,18.622589132));
#7607=DIRECTION('',(-0.,-0.99719931,-0.074789948));
#7608=VECTOR('',#7607,2.206178823);
#7609=LINE('',#7606,#7608);
#7610=EDGE_CURVE('',#1119,#7605,#7609,.T.);
#7611=ORIENTED_EDGE('',*,*,#7610,.T.);
#7612=CARTESIAN_POINT('',(7.06278543,-32.868114681,17.95646571));
#7613=VERTEX_POINT('',#7612);
#7614=CARTESIAN_POINT('',(7.06278543,-32.868114681,17.95646571));
#7615=DIRECTION('',(-0.,0.,1.));
#7616=VECTOR('',#7615,0.501123422);
#7617=LINE('',#7614,#7616);
#7618=EDGE_CURVE('',#7613,#7605,#7617,.T.);
#7619=ORIENTED_EDGE('',*,*,#7618,.F.);
#7620=CARTESIAN_POINT('',(7.06278543,-31.800049354,17.95646571));
#7621=VERTEX_POINT('',#7620);
#7622=CARTESIAN_POINT('',(7.06278543,-31.800049354,17.95646571));
#7623=DIRECTION('',(-0.,-1.,0.));
#7624=VECTOR('',#7623,1.068065327);
#7625=LINE('',#7622,#7624);
#7626=EDGE_CURVE('',#7621,#7613,#7625,.T.);
#7627=ORIENTED_EDGE('',*,*,#7626,.F.);
#7628=CARTESIAN_POINT('',(7.06278543,-31.800049354,17.95646571));
#7629=DIRECTION('',(0.,-0.16710823,-0.985938558));
#7630=VECTOR('',#7629,0.507130993);
#7631=LINE('',#7628,#7630);
#7632=EDGE_CURVE('',#7621,#7574,#7631,.T.);
#7633=ORIENTED_EDGE('',*,*,#7632,.T.);
#7634=EDGE_LOOP('',(#7595,#7602,#7603,#7611,#7619,#7627,#7633));
#7635=FACE_BOUND('',#7634,.T.);
#7636=ADVANCED_FACE('',(#7635),#7594,.T.);
#7637=CARTESIAN_POINT('',(-13.443682947,-42.660958418,17.723125852));
#7638=DIRECTION('',(-0.,-0.074789948,0.99719931));
#7639=DIRECTION('',(0.,0.99719931,0.074789948));
#7640=AXIS2_PLACEMENT_3D('',#7637,#7638,#7639);
#7641=PLANE('',#7640);
#7642=ORIENTED_EDGE('',*,*,#7610,.F.);
#7643=ORIENTED_EDGE('',*,*,#1146,.T.);
#7644=CARTESIAN_POINT('',(6.26278543,-32.868114681,18.457589132));
#7645=VERTEX_POINT('',#7644);
#7646=CARTESIAN_POINT('',(6.26278543,-30.668114681,18.622589132));
#7647=DIRECTION('',(-0.,-0.99719931,-0.074789948));
#7648=VECTOR('',#7647,2.206178823);
#7649=LINE('',#7646,#7648);
#7650=EDGE_CURVE('',#1135,#7645,#7649,.T.);
#7651=ORIENTED_EDGE('',*,*,#7650,.T.);
#7652=CARTESIAN_POINT('',(7.06278543,-32.868114681,18.457589132));
#7653=DIRECTION('',(-1.,0.,-0.));
#7654=VECTOR('',#7653,0.8);
#7655=LINE('',#7652,#7654);
#7656=EDGE_CURVE('',#7605,#7645,#7655,.T.);
#7657=ORIENTED_EDGE('',*,*,#7656,.F.);
#7658=EDGE_LOOP('',(#7642,#7643,#7651,#7657));
#7659=FACE_BOUND('',#7658,.T.);
#7660=ADVANCED_FACE('',(#7659),#7641,.T.);
#7661=CARTESIAN_POINT('',(6.26278543,-26.868114681,17.65646571));
#7662=DIRECTION('',(1.,-0.,0.));
#7663=DIRECTION('',(-0.,-1.,0.));
#7664=AXIS2_PLACEMENT_3D('',#7661,#7662,#7663);
#7665=PLANE('',#7664);
#7666=ORIENTED_EDGE('',*,*,#7650,.F.);
#7667=ORIENTED_EDGE('',*,*,#1140,.T.);
#7668=CARTESIAN_POINT('',(6.26278543,-30.868114681,17.25646571));
#7669=DIRECTION('',(1.,-0.,0.));
#7670=DIRECTION('',(0.,1.,0.));
#7671=AXIS2_PLACEMENT_3D('',#7668,#7669,#7670);
#7672=CIRCLE('',#7671,0.2);
#7673=EDGE_CURVE('',#1127,#7556,#7672,.T.);
#7674=ORIENTED_EDGE('',*,*,#7673,.T.);
#7675=ORIENTED_EDGE('',*,*,#7563,.T.);
#7676=CARTESIAN_POINT('',(6.26278543,-31.96954088,16.95646571));
#7677=VERTEX_POINT('',#7676);
#7678=CARTESIAN_POINT('',(6.26278543,-31.884795117,17.45646571));
#7679=DIRECTION('',(0.,-0.16710823,-0.985938558));
#7680=VECTOR('',#7679,0.507130993);
#7681=LINE('',#7678,#7680);
#7682=EDGE_CURVE('',#7558,#7677,#7681,.T.);
#7683=ORIENTED_EDGE('',*,*,#7682,.T.);
#7684=CARTESIAN_POINT('',(6.26278543,-32.368114681,16.95646571));
#7685=VERTEX_POINT('',#7684);
#7686=CARTESIAN_POINT('',(6.26278543,-31.96954088,16.95646571));
#7687=DIRECTION('',(-0.,-1.,0.));
#7688=VECTOR('',#7687,0.398573801);
#7689=LINE('',#7686,#7688);
#7690=EDGE_CURVE('',#7677,#7685,#7689,.T.);
#7691=ORIENTED_EDGE('',*,*,#7690,.T.);
#7692=CARTESIAN_POINT('',(6.26278543,-32.868114681,17.45646571));
#7693=VERTEX_POINT('',#7692);
#7694=CARTESIAN_POINT('',(6.26278543,-32.868114681,17.45646571));
#7695=DIRECTION('',(0.,0.707106781,-0.707106781));
#7696=VECTOR('',#7695,0.707106781);
#7697=LINE('',#7694,#7696);
#7698=EDGE_CURVE('',#7693,#7685,#7697,.T.);
#7699=ORIENTED_EDGE('',*,*,#7698,.F.);
#7700=CARTESIAN_POINT('',(6.26278543,-32.868114681,18.457589132));
#7701=DIRECTION('',(0.,-0.,-1.));
#7702=VECTOR('',#7701,1.001123422);
#7703=LINE('',#7700,#7702);
#7704=EDGE_CURVE('',#7645,#7693,#7703,.T.);
#7705=ORIENTED_EDGE('',*,*,#7704,.F.);
#7706=EDGE_LOOP('',(#7666,#7667,#7674,#7675,#7683,#7691,#7699,#7705));
#7707=FACE_BOUND('',#7706,.T.);
#7708=ADVANCED_FACE('',(#7707),#7665,.F.);
#7709=CARTESIAN_POINT('',(9.46278543,-30.768114681,17.24646571));
#7710=DIRECTION('',(-1.,0.,-0.));
#7711=DIRECTION('',(0.,-0.,-1.));
#7712=AXIS2_PLACEMENT_3D('',#7709,#7710,#7711);
#7713=PLANE('',#7712);
#7714=ORIENTED_EDGE('',*,*,#1404,.F.);
#7715=CARTESIAN_POINT('',(9.46278543,-30.868114681,17.45646571));
#7716=VERTEX_POINT('',#7715);
#7717=CARTESIAN_POINT('',(9.46278543,-30.868114681,17.25646571));
#7718=DIRECTION('',(1.,-0.,0.));
#7719=DIRECTION('',(-0.,-1.,0.));
#7720=AXIS2_PLACEMENT_3D('',#7717,#7718,#7719);
#7721=CIRCLE('',#7720,0.2);
#7722=EDGE_CURVE('',#1391,#7716,#7721,.T.);
#7723=ORIENTED_EDGE('',*,*,#7722,.T.);
#7724=CARTESIAN_POINT('',(9.46278543,-31.884795117,17.45646571));
#7725=VERTEX_POINT('',#7724);
#7726=CARTESIAN_POINT('',(9.46278543,-30.868114681,17.45646571));
#7727=DIRECTION('',(-0.,-1.,0.));
#7728=VECTOR('',#7727,1.016680436);
#7729=LINE('',#7726,#7728);
#7730=EDGE_CURVE('',#7716,#7725,#7729,.T.);
#7731=ORIENTED_EDGE('',*,*,#7730,.T.);
#7732=CARTESIAN_POINT('',(9.46278543,-31.800049354,17.95646571));
#7733=VERTEX_POINT('',#7732);
#7734=CARTESIAN_POINT('',(9.46278543,-31.800049354,17.95646571));
#7735=DIRECTION('',(0.,-0.16710823,-0.985938558));
#7736=VECTOR('',#7735,0.507130993);
#7737=LINE('',#7734,#7736);
#7738=EDGE_CURVE('',#7733,#7725,#7737,.T.);
#7739=ORIENTED_EDGE('',*,*,#7738,.F.);
#7740=CARTESIAN_POINT('',(9.46278543,-32.868114681,17.95646571));
#7741=VERTEX_POINT('',#7740);
#7742=CARTESIAN_POINT('',(9.46278543,-31.800049354,17.95646571));
#7743=DIRECTION('',(-0.,-1.,0.));
#7744=VECTOR('',#7743,1.068065327);
#7745=LINE('',#7742,#7744);
#7746=EDGE_CURVE('',#7733,#7741,#7745,.T.);
#7747=ORIENTED_EDGE('',*,*,#7746,.T.);
#7748=CARTESIAN_POINT('',(9.46278543,-32.868114681,17.95646571));
#7749=DIRECTION('',(-0.,0.,1.));
#7750=VECTOR('',#7749,0.501123422);
#7751=LINE('',#7748,#7750);
#7752=EDGE_CURVE('',#7741,#7503,#7751,.T.);
#7753=ORIENTED_EDGE('',*,*,#7752,.T.);
#7754=ORIENTED_EDGE('',*,*,#7508,.F.);
#7755=EDGE_LOOP('',(#7714,#7723,#7731,#7739,#7747,#7753,#7754));
#7756=FACE_BOUND('',#7755,.T.);
#7757=ADVANCED_FACE('',(#7756),#7713,.T.);
#7758=CARTESIAN_POINT('',(10.86278543,-26.868114681,17.45646571));
#7759=DIRECTION('',(0.,-0.,-1.));
#7760=DIRECTION('',(0.,1.,-0.));
#7761=AXIS2_PLACEMENT_3D('',#7758,#7759,#7760);
#7762=PLANE('',#7761);
#7763=ORIENTED_EDGE('',*,*,#7730,.F.);
#7764=CARTESIAN_POINT('',(10.26278543,-30.868114681,17.45646571));
#7765=VERTEX_POINT('',#7764);
#7766=CARTESIAN_POINT('',(9.46278543,-30.868114681,17.45646571));
#7767=DIRECTION('',(1.,0.,0.));
#7768=VECTOR('',#7767,0.8);
#7769=LINE('',#7766,#7768);
#7770=EDGE_CURVE('',#7716,#7765,#7769,.T.);
#7771=ORIENTED_EDGE('',*,*,#7770,.T.);
#7772=CARTESIAN_POINT('',(10.26278543,-31.884795117,17.45646571));
#7773=VERTEX_POINT('',#7772);
#7774=CARTESIAN_POINT('',(10.26278543,-30.868114681,17.45646571));
#7775=DIRECTION('',(-0.,-1.,0.));
#7776=VECTOR('',#7775,1.016680436);
#7777=LINE('',#7774,#7776);
#7778=EDGE_CURVE('',#7765,#7773,#7777,.T.);
#7779=ORIENTED_EDGE('',*,*,#7778,.T.);
#7780=CARTESIAN_POINT('',(9.46278543,-31.884795117,17.45646571));
#7781=DIRECTION('',(1.,-0.,0.));
#7782=VECTOR('',#7781,0.8);
#7783=LINE('',#7780,#7782);
#7784=EDGE_CURVE('',#7725,#7773,#7783,.T.);
#7785=ORIENTED_EDGE('',*,*,#7784,.F.);
#7786=EDGE_LOOP('',(#7763,#7771,#7779,#7785));
#7787=FACE_BOUND('',#7786,.T.);
#7788=ADVANCED_FACE('',(#7787),#7762,.T.);
#7789=CARTESIAN_POINT('',(10.26278543,-26.868114681,17.65646571));
#7790=DIRECTION('',(1.,-0.,0.));
#7791=DIRECTION('',(-0.,-1.,0.));
#7792=AXIS2_PLACEMENT_3D('',#7789,#7790,#7791);
#7793=PLANE('',#7792);
#7794=ORIENTED_EDGE('',*,*,#1418,.F.);
#7795=ORIENTED_EDGE('',*,*,#7499,.T.);
#7796=CARTESIAN_POINT('',(10.26278543,-32.868114681,17.45646571));
#7797=VERTEX_POINT('',#7796);
#7798=CARTESIAN_POINT('',(10.26278543,-32.868114681,18.457589132));
#7799=DIRECTION('',(0.,-0.,-1.));
#7800=VECTOR('',#7799,1.001123422);
#7801=LINE('',#7798,#7800);
#7802=EDGE_CURVE('',#7494,#7797,#7801,.T.);
#7803=ORIENTED_EDGE('',*,*,#7802,.T.);
#7804=CARTESIAN_POINT('',(10.26278543,-32.368114681,16.95646571));
#7805=VERTEX_POINT('',#7804);
#7806=CARTESIAN_POINT('',(10.26278543,-32.368114681,16.95646571));
#7807=DIRECTION('',(-0.,-0.707106781,0.707106781));
#7808=VECTOR('',#7807,0.707106781);
#7809=LINE('',#7806,#7808);
#7810=EDGE_CURVE('',#7805,#7797,#7809,.T.);
#7811=ORIENTED_EDGE('',*,*,#7810,.F.);
#7812=CARTESIAN_POINT('',(10.26278543,-31.96954088,16.95646571));
#7813=VERTEX_POINT('',#7812);
#7814=CARTESIAN_POINT('',(10.26278543,-31.96954088,16.95646571));
#7815=DIRECTION('',(-0.,-1.,0.));
#7816=VECTOR('',#7815,0.398573801);
#7817=LINE('',#7814,#7816);
#7818=EDGE_CURVE('',#7813,#7805,#7817,.T.);
#7819=ORIENTED_EDGE('',*,*,#7818,.F.);
#7820=CARTESIAN_POINT('',(10.26278543,-31.96954088,16.95646571));
#7821=DIRECTION('',(-0.,0.16710823,0.985938558));
#7822=VECTOR('',#7821,0.507130993);
#7823=LINE('',#7820,#7822);
#7824=EDGE_CURVE('',#7813,#7773,#7823,.T.);
#7825=ORIENTED_EDGE('',*,*,#7824,.T.);
#7826=ORIENTED_EDGE('',*,*,#7778,.F.);
#7827=CARTESIAN_POINT('',(10.26278543,-30.868114681,17.25646571));
#7828=DIRECTION('',(-1.,0.,-0.));
#7829=DIRECTION('',(0.,1.,0.));
#7830=AXIS2_PLACEMENT_3D('',#7827,#7828,#7829);
#7831=CIRCLE('',#7830,0.2);
#7832=EDGE_CURVE('',#7765,#1389,#7831,.T.);
#7833=ORIENTED_EDGE('',*,*,#7832,.T.);
#7834=EDGE_LOOP('',(#7794,#7795,#7803,#7811,#7819,#7825,#7826,#7833));
#7835=FACE_BOUND('',#7834,.T.);
#7836=ADVANCED_FACE('',(#7835),#7793,.T.);
#7837=CARTESIAN_POINT('',(7.86278543,-26.868114681,17.65646571));
#7838=DIRECTION('',(1.,-0.,0.));
#7839=DIRECTION('',(-0.,-1.,0.));
#7840=AXIS2_PLACEMENT_3D('',#7837,#7838,#7839);
#7841=PLANE('',#7840);
#7842=ORIENTED_EDGE('',*,*,#7539,.F.);
#7843=ORIENTED_EDGE('',*,*,#1174,.T.);
#7844=CARTESIAN_POINT('',(7.86278543,-30.868114681,17.55646571));
#7845=VERTEX_POINT('',#7844);
#7846=CARTESIAN_POINT('',(7.86278543,-30.868114681,17.35646571));
#7847=DIRECTION('',(1.,-0.,0.));
#7848=DIRECTION('',(0.,1.,0.));
#7849=AXIS2_PLACEMENT_3D('',#7846,#7847,#7848);
#7850=CIRCLE('',#7849,0.2);
#7851=EDGE_CURVE('',#1161,#7845,#7850,.T.);
#7852=ORIENTED_EDGE('',*,*,#7851,.T.);
#7853=CARTESIAN_POINT('',(7.86278543,-31.867845965,17.55646571));
#7854=VERTEX_POINT('',#7853);
#7855=CARTESIAN_POINT('',(7.86278543,-30.868114681,17.55646571));
#7856=DIRECTION('',(-0.,-1.,0.));
#7857=VECTOR('',#7856,0.999731283);
#7858=LINE('',#7855,#7857);
#7859=EDGE_CURVE('',#7845,#7854,#7858,.T.);
#7860=ORIENTED_EDGE('',*,*,#7859,.T.);
#7861=CARTESIAN_POINT('',(7.86278543,-31.800049354,17.95646571));
#7862=VERTEX_POINT('',#7861);
#7863=CARTESIAN_POINT('',(7.86278543,-31.867845965,17.55646571));
#7864=DIRECTION('',(-0.,0.16710823,0.985938558));
#7865=VECTOR('',#7864,0.405704795);
#7866=LINE('',#7863,#7865);
#7867=EDGE_CURVE('',#7854,#7862,#7866,.T.);
#7868=ORIENTED_EDGE('',*,*,#7867,.T.);
#7869=CARTESIAN_POINT('',(7.86278543,-32.868114681,17.95646571));
#7870=VERTEX_POINT('',#7869);
#7871=CARTESIAN_POINT('',(7.86278543,-31.800049354,17.95646571));
#7872=DIRECTION('',(-0.,-1.,0.));
#7873=VECTOR('',#7872,1.068065327);
#7874=LINE('',#7871,#7873);
#7875=EDGE_CURVE('',#7862,#7870,#7874,.T.);
#7876=ORIENTED_EDGE('',*,*,#7875,.T.);
#7877=CARTESIAN_POINT('',(7.86278543,-32.868114681,17.95646571));
#7878=DIRECTION('',(-0.,0.,1.));
#7879=VECTOR('',#7878,0.501123422);
#7880=LINE('',#7877,#7879);
#7881=EDGE_CURVE('',#7870,#7534,#7880,.T.);
#7882=ORIENTED_EDGE('',*,*,#7881,.T.);
#7883=EDGE_LOOP('',(#7842,#7843,#7852,#7860,#7868,#7876,#7882));
#7884=FACE_BOUND('',#7883,.T.);
#7885=ADVANCED_FACE('',(#7884),#7841,.F.);
#7886=CARTESIAN_POINT('',(61.76278543,-24.868114681,17.55646571));
#7887=DIRECTION('',(-0.,0.,1.));
#7888=DIRECTION('',(-1.,0.,-0.));
#7889=AXIS2_PLACEMENT_3D('',#7886,#7887,#7888);
#7890=PLANE('',#7889);
#7891=ORIENTED_EDGE('',*,*,#7859,.F.);
#7892=CARTESIAN_POINT('',(8.66278543,-30.868114681,17.55646571));
#7893=VERTEX_POINT('',#7892);
#7894=CARTESIAN_POINT('',(7.86278543,-30.868114681,17.55646571));
#7895=DIRECTION('',(1.,0.,0.));
#7896=VECTOR('',#7895,0.8);
#7897=LINE('',#7894,#7896);
#7898=EDGE_CURVE('',#7845,#7893,#7897,.T.);
#7899=ORIENTED_EDGE('',*,*,#7898,.T.);
#7900=CARTESIAN_POINT('',(8.66278543,-31.867845965,17.55646571));
#7901=VERTEX_POINT('',#7900);
#7902=CARTESIAN_POINT('',(8.66278543,-30.868114681,17.55646571));
#7903=DIRECTION('',(-0.,-1.,0.));
#7904=VECTOR('',#7903,0.999731283);
#7905=LINE('',#7902,#7904);
#7906=EDGE_CURVE('',#7893,#7901,#7905,.T.);
#7907=ORIENTED_EDGE('',*,*,#7906,.T.);
#7908=CARTESIAN_POINT('',(8.66278543,-31.867845965,17.55646571));
#7909=DIRECTION('',(-1.,0.,-0.));
#7910=VECTOR('',#7909,0.8);
#7911=LINE('',#7908,#7910);
#7912=EDGE_CURVE('',#7901,#7854,#7911,.T.);
#7913=ORIENTED_EDGE('',*,*,#7912,.T.);
#7914=EDGE_LOOP('',(#7891,#7899,#7907,#7913));
#7915=FACE_BOUND('',#7914,.T.);
#7916=ADVANCED_FACE('',(#7915),#7890,.F.);
#7917=CARTESIAN_POINT('',(8.66278543,-26.868114681,17.65646571));
#7918=DIRECTION('',(-1.,0.,-0.));
#7919=DIRECTION('',(0.,1.,-0.));
#7920=AXIS2_PLACEMENT_3D('',#7917,#7918,#7919);
#7921=PLANE('',#7920);
#7922=ORIENTED_EDGE('',*,*,#7906,.F.);
#7923=CARTESIAN_POINT('',(8.66278543,-30.868114681,17.35646571));
#7924=DIRECTION('',(-1.,0.,-0.));
#7925=DIRECTION('',(-0.,-1.,0.));
#7926=AXIS2_PLACEMENT_3D('',#7923,#7924,#7925);
#7927=CIRCLE('',#7926,0.2);
#7928=EDGE_CURVE('',#7893,#1151,#7927,.T.);
#7929=ORIENTED_EDGE('',*,*,#7928,.T.);
#7930=ORIENTED_EDGE('',*,*,#1158,.T.);
#7931=ORIENTED_EDGE('',*,*,#7530,.T.);
#7932=CARTESIAN_POINT('',(8.66278543,-32.868114681,17.95646571));
#7933=VERTEX_POINT('',#7932);
#7934=CARTESIAN_POINT('',(8.66278543,-32.868114681,17.95646571));
#7935=DIRECTION('',(-0.,0.,1.));
#7936=VECTOR('',#7935,0.501123422);
#7937=LINE('',#7934,#7936);
#7938=EDGE_CURVE('',#7933,#7525,#7937,.T.);
#7939=ORIENTED_EDGE('',*,*,#7938,.F.);
#7940=CARTESIAN_POINT('',(8.66278543,-31.800049354,17.95646571));
#7941=VERTEX_POINT('',#7940);
#7942=CARTESIAN_POINT('',(8.66278543,-31.800049354,17.95646571));
#7943=DIRECTION('',(-0.,-1.,0.));
#7944=VECTOR('',#7943,1.068065327);
#7945=LINE('',#7942,#7944);
#7946=EDGE_CURVE('',#7941,#7933,#7945,.T.);
#7947=ORIENTED_EDGE('',*,*,#7946,.F.);
#7948=CARTESIAN_POINT('',(8.66278543,-31.800049354,17.95646571));
#7949=DIRECTION('',(0.,-0.16710823,-0.985938558));
#7950=VECTOR('',#7949,0.405704795);
#7951=LINE('',#7948,#7950);
#7952=EDGE_CURVE('',#7941,#7901,#7951,.T.);
#7953=ORIENTED_EDGE('',*,*,#7952,.T.);
#7954=EDGE_LOOP('',(#7922,#7929,#7930,#7931,#7939,#7947,#7953));
#7955=FACE_BOUND('',#7954,.T.);
#7956=ADVANCED_FACE('',(#7955),#7921,.F.);
#7957=CARTESIAN_POINT('',(49.331952943,-32.868114681,-35.15631972));
#7958=DIRECTION('',(0.,1.,-0.));
#7959=DIRECTION('',(-1.,0.,-0.));
#7960=AXIS2_PLACEMENT_3D('',#7957,#7958,#7959);
#7961=PLANE('',#7960);
#7962=ORIENTED_EDGE('',*,*,#7802,.F.);
#7963=ORIENTED_EDGE('',*,*,#7514,.T.);
#7964=ORIENTED_EDGE('',*,*,#7752,.F.);
#7965=CARTESIAN_POINT('',(9.46278543,-32.868114681,17.95646571));
#7966=DIRECTION('',(-1.,0.,-0.));
#7967=VECTOR('',#7966,0.8);
#7968=LINE('',#7965,#7967);
#7969=EDGE_CURVE('',#7741,#7933,#7968,.T.);
#7970=ORIENTED_EDGE('',*,*,#7969,.T.);
#7971=ORIENTED_EDGE('',*,*,#7938,.T.);
#7972=ORIENTED_EDGE('',*,*,#7545,.T.);
#7973=ORIENTED_EDGE('',*,*,#7881,.F.);
#7974=CARTESIAN_POINT('',(7.86278543,-32.868114681,17.95646571));
#7975=DIRECTION('',(-1.,0.,-0.));
#7976=VECTOR('',#7975,0.8);
#7977=LINE('',#7974,#7976);
#7978=EDGE_CURVE('',#7870,#7613,#7977,.T.);
#7979=ORIENTED_EDGE('',*,*,#7978,.T.);
#7980=ORIENTED_EDGE('',*,*,#7618,.T.);
#7981=ORIENTED_EDGE('',*,*,#7656,.T.);
#7982=ORIENTED_EDGE('',*,*,#7704,.T.);
#7983=CARTESIAN_POINT('',(10.26278543,-32.868114681,17.45646571));
#7984=DIRECTION('',(-1.,0.,-0.));
#7985=VECTOR('',#7984,4.);
#7986=LINE('',#7983,#7985);
#7987=EDGE_CURVE('',#7797,#7693,#7986,.T.);
#7988=ORIENTED_EDGE('',*,*,#7987,.F.);
#7989=EDGE_LOOP('',(#7962,#7963,#7964,#7970,#7971,#7972,#7973,#7979,#7980,#7981,#7982,#7988));
#7990=FACE_BOUND('',#7989,.T.);
#7991=ADVANCED_FACE('',(#7990),#7961,.F.);
#7992=CARTESIAN_POINT('',(49.331952943,-41.254670068,-37.825796498));
#7993=DIRECTION('',(-0.,-0.985938558,0.16710823));
#7994=DIRECTION('',(0.,-0.16710823,-0.985938558));
#7995=AXIS2_PLACEMENT_3D('',#7992,#7993,#7994);
#7996=PLANE('',#7995);
#7997=ORIENTED_EDGE('',*,*,#7738,.T.);
#7998=ORIENTED_EDGE('',*,*,#7784,.T.);
#7999=ORIENTED_EDGE('',*,*,#7824,.F.);
#8000=CARTESIAN_POINT('',(6.26278543,-31.96954088,16.95646571));
#8001=DIRECTION('',(1.,-0.,0.));
#8002=VECTOR('',#8001,4.);
#8003=LINE('',#8000,#8002);
#8004=EDGE_CURVE('',#7677,#7813,#8003,.T.);
#8005=ORIENTED_EDGE('',*,*,#8004,.F.);
#8006=ORIENTED_EDGE('',*,*,#7682,.F.);
#8007=ORIENTED_EDGE('',*,*,#7585,.F.);
#8008=ORIENTED_EDGE('',*,*,#7632,.F.);
#8009=CARTESIAN_POINT('',(7.86278543,-31.800049354,17.95646571));
#8010=DIRECTION('',(-1.,0.,-0.));
#8011=VECTOR('',#8010,0.8);
#8012=LINE('',#8009,#8011);
#8013=EDGE_CURVE('',#7862,#7621,#8012,.T.);
#8014=ORIENTED_EDGE('',*,*,#8013,.F.);
#8015=ORIENTED_EDGE('',*,*,#7867,.F.);
#8016=ORIENTED_EDGE('',*,*,#7912,.F.);
#8017=ORIENTED_EDGE('',*,*,#7952,.F.);
#8018=CARTESIAN_POINT('',(9.46278543,-31.800049354,17.95646571));
#8019=DIRECTION('',(-1.,0.,-0.));
#8020=VECTOR('',#8019,0.8);
#8021=LINE('',#8018,#8020);
#8022=EDGE_CURVE('',#7733,#7941,#8021,.T.);
#8023=ORIENTED_EDGE('',*,*,#8022,.F.);
#8024=EDGE_LOOP('',(#7997,#7998,#7999,#8005,#8006,#8007,#8008,#8014,#8015,#8016,#8017,#8023));
#8025=FACE_BOUND('',#8024,.T.);
#8026=ADVANCED_FACE('',(#8025),#7996,.F.);
#8027=CARTESIAN_POINT('',(8.26278543,-31.868114681,16.95646571));
#8028=DIRECTION('',(-0.,0.,1.));
#8029=DIRECTION('',(-0.,-1.,0.));
#8030=AXIS2_PLACEMENT_3D('',#8027,#8028,#8029);
#8031=PLANE('',#8030);
#8032=ORIENTED_EDGE('',*,*,#7690,.F.);
#8033=ORIENTED_EDGE('',*,*,#8004,.T.);
#8034=ORIENTED_EDGE('',*,*,#7818,.T.);
#8035=CARTESIAN_POINT('',(6.26278543,-32.368114681,16.95646571));
#8036=DIRECTION('',(1.,-0.,0.));
#8037=VECTOR('',#8036,4.);
#8038=LINE('',#8035,#8037);
#8039=EDGE_CURVE('',#7685,#7805,#8038,.T.);
#8040=ORIENTED_EDGE('',*,*,#8039,.F.);
#8041=EDGE_LOOP('',(#8032,#8033,#8034,#8040));
#8042=FACE_BOUND('',#8041,.T.);
#8043=ADVANCED_FACE('',(#8042),#8031,.F.);
#8044=CARTESIAN_POINT('',(49.331952943,-55.824583058,17.95646571));
#8045=DIRECTION('',(-0.,0.,1.));
#8046=DIRECTION('',(-1.,0.,-0.));
#8047=AXIS2_PLACEMENT_3D('',#8044,#8045,#8046);
#8048=PLANE('',#8047);
#8049=ORIENTED_EDGE('',*,*,#8013,.T.);
#8050=ORIENTED_EDGE('',*,*,#7626,.T.);
#8051=ORIENTED_EDGE('',*,*,#7978,.F.);
#8052=ORIENTED_EDGE('',*,*,#7875,.F.);
#8053=EDGE_LOOP('',(#8049,#8050,#8051,#8052));
#8054=FACE_BOUND('',#8053,.T.);
#8055=ADVANCED_FACE('',(#8054),#8048,.T.);
#8056=CARTESIAN_POINT('',(49.331952943,-55.824583058,17.95646571));
#8057=DIRECTION('',(-0.,0.,1.));
#8058=DIRECTION('',(-1.,0.,-0.));
#8059=AXIS2_PLACEMENT_3D('',#8056,#8057,#8058);
#8060=PLANE('',#8059);
#8061=ORIENTED_EDGE('',*,*,#8022,.T.);
#8062=ORIENTED_EDGE('',*,*,#7946,.T.);
#8063=ORIENTED_EDGE('',*,*,#7969,.F.);
#8064=ORIENTED_EDGE('',*,*,#7746,.F.);
#8065=EDGE_LOOP('',(#8061,#8062,#8063,#8064));
#8066=FACE_BOUND('',#8065,.T.);
#8067=ADVANCED_FACE('',(#8066),#8060,.T.);
#8068=CARTESIAN_POINT('',(8.26278543,-32.368114681,16.95646571));
#8069=DIRECTION('',(0.,0.707106781,0.707106781));
#8070=DIRECTION('',(1.,-0.,0.));
#8071=AXIS2_PLACEMENT_3D('',#8068,#8069,#8070);
#8072=PLANE('',#8071);
#8073=ORIENTED_EDGE('',*,*,#7698,.T.);
#8074=ORIENTED_EDGE('',*,*,#8039,.T.);
#8075=ORIENTED_EDGE('',*,*,#7810,.T.);
#8076=ORIENTED_EDGE('',*,*,#7987,.T.);
#8077=EDGE_LOOP('',(#8073,#8074,#8075,#8076));
#8078=FACE_BOUND('',#8077,.T.);
#8079=ADVANCED_FACE('',(#8078),#8072,.F.);
#8080=CARTESIAN_POINT('',(0.17778543,-31.238114681,28.256467488));
#8081=DIRECTION('',(1.,0.,-0.));
#8082=DIRECTION('',(-0.,1.,0.));
#8083=AXIS2_PLACEMENT_3D('',#8080,#8081,#8082);
#8084=PLANE('',#8083);
#8085=CARTESIAN_POINT('',(0.17778543,-32.868114681,30.406468377));
#8086=VERTEX_POINT('',#8085);
#8087=CARTESIAN_POINT('',(0.17778543,-31.068114681,30.406468377));
#8088=DIRECTION('',(0.,-1.,-0.));
#8089=VECTOR('',#8088,1.8);
#8090=LINE('',#8087,#8089);
#8091=EDGE_CURVE('',#767,#8086,#8090,.T.);
#8092=ORIENTED_EDGE('',*,*,#8091,.F.);
#8093=ORIENTED_EDGE('',*,*,#772,.F.);
#8094=CARTESIAN_POINT('',(0.17778543,-32.868114681,31.206468377));
#8095=VERTEX_POINT('',#8094);
#8096=CARTESIAN_POINT('',(0.17778543,-31.068114681,31.206468377));
#8097=DIRECTION('',(0.,-1.,-0.));
#8098=VECTOR('',#8097,1.8);
#8099=LINE('',#8096,#8098);
#8100=EDGE_CURVE('',#759,#8095,#8099,.T.);
#8101=ORIENTED_EDGE('',*,*,#8100,.T.);
#8102=CARTESIAN_POINT('',(0.17778543,-32.868114681,31.206468377));
#8103=DIRECTION('',(-0.,0.,-1.));
#8104=VECTOR('',#8103,0.8);
#8105=LINE('',#8102,#8104);
#8106=EDGE_CURVE('',#8095,#8086,#8105,.T.);
#8107=ORIENTED_EDGE('',*,*,#8106,.T.);
#8108=EDGE_LOOP('',(#8092,#8093,#8101,#8107));
#8109=FACE_BOUND('',#8108,.T.);
#8110=ADVANCED_FACE('',(#8109),#8084,.T.);
#8111=CARTESIAN_POINT('',(0.17778543,-31.238114681,28.256467488));
#8112=DIRECTION('',(1.,0.,-0.));
#8113=DIRECTION('',(-0.,1.,0.));
#8114=AXIS2_PLACEMENT_3D('',#8111,#8112,#8113);
#8115=PLANE('',#8114);
#8116=CARTESIAN_POINT('',(0.17778543,-32.868114681,28.806468377));
#8117=VERTEX_POINT('',#8116);
#8118=CARTESIAN_POINT('',(0.17778543,-31.068114681,28.806468377));
#8119=DIRECTION('',(0.,-1.,-0.));
#8120=VECTOR('',#8119,1.8);
#8121=LINE('',#8118,#8120);
#8122=EDGE_CURVE('',#783,#8117,#8121,.T.);
#8123=ORIENTED_EDGE('',*,*,#8122,.F.);
#8124=ORIENTED_EDGE('',*,*,#788,.F.);
#8125=CARTESIAN_POINT('',(0.17778543,-32.868114681,29.606468377));
#8126=VERTEX_POINT('',#8125);
#8127=CARTESIAN_POINT('',(0.17778543,-31.068114681,29.606468377));
#8128=DIRECTION('',(0.,-1.,-0.));
#8129=VECTOR('',#8128,1.8);
#8130=LINE('',#8127,#8129);
#8131=EDGE_CURVE('',#775,#8126,#8130,.T.);
#8132=ORIENTED_EDGE('',*,*,#8131,.T.);
#8133=CARTESIAN_POINT('',(0.17778543,-32.868114681,29.606468377));
#8134=DIRECTION('',(-0.,0.,-1.));
#8135=VECTOR('',#8134,0.8);
#8136=LINE('',#8133,#8135);
#8137=EDGE_CURVE('',#8126,#8117,#8136,.T.);
#8138=ORIENTED_EDGE('',*,*,#8137,.T.);
#8139=EDGE_LOOP('',(#8123,#8124,#8132,#8138));
#8140=FACE_BOUND('',#8139,.T.);
#8141=ADVANCED_FACE('',(#8140),#8115,.T.);
#8142=CARTESIAN_POINT('',(-0.78721457,-26.868114681,26.606468377));
#8143=DIRECTION('',(1.,0.,0.));
#8144=DIRECTION('',(0.,-1.,-0.));
#8145=AXIS2_PLACEMENT_3D('',#8142,#8143,#8144);
#8146=PLANE('',#8145);
#8147=CARTESIAN_POINT('',(-0.78721457,-31.884795117,28.006468377));
#8148=VERTEX_POINT('',#8147);
#8149=CARTESIAN_POINT('',(-0.78721457,-31.884795117,27.206468377));
#8150=VERTEX_POINT('',#8149);
#8151=CARTESIAN_POINT('',(-0.78721457,-31.884795117,28.006468377));
#8152=DIRECTION('',(0.,-0.,-1.));
#8153=VECTOR('',#8152,0.8);
#8154=LINE('',#8151,#8153);
#8155=EDGE_CURVE('',#8148,#8150,#8154,.T.);
#8156=ORIENTED_EDGE('',*,*,#8155,.F.);
#8157=CARTESIAN_POINT('',(-0.78721457,-30.868114681,28.006468377));
#8158=VERTEX_POINT('',#8157);
#8159=CARTESIAN_POINT('',(-0.78721457,-30.868114681,28.006468377));
#8160=DIRECTION('',(-0.,-1.,-0.));
#8161=VECTOR('',#8160,1.016680436);
#8162=LINE('',#8159,#8161);
#8163=EDGE_CURVE('',#8158,#8148,#8162,.T.);
#8164=ORIENTED_EDGE('',*,*,#8163,.F.);
#8165=CARTESIAN_POINT('',(-0.78721457,-30.868114681,27.206468377));
#8166=VERTEX_POINT('',#8165);
#8167=CARTESIAN_POINT('',(-0.78721457,-30.868114681,28.006468377));
#8168=DIRECTION('',(0.,0.,-1.));
#8169=VECTOR('',#8168,0.8);
#8170=LINE('',#8167,#8169);
#8171=EDGE_CURVE('',#8158,#8166,#8170,.T.);
#8172=ORIENTED_EDGE('',*,*,#8171,.T.);
#8173=CARTESIAN_POINT('',(-0.78721457,-30.868114681,27.206468377));
#8174=DIRECTION('',(0.,-1.,-0.));
#8175=VECTOR('',#8174,1.016680436);
#8176=LINE('',#8173,#8175);
#8177=EDGE_CURVE('',#8166,#8150,#8176,.T.);
#8178=ORIENTED_EDGE('',*,*,#8177,.T.);
#8179=EDGE_LOOP('',(#8156,#8164,#8172,#8178));
#8180=FACE_BOUND('',#8179,.T.);
#8181=ADVANCED_FACE('',(#8180),#8146,.F.);
#8182=CARTESIAN_POINT('',(-0.99721457,-30.768114681,28.006468377));
#8183=DIRECTION('',(0.,-0.,1.));
#8184=DIRECTION('',(1.,0.,-0.));
#8185=AXIS2_PLACEMENT_3D('',#8182,#8183,#8184);
#8186=PLANE('',#8185);
#8187=CARTESIAN_POINT('',(0.17778543,-32.868114681,28.006468377));
#8188=VERTEX_POINT('',#8187);
#8189=CARTESIAN_POINT('',(0.17778543,-31.068114681,28.006468377));
#8190=DIRECTION('',(0.,-1.,-0.));
#8191=VECTOR('',#8190,1.8);
#8192=LINE('',#8189,#8191);
#8193=EDGE_CURVE('',#791,#8188,#8192,.T.);
#8194=ORIENTED_EDGE('',*,*,#8193,.F.);
#8195=ORIENTED_EDGE('',*,*,#927,.F.);
#8196=ORIENTED_EDGE('',*,*,#1872,.T.);
#8197=CARTESIAN_POINT('',(-0.98721457,-30.868114681,28.006468377));
#8198=DIRECTION('',(-0.,0.,-1.));
#8199=DIRECTION('',(0.,-1.,-0.));
#8200=AXIS2_PLACEMENT_3D('',#8197,#8198,#8199);
#8201=CIRCLE('',#8200,0.2);
#8202=EDGE_CURVE('',#1861,#8158,#8201,.T.);
#8203=ORIENTED_EDGE('',*,*,#8202,.T.);
#8204=ORIENTED_EDGE('',*,*,#8163,.T.);
#8205=CARTESIAN_POINT('',(-0.28721457,-31.800049354,28.006468377));
#8206=VERTEX_POINT('',#8205);
#8207=CARTESIAN_POINT('',(-0.28721457,-31.800049354,28.006468377));
#8208=DIRECTION('',(-0.985938558,-0.16710823,-0.));
#8209=VECTOR('',#8208,0.507130993);
#8210=LINE('',#8207,#8209);
#8211=EDGE_CURVE('',#8206,#8148,#8210,.T.);
#8212=ORIENTED_EDGE('',*,*,#8211,.F.);
#8213=CARTESIAN_POINT('',(-0.28721457,-32.868114681,28.006468377));
#8214=VERTEX_POINT('',#8213);
#8215=CARTESIAN_POINT('',(-0.28721457,-31.800049354,28.006468377));
#8216=DIRECTION('',(-0.,-1.,-0.));
#8217=VECTOR('',#8216,1.068065327);
#8218=LINE('',#8215,#8217);
#8219=EDGE_CURVE('',#8206,#8214,#8218,.T.);
#8220=ORIENTED_EDGE('',*,*,#8219,.T.);
#8221=CARTESIAN_POINT('',(-0.28721457,-32.868114681,28.006468377));
#8222=DIRECTION('',(1.,0.,-0.));
#8223=VECTOR('',#8222,0.465);
#8224=LINE('',#8221,#8223);
#8225=EDGE_CURVE('',#8214,#8188,#8224,.T.);
#8226=ORIENTED_EDGE('',*,*,#8225,.T.);
#8227=EDGE_LOOP('',(#8194,#8195,#8196,#8203,#8204,#8212,#8220,#8226));
#8228=FACE_BOUND('',#8227,.T.);
#8229=ADVANCED_FACE('',(#8228),#8186,.T.);
#8230=CARTESIAN_POINT('',(0.17778543,-31.238114681,28.256467488));
#8231=DIRECTION('',(1.,0.,-0.));
#8232=DIRECTION('',(-0.,1.,0.));
#8233=AXIS2_PLACEMENT_3D('',#8230,#8231,#8232);
#8234=PLANE('',#8233);
#8235=CARTESIAN_POINT('',(0.17778543,-32.868114681,27.206468377));
#8236=VERTEX_POINT('',#8235);
#8237=CARTESIAN_POINT('',(0.17778543,-31.068114681,27.206468377));
#8238=DIRECTION('',(0.,-1.,-0.));
#8239=VECTOR('',#8238,1.8);
#8240=LINE('',#8237,#8239);
#8241=EDGE_CURVE('',#799,#8236,#8240,.T.);
#8242=ORIENTED_EDGE('',*,*,#8241,.F.);
#8243=ORIENTED_EDGE('',*,*,#804,.F.);
#8244=ORIENTED_EDGE('',*,*,#8193,.T.);
#8245=CARTESIAN_POINT('',(0.17778543,-32.868114681,28.006468377));
#8246=DIRECTION('',(-0.,0.,-1.));
#8247=VECTOR('',#8246,0.8);
#8248=LINE('',#8245,#8247);
#8249=EDGE_CURVE('',#8188,#8236,#8248,.T.);
#8250=ORIENTED_EDGE('',*,*,#8249,.T.);
#8251=EDGE_LOOP('',(#8242,#8243,#8244,#8250));
#8252=FACE_BOUND('',#8251,.T.);
#8253=ADVANCED_FACE('',(#8252),#8234,.T.);
#8254=CARTESIAN_POINT('',(-0.58721457,-26.868114681,27.206468377));
#8255=DIRECTION('',(0.,-0.,1.));
#8256=DIRECTION('',(0.,-1.,-0.));
#8257=AXIS2_PLACEMENT_3D('',#8254,#8255,#8256);
#8258=PLANE('',#8257);
#8259=CARTESIAN_POINT('',(-1.28721457,-31.96954088,27.206468377));
#8260=VERTEX_POINT('',#8259);
#8261=CARTESIAN_POINT('',(-0.78721457,-31.884795117,27.206468377));
#8262=DIRECTION('',(-0.985938558,-0.16710823,-0.));
#8263=VECTOR('',#8262,0.507130993);
#8264=LINE('',#8261,#8263);
#8265=EDGE_CURVE('',#8150,#8260,#8264,.T.);
#8266=ORIENTED_EDGE('',*,*,#8265,.F.);
#8267=ORIENTED_EDGE('',*,*,#8177,.F.);
#8268=CARTESIAN_POINT('',(-0.98721457,-30.868114681,27.206468377));
#8269=DIRECTION('',(0.,-0.,1.));
#8270=DIRECTION('',(0.,-1.,-0.));
#8271=AXIS2_PLACEMENT_3D('',#8268,#8269,#8270);
#8272=CIRCLE('',#8271,0.2);
#8273=EDGE_CURVE('',#8166,#1853,#8272,.T.);
#8274=ORIENTED_EDGE('',*,*,#8273,.T.);
#8275=ORIENTED_EDGE('',*,*,#1858,.T.);
#8276=CARTESIAN_POINT('',(0.17778543,-31.068114681,27.206468377));
#8277=DIRECTION('',(-0.,1.,0.));
#8278=VECTOR('',#8277,0.4);
#8279=LINE('',#8276,#8278);
#8280=EDGE_CURVE('',#799,#1845,#8279,.T.);
#8281=ORIENTED_EDGE('',*,*,#8280,.F.);
#8282=ORIENTED_EDGE('',*,*,#8241,.T.);
#8283=CARTESIAN_POINT('',(-0.78721457,-32.868114681,27.206468377));
#8284=VERTEX_POINT('',#8283);
#8285=CARTESIAN_POINT('',(0.17778543,-32.868114681,27.206468377));
#8286=DIRECTION('',(-1.,0.,0.));
#8287=VECTOR('',#8286,0.965);
#8288=LINE('',#8285,#8287);
#8289=EDGE_CURVE('',#8236,#8284,#8288,.T.);
#8290=ORIENTED_EDGE('',*,*,#8289,.T.);
#8291=CARTESIAN_POINT('',(-1.28721457,-32.368114681,27.206468377));
#8292=VERTEX_POINT('',#8291);
#8293=CARTESIAN_POINT('',(-0.78721457,-32.868114681,27.206468377));
#8294=DIRECTION('',(-0.707106781,0.707106781,0.));
#8295=VECTOR('',#8294,0.707106781);
#8296=LINE('',#8293,#8295);
#8297=EDGE_CURVE('',#8284,#8292,#8296,.T.);
#8298=ORIENTED_EDGE('',*,*,#8297,.T.);
#8299=CARTESIAN_POINT('',(-1.28721457,-31.96954088,27.206468377));
#8300=DIRECTION('',(0.,-1.,-0.));
#8301=VECTOR('',#8300,0.398573801);
#8302=LINE('',#8299,#8301);
#8303=EDGE_CURVE('',#8260,#8292,#8302,.T.);
#8304=ORIENTED_EDGE('',*,*,#8303,.F.);
#8305=EDGE_LOOP('',(#8266,#8267,#8274,#8275,#8281,#8282,#8290,#8298,#8304));
#8306=FACE_BOUND('',#8305,.T.);
#8307=ADVANCED_FACE('',(#8306),#8258,.F.);
#8308=CARTESIAN_POINT('',(-0.99721457,-30.768114681,30.406468377));
#8309=DIRECTION('',(-0.,0.,-1.));
#8310=DIRECTION('',(-1.,-0.,0.));
#8311=AXIS2_PLACEMENT_3D('',#8308,#8309,#8310);
#8312=PLANE('',#8311);
#8313=CARTESIAN_POINT('',(-0.28721457,-31.800049354,30.406468377));
#8314=VERTEX_POINT('',#8313);
#8315=CARTESIAN_POINT('',(-0.78721457,-31.884795117,30.406468377));
#8316=VERTEX_POINT('',#8315);
#8317=CARTESIAN_POINT('',(-0.28721457,-31.800049354,30.406468377));
#8318=DIRECTION('',(-0.985938558,-0.16710823,-0.));
#8319=VECTOR('',#8318,0.507130993);
#8320=LINE('',#8317,#8319);
#8321=EDGE_CURVE('',#8314,#8316,#8320,.T.);
#8322=ORIENTED_EDGE('',*,*,#8321,.T.);
#8323=CARTESIAN_POINT('',(-0.78721457,-30.868114681,30.406468377));
#8324=VERTEX_POINT('',#8323);
#8325=CARTESIAN_POINT('',(-0.78721457,-30.868114681,30.406468377));
#8326=DIRECTION('',(0.,-1.,-0.));
#8327=VECTOR('',#8326,1.016680436);
#8328=LINE('',#8325,#8327);
#8329=EDGE_CURVE('',#8324,#8316,#8328,.T.);
#8330=ORIENTED_EDGE('',*,*,#8329,.F.);
#8331=CARTESIAN_POINT('',(-0.98721457,-30.868114681,30.406468377));
#8332=DIRECTION('',(0.,-0.,1.));
#8333=DIRECTION('',(0.,1.,0.));
#8334=AXIS2_PLACEMENT_3D('',#8331,#8332,#8333);
#8335=CIRCLE('',#8334,0.2);
#8336=EDGE_CURVE('',#8324,#1899,#8335,.T.);
#8337=ORIENTED_EDGE('',*,*,#8336,.T.);
#8338=ORIENTED_EDGE('',*,*,#1904,.F.);
#8339=ORIENTED_EDGE('',*,*,#967,.F.);
#8340=ORIENTED_EDGE('',*,*,#8091,.T.);
#8341=CARTESIAN_POINT('',(-0.28721457,-32.868114681,30.406468377));
#8342=VERTEX_POINT('',#8341);
#8343=CARTESIAN_POINT('',(-0.28721457,-32.868114681,30.406468377));
#8344=DIRECTION('',(1.,0.,-0.));
#8345=VECTOR('',#8344,0.465);
#8346=LINE('',#8343,#8345);
#8347=EDGE_CURVE('',#8342,#8086,#8346,.T.);
#8348=ORIENTED_EDGE('',*,*,#8347,.F.);
#8349=CARTESIAN_POINT('',(-0.28721457,-31.800049354,30.406468377));
#8350=DIRECTION('',(0.,-1.,-0.));
#8351=VECTOR('',#8350,1.068065327);
#8352=LINE('',#8349,#8351);
#8353=EDGE_CURVE('',#8314,#8342,#8352,.T.);
#8354=ORIENTED_EDGE('',*,*,#8353,.F.);
#8355=EDGE_LOOP('',(#8322,#8330,#8337,#8338,#8339,#8340,#8348,#8354));
#8356=FACE_BOUND('',#8355,.T.);
#8357=ADVANCED_FACE('',(#8356),#8312,.T.);
#8358=CARTESIAN_POINT('',(-0.78721457,-26.868114681,31.806468377));
#8359=DIRECTION('',(-1.,0.,0.));
#8360=DIRECTION('',(0.,1.,0.));
#8361=AXIS2_PLACEMENT_3D('',#8358,#8359,#8360);
#8362=PLANE('',#8361);
#8363=CARTESIAN_POINT('',(-0.78721457,-31.884795117,31.206468377));
#8364=VERTEX_POINT('',#8363);
#8365=CARTESIAN_POINT('',(-0.78721457,-31.884795117,30.406468377));
#8366=DIRECTION('',(0.,0.,1.));
#8367=VECTOR('',#8366,0.8);
#8368=LINE('',#8365,#8367);
#8369=EDGE_CURVE('',#8316,#8364,#8368,.T.);
#8370=ORIENTED_EDGE('',*,*,#8369,.T.);
#8371=CARTESIAN_POINT('',(-0.78721457,-30.868114681,31.206468377));
#8372=VERTEX_POINT('',#8371);
#8373=CARTESIAN_POINT('',(-0.78721457,-30.868114681,31.206468377));
#8374=DIRECTION('',(0.,-1.,-0.));
#8375=VECTOR('',#8374,1.016680436);
#8376=LINE('',#8373,#8375);
#8377=EDGE_CURVE('',#8372,#8364,#8376,.T.);
#8378=ORIENTED_EDGE('',*,*,#8377,.F.);
#8379=CARTESIAN_POINT('',(-0.78721457,-30.868114681,31.206468377));
#8380=DIRECTION('',(-0.,-0.,-1.));
#8381=VECTOR('',#8380,0.8);
#8382=LINE('',#8379,#8381);
#8383=EDGE_CURVE('',#8372,#8324,#8382,.T.);
#8384=ORIENTED_EDGE('',*,*,#8383,.T.);
#8385=ORIENTED_EDGE('',*,*,#8329,.T.);
#8386=EDGE_LOOP('',(#8370,#8378,#8384,#8385));
#8387=FACE_BOUND('',#8386,.T.);
#8388=ADVANCED_FACE('',(#8387),#8362,.T.);
#8389=CARTESIAN_POINT('',(-0.58721457,-26.868114681,31.206468377));
#8390=DIRECTION('',(0.,-0.,1.));
#8391=DIRECTION('',(0.,-1.,-0.));
#8392=AXIS2_PLACEMENT_3D('',#8389,#8390,#8391);
#8393=PLANE('',#8392);
#8394=ORIENTED_EDGE('',*,*,#8100,.F.);
#8395=ORIENTED_EDGE('',*,*,#989,.F.);
#8396=ORIENTED_EDGE('',*,*,#1918,.F.);
#8397=CARTESIAN_POINT('',(-0.98721457,-30.868114681,31.206468377));
#8398=DIRECTION('',(-0.,0.,-1.));
#8399=DIRECTION('',(0.,-1.,-0.));
#8400=AXIS2_PLACEMENT_3D('',#8397,#8398,#8399);
#8401=CIRCLE('',#8400,0.2);
#8402=EDGE_CURVE('',#1907,#8372,#8401,.T.);
#8403=ORIENTED_EDGE('',*,*,#8402,.T.);
#8404=ORIENTED_EDGE('',*,*,#8377,.T.);
#8405=CARTESIAN_POINT('',(-1.28721457,-31.96954088,31.206468377));
#8406=VERTEX_POINT('',#8405);
#8407=CARTESIAN_POINT('',(-1.28721457,-31.96954088,31.206468377));
#8408=DIRECTION('',(0.985938558,0.16710823,0.));
#8409=VECTOR('',#8408,0.507130993);
#8410=LINE('',#8407,#8409);
#8411=EDGE_CURVE('',#8406,#8364,#8410,.T.);
#8412=ORIENTED_EDGE('',*,*,#8411,.F.);
#8413=CARTESIAN_POINT('',(-1.28721457,-32.368114681,31.206468377));
#8414=VERTEX_POINT('',#8413);
#8415=CARTESIAN_POINT('',(-1.28721457,-31.96954088,31.206468377));
#8416=DIRECTION('',(0.,-1.,-0.));
#8417=VECTOR('',#8416,0.398573801);
#8418=LINE('',#8415,#8417);
#8419=EDGE_CURVE('',#8406,#8414,#8418,.T.);
#8420=ORIENTED_EDGE('',*,*,#8419,.T.);
#8421=CARTESIAN_POINT('',(-0.78721457,-32.868114681,31.206468377));
#8422=VERTEX_POINT('',#8421);
#8423=CARTESIAN_POINT('',(-1.28721457,-32.368114681,31.206468377));
#8424=DIRECTION('',(0.707106781,-0.707106781,-0.));
#8425=VECTOR('',#8424,0.707106781);
#8426=LINE('',#8423,#8425);
#8427=EDGE_CURVE('',#8414,#8422,#8426,.T.);
#8428=ORIENTED_EDGE('',*,*,#8427,.T.);
#8429=CARTESIAN_POINT('',(0.17778543,-32.868114681,31.206468377));
#8430=DIRECTION('',(-1.,0.,0.));
#8431=VECTOR('',#8430,0.965);
#8432=LINE('',#8429,#8431);
#8433=EDGE_CURVE('',#8095,#8422,#8432,.T.);
#8434=ORIENTED_EDGE('',*,*,#8433,.F.);
#8435=EDGE_LOOP('',(#8394,#8395,#8396,#8403,#8404,#8412,#8420,#8428,#8434));
#8436=FACE_BOUND('',#8435,.T.);
#8437=ADVANCED_FACE('',(#8436),#8393,.T.);
#8438=CARTESIAN_POINT('',(-0.58721457,-26.868114681,28.806468377));
#8439=DIRECTION('',(0.,-0.,1.));
#8440=DIRECTION('',(0.,-1.,-0.));
#8441=AXIS2_PLACEMENT_3D('',#8438,#8439,#8440);
#8442=PLANE('',#8441);
#8443=CARTESIAN_POINT('',(-0.68721457,-31.867845965,28.806468377));
#8444=VERTEX_POINT('',#8443);
#8445=CARTESIAN_POINT('',(-0.28721457,-31.800049354,28.806468377));
#8446=VERTEX_POINT('',#8445);
#8447=CARTESIAN_POINT('',(-0.68721457,-31.867845965,28.806468377));
#8448=DIRECTION('',(0.985938558,0.16710823,0.));
#8449=VECTOR('',#8448,0.405704795);
#8450=LINE('',#8447,#8449);
#8451=EDGE_CURVE('',#8444,#8446,#8450,.T.);
#8452=ORIENTED_EDGE('',*,*,#8451,.F.);
#8453=CARTESIAN_POINT('',(-0.68721457,-30.868114681,28.806468377));
#8454=VERTEX_POINT('',#8453);
#8455=CARTESIAN_POINT('',(-0.68721457,-30.868114681,28.806468377));
#8456=DIRECTION('',(0.,-1.,-0.));
#8457=VECTOR('',#8456,0.999731283);
#8458=LINE('',#8455,#8457);
#8459=EDGE_CURVE('',#8454,#8444,#8458,.T.);
#8460=ORIENTED_EDGE('',*,*,#8459,.F.);
#8461=CARTESIAN_POINT('',(-0.88721457,-30.868114681,28.806468377));
#8462=DIRECTION('',(0.,-0.,1.));
#8463=DIRECTION('',(0.,-1.,-0.));
#8464=AXIS2_PLACEMENT_3D('',#8461,#8462,#8463);
#8465=CIRCLE('',#8464,0.2);
#8466=EDGE_CURVE('',#8454,#1876,#8465,.T.);
#8467=ORIENTED_EDGE('',*,*,#8466,.T.);
#8468=ORIENTED_EDGE('',*,*,#1881,.T.);
#8469=ORIENTED_EDGE('',*,*,#936,.F.);
#8470=ORIENTED_EDGE('',*,*,#8122,.T.);
#8471=CARTESIAN_POINT('',(-0.28721457,-32.868114681,28.806468377));
#8472=VERTEX_POINT('',#8471);
#8473=CARTESIAN_POINT('',(-0.28721457,-32.868114681,28.806468377));
#8474=DIRECTION('',(1.,0.,-0.));
#8475=VECTOR('',#8474,0.465);
#8476=LINE('',#8473,#8475);
#8477=EDGE_CURVE('',#8472,#8117,#8476,.T.);
#8478=ORIENTED_EDGE('',*,*,#8477,.F.);
#8479=CARTESIAN_POINT('',(-0.28721457,-31.800049354,28.806468377));
#8480=DIRECTION('',(0.,-1.,-0.));
#8481=VECTOR('',#8480,1.068065327);
#8482=LINE('',#8479,#8481);
#8483=EDGE_CURVE('',#8446,#8472,#8482,.T.);
#8484=ORIENTED_EDGE('',*,*,#8483,.F.);
#8485=EDGE_LOOP('',(#8452,#8460,#8467,#8468,#8469,#8470,#8478,#8484));
#8486=FACE_BOUND('',#8485,.T.);
#8487=ADVANCED_FACE('',(#8486),#8442,.F.);
#8488=CARTESIAN_POINT('',(-0.68721457,-24.868114681,82.706468377));
#8489=DIRECTION('',(1.,0.,-0.));
#8490=DIRECTION('',(-0.,0.,-1.));
#8491=AXIS2_PLACEMENT_3D('',#8488,#8489,#8490);
#8492=PLANE('',#8491);
#8493=CARTESIAN_POINT('',(-0.68721457,-31.867845965,29.606468377));
#8494=VERTEX_POINT('',#8493);
#8495=CARTESIAN_POINT('',(-0.68721457,-31.867845965,29.606468377));
#8496=DIRECTION('',(-0.,-0.,-1.));
#8497=VECTOR('',#8496,0.8);
#8498=LINE('',#8495,#8497);
#8499=EDGE_CURVE('',#8494,#8444,#8498,.T.);
#8500=ORIENTED_EDGE('',*,*,#8499,.F.);
#8501=CARTESIAN_POINT('',(-0.68721457,-30.868114681,29.606468377));
#8502=VERTEX_POINT('',#8501);
#8503=CARTESIAN_POINT('',(-0.68721457,-30.868114681,29.606468377));
#8504=DIRECTION('',(0.,-1.,-0.));
#8505=VECTOR('',#8504,0.999731283);
#8506=LINE('',#8503,#8505);
#8507=EDGE_CURVE('',#8502,#8494,#8506,.T.);
#8508=ORIENTED_EDGE('',*,*,#8507,.F.);
#8509=CARTESIAN_POINT('',(-0.68721457,-30.868114681,29.606468377));
#8510=DIRECTION('',(-0.,-0.,-1.));
#8511=VECTOR('',#8510,0.8);
#8512=LINE('',#8509,#8511);
#8513=EDGE_CURVE('',#8502,#8454,#8512,.T.);
#8514=ORIENTED_EDGE('',*,*,#8513,.T.);
#8515=ORIENTED_EDGE('',*,*,#8459,.T.);
#8516=EDGE_LOOP('',(#8500,#8508,#8514,#8515));
#8517=FACE_BOUND('',#8516,.T.);
#8518=ADVANCED_FACE('',(#8517),#8492,.F.);
#8519=CARTESIAN_POINT('',(-0.58721457,-26.868114681,29.606468377));
#8520=DIRECTION('',(0.,0.,-1.));
#8521=DIRECTION('',(0.,1.,0.));
#8522=AXIS2_PLACEMENT_3D('',#8519,#8520,#8521);
#8523=PLANE('',#8522);
#8524=ORIENTED_EDGE('',*,*,#8131,.F.);
#8525=ORIENTED_EDGE('',*,*,#958,.F.);
#8526=ORIENTED_EDGE('',*,*,#1895,.T.);
#8527=CARTESIAN_POINT('',(-0.88721457,-30.868114681,29.606468377));
#8528=DIRECTION('',(0.,0.,-1.));
#8529=DIRECTION('',(0.,1.,0.));
#8530=AXIS2_PLACEMENT_3D('',#8527,#8528,#8529);
#8531=CIRCLE('',#8530,0.2);
#8532=EDGE_CURVE('',#1884,#8502,#8531,.T.);
#8533=ORIENTED_EDGE('',*,*,#8532,.T.);
#8534=ORIENTED_EDGE('',*,*,#8507,.T.);
#8535=CARTESIAN_POINT('',(-0.28721457,-31.800049354,29.606468377));
#8536=VERTEX_POINT('',#8535);
#8537=CARTESIAN_POINT('',(-0.28721457,-31.800049354,29.606468377));
#8538=DIRECTION('',(-0.985938558,-0.16710823,-0.));
#8539=VECTOR('',#8538,0.405704795);
#8540=LINE('',#8537,#8539);
#8541=EDGE_CURVE('',#8536,#8494,#8540,.T.);
#8542=ORIENTED_EDGE('',*,*,#8541,.F.);
#8543=CARTESIAN_POINT('',(-0.28721457,-32.868114681,29.606468377));
#8544=VERTEX_POINT('',#8543);
#8545=CARTESIAN_POINT('',(-0.28721457,-31.800049354,29.606468377));
#8546=DIRECTION('',(0.,-1.,-0.));
#8547=VECTOR('',#8546,1.068065327);
#8548=LINE('',#8545,#8547);
#8549=EDGE_CURVE('',#8536,#8544,#8548,.T.);
#8550=ORIENTED_EDGE('',*,*,#8549,.T.);
#8551=CARTESIAN_POINT('',(-0.28721457,-32.868114681,29.606468377));
#8552=DIRECTION('',(1.,0.,-0.));
#8553=VECTOR('',#8552,0.465);
#8554=LINE('',#8551,#8553);
#8555=EDGE_CURVE('',#8544,#8126,#8554,.T.);
#8556=ORIENTED_EDGE('',*,*,#8555,.T.);
#8557=EDGE_LOOP('',(#8524,#8525,#8526,#8533,#8534,#8542,#8550,#8556));
#8558=FACE_BOUND('',#8557,.T.);
#8559=ADVANCED_FACE('',(#8558),#8523,.F.);
#8560=CARTESIAN_POINT('',(-53.4,-32.868114681,70.27563589));
#8561=DIRECTION('',(0.,1.,0.));
#8562=DIRECTION('',(0.,0.,-1.));
#8563=AXIS2_PLACEMENT_3D('',#8560,#8561,#8562);
#8564=PLANE('',#8563);
#8565=ORIENTED_EDGE('',*,*,#8433,.T.);
#8566=CARTESIAN_POINT('',(-0.78721457,-32.868114681,31.206468377));
#8567=DIRECTION('',(0.,0.,-1.));
#8568=VECTOR('',#8567,4.);
#8569=LINE('',#8566,#8568);
#8570=EDGE_CURVE('',#8422,#8284,#8569,.T.);
#8571=ORIENTED_EDGE('',*,*,#8570,.T.);
#8572=ORIENTED_EDGE('',*,*,#8289,.F.);
#8573=ORIENTED_EDGE('',*,*,#8249,.F.);
#8574=ORIENTED_EDGE('',*,*,#8225,.F.);
#8575=CARTESIAN_POINT('',(-0.28721457,-32.868114681,28.806468377));
#8576=DIRECTION('',(0.,0.,-1.));
#8577=VECTOR('',#8576,0.8);
#8578=LINE('',#8575,#8577);
#8579=EDGE_CURVE('',#8472,#8214,#8578,.T.);
#8580=ORIENTED_EDGE('',*,*,#8579,.F.);
#8581=ORIENTED_EDGE('',*,*,#8477,.T.);
#8582=ORIENTED_EDGE('',*,*,#8137,.F.);
#8583=ORIENTED_EDGE('',*,*,#8555,.F.);
#8584=CARTESIAN_POINT('',(-0.28721457,-32.868114681,30.406468377));
#8585=DIRECTION('',(0.,0.,-1.));
#8586=VECTOR('',#8585,0.8);
#8587=LINE('',#8584,#8586);
#8588=EDGE_CURVE('',#8342,#8544,#8587,.T.);
#8589=ORIENTED_EDGE('',*,*,#8588,.F.);
#8590=ORIENTED_EDGE('',*,*,#8347,.T.);
#8591=ORIENTED_EDGE('',*,*,#8106,.F.);
#8592=EDGE_LOOP('',(#8565,#8571,#8572,#8573,#8574,#8580,#8581,#8582,#8583,#8589,#8590,#8591));
#8593=FACE_BOUND('',#8592,.T.);
#8594=ADVANCED_FACE('',(#8593),#8564,.F.);
#8595=CARTESIAN_POINT('',(-56.069476778,-41.254670068,70.27563589));
#8596=DIRECTION('',(0.16710823,-0.985938558,0.));
#8597=DIRECTION('',(-0.985938558,-0.16710823,-0.));
#8598=AXIS2_PLACEMENT_3D('',#8595,#8596,#8597);
#8599=PLANE('',#8598);
#8600=ORIENTED_EDGE('',*,*,#8321,.F.);
#8601=CARTESIAN_POINT('',(-0.28721457,-31.800049354,30.406468377));
#8602=DIRECTION('',(0.,-0.,-1.));
#8603=VECTOR('',#8602,0.8);
#8604=LINE('',#8601,#8603);
#8605=EDGE_CURVE('',#8314,#8536,#8604,.T.);
#8606=ORIENTED_EDGE('',*,*,#8605,.T.);
#8607=ORIENTED_EDGE('',*,*,#8541,.T.);
#8608=ORIENTED_EDGE('',*,*,#8499,.T.);
#8609=ORIENTED_EDGE('',*,*,#8451,.T.);
#8610=CARTESIAN_POINT('',(-0.28721457,-31.800049354,28.806468377));
#8611=DIRECTION('',(0.,-0.,-1.));
#8612=VECTOR('',#8611,0.8);
#8613=LINE('',#8610,#8612);
#8614=EDGE_CURVE('',#8446,#8206,#8613,.T.);
#8615=ORIENTED_EDGE('',*,*,#8614,.T.);
#8616=ORIENTED_EDGE('',*,*,#8211,.T.);
#8617=ORIENTED_EDGE('',*,*,#8155,.T.);
#8618=ORIENTED_EDGE('',*,*,#8265,.T.);
#8619=CARTESIAN_POINT('',(-1.28721457,-31.96954088,27.206468377));
#8620=DIRECTION('',(0.,0.,1.));
#8621=VECTOR('',#8620,4.);
#8622=LINE('',#8619,#8621);
#8623=EDGE_CURVE('',#8260,#8406,#8622,.T.);
#8624=ORIENTED_EDGE('',*,*,#8623,.T.);
#8625=ORIENTED_EDGE('',*,*,#8411,.T.);
#8626=ORIENTED_EDGE('',*,*,#8369,.F.);
#8627=EDGE_LOOP('',(#8600,#8606,#8607,#8608,#8609,#8615,#8616,#8617,#8618,#8624,#8625,#8626));
#8628=FACE_BOUND('',#8627,.T.);
#8629=ADVANCED_FACE('',(#8628),#8599,.F.);
#8630=CARTESIAN_POINT('',(-1.28721457,-31.868114681,29.206468377));
#8631=DIRECTION('',(1.,0.,0.));
#8632=DIRECTION('',(0.,-1.,-0.));
#8633=AXIS2_PLACEMENT_3D('',#8630,#8631,#8632);
#8634=PLANE('',#8633);
#8635=ORIENTED_EDGE('',*,*,#8303,.T.);
#8636=CARTESIAN_POINT('',(-1.28721457,-32.368114681,27.206468377));
#8637=DIRECTION('',(0.,-0.,1.));
#8638=VECTOR('',#8637,4.);
#8639=LINE('',#8636,#8638);
#8640=EDGE_CURVE('',#8292,#8414,#8639,.T.);
#8641=ORIENTED_EDGE('',*,*,#8640,.T.);
#8642=ORIENTED_EDGE('',*,*,#8419,.F.);
#8643=ORIENTED_EDGE('',*,*,#8623,.F.);
#8644=EDGE_LOOP('',(#8635,#8641,#8642,#8643));
#8645=FACE_BOUND('',#8644,.T.);
#8646=ADVANCED_FACE('',(#8645),#8634,.F.);
#8647=CARTESIAN_POINT('',(-0.28721457,-55.824583058,70.27563589));
#8648=DIRECTION('',(1.,0.,0.));
#8649=DIRECTION('',(0.,0.,-1.));
#8650=AXIS2_PLACEMENT_3D('',#8647,#8648,#8649);
#8651=PLANE('',#8650);
#8652=ORIENTED_EDGE('',*,*,#8614,.F.);
#8653=ORIENTED_EDGE('',*,*,#8483,.T.);
#8654=ORIENTED_EDGE('',*,*,#8579,.T.);
#8655=ORIENTED_EDGE('',*,*,#8219,.F.);
#8656=EDGE_LOOP('',(#8652,#8653,#8654,#8655));
#8657=FACE_BOUND('',#8656,.T.);
#8658=ADVANCED_FACE('',(#8657),#8651,.T.);
#8659=CARTESIAN_POINT('',(-0.28721457,-55.824583058,70.27563589));
#8660=DIRECTION('',(1.,0.,0.));
#8661=DIRECTION('',(0.,0.,-1.));
#8662=AXIS2_PLACEMENT_3D('',#8659,#8660,#8661);
#8663=PLANE('',#8662);
#8664=ORIENTED_EDGE('',*,*,#8605,.F.);
#8665=ORIENTED_EDGE('',*,*,#8353,.T.);
#8666=ORIENTED_EDGE('',*,*,#8588,.T.);
#8667=ORIENTED_EDGE('',*,*,#8549,.F.);
#8668=EDGE_LOOP('',(#8664,#8665,#8666,#8667));
#8669=FACE_BOUND('',#8668,.T.);
#8670=ADVANCED_FACE('',(#8669),#8663,.T.);
#8671=CARTESIAN_POINT('',(-1.28721457,-32.368114681,29.206468377));
#8672=DIRECTION('',(0.707106781,0.707106781,0.));
#8673=DIRECTION('',(0.,-0.,1.));
#8674=AXIS2_PLACEMENT_3D('',#8671,#8672,#8673);
#8675=PLANE('',#8674);
#8676=ORIENTED_EDGE('',*,*,#8297,.F.);
#8677=ORIENTED_EDGE('',*,*,#8570,.F.);
#8678=ORIENTED_EDGE('',*,*,#8427,.F.);
#8679=ORIENTED_EDGE('',*,*,#8640,.F.);
#8680=EDGE_LOOP('',(#8676,#8677,#8678,#8679));
#8681=FACE_BOUND('',#8680,.T.);
#8682=ADVANCED_FACE('',(#8681),#8675,.F.);
#8683=CARTESIAN_POINT('',(50.91278543,-43.,0.));
#8684=DIRECTION('',(1.,0.,0.));
#8685=DIRECTION('',(-0.,1.,0.));
#8686=AXIS2_PLACEMENT_3D('',#8683,#8684,#8685);
#8687=PLANE('',#8686);
#8688=ORIENTED_EDGE('',*,*,#1069,.F.);
#8689=ORIENTED_EDGE('',*,*,#716,.F.);
#8690=ORIENTED_EDGE('',*,*,#3947,.T.);
#8691=ORIENTED_EDGE('',*,*,#1749,.F.);
#8692=EDGE_LOOP('',(#8688,#8689,#8690,#8691));
#8693=FACE_BOUND('',#8692,.T.);
#8694=ADVANCED_FACE('',(#8693),#8687,.T.);
#8695=CARTESIAN_POINT('',(0.47778543,-31.668114681,19.156467488));
#8696=DIRECTION('',(0.,0.,1.));
#8697=DIRECTION('',(1.,0.,0.));
#8698=AXIS2_PLACEMENT_3D('',#8695,#8696,#8697);
#8699=PLANE('',#8698);
#8700=ORIENTED_EDGE('',*,*,#1842,.T.);
#8701=ORIENTED_EDGE('',*,*,#843,.T.);
#8702=ORIENTED_EDGE('',*,*,#818,.F.);
#8703=CARTESIAN_POINT('',(0.17778543,-30.668114681,19.156467488));
#8704=DIRECTION('',(0.,-1.,0.));
#8705=VECTOR('',#8704,0.4);
#8706=LINE('',#8703,#8705);
#8707=EDGE_CURVE('',#1837,#807,#8706,.T.);
#8708=ORIENTED_EDGE('',*,*,#8707,.F.);
#8709=EDGE_LOOP('',(#8700,#8701,#8702,#8708));
#8710=FACE_BOUND('',#8709,.T.);
#8711=ADVANCED_FACE('',(#8710),#8699,.F.);
#8712=CARTESIAN_POINT('',(46.12028543,-31.668114681,25.206468377));
#8713=DIRECTION('',(0.,0.,-1.));
#8714=DIRECTION('',(-1.,0.,0.));
#8715=AXIS2_PLACEMENT_3D('',#8712,#8713,#8714);
#8716=PLANE('',#8715);
#8717=CARTESIAN_POINT('',(49.07778543,-31.068114681,25.206468377));
#8718=DIRECTION('',(-0.,1.,0.));
#8719=VECTOR('',#8718,0.4);
#8720=LINE('',#8717,#8719);
#8721=EDGE_CURVE('',#323,#2871,#8720,.T.);
#8722=ORIENTED_EDGE('',*,*,#8721,.F.);
#8723=ORIENTED_EDGE('',*,*,#328,.T.);
#8724=ORIENTED_EDGE('',*,*,#3603,.T.);
#8725=ORIENTED_EDGE('',*,*,#2884,.F.);
#8726=EDGE_LOOP('',(#8722,#8723,#8724,#8725));
#8727=FACE_BOUND('',#8726,.T.);
#8728=ADVANCED_FACE('',(#8727),#8716,.T.);
#8729=CARTESIAN_POINT('',(46.17028543,-31.668114681,33.206468377));
#8730=DIRECTION('',(0.,0.,-1.));
#8731=DIRECTION('',(-1.,0.,0.));
#8732=AXIS2_PLACEMENT_3D('',#8729,#8730,#8731);
#8733=PLANE('',#8732);
#8734=ORIENTED_EDGE('',*,*,#368,.F.);
#8735=ORIENTED_EDGE('',*,*,#2466,.T.);
#8736=ORIENTED_EDGE('',*,*,#2952,.T.);
#8737=ORIENTED_EDGE('',*,*,#2398,.F.);
#8738=EDGE_LOOP('',(#8734,#8735,#8736,#8737));
#8739=FACE_BOUND('',#8738,.T.);
#8740=ADVANCED_FACE('',(#8739),#8733,.F.);
#8741=CARTESIAN_POINT('',(3.92028543,-31.668114681,32.206468377));
#8742=DIRECTION('',(0.,0.,1.));
#8743=DIRECTION('',(1.,0.,0.));
#8744=AXIS2_PLACEMENT_3D('',#8741,#8742,#8743);
#8745=PLANE('',#8744);
#8746=ORIENTED_EDGE('',*,*,#456,.F.);
#8747=CARTESIAN_POINT('',(0.97778543,-31.068114681,32.206468377));
#8748=DIRECTION('',(-0.,1.,0.));
#8749=VECTOR('',#8748,0.4);
#8750=LINE('',#8747,#8749);
#8751=EDGE_CURVE('',#441,#2901,#8750,.T.);
#8752=ORIENTED_EDGE('',*,*,#8751,.T.);
#8753=ORIENTED_EDGE('',*,*,#2908,.T.);
#8754=ORIENTED_EDGE('',*,*,#3686,.F.);
#8755=EDGE_LOOP('',(#8746,#8752,#8753,#8754));
#8756=FACE_BOUND('',#8755,.T.);
#8757=ADVANCED_FACE('',(#8756),#8745,.F.);
#8758=CARTESIAN_POINT('',(3.92028543,-31.668114681,26.206468377));
#8759=DIRECTION('',(0.,0.,1.));
#8760=DIRECTION('',(1.,0.,0.));
#8761=AXIS2_PLACEMENT_3D('',#8758,#8759,#8760);
#8762=PLANE('',#8761);
#8763=CARTESIAN_POINT('',(0.97778543,-31.068114681,26.206468377));
#8764=DIRECTION('',(-0.,1.,0.));
#8765=VECTOR('',#8764,0.4);
#8766=LINE('',#8763,#8765);
#8767=EDGE_CURVE('',#443,#2911,#8766,.T.);
#8768=ORIENTED_EDGE('',*,*,#8767,.F.);
#8769=ORIENTED_EDGE('',*,*,#470,.T.);
#8770=ORIENTED_EDGE('',*,*,#3679,.T.);
#8771=ORIENTED_EDGE('',*,*,#2924,.F.);
#8772=EDGE_LOOP('',(#8768,#8769,#8770,#8771));
#8773=FACE_BOUND('',#8772,.T.);
#8774=ADVANCED_FACE('',(#8773),#8762,.T.);
#8775=CARTESIAN_POINT('',(12.57528543,-31.668114681,32.206468377));
#8776=DIRECTION('',(0.,0.,1.));
#8777=DIRECTION('',(1.,0.,0.));
#8778=AXIS2_PLACEMENT_3D('',#8775,#8776,#8777);
#8779=PLANE('',#8778);
#8780=ORIENTED_EDGE('',*,*,#3867,.T.);
#8781=ORIENTED_EDGE('',*,*,#3448,.F.);
#8782=ORIENTED_EDGE('',*,*,#606,.F.);
#8783=ORIENTED_EDGE('',*,*,#3757,.T.);
#8784=EDGE_LOOP('',(#8780,#8781,#8782,#8783));
#8785=FACE_BOUND('',#8784,.T.);
#8786=ADVANCED_FACE('',(#8785),#8779,.F.);
#8787=CARTESIAN_POINT('',(12.57528543,-31.668114681,33.206468377));
#8788=DIRECTION('',(0.,0.,-1.));
#8789=DIRECTION('',(-1.,0.,0.));
#8790=AXIS2_PLACEMENT_3D('',#8787,#8788,#8789);
#8791=PLANE('',#8790);
#8792=ORIENTED_EDGE('',*,*,#3889,.T.);
#8793=ORIENTED_EDGE('',*,*,#2429,.F.);
#8794=ORIENTED_EDGE('',*,*,#192,.F.);
#8795=ORIENTED_EDGE('',*,*,#2342,.T.);
#8796=EDGE_LOOP('',(#8792,#8793,#8794,#8795));
#8797=FACE_BOUND('',#8796,.T.);
#8798=ADVANCED_FACE('',(#8797),#8791,.F.);
#8799=CARTESIAN_POINT('',(12.57528543,-31.668114681,25.206468377));
#8800=DIRECTION('',(0.,0.,-1.));
#8801=DIRECTION('',(-1.,0.,0.));
#8802=AXIS2_PLACEMENT_3D('',#8799,#8800,#8801);
#8803=PLANE('',#8802);
#8804=ORIENTED_EDGE('',*,*,#2782,.F.);
#8805=ORIENTED_EDGE('',*,*,#3422,.F.);
#8806=ORIENTED_EDGE('',*,*,#266,.T.);
#8807=ORIENTED_EDGE('',*,*,#3726,.T.);
#8808=EDGE_LOOP('',(#8804,#8805,#8806,#8807));
#8809=FACE_BOUND('',#8808,.T.);
#8810=ADVANCED_FACE('',(#8809),#8803,.T.);
#8811=CARTESIAN_POINT('',(12.57528543,-31.668114681,26.206468377));
#8812=DIRECTION('',(0.,0.,1.));
#8813=DIRECTION('',(1.,0.,0.));
#8814=AXIS2_PLACEMENT_3D('',#8811,#8812,#8813);
#8815=PLANE('',#8814);
#8816=ORIENTED_EDGE('',*,*,#3860,.F.);
#8817=ORIENTED_EDGE('',*,*,#3743,.F.);
#8818=ORIENTED_EDGE('',*,*,#592,.T.);
#8819=ORIENTED_EDGE('',*,*,#3439,.T.);
#8820=EDGE_LOOP('',(#8816,#8817,#8818,#8819));
#8821=FACE_BOUND('',#8820,.T.);
#8822=ADVANCED_FACE('',(#8821),#8815,.T.);
#8823=CARTESIAN_POINT('',(37.70028543,-31.668114681,26.206468377));
#8824=DIRECTION('',(0.,0.,1.));
#8825=DIRECTION('',(1.,0.,0.));
#8826=AXIS2_PLACEMENT_3D('',#8823,#8824,#8825);
#8827=PLANE('',#8826);
#8828=ORIENTED_EDGE('',*,*,#3778,.F.);
#8829=ORIENTED_EDGE('',*,*,#3249,.F.);
#8830=ORIENTED_EDGE('',*,*,#538,.T.);
#8831=ORIENTED_EDGE('',*,*,#3665,.T.);
#8832=EDGE_LOOP('',(#8828,#8829,#8830,#8831));
#8833=FACE_BOUND('',#8832,.T.);
#8834=ADVANCED_FACE('',(#8833),#8827,.T.);
#8835=CARTESIAN_POINT('',(37.70028543,-31.668114681,25.206468377));
#8836=DIRECTION('',(0.,0.,-1.));
#8837=DIRECTION('',(-1.,0.,0.));
#8838=AXIS2_PLACEMENT_3D('',#8835,#8836,#8837);
#8839=PLANE('',#8838);
#8840=ORIENTED_EDGE('',*,*,#2720,.F.);
#8841=ORIENTED_EDGE('',*,*,#2596,.F.);
#8842=ORIENTED_EDGE('',*,*,#226,.T.);
#8843=ORIENTED_EDGE('',*,*,#3277,.T.);
#8844=EDGE_LOOP('',(#8840,#8841,#8842,#8843));
#8845=FACE_BOUND('',#8844,.T.);
#8846=ADVANCED_FACE('',(#8845),#8839,.T.);
#8847=CARTESIAN_POINT('',(37.70028543,-31.668114681,33.206468377));
#8848=DIRECTION('',(0.,0.,-1.));
#8849=DIRECTION('',(-1.,0.,0.));
#8850=AXIS2_PLACEMENT_3D('',#8847,#8848,#8849);
#8851=PLANE('',#8850);
#8852=ORIENTED_EDGE('',*,*,#3801,.T.);
#8853=ORIENTED_EDGE('',*,*,#2305,.F.);
#8854=ORIENTED_EDGE('',*,*,#124,.F.);
#8855=ORIENTED_EDGE('',*,*,#3634,.T.);
#8856=EDGE_LOOP('',(#8852,#8853,#8854,#8855));
#8857=FACE_BOUND('',#8856,.T.);
#8858=ADVANCED_FACE('',(#8857),#8851,.F.);
#8859=CARTESIAN_POINT('',(37.70028543,-31.668114681,32.206468377));
#8860=DIRECTION('',(0.,0.,1.));
#8861=DIRECTION('',(1.,0.,0.));
#8862=AXIS2_PLACEMENT_3D('',#8859,#8860,#8861);
#8863=PLANE('',#8862);
#8864=ORIENTED_EDGE('',*,*,#3771,.T.);
#8865=ORIENTED_EDGE('',*,*,#3651,.F.);
#8866=ORIENTED_EDGE('',*,*,#524,.F.);
#8867=ORIENTED_EDGE('',*,*,#3240,.T.);
#8868=EDGE_LOOP('',(#8864,#8865,#8866,#8867));
#8869=FACE_BOUND('',#8868,.T.);
#8870=ADVANCED_FACE('',(#8869),#8863,.F.);
#8871=CARTESIAN_POINT('',(21.20028543,-31.668114681,26.206468377));
#8872=DIRECTION('',(0.,0.,1.));
#8873=DIRECTION('',(1.,0.,0.));
#8874=AXIS2_PLACEMENT_3D('',#8871,#8872,#8873);
#8875=PLANE('',#8874);
#8876=ORIENTED_EDGE('',*,*,#3844,.F.);
#8877=ORIENTED_EDGE('',*,*,#3395,.F.);
#8878=ORIENTED_EDGE('',*,*,#572,.T.);
#8879=ORIENTED_EDGE('',*,*,#3569,.T.);
#8880=EDGE_LOOP('',(#8876,#8877,#8878,#8879));
#8881=FACE_BOUND('',#8880,.T.);
#8882=ADVANCED_FACE('',(#8881),#8875,.T.);
#8883=CARTESIAN_POINT('',(21.20028543,-31.668114681,25.206468377));
#8884=DIRECTION('',(0.,0.,-1.));
#8885=DIRECTION('',(-1.,0.,0.));
#8886=AXIS2_PLACEMENT_3D('',#8883,#8884,#8885);
#8887=PLANE('',#8886);
#8888=ORIENTED_EDGE('',*,*,#2973,.F.);
#8889=ORIENTED_EDGE('',*,*,#2565,.F.);
#8890=ORIENTED_EDGE('',*,*,#396,.T.);
#8891=ORIENTED_EDGE('',*,*,#2540,.T.);
#8892=EDGE_LOOP('',(#8888,#8889,#8890,#8891));
#8893=FACE_BOUND('',#8892,.T.);
#8894=ADVANCED_FACE('',(#8893),#8887,.T.);
#8895=CARTESIAN_POINT('',(21.20028543,-31.668114681,33.206468377));
#8896=DIRECTION('',(0.,0.,-1.));
#8897=DIRECTION('',(-1.,0.,0.));
#8898=AXIS2_PLACEMENT_3D('',#8895,#8896,#8897);
#8899=PLANE('',#8898);
#8900=ORIENTED_EDGE('',*,*,#3823,.T.);
#8901=ORIENTED_EDGE('',*,*,#3364,.F.);
#8902=ORIENTED_EDGE('',*,*,#96,.F.);
#8903=ORIENTED_EDGE('',*,*,#3538,.T.);
#8904=EDGE_LOOP('',(#8900,#8901,#8902,#8903));
#8905=FACE_BOUND('',#8904,.T.);
#8906=ADVANCED_FACE('',(#8905),#8899,.F.);
#8907=CARTESIAN_POINT('',(21.20028543,-31.668114681,32.206468377));
#8908=DIRECTION('',(0.,0.,1.));
#8909=DIRECTION('',(1.,0.,0.));
#8910=AXIS2_PLACEMENT_3D('',#8907,#8908,#8909);
#8911=PLANE('',#8910);
#8912=ORIENTED_EDGE('',*,*,#3837,.T.);
#8913=ORIENTED_EDGE('',*,*,#3555,.F.);
#8914=ORIENTED_EDGE('',*,*,#558,.F.);
#8915=ORIENTED_EDGE('',*,*,#3386,.T.);
#8916=EDGE_LOOP('',(#8912,#8913,#8914,#8915));
#8917=FACE_BOUND('',#8916,.T.);
#8918=ADVANCED_FACE('',(#8917),#8911,.F.);
#8919=CARTESIAN_POINT('',(29.57528543,-31.668114681,33.206468377));
#8920=DIRECTION('',(0.,0.,-1.));
#8921=DIRECTION('',(-1.,0.,0.));
#8922=AXIS2_PLACEMENT_3D('',#8919,#8920,#8921);
#8923=PLANE('',#8922);
#8924=ORIENTED_EDGE('',*,*,#3933,.T.);
#8925=ORIENTED_EDGE('',*,*,#2367,.F.);
#8926=ORIENTED_EDGE('',*,*,#56,.F.);
#8927=ORIENTED_EDGE('',*,*,#3339,.T.);
#8928=EDGE_LOOP('',(#8924,#8925,#8926,#8927));
#8929=FACE_BOUND('',#8928,.T.);
#8930=ADVANCED_FACE('',(#8929),#8923,.F.);
#8931=CARTESIAN_POINT('',(29.57528543,-31.668114681,32.206468377));
#8932=DIRECTION('',(0.,0.,1.));
#8933=DIRECTION('',(1.,0.,0.));
#8934=AXIS2_PLACEMENT_3D('',#8931,#8932,#8933);
#8935=PLANE('',#8934);
#8936=ORIENTED_EDGE('',*,*,#3911,.T.);
#8937=ORIENTED_EDGE('',*,*,#3302,.F.);
#8938=ORIENTED_EDGE('',*,*,#640,.F.);
#8939=ORIENTED_EDGE('',*,*,#3507,.T.);
#8940=EDGE_LOOP('',(#8936,#8937,#8938,#8939));
#8941=FACE_BOUND('',#8940,.T.);
#8942=ADVANCED_FACE('',(#8941),#8935,.F.);
#8943=CARTESIAN_POINT('',(29.57528543,-31.668114681,26.206468377));
#8944=DIRECTION('',(0.,0.,1.));
#8945=DIRECTION('',(1.,0.,0.));
#8946=AXIS2_PLACEMENT_3D('',#8943,#8944,#8945);
#8947=PLANE('',#8946);
#8948=ORIENTED_EDGE('',*,*,#3904,.F.);
#8949=ORIENTED_EDGE('',*,*,#3493,.F.);
#8950=ORIENTED_EDGE('',*,*,#626,.T.);
#8951=ORIENTED_EDGE('',*,*,#3293,.T.);
#8952=EDGE_LOOP('',(#8948,#8949,#8950,#8951));
#8953=FACE_BOUND('',#8952,.T.);
#8954=ADVANCED_FACE('',(#8953),#8947,.T.);
#8955=CARTESIAN_POINT('',(29.57528543,-31.668114681,25.206468377));
#8956=DIRECTION('',(0.,0.,-1.));
#8957=DIRECTION('',(-1.,0.,0.));
#8958=AXIS2_PLACEMENT_3D('',#8955,#8956,#8957);
#8959=PLANE('',#8958);
#8960=ORIENTED_EDGE('',*,*,#2813,.F.);
#8961=ORIENTED_EDGE('',*,*,#2503,.F.);
#8962=ORIENTED_EDGE('',*,*,#294,.T.);
#8963=ORIENTED_EDGE('',*,*,#3476,.T.);
#8964=EDGE_LOOP('',(#8960,#8961,#8962,#8963));
#8965=FACE_BOUND('',#8964,.T.);
#8966=ADVANCED_FACE('',(#8965),#8959,.T.);
#8967=CARTESIAN_POINT('',(49.07778543,-31.668114681,22.681467932));
#8968=DIRECTION('',(-1.,-0.,0.));
#8969=DIRECTION('',(0.,-1.,0.));
#8970=AXIS2_PLACEMENT_3D('',#8967,#8968,#8969);
#8971=PLANE('',#8970);
#8972=ORIENTED_EDGE('',*,*,#2876,.F.);
#8973=CARTESIAN_POINT('',(49.07778543,-31.068114681,20.156467488));
#8974=DIRECTION('',(-0.,1.,0.));
#8975=VECTOR('',#8974,0.4);
#8976=LINE('',#8973,#8975);
#8977=EDGE_CURVE('',#305,#2861,#8976,.T.);
#8978=ORIENTED_EDGE('',*,*,#8977,.F.);
#8979=ORIENTED_EDGE('',*,*,#334,.T.);
#8980=ORIENTED_EDGE('',*,*,#8721,.T.);
#8981=EDGE_LOOP('',(#8972,#8978,#8979,#8980));
#8982=FACE_BOUND('',#8981,.T.);
#8983=ADVANCED_FACE('',(#8982),#8971,.T.);
#8984=CARTESIAN_POINT('',(45.62028543,-31.668114681,20.156467488));
#8985=DIRECTION('',(0.,0.,-1.));
#8986=DIRECTION('',(-1.,0.,0.));
#8987=AXIS2_PLACEMENT_3D('',#8984,#8985,#8986);
#8988=PLANE('',#8987);
#8989=ORIENTED_EDGE('',*,*,#2868,.T.);
#8990=ORIENTED_EDGE('',*,*,#3596,.F.);
#8991=ORIENTED_EDGE('',*,*,#312,.F.);
#8992=ORIENTED_EDGE('',*,*,#8977,.T.);
#8993=EDGE_LOOP('',(#8989,#8990,#8991,#8992));
#8994=FACE_BOUND('',#8993,.T.);
#8995=ADVANCED_FACE('',(#8994),#8988,.F.);
#8996=CARTESIAN_POINT('',(4.42028543,-31.668114681,20.156467488));
#8997=DIRECTION('',(0.,0.,-1.));
#8998=DIRECTION('',(-1.,0.,0.));
#8999=AXIS2_PLACEMENT_3D('',#8996,#8997,#8998);
#9000=PLANE('',#8999);
#9001=ORIENTED_EDGE('',*,*,#3008,.T.);
#9002=CARTESIAN_POINT('',(0.97778543,-31.068114681,20.156467488));
#9003=DIRECTION('',(-0.,1.,0.));
#9004=VECTOR('',#9003,0.4);
#9005=LINE('',#9002,#9004);
#9006=EDGE_CURVE('',#417,#2995,#9005,.T.);
#9007=ORIENTED_EDGE('',*,*,#9006,.F.);
#9008=ORIENTED_EDGE('',*,*,#422,.F.);
#9009=ORIENTED_EDGE('',*,*,#3199,.T.);
#9010=EDGE_LOOP('',(#9001,#9007,#9008,#9009));
#9011=FACE_BOUND('',#9010,.T.);
#9012=ADVANCED_FACE('',(#9011),#9000,.F.);
#9013=CARTESIAN_POINT('',(0.97778543,-31.668114681,22.681467932));
#9014=DIRECTION('',(1.,0.,0.));
#9015=DIRECTION('',(-0.,1.,0.));
#9016=AXIS2_PLACEMENT_3D('',#9013,#9014,#9015);
#9017=PLANE('',#9016);
#9018=ORIENTED_EDGE('',*,*,#3000,.F.);
#9019=ORIENTED_EDGE('',*,*,#3222,.F.);
#9020=ORIENTED_EDGE('',*,*,#430,.T.);
#9021=ORIENTED_EDGE('',*,*,#9006,.T.);
#9022=EDGE_LOOP('',(#9018,#9019,#9020,#9021));
#9023=FACE_BOUND('',#9022,.T.);
#9024=ADVANCED_FACE('',(#9023),#9017,.T.);
#9025=CARTESIAN_POINT('',(0.97778543,-31.668114681,29.206468377));
#9026=DIRECTION('',(1.,0.,0.));
#9027=DIRECTION('',(-0.,1.,0.));
#9028=AXIS2_PLACEMENT_3D('',#9025,#9026,#9027);
#9029=PLANE('',#9028);
#9030=ORIENTED_EDGE('',*,*,#2916,.F.);
#9031=ORIENTED_EDGE('',*,*,#8751,.F.);
#9032=ORIENTED_EDGE('',*,*,#448,.T.);
#9033=ORIENTED_EDGE('',*,*,#8767,.T.);
#9034=EDGE_LOOP('',(#9030,#9031,#9032,#9033));
#9035=FACE_BOUND('',#9034,.T.);
#9036=ADVANCED_FACE('',(#9035),#9029,.T.);
#9037=CARTESIAN_POINT('',(0.97778543,-31.668114681,35.281467932));
#9038=DIRECTION('',(1.,0.,0.));
#9039=DIRECTION('',(-0.,1.,0.));
#9040=AXIS2_PLACEMENT_3D('',#9037,#9038,#9039);
#9041=PLANE('',#9040);
#9042=CARTESIAN_POINT('',(0.97778543,-31.068114681,36.356467488));
#9043=DIRECTION('',(-0.,1.,0.));
#9044=VECTOR('',#9043,0.4);
#9045=LINE('',#9042,#9044);
#9046=EDGE_CURVE('',#137,#2838,#9045,.T.);
#9047=ORIENTED_EDGE('',*,*,#9046,.F.);
#9048=ORIENTED_EDGE('',*,*,#164,.T.);
#9049=ORIENTED_EDGE('',*,*,#2680,.T.);
#9050=ORIENTED_EDGE('',*,*,#2849,.F.);
#9051=EDGE_LOOP('',(#9047,#9048,#9049,#9050));
#9052=FACE_BOUND('',#9051,.T.);
#9053=ADVANCED_FACE('',(#9052),#9041,.T.);
#9054=CARTESIAN_POINT('',(49.07778543,-31.668114681,29.206468377));
#9055=DIRECTION('',(-1.,-0.,0.));
#9056=DIRECTION('',(0.,-1.,0.));
#9057=AXIS2_PLACEMENT_3D('',#9054,#9055,#9056);
#9058=PLANE('',#9057);
#9059=ORIENTED_EDGE('',*,*,#2741,.F.);
#9060=ORIENTED_EDGE('',*,*,#2619,.F.);
#9061=ORIENTED_EDGE('',*,*,#482,.T.);
#9062=ORIENTED_EDGE('',*,*,#2649,.T.);
#9063=EDGE_LOOP('',(#9059,#9060,#9061,#9062));
#9064=FACE_BOUND('',#9063,.T.);
#9065=ADVANCED_FACE('',(#9064),#9058,.T.);
#9066=CARTESIAN_POINT('',(37.70028543,-31.668114681,20.156467488));
#9067=DIRECTION('',(0.,0.,-1.));
#9068=DIRECTION('',(-1.,0.,0.));
#9069=AXIS2_PLACEMENT_3D('',#9066,#9067,#9068);
#9070=PLANE('',#9069);
#9071=ORIENTED_EDGE('',*,*,#2711,.T.);
#9072=ORIENTED_EDGE('',*,*,#3270,.F.);
#9073=ORIENTED_EDGE('',*,*,#210,.F.);
#9074=ORIENTED_EDGE('',*,*,#2587,.T.);
#9075=EDGE_LOOP('',(#9071,#9072,#9073,#9074));
#9076=FACE_BOUND('',#9075,.T.);
#9077=ADVANCED_FACE('',(#9076),#9070,.F.);
#9078=CARTESIAN_POINT('',(21.20028543,-31.668114681,20.156467488));
#9079=DIRECTION('',(0.,0.,-1.));
#9080=DIRECTION('',(-1.,0.,0.));
#9081=AXIS2_PLACEMENT_3D('',#9078,#9079,#9080);
#9082=PLANE('',#9081);
#9083=ORIENTED_EDGE('',*,*,#2966,.T.);
#9084=ORIENTED_EDGE('',*,*,#2526,.F.);
#9085=ORIENTED_EDGE('',*,*,#380,.F.);
#9086=ORIENTED_EDGE('',*,*,#2556,.T.);
#9087=EDGE_LOOP('',(#9083,#9084,#9085,#9086));
#9088=FACE_BOUND('',#9087,.T.);
#9089=ADVANCED_FACE('',(#9088),#9082,.F.);
#9090=CARTESIAN_POINT('',(29.57528543,-31.668114681,20.156467488));
#9091=DIRECTION('',(0.,0.,-1.));
#9092=DIRECTION('',(-1.,0.,0.));
#9093=AXIS2_PLACEMENT_3D('',#9090,#9091,#9092);
#9094=PLANE('',#9093);
#9095=ORIENTED_EDGE('',*,*,#2804,.T.);
#9096=ORIENTED_EDGE('',*,*,#3469,.F.);
#9097=ORIENTED_EDGE('',*,*,#278,.F.);
#9098=ORIENTED_EDGE('',*,*,#2494,.T.);
#9099=EDGE_LOOP('',(#9095,#9096,#9097,#9098));
#9100=FACE_BOUND('',#9099,.T.);
#9101=ADVANCED_FACE('',(#9100),#9094,.F.);
#9102=CARTESIAN_POINT('',(12.57528543,-31.668114681,20.156467488));
#9103=DIRECTION('',(0.,0.,-1.));
#9104=DIRECTION('',(-1.,0.,0.));
#9105=AXIS2_PLACEMENT_3D('',#9102,#9103,#9104);
#9106=PLANE('',#9105);
#9107=ORIENTED_EDGE('',*,*,#2766,.T.);
#9108=ORIENTED_EDGE('',*,*,#3719,.F.);
#9109=ORIENTED_EDGE('',*,*,#252,.F.);
#9110=ORIENTED_EDGE('',*,*,#3415,.T.);
#9111=EDGE_LOOP('',(#9107,#9108,#9109,#9110));
#9112=FACE_BOUND('',#9111,.T.);
#9113=ADVANCED_FACE('',(#9112),#9106,.F.);
#9114=CARTESIAN_POINT('',(25.02778543,-31.668114681,36.356467488));
#9115=DIRECTION('',(0.,0.,-1.));
#9116=DIRECTION('',(-1.,0.,0.));
#9117=AXIS2_PLACEMENT_3D('',#9114,#9115,#9116);
#9118=PLANE('',#9117);
#9119=ORIENTED_EDGE('',*,*,#2945,.F.);
#9120=ORIENTED_EDGE('',*,*,#2452,.F.);
#9121=ORIENTED_EDGE('',*,*,#354,.T.);
#9122=ORIENTED_EDGE('',*,*,#2389,.T.);
#9123=EDGE_LOOP('',(#9119,#9120,#9121,#9122));
#9124=FACE_BOUND('',#9123,.T.);
#9125=ADVANCED_FACE('',(#9124),#9118,.T.);
#9126=CARTESIAN_POINT('',(25.02778543,-31.668114681,36.356467488));
#9127=DIRECTION('',(0.,0.,-1.));
#9128=DIRECTION('',(-1.,0.,0.));
#9129=AXIS2_PLACEMENT_3D('',#9126,#9127,#9128);
#9130=PLANE('',#9129);
#9131=ORIENTED_EDGE('',*,*,#2843,.F.);
#9132=ORIENTED_EDGE('',*,*,#3702,.F.);
#9133=ORIENTED_EDGE('',*,*,#142,.T.);
#9134=ORIENTED_EDGE('',*,*,#9046,.T.);
#9135=EDGE_LOOP('',(#9131,#9132,#9133,#9134));
#9136=FACE_BOUND('',#9135,.T.);
#9137=ADVANCED_FACE('',(#9136),#9130,.T.);
#9138=CARTESIAN_POINT('',(25.02778543,-31.668114681,36.356467488));
#9139=DIRECTION('',(0.,0.,-1.));
#9140=DIRECTION('',(-1.,0.,0.));
#9141=AXIS2_PLACEMENT_3D('',#9138,#9139,#9140);
#9142=PLANE('',#9141);
#9143=ORIENTED_EDGE('',*,*,#3882,.F.);
#9144=ORIENTED_EDGE('',*,*,#2328,.F.);
#9145=ORIENTED_EDGE('',*,*,#176,.T.);
#9146=ORIENTED_EDGE('',*,*,#2420,.T.);
#9147=EDGE_LOOP('',(#9143,#9144,#9145,#9146));
#9148=FACE_BOUND('',#9147,.T.);
#9149=ADVANCED_FACE('',(#9148),#9142,.T.);
#9150=CARTESIAN_POINT('',(25.02778543,-31.668114681,36.356467488));
#9151=DIRECTION('',(0.,0.,-1.));
#9152=DIRECTION('',(-1.,0.,0.));
#9153=AXIS2_PLACEMENT_3D('',#9150,#9151,#9152);
#9154=PLANE('',#9153);
#9155=ORIENTED_EDGE('',*,*,#3926,.F.);
#9156=ORIENTED_EDGE('',*,*,#3325,.F.);
#9157=ORIENTED_EDGE('',*,*,#40,.T.);
#9158=ORIENTED_EDGE('',*,*,#2358,.T.);
#9159=EDGE_LOOP('',(#9155,#9156,#9157,#9158));
#9160=FACE_BOUND('',#9159,.T.);
#9161=ADVANCED_FACE('',(#9160),#9154,.T.);
#9162=CARTESIAN_POINT('',(25.02778543,-31.668114681,36.356467488));
#9163=DIRECTION('',(0.,0.,-1.));
#9164=DIRECTION('',(-1.,0.,0.));
#9165=AXIS2_PLACEMENT_3D('',#9162,#9163,#9164);
#9166=PLANE('',#9165);
#9167=ORIENTED_EDGE('',*,*,#3794,.F.);
#9168=ORIENTED_EDGE('',*,*,#3620,.F.);
#9169=ORIENTED_EDGE('',*,*,#108,.T.);
#9170=ORIENTED_EDGE('',*,*,#2296,.T.);
#9171=EDGE_LOOP('',(#9167,#9168,#9169,#9170));
#9172=FACE_BOUND('',#9171,.T.);
#9173=ADVANCED_FACE('',(#9172),#9166,.T.);
#9174=CARTESIAN_POINT('',(25.02778543,-31.668114681,36.356467488));
#9175=DIRECTION('',(0.,0.,-1.));
#9176=DIRECTION('',(-1.,0.,0.));
#9177=AXIS2_PLACEMENT_3D('',#9174,#9175,#9176);
#9178=PLANE('',#9177);
#9179=ORIENTED_EDGE('',*,*,#3816,.F.);
#9180=ORIENTED_EDGE('',*,*,#3524,.F.);
#9181=ORIENTED_EDGE('',*,*,#82,.T.);
#9182=ORIENTED_EDGE('',*,*,#3355,.T.);
#9183=EDGE_LOOP('',(#9179,#9180,#9181,#9182));
#9184=FACE_BOUND('',#9183,.T.);
#9185=ADVANCED_FACE('',(#9184),#9178,.T.);
#9186=CARTESIAN_POINT('',(0.17778543,-31.238114681,28.256467488));
#9187=DIRECTION('',(1.,0.,-0.));
#9188=DIRECTION('',(-0.,1.,0.));
#9189=AXIS2_PLACEMENT_3D('',#9186,#9187,#9188);
#9190=PLANE('',#9189);
#9191=ORIENTED_EDGE('',*,*,#812,.T.);
#9192=ORIENTED_EDGE('',*,*,#8280,.T.);
#9193=ORIENTED_EDGE('',*,*,#1850,.F.);
#9194=ORIENTED_EDGE('',*,*,#8707,.T.);
#9195=EDGE_LOOP('',(#9191,#9192,#9193,#9194));
#9196=FACE_BOUND('',#9195,.T.);
#9197=ADVANCED_FACE('',(#9196),#9190,.F.);
#9198=CARTESIAN_POINT('',(49.87778543,-31.148114681,28.256467488));
#9199=DIRECTION('',(1.,0.,0.));
#9200=DIRECTION('',(0.,0.,-1.));
#9201=AXIS2_PLACEMENT_3D('',#9198,#9199,#9200);
#9202=PLANE('',#9201);
#9203=ORIENTED_EDGE('',*,*,#700,.F.);
#9204=ORIENTED_EDGE('',*,*,#6081,.T.);
#9205=ORIENTED_EDGE('',*,*,#1765,.T.);
#9206=ORIENTED_EDGE('',*,*,#3954,.T.);
#9207=EDGE_LOOP('',(#9203,#9204,#9205,#9206));
#9208=FACE_BOUND('',#9207,.T.);
#9209=ADVANCED_FACE('',(#9208),#9202,.T.);
#9210=CARTESIAN_POINT('',(-0.98721457,-30.868114681,26.606468377));
#9211=DIRECTION('',(0.,0.,1.));
#9212=DIRECTION('',(1.,0.,-0.));
#9213=AXIS2_PLACEMENT_3D('',#9210,#9211,#9212);
#9214=CYLINDRICAL_SURFACE('',#9213,0.2);
#9215=ORIENTED_EDGE('',*,*,#8202,.F.);
#9216=ORIENTED_EDGE('',*,*,#1866,.F.);
#9217=ORIENTED_EDGE('',*,*,#8273,.F.);
#9218=ORIENTED_EDGE('',*,*,#8171,.F.);
#9219=EDGE_LOOP('',(#9215,#9216,#9217,#9218));
#9220=FACE_BOUND('',#9219,.T.);
#9221=ADVANCED_FACE('',(#9220),#9214,.F.);
#9222=CARTESIAN_POINT('',(51.01278543,-30.868114681,29.956468377));
#9223=DIRECTION('',(0.,0.,-1.));
#9224=DIRECTION('',(-1.,0.,0.));
#9225=AXIS2_PLACEMENT_3D('',#9222,#9223,#9224);
#9226=CYLINDRICAL_SURFACE('',#9225,0.2);
#9227=ORIENTED_EDGE('',*,*,#6074,.F.);
#9228=ORIENTED_EDGE('',*,*,#6044,.F.);
#9229=ORIENTED_EDGE('',*,*,#3098,.F.);
#9230=ORIENTED_EDGE('',*,*,#1781,.F.);
#9231=EDGE_LOOP('',(#9227,#9228,#9229,#9230));
#9232=FACE_BOUND('',#9231,.T.);
#9233=ADVANCED_FACE('',(#9232),#9226,.F.);
#9234=CARTESIAN_POINT('',(-0.88721457,-30.868114681,82.706468377));
#9235=DIRECTION('',(0.,0.,1.));
#9236=DIRECTION('',(1.,0.,-0.));
#9237=AXIS2_PLACEMENT_3D('',#9234,#9235,#9236);
#9238=CYLINDRICAL_SURFACE('',#9237,0.2);
#9239=ORIENTED_EDGE('',*,*,#8532,.F.);
#9240=ORIENTED_EDGE('',*,*,#1889,.F.);
#9241=ORIENTED_EDGE('',*,*,#8466,.F.);
#9242=ORIENTED_EDGE('',*,*,#8513,.F.);
#9243=EDGE_LOOP('',(#9239,#9240,#9241,#9242));
#9244=FACE_BOUND('',#9243,.T.);
#9245=ADVANCED_FACE('',(#9244),#9238,.F.);
#9246=CARTESIAN_POINT('',(25.01278543,-30.868114681,42.656469266));
#9247=DIRECTION('',(1.,0.,0.));
#9248=DIRECTION('',(0.,0.,-1.));
#9249=AXIS2_PLACEMENT_3D('',#9246,#9247,#9248);
#9250=CYLINDRICAL_SURFACE('',#9249,0.2);
#9251=ORIENTED_EDGE('',*,*,#7161,.F.);
#9252=ORIENTED_EDGE('',*,*,#7185,.F.);
#9253=ORIENTED_EDGE('',*,*,#7208,.F.);
#9254=ORIENTED_EDGE('',*,*,#1430,.F.);
#9255=EDGE_LOOP('',(#9251,#9252,#9253,#9254));
#9256=FACE_BOUND('',#9255,.T.);
#9257=ADVANCED_FACE('',(#9256),#9250,.F.);
#9258=CARTESIAN_POINT('',(25.01278543,-30.868114681,17.25646571));
#9259=DIRECTION('',(-1.,-0.,-0.));
#9260=DIRECTION('',(-0.,0.,1.));
#9261=AXIS2_PLACEMENT_3D('',#9258,#9259,#9260);
#9262=CYLINDRICAL_SURFACE('',#9261,0.2);
#9263=ORIENTED_EDGE('',*,*,#4361,.F.);
#9264=ORIENTED_EDGE('',*,*,#4385,.F.);
#9265=ORIENTED_EDGE('',*,*,#4408,.F.);
#9266=ORIENTED_EDGE('',*,*,#1328,.F.);
#9267=EDGE_LOOP('',(#9263,#9264,#9265,#9266));
#9268=FACE_BOUND('',#9267,.T.);
#9269=ADVANCED_FACE('',(#9268),#9262,.F.);
#9270=CARTESIAN_POINT('',(22.91278543,-30.868114681,42.656469266));
#9271=DIRECTION('',(1.,0.,0.));
#9272=DIRECTION('',(0.,0.,-1.));
#9273=AXIS2_PLACEMENT_3D('',#9270,#9271,#9272);
#9274=CYLINDRICAL_SURFACE('',#9273,0.2);
#9275=ORIENTED_EDGE('',*,*,#7017,.F.);
#9276=ORIENTED_EDGE('',*,*,#1710,.F.);
#9277=ORIENTED_EDGE('',*,*,#7080,.F.);
#9278=ORIENTED_EDGE('',*,*,#6979,.F.);
#9279=EDGE_LOOP('',(#9275,#9276,#9277,#9278));
#9280=FACE_BOUND('',#9279,.T.);
#9281=ADVANCED_FACE('',(#9280),#9274,.F.);
#9282=CARTESIAN_POINT('',(44.36278543,-30.868114681,42.656469266));
#9283=DIRECTION('',(1.,0.,-0.));
#9284=DIRECTION('',(-0.,0.,-1.));
#9285=AXIS2_PLACEMENT_3D('',#9282,#9283,#9284);
#9286=CYLINDRICAL_SURFACE('',#9285,0.2);
#9287=ORIENTED_EDGE('',*,*,#5465,.F.);
#9288=ORIENTED_EDGE('',*,*,#1472,.F.);
#9289=ORIENTED_EDGE('',*,*,#5393,.F.);
#9290=ORIENTED_EDGE('',*,*,#5363,.F.);
#9291=EDGE_LOOP('',(#9287,#9288,#9289,#9290));
#9292=FACE_BOUND('',#9291,.T.);
#9293=ADVANCED_FACE('',(#9292),#9286,.F.);
#9294=CARTESIAN_POINT('',(-11.73721457,-30.868114681,42.556469266));
#9295=DIRECTION('',(1.,0.,-0.));
#9296=DIRECTION('',(-0.,0.,-1.));
#9297=AXIS2_PLACEMENT_3D('',#9294,#9295,#9296);
#9298=CYLINDRICAL_SURFACE('',#9297,0.2);
#9299=ORIENTED_EDGE('',*,*,#5643,.F.);
#9300=ORIENTED_EDGE('',*,*,#1506,.F.);
#9301=ORIENTED_EDGE('',*,*,#5720,.F.);
#9302=ORIENTED_EDGE('',*,*,#5690,.F.);
#9303=EDGE_LOOP('',(#9299,#9300,#9301,#9302));
#9304=FACE_BOUND('',#9303,.T.);
#9305=ADVANCED_FACE('',(#9304),#9298,.F.);
#9306=CARTESIAN_POINT('',(61.76278543,-30.868114681,17.35646571));
#9307=DIRECTION('',(-1.,-0.,-0.));
#9308=DIRECTION('',(-0.,0.,1.));
#9309=AXIS2_PLACEMENT_3D('',#9306,#9307,#9308);
#9310=CYLINDRICAL_SURFACE('',#9309,0.2);
#9311=ORIENTED_EDGE('',*,*,#7851,.F.);
#9312=ORIENTED_EDGE('',*,*,#1166,.F.);
#9313=ORIENTED_EDGE('',*,*,#7928,.F.);
#9314=ORIENTED_EDGE('',*,*,#7898,.F.);
#9315=EDGE_LOOP('',(#9311,#9312,#9313,#9314));
#9316=FACE_BOUND('',#9315,.T.);
#9317=ADVANCED_FACE('',(#9316),#9310,.F.);
#9318=CARTESIAN_POINT('',(-0.98721457,-30.868114681,29.956468377));
#9319=DIRECTION('',(0.,0.,1.));
#9320=DIRECTION('',(1.,0.,-0.));
#9321=AXIS2_PLACEMENT_3D('',#9318,#9319,#9320);
#9322=CYLINDRICAL_SURFACE('',#9321,0.2);
#9323=ORIENTED_EDGE('',*,*,#8336,.F.);
#9324=ORIENTED_EDGE('',*,*,#8383,.F.);
#9325=ORIENTED_EDGE('',*,*,#8402,.F.);
#9326=ORIENTED_EDGE('',*,*,#1912,.F.);
#9327=EDGE_LOOP('',(#9323,#9324,#9325,#9326));
#9328=FACE_BOUND('',#9327,.T.);
#9329=ADVANCED_FACE('',(#9328),#9322,.F.);
#9330=CARTESIAN_POINT('',(79.01278543,-30.868114681,42.556469266));
#9331=DIRECTION('',(1.,0.,0.));
#9332=DIRECTION('',(0.,0.,-1.));
#9333=AXIS2_PLACEMENT_3D('',#9330,#9331,#9332);
#9334=CYLINDRICAL_SURFACE('',#9333,0.2);
#9335=ORIENTED_EDGE('',*,*,#7337,.F.);
#9336=ORIENTED_EDGE('',*,*,#1676,.F.);
#9337=ORIENTED_EDGE('',*,*,#7265,.F.);
#9338=ORIENTED_EDGE('',*,*,#7313,.F.);
#9339=EDGE_LOOP('',(#9335,#9336,#9337,#9338));
#9340=FACE_BOUND('',#9339,.T.);
#9341=ADVANCED_FACE('',(#9340),#9334,.F.);
#9342=CARTESIAN_POINT('',(51.01278543,-30.868114681,26.606468377));
#9343=DIRECTION('',(0.,0.,-1.));
#9344=DIRECTION('',(-1.,0.,0.));
#9345=AXIS2_PLACEMENT_3D('',#9342,#9343,#9344);
#9346=CYLINDRICAL_SURFACE('',#9345,0.2);
#9347=ORIENTED_EDGE('',*,*,#5988,.F.);
#9348=ORIENTED_EDGE('',*,*,#1827,.F.);
#9349=ORIENTED_EDGE('',*,*,#3047,.F.);
#9350=ORIENTED_EDGE('',*,*,#5945,.F.);
#9351=EDGE_LOOP('',(#9347,#9348,#9349,#9350));
#9352=FACE_BOUND('',#9351,.T.);
#9353=ADVANCED_FACE('',(#9352),#9346,.F.);
#9354=CARTESIAN_POINT('',(50.91278543,-30.868114681,82.706468377));
#9355=DIRECTION('',(0.,0.,-1.));
#9356=DIRECTION('',(-1.,0.,-0.));
#9357=AXIS2_PLACEMENT_3D('',#9354,#9355,#9356);
#9358=CYLINDRICAL_SURFACE('',#9357,0.2);
#9359=ORIENTED_EDGE('',*,*,#6124,.F.);
#9360=ORIENTED_EDGE('',*,*,#1804,.F.);
#9361=ORIENTED_EDGE('',*,*,#3161,.F.);
#9362=ORIENTED_EDGE('',*,*,#6175,.F.);
#9363=EDGE_LOOP('',(#9359,#9360,#9361,#9362));
#9364=FACE_BOUND('',#9363,.T.);
#9365=ADVANCED_FACE('',(#9364),#9358,.F.);
#9366=CARTESIAN_POINT('',(25.01278543,-30.868114681,42.656469266));
#9367=DIRECTION('',(1.,0.,0.));
#9368=DIRECTION('',(0.,0.,-1.));
#9369=AXIS2_PLACEMENT_3D('',#9366,#9367,#9368);
#9370=CYLINDRICAL_SURFACE('',#9369,0.2);
#9371=ORIENTED_EDGE('',*,*,#4953,.F.);
#9372=ORIENTED_EDGE('',*,*,#4977,.F.);
#9373=ORIENTED_EDGE('',*,*,#5000,.F.);
#9374=ORIENTED_EDGE('',*,*,#1532,.F.);
#9375=EDGE_LOOP('',(#9371,#9372,#9373,#9374));
#9376=FACE_BOUND('',#9375,.T.);
#9377=ADVANCED_FACE('',(#9376),#9370,.F.);
#9378=CARTESIAN_POINT('',(61.76278543,-30.868114681,42.556469266));
#9379=DIRECTION('',(1.,0.,0.));
#9380=DIRECTION('',(0.,0.,-1.));
#9381=AXIS2_PLACEMENT_3D('',#9378,#9379,#9380);
#9382=CYLINDRICAL_SURFACE('',#9381,0.2);
#9383=ORIENTED_EDGE('',*,*,#5129,.F.);
#9384=ORIENTED_EDGE('',*,*,#1574,.F.);
#9385=ORIENTED_EDGE('',*,*,#5057,.F.);
#9386=ORIENTED_EDGE('',*,*,#5105,.F.);
#9387=EDGE_LOOP('',(#9383,#9384,#9385,#9386));
#9388=FACE_BOUND('',#9387,.T.);
#9389=ADVANCED_FACE('',(#9388),#9382,.F.);
#9390=CARTESIAN_POINT('',(22.91278543,-30.868114681,17.25646571));
#9391=DIRECTION('',(-1.,-0.,-0.));
#9392=DIRECTION('',(-0.,0.,1.));
#9393=AXIS2_PLACEMENT_3D('',#9390,#9391,#9392);
#9394=CYLINDRICAL_SURFACE('',#9393,0.2);
#9395=ORIENTED_EDGE('',*,*,#6489,.F.);
#9396=ORIENTED_EDGE('',*,*,#1200,.F.);
#9397=ORIENTED_EDGE('',*,*,#6417,.F.);
#9398=ORIENTED_EDGE('',*,*,#6387,.F.);
#9399=EDGE_LOOP('',(#9395,#9396,#9397,#9398));
#9400=FACE_BOUND('',#9399,.T.);
#9401=ADVANCED_FACE('',(#9400),#9394,.F.);
#9402=CARTESIAN_POINT('',(79.01278543,-30.868114681,17.35646571));
#9403=DIRECTION('',(-1.,-0.,-0.));
#9404=DIRECTION('',(-0.,0.,1.));
#9405=AXIS2_PLACEMENT_3D('',#9402,#9403,#9404);
#9406=CYLINDRICAL_SURFACE('',#9405,0.2);
#9407=ORIENTED_EDGE('',*,*,#6667,.F.);
#9408=ORIENTED_EDGE('',*,*,#1234,.F.);
#9409=ORIENTED_EDGE('',*,*,#6744,.F.);
#9410=ORIENTED_EDGE('',*,*,#6714,.F.);
#9411=EDGE_LOOP('',(#9407,#9408,#9409,#9410));
#9412=FACE_BOUND('',#9411,.T.);
#9413=ADVANCED_FACE('',(#9412),#9406,.F.);
#9414=CARTESIAN_POINT('',(5.66278543,-30.868114681,17.25646571));
#9415=DIRECTION('',(-1.,-0.,-0.));
#9416=DIRECTION('',(-0.,0.,1.));
#9417=AXIS2_PLACEMENT_3D('',#9414,#9415,#9416);
#9418=CYLINDRICAL_SURFACE('',#9417,0.2);
#9419=ORIENTED_EDGE('',*,*,#7673,.F.);
#9420=ORIENTED_EDGE('',*,*,#1132,.F.);
#9421=ORIENTED_EDGE('',*,*,#7601,.F.);
#9422=ORIENTED_EDGE('',*,*,#7571,.F.);
#9423=EDGE_LOOP('',(#9419,#9420,#9421,#9422));
#9424=FACE_BOUND('',#9423,.T.);
#9425=ADVANCED_FACE('',(#9424),#9418,.F.);
#9426=CARTESIAN_POINT('',(25.01278543,-30.868114681,17.25646571));
#9427=DIRECTION('',(-1.,-0.,-0.));
#9428=DIRECTION('',(-0.,0.,1.));
#9429=AXIS2_PLACEMENT_3D('',#9426,#9427,#9428);
#9430=CYLINDRICAL_SURFACE('',#9429,0.2);
#9431=ORIENTED_EDGE('',*,*,#6648,.F.);
#9432=ORIENTED_EDGE('',*,*,#6586,.F.);
#9433=ORIENTED_EDGE('',*,*,#6538,.F.);
#9434=ORIENTED_EDGE('',*,*,#1362,.F.);
#9435=EDGE_LOOP('',(#9431,#9432,#9433,#9434));
#9436=FACE_BOUND('',#9435,.T.);
#9437=ADVANCED_FACE('',(#9436),#9430,.F.);
#9438=CARTESIAN_POINT('',(44.36278543,-30.868114681,17.25646571));
#9439=DIRECTION('',(-1.,-0.,-0.));
#9440=DIRECTION('',(-0.,0.,1.));
#9441=AXIS2_PLACEMENT_3D('',#9438,#9439,#9440);
#9442=CYLINDRICAL_SURFACE('',#9441,0.2);
#9443=ORIENTED_EDGE('',*,*,#4217,.F.);
#9444=ORIENTED_EDGE('',*,*,#1268,.F.);
#9445=ORIENTED_EDGE('',*,*,#4280,.F.);
#9446=ORIENTED_EDGE('',*,*,#4179,.F.);
#9447=EDGE_LOOP('',(#9443,#9444,#9445,#9446));
#9448=FACE_BOUND('',#9447,.T.);
#9449=ADVANCED_FACE('',(#9448),#9442,.F.);
#9450=CARTESIAN_POINT('',(-11.73721457,-30.868114681,17.35646571));
#9451=DIRECTION('',(-1.,-0.,-0.));
#9452=DIRECTION('',(-0.,0.,1.));
#9453=AXIS2_PLACEMENT_3D('',#9450,#9451,#9452);
#9454=CYLINDRICAL_SURFACE('',#9453,0.2);
#9455=ORIENTED_EDGE('',*,*,#4537,.F.);
#9456=ORIENTED_EDGE('',*,*,#1302,.F.);
#9457=ORIENTED_EDGE('',*,*,#4465,.F.);
#9458=ORIENTED_EDGE('',*,*,#4513,.F.);
#9459=EDGE_LOOP('',(#9455,#9456,#9457,#9458));
#9460=FACE_BOUND('',#9459,.T.);
#9461=ADVANCED_FACE('',(#9460),#9454,.F.);
#9462=CARTESIAN_POINT('',(5.66278543,-30.868114681,42.656469266));
#9463=DIRECTION('',(1.,0.,0.));
#9464=DIRECTION('',(0.,0.,-1.));
#9465=AXIS2_PLACEMENT_3D('',#9462,#9463,#9464);
#9466=CYLINDRICAL_SURFACE('',#9465,0.2);
#9467=ORIENTED_EDGE('',*,*,#4809,.F.);
#9468=ORIENTED_EDGE('',*,*,#1608,.F.);
#9469=ORIENTED_EDGE('',*,*,#4872,.F.);
#9470=ORIENTED_EDGE('',*,*,#4771,.F.);
#9471=EDGE_LOOP('',(#9467,#9468,#9469,#9470));
#9472=FACE_BOUND('',#9471,.T.);
#9473=ADVANCED_FACE('',(#9472),#9466,.F.);
#9474=CARTESIAN_POINT('',(25.01278543,-30.868114681,42.656469266));
#9475=DIRECTION('',(1.,0.,-0.));
#9476=DIRECTION('',(-0.,0.,-1.));
#9477=AXIS2_PLACEMENT_3D('',#9474,#9475,#9476);
#9478=CYLINDRICAL_SURFACE('',#9477,0.2);
#9479=ORIENTED_EDGE('',*,*,#5624,.F.);
#9480=ORIENTED_EDGE('',*,*,#5562,.F.);
#9481=ORIENTED_EDGE('',*,*,#5514,.F.);
#9482=ORIENTED_EDGE('',*,*,#1634,.F.);
#9483=EDGE_LOOP('',(#9479,#9480,#9481,#9482));
#9484=FACE_BOUND('',#9483,.T.);
#9485=ADVANCED_FACE('',(#9484),#9478,.F.);
#9486=CARTESIAN_POINT('',(25.01278543,-30.868114681,17.25646571));
#9487=DIRECTION('',(-1.,-0.,-0.));
#9488=DIRECTION('',(-0.,0.,1.));
#9489=AXIS2_PLACEMENT_3D('',#9486,#9487,#9488);
#9490=CYLINDRICAL_SURFACE('',#9489,0.2);
#9491=ORIENTED_EDGE('',*,*,#7832,.F.);
#9492=ORIENTED_EDGE('',*,*,#7770,.F.);
#9493=ORIENTED_EDGE('',*,*,#7722,.F.);
#9494=ORIENTED_EDGE('',*,*,#1396,.F.);
#9495=EDGE_LOOP('',(#9491,#9492,#9493,#9494));
#9496=FACE_BOUND('',#9495,.T.);
#9497=ADVANCED_FACE('',(#9496),#9490,.F.);
#9498=CARTESIAN_POINT('',(35.705581735,-30.068114681,20.934813335));
#9499=DIRECTION('',(-0.,1.,0.));
#9500=DIRECTION('',(-1.,-0.,0.));
#9501=AXIS2_PLACEMENT_3D('',#9498,#9499,#9500);
#9502=CYLINDRICAL_SURFACE('',#9501,2.);
#9503=CARTESIAN_POINT('',(33.705581735,-30.068114681,20.934813335));
#9504=VERTEX_POINT('',#9503);
#9505=CARTESIAN_POINT('',(33.705581735,-29.668114681,20.934813335));
#9506=DIRECTION('',(0.,-1.,-0.));
#9507=VECTOR('',#9506,0.4);
#9508=LINE('',#9505,#9507);
#9509=EDGE_CURVE('',#2057,#9504,#9508,.T.);
#9510=ORIENTED_EDGE('',*,*,#9509,.F.);
#9511=ORIENTED_EDGE('',*,*,#2065,.T.);
#9512=CARTESIAN_POINT('',(35.705581735,-30.068114681,22.934813335));
#9513=VERTEX_POINT('',#9512);
#9514=CARTESIAN_POINT('',(35.705581735,-30.068114681,22.934813335));
#9515=DIRECTION('',(0.,1.,0.));
#9516=VECTOR('',#9515,0.4);
#9517=LINE('',#9514,#9516);
#9518=EDGE_CURVE('',#9513,#2059,#9517,.T.);
#9519=ORIENTED_EDGE('',*,*,#9518,.F.);
#9520=CARTESIAN_POINT('',(35.705581735,-30.068114681,20.934813335));
#9521=DIRECTION('',(-0.,1.,0.));
#9522=DIRECTION('',(-1.,-0.,0.));
#9523=AXIS2_PLACEMENT_3D('',#9520,#9521,#9522);
#9524=CIRCLE('',#9523,2.);
#9525=EDGE_CURVE('',#9504,#9513,#9524,.T.);
#9526=ORIENTED_EDGE('',*,*,#9525,.F.);
#9527=EDGE_LOOP('',(#9510,#9511,#9519,#9526));
#9528=FACE_BOUND('',#9527,.T.);
#9529=ADVANCED_FACE('',(#9528),#9502,.F.);
#9530=CARTESIAN_POINT('',(39.955581735,-30.068114681,22.934813335));
#9531=DIRECTION('',(0.,0.,1.));
#9532=DIRECTION('',(1.,0.,0.));
#9533=AXIS2_PLACEMENT_3D('',#9530,#9531,#9532);
#9534=PLANE('',#9533);
#9535=ORIENTED_EDGE('',*,*,#2097,.T.);
#9536=CARTESIAN_POINT('',(44.205581735,-30.068114681,22.934813335));
#9537=VERTEX_POINT('',#9536);
#9538=CARTESIAN_POINT('',(44.205581735,-30.068114681,22.934813335));
#9539=DIRECTION('',(-0.,1.,0.));
#9540=VECTOR('',#9539,0.4);
#9541=LINE('',#9538,#9540);
#9542=EDGE_CURVE('',#9537,#2085,#9541,.T.);
#9543=ORIENTED_EDGE('',*,*,#9542,.F.);
#9544=CARTESIAN_POINT('',(35.705581735,-30.068114681,22.934813335));
#9545=DIRECTION('',(1.,0.,0.));
#9546=VECTOR('',#9545,8.5);
#9547=LINE('',#9544,#9546);
#9548=EDGE_CURVE('',#9513,#9537,#9547,.T.);
#9549=ORIENTED_EDGE('',*,*,#9548,.F.);
#9550=ORIENTED_EDGE('',*,*,#9518,.T.);
#9551=EDGE_LOOP('',(#9535,#9543,#9549,#9550));
#9552=FACE_BOUND('',#9551,.T.);
#9553=ADVANCED_FACE('',(#9552),#9534,.F.);
#9554=CARTESIAN_POINT('',(44.205581735,-30.068114681,20.934813335));
#9555=DIRECTION('',(-0.,1.,0.));
#9556=DIRECTION('',(-1.,-0.,0.));
#9557=AXIS2_PLACEMENT_3D('',#9554,#9555,#9556);
#9558=CYLINDRICAL_SURFACE('',#9557,2.);
#9559=ORIENTED_EDGE('',*,*,#2091,.T.);
#9560=CARTESIAN_POINT('',(44.205581735,-30.068114681,18.934813335));
#9561=VERTEX_POINT('',#9560);
#9562=CARTESIAN_POINT('',(44.205581735,-30.068114681,18.934813335));
#9563=DIRECTION('',(0.,1.,0.));
#9564=VECTOR('',#9563,0.4);
#9565=LINE('',#9562,#9564);
#9566=EDGE_CURVE('',#9561,#2077,#9565,.T.);
#9567=ORIENTED_EDGE('',*,*,#9566,.F.);
#9568=CARTESIAN_POINT('',(44.205581735,-30.068114681,20.934813335));
#9569=DIRECTION('',(-0.,1.,0.));
#9570=DIRECTION('',(-1.,-0.,0.));
#9571=AXIS2_PLACEMENT_3D('',#9568,#9569,#9570);
#9572=CIRCLE('',#9571,2.);
#9573=EDGE_CURVE('',#9537,#9561,#9572,.T.);
#9574=ORIENTED_EDGE('',*,*,#9573,.F.);
#9575=ORIENTED_EDGE('',*,*,#9542,.T.);
#9576=EDGE_LOOP('',(#9559,#9567,#9574,#9575));
#9577=FACE_BOUND('',#9576,.T.);
#9578=ADVANCED_FACE('',(#9577),#9558,.F.);
#9579=CARTESIAN_POINT('',(39.955581735,-30.068114681,18.934813335));
#9580=DIRECTION('',(0.,0.,-1.));
#9581=DIRECTION('',(-1.,0.,0.));
#9582=AXIS2_PLACEMENT_3D('',#9579,#9580,#9581);
#9583=PLANE('',#9582);
#9584=ORIENTED_EDGE('',*,*,#2082,.T.);
#9585=CARTESIAN_POINT('',(35.705581735,-30.068114681,18.934813335));
#9586=VERTEX_POINT('',#9585);
#9587=CARTESIAN_POINT('',(35.705581735,-30.068114681,18.934813335));
#9588=DIRECTION('',(-0.,1.,0.));
#9589=VECTOR('',#9588,0.4);
#9590=LINE('',#9587,#9589);
#9591=EDGE_CURVE('',#9586,#2068,#9590,.T.);
#9592=ORIENTED_EDGE('',*,*,#9591,.F.);
#9593=CARTESIAN_POINT('',(44.205581735,-30.068114681,18.934813335));
#9594=DIRECTION('',(-1.,-0.,0.));
#9595=VECTOR('',#9594,8.5);
#9596=LINE('',#9593,#9595);
#9597=EDGE_CURVE('',#9561,#9586,#9596,.T.);
#9598=ORIENTED_EDGE('',*,*,#9597,.F.);
#9599=ORIENTED_EDGE('',*,*,#9566,.T.);
#9600=EDGE_LOOP('',(#9584,#9592,#9598,#9599));
#9601=FACE_BOUND('',#9600,.T.);
#9602=ADVANCED_FACE('',(#9601),#9583,.F.);
#9603=CARTESIAN_POINT('',(25.01278543,-30.068114681,29.956468377));
#9604=DIRECTION('',(-0.,1.,0.));
#9605=DIRECTION('',(-1.,-0.,0.));
#9606=AXIS2_PLACEMENT_3D('',#9603,#9604,#9605);
#9607=PLANE('',#9606);
#9608=CARTESIAN_POINT('',(35.705581735,-30.068114681,20.934813335));
#9609=DIRECTION('',(-0.,1.,0.));
#9610=DIRECTION('',(-1.,-0.,0.));
#9611=AXIS2_PLACEMENT_3D('',#9608,#9609,#9610);
#9612=CIRCLE('',#9611,2.);
#9613=EDGE_CURVE('',#9586,#9504,#9612,.T.);
#9614=ORIENTED_EDGE('',*,*,#9613,.T.);
#9615=ORIENTED_EDGE('',*,*,#9525,.T.);
#9616=ORIENTED_EDGE('',*,*,#9548,.T.);
#9617=ORIENTED_EDGE('',*,*,#9573,.T.);
#9618=ORIENTED_EDGE('',*,*,#9597,.T.);
#9619=EDGE_LOOP('',(#9614,#9615,#9616,#9617,#9618));
#9620=FACE_BOUND('',#9619,.T.);
#9621=ADVANCED_FACE('',(#9620),#9607,.T.);
#9622=CARTESIAN_POINT('',(5.705581735,-30.068114681,20.934813335));
#9623=DIRECTION('',(-0.,1.,0.));
#9624=DIRECTION('',(-1.,-0.,0.));
#9625=AXIS2_PLACEMENT_3D('',#9622,#9623,#9624);
#9626=CYLINDRICAL_SURFACE('',#9625,2.);
#9627=CARTESIAN_POINT('',(3.705581735,-30.068114681,20.934813335));
#9628=VERTEX_POINT('',#9627);
#9629=CARTESIAN_POINT('',(3.705581735,-29.668114681,20.934813335));
#9630=DIRECTION('',(0.,-1.,-0.));
#9631=VECTOR('',#9630,0.4);
#9632=LINE('',#9629,#9631);
#9633=EDGE_CURVE('',#2012,#9628,#9632,.T.);
#9634=ORIENTED_EDGE('',*,*,#9633,.F.);
#9635=ORIENTED_EDGE('',*,*,#2020,.T.);
#9636=CARTESIAN_POINT('',(5.705581735,-30.068114681,22.934813335));
#9637=VERTEX_POINT('',#9636);
#9638=CARTESIAN_POINT('',(5.705581735,-30.068114681,22.934813335));
#9639=DIRECTION('',(0.,1.,0.));
#9640=VECTOR('',#9639,0.4);
#9641=LINE('',#9638,#9640);
#9642=EDGE_CURVE('',#9637,#2014,#9641,.T.);
#9643=ORIENTED_EDGE('',*,*,#9642,.F.);
#9644=CARTESIAN_POINT('',(5.705581735,-30.068114681,20.934813335));
#9645=DIRECTION('',(-0.,1.,0.));
#9646=DIRECTION('',(-1.,-0.,0.));
#9647=AXIS2_PLACEMENT_3D('',#9644,#9645,#9646);
#9648=CIRCLE('',#9647,2.);
#9649=EDGE_CURVE('',#9628,#9637,#9648,.T.);
#9650=ORIENTED_EDGE('',*,*,#9649,.F.);
#9651=EDGE_LOOP('',(#9634,#9635,#9643,#9650));
#9652=FACE_BOUND('',#9651,.T.);
#9653=ADVANCED_FACE('',(#9652),#9626,.F.);
#9654=CARTESIAN_POINT('',(9.955581735,-30.068114681,22.934813335));
#9655=DIRECTION('',(0.,0.,1.));
#9656=DIRECTION('',(1.,0.,0.));
#9657=AXIS2_PLACEMENT_3D('',#9654,#9655,#9656);
#9658=PLANE('',#9657);
#9659=ORIENTED_EDGE('',*,*,#2052,.T.);
#9660=CARTESIAN_POINT('',(14.205581735,-30.068114681,22.934813335));
#9661=VERTEX_POINT('',#9660);
#9662=CARTESIAN_POINT('',(14.205581735,-30.068114681,22.934813335));
#9663=DIRECTION('',(-0.,1.,0.));
#9664=VECTOR('',#9663,0.4);
#9665=LINE('',#9662,#9664);
#9666=EDGE_CURVE('',#9661,#2040,#9665,.T.);
#9667=ORIENTED_EDGE('',*,*,#9666,.F.);
#9668=CARTESIAN_POINT('',(5.705581735,-30.068114681,22.934813335));
#9669=DIRECTION('',(1.,0.,0.));
#9670=VECTOR('',#9669,8.5);
#9671=LINE('',#9668,#9670);
#9672=EDGE_CURVE('',#9637,#9661,#9671,.T.);
#9673=ORIENTED_EDGE('',*,*,#9672,.F.);
#9674=ORIENTED_EDGE('',*,*,#9642,.T.);
#9675=EDGE_LOOP('',(#9659,#9667,#9673,#9674));
#9676=FACE_BOUND('',#9675,.T.);
#9677=ADVANCED_FACE('',(#9676),#9658,.F.);
#9678=CARTESIAN_POINT('',(14.205581735,-30.068114681,20.934813335));
#9679=DIRECTION('',(-0.,1.,0.));
#9680=DIRECTION('',(-1.,-0.,0.));
#9681=AXIS2_PLACEMENT_3D('',#9678,#9679,#9680);
#9682=CYLINDRICAL_SURFACE('',#9681,2.);
#9683=ORIENTED_EDGE('',*,*,#2046,.T.);
#9684=CARTESIAN_POINT('',(14.205581735,-30.068114681,18.934813335));
#9685=VERTEX_POINT('',#9684);
#9686=CARTESIAN_POINT('',(14.205581735,-30.068114681,18.934813335));
#9687=DIRECTION('',(0.,1.,0.));
#9688=VECTOR('',#9687,0.4);
#9689=LINE('',#9686,#9688);
#9690=EDGE_CURVE('',#9685,#2032,#9689,.T.);
#9691=ORIENTED_EDGE('',*,*,#9690,.F.);
#9692=CARTESIAN_POINT('',(14.205581735,-30.068114681,20.934813335));
#9693=DIRECTION('',(-0.,1.,0.));
#9694=DIRECTION('',(-1.,-0.,0.));
#9695=AXIS2_PLACEMENT_3D('',#9692,#9693,#9694);
#9696=CIRCLE('',#9695,2.);
#9697=EDGE_CURVE('',#9661,#9685,#9696,.T.);
#9698=ORIENTED_EDGE('',*,*,#9697,.F.);
#9699=ORIENTED_EDGE('',*,*,#9666,.T.);
#9700=EDGE_LOOP('',(#9683,#9691,#9698,#9699));
#9701=FACE_BOUND('',#9700,.T.);
#9702=ADVANCED_FACE('',(#9701),#9682,.F.);
#9703=CARTESIAN_POINT('',(9.955581735,-30.068114681,18.934813335));
#9704=DIRECTION('',(0.,0.,-1.));
#9705=DIRECTION('',(-1.,0.,0.));
#9706=AXIS2_PLACEMENT_3D('',#9703,#9704,#9705);
#9707=PLANE('',#9706);
#9708=ORIENTED_EDGE('',*,*,#2037,.T.);
#9709=CARTESIAN_POINT('',(5.705581735,-30.068114681,18.934813335));
#9710=VERTEX_POINT('',#9709);
#9711=CARTESIAN_POINT('',(5.705581735,-30.068114681,18.934813335));
#9712=DIRECTION('',(-0.,1.,0.));
#9713=VECTOR('',#9712,0.4);
#9714=LINE('',#9711,#9713);
#9715=EDGE_CURVE('',#9710,#2023,#9714,.T.);
#9716=ORIENTED_EDGE('',*,*,#9715,.F.);
#9717=CARTESIAN_POINT('',(14.205581735,-30.068114681,18.934813335));
#9718=DIRECTION('',(-1.,-0.,0.));
#9719=VECTOR('',#9718,8.5);
#9720=LINE('',#9717,#9719);
#9721=EDGE_CURVE('',#9685,#9710,#9720,.T.);
#9722=ORIENTED_EDGE('',*,*,#9721,.F.);
#9723=ORIENTED_EDGE('',*,*,#9690,.T.);
#9724=EDGE_LOOP('',(#9708,#9716,#9722,#9723));
#9725=FACE_BOUND('',#9724,.T.);
#9726=ADVANCED_FACE('',(#9725),#9707,.F.);
#9727=CARTESIAN_POINT('',(25.01278543,-30.068114681,29.956468377));
#9728=DIRECTION('',(-0.,1.,0.));
#9729=DIRECTION('',(-1.,-0.,0.));
#9730=AXIS2_PLACEMENT_3D('',#9727,#9728,#9729);
#9731=PLANE('',#9730);
#9732=CARTESIAN_POINT('',(5.705581735,-30.068114681,20.934813335));
#9733=DIRECTION('',(-0.,1.,0.));
#9734=DIRECTION('',(-1.,-0.,0.));
#9735=AXIS2_PLACEMENT_3D('',#9732,#9733,#9734);
#9736=CIRCLE('',#9735,2.);
#9737=EDGE_CURVE('',#9710,#9628,#9736,.T.);
#9738=ORIENTED_EDGE('',*,*,#9737,.T.);
#9739=ORIENTED_EDGE('',*,*,#9649,.T.);
#9740=ORIENTED_EDGE('',*,*,#9672,.T.);
#9741=ORIENTED_EDGE('',*,*,#9697,.T.);
#9742=ORIENTED_EDGE('',*,*,#9721,.T.);
#9743=EDGE_LOOP('',(#9738,#9739,#9740,#9741,#9742));
#9744=FACE_BOUND('',#9743,.T.);
#9745=ADVANCED_FACE('',(#9744),#9731,.T.);
#9746=CARTESIAN_POINT('',(9.955581735,-30.068114681,40.978121641));
#9747=DIRECTION('',(0.,0.,-1.));
#9748=DIRECTION('',(-1.,0.,0.));
#9749=AXIS2_PLACEMENT_3D('',#9746,#9747,#9748);
#9750=PLANE('',#9749);
#9751=ORIENTED_EDGE('',*,*,#2211,.F.);
#9752=CARTESIAN_POINT('',(14.205581735,-30.068114681,40.978121641));
#9753=VERTEX_POINT('',#9752);
#9754=CARTESIAN_POINT('',(14.205581735,-30.068114681,40.978121641));
#9755=DIRECTION('',(-0.,1.,0.));
#9756=VECTOR('',#9755,0.4);
#9757=LINE('',#9754,#9756);
#9758=EDGE_CURVE('',#9753,#2195,#9757,.T.);
#9759=ORIENTED_EDGE('',*,*,#9758,.F.);
#9760=CARTESIAN_POINT('',(5.705581735,-30.068114681,40.978121641));
#9761=VERTEX_POINT('',#9760);
#9762=CARTESIAN_POINT('',(14.205581735,-30.068114681,40.978121641));
#9763=DIRECTION('',(-1.,-0.,0.));
#9764=VECTOR('',#9763,8.5);
#9765=LINE('',#9762,#9764);
#9766=EDGE_CURVE('',#9753,#9761,#9765,.T.);
#9767=ORIENTED_EDGE('',*,*,#9766,.T.);
#9768=CARTESIAN_POINT('',(5.705581735,-30.068114681,40.978121641));
#9769=DIRECTION('',(0.,1.,0.));
#9770=VECTOR('',#9769,0.4);
#9771=LINE('',#9768,#9770);
#9772=EDGE_CURVE('',#9761,#2206,#9771,.T.);
#9773=ORIENTED_EDGE('',*,*,#9772,.T.);
#9774=EDGE_LOOP('',(#9751,#9759,#9767,#9773));
#9775=FACE_BOUND('',#9774,.T.);
#9776=ADVANCED_FACE('',(#9775),#9750,.T.);
#9777=CARTESIAN_POINT('',(14.205581735,-30.068114681,38.978121641));
#9778=DIRECTION('',(-0.,1.,0.));
#9779=DIRECTION('',(-1.,-0.,0.));
#9780=AXIS2_PLACEMENT_3D('',#9777,#9778,#9779);
#9781=CYLINDRICAL_SURFACE('',#9780,2.);
#9782=ORIENTED_EDGE('',*,*,#2203,.T.);
#9783=CARTESIAN_POINT('',(14.205581735,-30.068114681,36.978121641));
#9784=VERTEX_POINT('',#9783);
#9785=CARTESIAN_POINT('',(14.205581735,-30.068114681,36.978121641));
#9786=DIRECTION('',(0.,1.,0.));
#9787=VECTOR('',#9786,0.4);
#9788=LINE('',#9785,#9787);
#9789=EDGE_CURVE('',#9784,#2197,#9788,.T.);
#9790=ORIENTED_EDGE('',*,*,#9789,.F.);
#9791=CARTESIAN_POINT('',(14.205581735,-30.068114681,38.978121641));
#9792=DIRECTION('',(-0.,1.,0.));
#9793=DIRECTION('',(-1.,-0.,0.));
#9794=AXIS2_PLACEMENT_3D('',#9791,#9792,#9793);
#9795=CIRCLE('',#9794,2.);
#9796=EDGE_CURVE('',#9753,#9784,#9795,.T.);
#9797=ORIENTED_EDGE('',*,*,#9796,.F.);
#9798=ORIENTED_EDGE('',*,*,#9758,.T.);
#9799=EDGE_LOOP('',(#9782,#9790,#9797,#9798));
#9800=FACE_BOUND('',#9799,.T.);
#9801=ADVANCED_FACE('',(#9800),#9781,.F.);
#9802=CARTESIAN_POINT('',(9.955581735,-30.068114681,36.978121641));
#9803=DIRECTION('',(0.,0.,1.));
#9804=DIRECTION('',(1.,0.,0.));
#9805=AXIS2_PLACEMENT_3D('',#9802,#9803,#9804);
#9806=PLANE('',#9805);
#9807=ORIENTED_EDGE('',*,*,#2235,.F.);
#9808=CARTESIAN_POINT('',(5.705581735,-30.068114681,36.978121641));
#9809=VERTEX_POINT('',#9808);
#9810=CARTESIAN_POINT('',(5.705581735,-30.068114681,36.978121641));
#9811=DIRECTION('',(-0.,1.,0.));
#9812=VECTOR('',#9811,0.4);
#9813=LINE('',#9810,#9812);
#9814=EDGE_CURVE('',#9809,#2223,#9813,.T.);
#9815=ORIENTED_EDGE('',*,*,#9814,.F.);
#9816=CARTESIAN_POINT('',(5.705581735,-30.068114681,36.978121641));
#9817=DIRECTION('',(1.,0.,0.));
#9818=VECTOR('',#9817,8.5);
#9819=LINE('',#9816,#9818);
#9820=EDGE_CURVE('',#9809,#9784,#9819,.T.);
#9821=ORIENTED_EDGE('',*,*,#9820,.T.);
#9822=ORIENTED_EDGE('',*,*,#9789,.T.);
#9823=EDGE_LOOP('',(#9807,#9815,#9821,#9822));
#9824=FACE_BOUND('',#9823,.T.);
#9825=ADVANCED_FACE('',(#9824),#9806,.T.);
#9826=CARTESIAN_POINT('',(5.705581735,-30.068114681,38.978121641));
#9827=DIRECTION('',(-0.,1.,0.));
#9828=DIRECTION('',(-1.,-0.,0.));
#9829=AXIS2_PLACEMENT_3D('',#9826,#9827,#9828);
#9830=CYLINDRICAL_SURFACE('',#9829,2.);
#9831=CARTESIAN_POINT('',(3.705581735,-30.068114681,38.978121641));
#9832=VERTEX_POINT('',#9831);
#9833=CARTESIAN_POINT('',(3.705581735,-29.668114681,38.978121641));
#9834=DIRECTION('',(0.,-1.,-0.));
#9835=VECTOR('',#9834,0.4);
#9836=LINE('',#9833,#9835);
#9837=EDGE_CURVE('',#2214,#9832,#9836,.T.);
#9838=ORIENTED_EDGE('',*,*,#9837,.F.);
#9839=ORIENTED_EDGE('',*,*,#2220,.T.);
#9840=ORIENTED_EDGE('',*,*,#9772,.F.);
#9841=CARTESIAN_POINT('',(5.705581735,-30.068114681,38.978121641));
#9842=DIRECTION('',(-0.,1.,0.));
#9843=DIRECTION('',(-1.,-0.,0.));
#9844=AXIS2_PLACEMENT_3D('',#9841,#9842,#9843);
#9845=CIRCLE('',#9844,2.);
#9846=EDGE_CURVE('',#9832,#9761,#9845,.T.);
#9847=ORIENTED_EDGE('',*,*,#9846,.F.);
#9848=EDGE_LOOP('',(#9838,#9839,#9840,#9847));
#9849=FACE_BOUND('',#9848,.T.);
#9850=ADVANCED_FACE('',(#9849),#9830,.F.);
#9851=CARTESIAN_POINT('',(25.01278543,-30.068114681,29.956468377));
#9852=DIRECTION('',(-0.,1.,0.));
#9853=DIRECTION('',(-1.,-0.,0.));
#9854=AXIS2_PLACEMENT_3D('',#9851,#9852,#9853);
#9855=PLANE('',#9854);
#9856=ORIENTED_EDGE('',*,*,#9766,.F.);
#9857=ORIENTED_EDGE('',*,*,#9796,.T.);
#9858=ORIENTED_EDGE('',*,*,#9820,.F.);
#9859=CARTESIAN_POINT('',(5.705581735,-30.068114681,38.978121641));
#9860=DIRECTION('',(-0.,1.,0.));
#9861=DIRECTION('',(-1.,-0.,0.));
#9862=AXIS2_PLACEMENT_3D('',#9859,#9860,#9861);
#9863=CIRCLE('',#9862,2.);
#9864=EDGE_CURVE('',#9809,#9832,#9863,.T.);
#9865=ORIENTED_EDGE('',*,*,#9864,.T.);
#9866=ORIENTED_EDGE('',*,*,#9846,.T.);
#9867=EDGE_LOOP('',(#9856,#9857,#9858,#9865,#9866));
#9868=FACE_BOUND('',#9867,.T.);
#9869=ADVANCED_FACE('',(#9868),#9855,.T.);
#9870=CARTESIAN_POINT('',(39.955581735,-30.068114681,40.978121641));
#9871=DIRECTION('',(0.,0.,-1.));
#9872=DIRECTION('',(-1.,0.,0.));
#9873=AXIS2_PLACEMENT_3D('',#9870,#9871,#9872);
#9874=PLANE('',#9873);
#9875=ORIENTED_EDGE('',*,*,#2256,.F.);
#9876=CARTESIAN_POINT('',(44.205581735,-30.068114681,40.978121641));
#9877=VERTEX_POINT('',#9876);
#9878=CARTESIAN_POINT('',(44.205581735,-30.068114681,40.978121641));
#9879=DIRECTION('',(-0.,1.,0.));
#9880=VECTOR('',#9879,0.4);
#9881=LINE('',#9878,#9880);
#9882=EDGE_CURVE('',#9877,#2240,#9881,.T.);
#9883=ORIENTED_EDGE('',*,*,#9882,.F.);
#9884=CARTESIAN_POINT('',(35.705581735,-30.068114681,40.978121641));
#9885=VERTEX_POINT('',#9884);
#9886=CARTESIAN_POINT('',(44.205581735,-30.068114681,40.978121641));
#9887=DIRECTION('',(-1.,-0.,0.));
#9888=VECTOR('',#9887,8.5);
#9889=LINE('',#9886,#9888);
#9890=EDGE_CURVE('',#9877,#9885,#9889,.T.);
#9891=ORIENTED_EDGE('',*,*,#9890,.T.);
#9892=CARTESIAN_POINT('',(35.705581735,-30.068114681,40.978121641));
#9893=DIRECTION('',(0.,1.,0.));
#9894=VECTOR('',#9893,0.4);
#9895=LINE('',#9892,#9894);
#9896=EDGE_CURVE('',#9885,#2251,#9895,.T.);
#9897=ORIENTED_EDGE('',*,*,#9896,.T.);
#9898=EDGE_LOOP('',(#9875,#9883,#9891,#9897));
#9899=FACE_BOUND('',#9898,.T.);
#9900=ADVANCED_FACE('',(#9899),#9874,.T.);
#9901=CARTESIAN_POINT('',(44.205581735,-30.068114681,38.978121641));
#9902=DIRECTION('',(-0.,1.,0.));
#9903=DIRECTION('',(-1.,-0.,0.));
#9904=AXIS2_PLACEMENT_3D('',#9901,#9902,#9903);
#9905=CYLINDRICAL_SURFACE('',#9904,2.);
#9906=ORIENTED_EDGE('',*,*,#2248,.T.);
#9907=CARTESIAN_POINT('',(44.205581735,-30.068114681,36.978121641));
#9908=VERTEX_POINT('',#9907);
#9909=CARTESIAN_POINT('',(44.205581735,-30.068114681,36.978121641));
#9910=DIRECTION('',(0.,1.,0.));
#9911=VECTOR('',#9910,0.4);
#9912=LINE('',#9909,#9911);
#9913=EDGE_CURVE('',#9908,#2242,#9912,.T.);
#9914=ORIENTED_EDGE('',*,*,#9913,.F.);
#9915=CARTESIAN_POINT('',(44.205581735,-30.068114681,38.978121641));
#9916=DIRECTION('',(-0.,1.,0.));
#9917=DIRECTION('',(-1.,-0.,0.));
#9918=AXIS2_PLACEMENT_3D('',#9915,#9916,#9917);
#9919=CIRCLE('',#9918,2.);
#9920=EDGE_CURVE('',#9877,#9908,#9919,.T.);
#9921=ORIENTED_EDGE('',*,*,#9920,.F.);
#9922=ORIENTED_EDGE('',*,*,#9882,.T.);
#9923=EDGE_LOOP('',(#9906,#9914,#9921,#9922));
#9924=FACE_BOUND('',#9923,.T.);
#9925=ADVANCED_FACE('',(#9924),#9905,.F.);
#9926=CARTESIAN_POINT('',(39.955581735,-30.068114681,36.978121641));
#9927=DIRECTION('',(0.,0.,1.));
#9928=DIRECTION('',(1.,0.,0.));
#9929=AXIS2_PLACEMENT_3D('',#9926,#9927,#9928);
#9930=PLANE('',#9929);
#9931=ORIENTED_EDGE('',*,*,#2280,.F.);
#9932=CARTESIAN_POINT('',(35.705581735,-30.068114681,36.978121641));
#9933=VERTEX_POINT('',#9932);
#9934=CARTESIAN_POINT('',(35.705581735,-30.068114681,36.978121641));
#9935=DIRECTION('',(-0.,1.,0.));
#9936=VECTOR('',#9935,0.4);
#9937=LINE('',#9934,#9936);
#9938=EDGE_CURVE('',#9933,#2268,#9937,.T.);
#9939=ORIENTED_EDGE('',*,*,#9938,.F.);
#9940=CARTESIAN_POINT('',(35.705581735,-30.068114681,36.978121641));
#9941=DIRECTION('',(1.,0.,0.));
#9942=VECTOR('',#9941,8.5);
#9943=LINE('',#9940,#9942);
#9944=EDGE_CURVE('',#9933,#9908,#9943,.T.);
#9945=ORIENTED_EDGE('',*,*,#9944,.T.);
#9946=ORIENTED_EDGE('',*,*,#9913,.T.);
#9947=EDGE_LOOP('',(#9931,#9939,#9945,#9946));
#9948=FACE_BOUND('',#9947,.T.);
#9949=ADVANCED_FACE('',(#9948),#9930,.T.);
#9950=CARTESIAN_POINT('',(35.705581735,-30.068114681,38.978121641));
#9951=DIRECTION('',(-0.,1.,0.));
#9952=DIRECTION('',(-1.,-0.,0.));
#9953=AXIS2_PLACEMENT_3D('',#9950,#9951,#9952);
#9954=CYLINDRICAL_SURFACE('',#9953,2.);
#9955=CARTESIAN_POINT('',(33.705581735,-30.068114681,38.978121641));
#9956=VERTEX_POINT('',#9955);
#9957=CARTESIAN_POINT('',(33.705581735,-29.668114681,38.978121641));
#9958=DIRECTION('',(0.,-1.,-0.));
#9959=VECTOR('',#9958,0.4);
#9960=LINE('',#9957,#9959);
#9961=EDGE_CURVE('',#2259,#9956,#9960,.T.);
#9962=ORIENTED_EDGE('',*,*,#9961,.F.);
#9963=ORIENTED_EDGE('',*,*,#2265,.T.);
#9964=ORIENTED_EDGE('',*,*,#9896,.F.);
#9965=CARTESIAN_POINT('',(35.705581735,-30.068114681,38.978121641));
#9966=DIRECTION('',(-0.,1.,0.));
#9967=DIRECTION('',(-1.,-0.,0.));
#9968=AXIS2_PLACEMENT_3D('',#9965,#9966,#9967);
#9969=CIRCLE('',#9968,2.);
#9970=EDGE_CURVE('',#9956,#9885,#9969,.T.);
#9971=ORIENTED_EDGE('',*,*,#9970,.F.);
#9972=EDGE_LOOP('',(#9962,#9963,#9964,#9971));
#9973=FACE_BOUND('',#9972,.T.);
#9974=ADVANCED_FACE('',(#9973),#9954,.F.);
#9975=CARTESIAN_POINT('',(25.01278543,-30.068114681,29.956468377));
#9976=DIRECTION('',(-0.,1.,0.));
#9977=DIRECTION('',(-1.,-0.,0.));
#9978=AXIS2_PLACEMENT_3D('',#9975,#9976,#9977);
#9979=PLANE('',#9978);
#9980=ORIENTED_EDGE('',*,*,#9890,.F.);
#9981=ORIENTED_EDGE('',*,*,#9920,.T.);
#9982=ORIENTED_EDGE('',*,*,#9944,.F.);
#9983=CARTESIAN_POINT('',(35.705581735,-30.068114681,38.978121641));
#9984=DIRECTION('',(-0.,1.,0.));
#9985=DIRECTION('',(-1.,-0.,0.));
#9986=AXIS2_PLACEMENT_3D('',#9983,#9984,#9985);
#9987=CIRCLE('',#9986,2.);
#9988=EDGE_CURVE('',#9933,#9956,#9987,.T.);
#9989=ORIENTED_EDGE('',*,*,#9988,.T.);
#9990=ORIENTED_EDGE('',*,*,#9970,.T.);
#9991=EDGE_LOOP('',(#9980,#9981,#9982,#9989,#9990));
#9992=FACE_BOUND('',#9991,.T.);
#9993=ADVANCED_FACE('',(#9992),#9979,.T.);
#9994=CARTESIAN_POINT('',(-0.98721457,-31.058794133,40.706469266));
#9995=DIRECTION('',(0.,0.,1.));
#9996=DIRECTION('',(1.,0.,0.));
#9997=AXIS2_PLACEMENT_3D('',#9994,#9995,#9996);
#9998=PLANE('',#9997);
#9999=CARTESIAN_POINT('',(-2.28721457,-32.149473584,40.706469266));
#10000=VERTEX_POINT('',#9999);
#10001=CARTESIAN_POINT('',(-2.28721457,-32.149473584,40.706469266));
#10002=DIRECTION('',(0.,1.,-0.));
#10003=VECTOR('',#10002,2.481358903);
#10004=LINE('',#10001,#10003);
#10005=EDGE_CURVE('',#10000,#2179,#10004,.T.);
#10006=ORIENTED_EDGE('',*,*,#10005,.F.);
#10007=CARTESIAN_POINT('',(-0.08721457,-32.149473584,40.706469266));
#10008=VERTEX_POINT('',#10007);
#10009=CARTESIAN_POINT('',(-2.28721457,-32.149473584,40.706469266));
#10010=DIRECTION('',(1.,0.,-0.));
#10011=VECTOR('',#10010,2.2);
#10012=LINE('',#10009,#10011);
#10013=EDGE_CURVE('',#10000,#10008,#10012,.T.);
#10014=ORIENTED_EDGE('',*,*,#10013,.T.);
#10015=CARTESIAN_POINT('',(-0.08721457,-32.149473584,40.706469266));
#10016=DIRECTION('',(0.,1.,0.));
#10017=VECTOR('',#10016,1.481358903);
#10018=LINE('',#10015,#10017);
#10019=EDGE_CURVE('',#10008,#1729,#10018,.T.);
#10020=ORIENTED_EDGE('',*,*,#10019,.T.);
#10021=ORIENTED_EDGE('',*,*,#1734,.T.);
#10022=ORIENTED_EDGE('',*,*,#1022,.T.);
#10023=ORIENTED_EDGE('',*,*,#2190,.F.);
#10024=EDGE_LOOP('',(#10006,#10014,#10020,#10021,#10022,#10023));
#10025=FACE_BOUND('',#10024,.T.);
#10026=ADVANCED_FACE('',(#10025),#9998,.T.);
#10027=CARTESIAN_POINT('',(-0.98721457,-31.058794133,38.306469266));
#10028=DIRECTION('',(0.,0.,1.));
#10029=DIRECTION('',(1.,0.,0.));
#10030=AXIS2_PLACEMENT_3D('',#10027,#10028,#10029);
#10031=PLANE('',#10030);
#10032=CARTESIAN_POINT('',(-0.08721457,-32.149473584,38.306469266));
#10033=VERTEX_POINT('',#10032);
#10034=CARTESIAN_POINT('',(-0.08721457,-32.149473584,38.306469266));
#10035=DIRECTION('',(0.,1.,0.));
#10036=VECTOR('',#10035,1.081358903);
#10037=LINE('',#10034,#10036);
#10038=EDGE_CURVE('',#10033,#727,#10037,.T.);
#10039=ORIENTED_EDGE('',*,*,#10038,.F.);
#10040=CARTESIAN_POINT('',(-2.28721457,-32.149473584,38.306469266));
#10041=VERTEX_POINT('',#10040);
#10042=CARTESIAN_POINT('',(-0.08721457,-32.149473584,38.306469266));
#10043=DIRECTION('',(-1.,-0.,0.));
#10044=VECTOR('',#10043,2.2);
#10045=LINE('',#10042,#10044);
#10046=EDGE_CURVE('',#10033,#10041,#10045,.T.);
#10047=ORIENTED_EDGE('',*,*,#10046,.T.);
#10048=CARTESIAN_POINT('',(-2.28721457,-32.149473584,38.306469266));
#10049=DIRECTION('',(0.,1.,-0.));
#10050=VECTOR('',#10049,2.481358903);
#10051=LINE('',#10048,#10050);
#10052=EDGE_CURVE('',#10041,#2171,#10051,.T.);
#10053=ORIENTED_EDGE('',*,*,#10052,.T.);
#10054=ORIENTED_EDGE('',*,*,#2176,.T.);
#10055=ORIENTED_EDGE('',*,*,#3970,.F.);
#10056=ORIENTED_EDGE('',*,*,#1934,.F.);
#10057=ORIENTED_EDGE('',*,*,#1091,.T.);
#10058=ORIENTED_EDGE('',*,*,#740,.T.);
#10059=EDGE_LOOP('',(#10039,#10047,#10053,#10054,#10055,#10056,#10057,#10058));
#10060=FACE_BOUND('',#10059,.T.);
#10061=ADVANCED_FACE('',(#10060),#10031,.F.);
#10062=CARTESIAN_POINT('',(-0.98721457,-32.449473584,38.606469266));
#10063=DIRECTION('',(-0.,1.,0.));
#10064=DIRECTION('',(-1.,-0.,0.));
#10065=AXIS2_PLACEMENT_3D('',#10062,#10063,#10064);
#10066=PLANE('',#10065);
#10067=CARTESIAN_POINT('',(-2.28721457,-32.449473584,38.906469266));
#10068=VERTEX_POINT('',#10067);
#10069=CARTESIAN_POINT('',(-2.28721457,-32.449473584,38.606469266));
#10070=VERTEX_POINT('',#10069);
#10071=CARTESIAN_POINT('',(-2.28721457,-32.449473584,38.906469266));
#10072=DIRECTION('',(0.,0.,-1.));
#10073=VECTOR('',#10072,0.3);
#10074=LINE('',#10071,#10073);
#10075=EDGE_CURVE('',#10068,#10070,#10074,.T.);
#10076=ORIENTED_EDGE('',*,*,#10075,.T.);
#10077=CARTESIAN_POINT('',(-0.08721457,-32.449473584,38.606469266));
#10078=VERTEX_POINT('',#10077);
#10079=CARTESIAN_POINT('',(-2.28721457,-32.449473584,38.606469266));
#10080=DIRECTION('',(1.,0.,-0.));
#10081=VECTOR('',#10080,2.2);
#10082=LINE('',#10079,#10081);
#10083=EDGE_CURVE('',#10070,#10078,#10082,.T.);
#10084=ORIENTED_EDGE('',*,*,#10083,.T.);
#10085=CARTESIAN_POINT('',(-0.08721457,-32.449473584,38.906469266));
#10086=VERTEX_POINT('',#10085);
#10087=CARTESIAN_POINT('',(-0.08721457,-32.449473584,38.906469266));
#10088=DIRECTION('',(0.,0.,-1.));
#10089=VECTOR('',#10088,0.3);
#10090=LINE('',#10087,#10089);
#10091=EDGE_CURVE('',#10086,#10078,#10090,.T.);
#10092=ORIENTED_EDGE('',*,*,#10091,.F.);
#10093=CARTESIAN_POINT('',(-0.08721457,-32.449473584,38.906469266));
#10094=DIRECTION('',(-1.,-0.,0.));
#10095=VECTOR('',#10094,2.2);
#10096=LINE('',#10093,#10095);
#10097=EDGE_CURVE('',#10086,#10068,#10096,.T.);
#10098=ORIENTED_EDGE('',*,*,#10097,.T.);
#10099=EDGE_LOOP('',(#10076,#10084,#10092,#10098));
#10100=FACE_BOUND('',#10099,.T.);
#10101=ADVANCED_FACE('',(#10100),#10066,.F.);
#10102=CARTESIAN_POINT('',(-0.98721457,-32.449473584,39.506469266));
#10103=DIRECTION('',(-1.,-0.,0.));
#10104=DIRECTION('',(0.,-1.,0.));
#10105=AXIS2_PLACEMENT_3D('',#10102,#10103,#10104);
#10106=CYLINDRICAL_SURFACE('',#10105,0.6);
#10107=CARTESIAN_POINT('',(-0.08721457,-32.449473584,40.106469266));
#10108=VERTEX_POINT('',#10107);
#10109=CARTESIAN_POINT('',(-2.28721457,-32.449473584,40.106469266));
#10110=VERTEX_POINT('',#10109);
#10111=CARTESIAN_POINT('',(-0.08721457,-32.449473584,40.106469266));
#10112=DIRECTION('',(-1.,-0.,0.));
#10113=VECTOR('',#10112,2.2);
#10114=LINE('',#10111,#10113);
#10115=EDGE_CURVE('',#10108,#10110,#10114,.T.);
#10116=ORIENTED_EDGE('',*,*,#10115,.T.);
#10117=CARTESIAN_POINT('',(-2.28721457,-32.449473584,39.506469266));
#10118=DIRECTION('',(-1.,0.,-0.));
#10119=DIRECTION('',(0.,0.,-1.));
#10120=AXIS2_PLACEMENT_3D('',#10117,#10118,#10119);
#10121=CIRCLE('',#10120,0.6);
#10122=EDGE_CURVE('',#10110,#10068,#10121,.T.);
#10123=ORIENTED_EDGE('',*,*,#10122,.T.);
#10124=ORIENTED_EDGE('',*,*,#10097,.F.);
#10125=CARTESIAN_POINT('',(-0.08721457,-32.449473584,39.506469266));
#10126=DIRECTION('',(-1.,0.,0.));
#10127=DIRECTION('',(-0.,-1.,0.));
#10128=AXIS2_PLACEMENT_3D('',#10125,#10126,#10127);
#10129=CIRCLE('',#10128,0.6);
#10130=EDGE_CURVE('',#10108,#10086,#10129,.T.);
#10131=ORIENTED_EDGE('',*,*,#10130,.F.);
#10132=EDGE_LOOP('',(#10116,#10123,#10124,#10131));
#10133=FACE_BOUND('',#10132,.T.);
#10134=ADVANCED_FACE('',(#10133),#10106,.F.);
#10135=CARTESIAN_POINT('',(-0.98721457,-32.449473584,40.406469266));
#10136=DIRECTION('',(0.,-1.,0.));
#10137=DIRECTION('',(1.,0.,0.));
#10138=AXIS2_PLACEMENT_3D('',#10135,#10136,#10137);
#10139=PLANE('',#10138);
#10140=CARTESIAN_POINT('',(-0.08721457,-32.449473584,40.406469266));
#10141=VERTEX_POINT('',#10140);
#10142=CARTESIAN_POINT('',(-0.08721457,-32.449473584,40.106469266));
#10143=DIRECTION('',(0.,0.,1.));
#10144=VECTOR('',#10143,0.3);
#10145=LINE('',#10142,#10144);
#10146=EDGE_CURVE('',#10108,#10141,#10145,.T.);
#10147=ORIENTED_EDGE('',*,*,#10146,.T.);
#10148=CARTESIAN_POINT('',(-2.28721457,-32.449473584,40.406469266));
#10149=VERTEX_POINT('',#10148);
#10150=CARTESIAN_POINT('',(-0.08721457,-32.449473584,40.406469266));
#10151=DIRECTION('',(-1.,-0.,0.));
#10152=VECTOR('',#10151,2.2);
#10153=LINE('',#10150,#10152);
#10154=EDGE_CURVE('',#10141,#10149,#10153,.T.);
#10155=ORIENTED_EDGE('',*,*,#10154,.T.);
#10156=CARTESIAN_POINT('',(-2.28721457,-32.449473584,40.106469266));
#10157=DIRECTION('',(-0.,-0.,1.));
#10158=VECTOR('',#10157,0.3);
#10159=LINE('',#10156,#10158);
#10160=EDGE_CURVE('',#10110,#10149,#10159,.T.);
#10161=ORIENTED_EDGE('',*,*,#10160,.F.);
#10162=ORIENTED_EDGE('',*,*,#10115,.F.);
#10163=EDGE_LOOP('',(#10147,#10155,#10161,#10162));
#10164=FACE_BOUND('',#10163,.T.);
#10165=ADVANCED_FACE('',(#10164),#10139,.T.);
#10166=CARTESIAN_POINT('',(-0.08721457,-43.643532512,38.256467488));
#10167=DIRECTION('',(-1.,0.,0.));
#10168=DIRECTION('',(0.,1.,0.));
#10169=AXIS2_PLACEMENT_3D('',#10166,#10167,#10168);
#10170=PLANE('',#10169);
#10171=ORIENTED_EDGE('',*,*,#10091,.T.);
#10172=CARTESIAN_POINT('',(-0.08721457,-32.149473584,38.606469266));
#10173=DIRECTION('',(1.,-0.,-0.));
#10174=DIRECTION('',(-0.,-1.,0.));
#10175=AXIS2_PLACEMENT_3D('',#10172,#10173,#10174);
#10176=CIRCLE('',#10175,0.3);
#10177=EDGE_CURVE('',#10078,#10033,#10176,.T.);
#10178=ORIENTED_EDGE('',*,*,#10177,.T.);
#10179=ORIENTED_EDGE('',*,*,#10038,.T.);
#10180=ORIENTED_EDGE('',*,*,#732,.F.);
#10181=ORIENTED_EDGE('',*,*,#1060,.T.);
#10182=ORIENTED_EDGE('',*,*,#1740,.F.);
#10183=ORIENTED_EDGE('',*,*,#10019,.F.);
#10184=CARTESIAN_POINT('',(-0.08721457,-32.149473584,40.406469266));
#10185=DIRECTION('',(1.,-0.,-0.));
#10186=DIRECTION('',(-0.,-1.,0.));
#10187=AXIS2_PLACEMENT_3D('',#10184,#10185,#10186);
#10188=CIRCLE('',#10187,0.3);
#10189=EDGE_CURVE('',#10008,#10141,#10188,.T.);
#10190=ORIENTED_EDGE('',*,*,#10189,.T.);
#10191=ORIENTED_EDGE('',*,*,#10146,.F.);
#10192=ORIENTED_EDGE('',*,*,#10130,.T.);
#10193=EDGE_LOOP('',(#10171,#10178,#10179,#10180,#10181,#10182,#10183,#10190,#10191,#10192));
#10194=FACE_BOUND('',#10193,.T.);
#10195=ADVANCED_FACE('',(#10194),#10170,.F.);
#10196=CARTESIAN_POINT('',(-2.28721457,-55.430832487,30.456468377));
#10197=DIRECTION('',(1.,-0.,0.));
#10198=DIRECTION('',(0.,-0.,-1.));
#10199=AXIS2_PLACEMENT_3D('',#10196,#10197,#10198);
#10200=PLANE('',#10199);
#10201=ORIENTED_EDGE('',*,*,#10052,.F.);
#10202=CARTESIAN_POINT('',(-2.28721457,-32.149473584,38.606469266));
#10203=DIRECTION('',(-1.,0.,-0.));
#10204=DIRECTION('',(0.,0.,-1.));
#10205=AXIS2_PLACEMENT_3D('',#10202,#10203,#10204);
#10206=CIRCLE('',#10205,0.3);
#10207=EDGE_CURVE('',#10041,#10070,#10206,.T.);
#10208=ORIENTED_EDGE('',*,*,#10207,.T.);
#10209=ORIENTED_EDGE('',*,*,#10075,.F.);
#10210=ORIENTED_EDGE('',*,*,#10122,.F.);
#10211=ORIENTED_EDGE('',*,*,#10160,.T.);
#10212=CARTESIAN_POINT('',(-2.28721457,-32.149473584,40.406469266));
#10213=DIRECTION('',(-1.,0.,-0.));
#10214=DIRECTION('',(0.,0.,-1.));
#10215=AXIS2_PLACEMENT_3D('',#10212,#10213,#10214);
#10216=CIRCLE('',#10215,0.3);
#10217=EDGE_CURVE('',#10149,#10000,#10216,.T.);
#10218=ORIENTED_EDGE('',*,*,#10217,.T.);
#10219=ORIENTED_EDGE('',*,*,#10005,.T.);
#10220=ORIENTED_EDGE('',*,*,#2184,.T.);
#10221=EDGE_LOOP('',(#10201,#10208,#10209,#10210,#10211,#10218,#10219,#10220));
#10222=FACE_BOUND('',#10221,.T.);
#10223=ADVANCED_FACE('',(#10222),#10200,.F.);
#10224=CARTESIAN_POINT('',(-0.98721457,-32.149473584,40.406469266));
#10225=DIRECTION('',(-1.,-0.,0.));
#10226=DIRECTION('',(0.,-1.,0.));
#10227=AXIS2_PLACEMENT_3D('',#10224,#10225,#10226);
#10228=CYLINDRICAL_SURFACE('',#10227,0.3);
#10229=ORIENTED_EDGE('',*,*,#10189,.F.);
#10230=ORIENTED_EDGE('',*,*,#10013,.F.);
#10231=ORIENTED_EDGE('',*,*,#10217,.F.);
#10232=ORIENTED_EDGE('',*,*,#10154,.F.);
#10233=EDGE_LOOP('',(#10229,#10230,#10231,#10232));
#10234=FACE_BOUND('',#10233,.T.);
#10235=ADVANCED_FACE('',(#10234),#10228,.T.);
#10236=CARTESIAN_POINT('',(-0.98721457,-32.149473584,38.606469266));
#10237=DIRECTION('',(-1.,-0.,0.));
#10238=DIRECTION('',(0.,-1.,0.));
#10239=AXIS2_PLACEMENT_3D('',#10236,#10237,#10238);
#10240=CYLINDRICAL_SURFACE('',#10239,0.3);
#10241=ORIENTED_EDGE('',*,*,#10177,.F.);
#10242=ORIENTED_EDGE('',*,*,#10083,.F.);
#10243=ORIENTED_EDGE('',*,*,#10207,.F.);
#10244=ORIENTED_EDGE('',*,*,#10046,.F.);
#10245=EDGE_LOOP('',(#10241,#10242,#10243,#10244));
#10246=FACE_BOUND('',#10245,.T.);
#10247=ADVANCED_FACE('',(#10246),#10240,.T.);
#10248=CARTESIAN_POINT('',(35.705581735,-30.068114681,20.934813335));
#10249=DIRECTION('',(-0.,1.,0.));
#10250=DIRECTION('',(-1.,-0.,0.));
#10251=AXIS2_PLACEMENT_3D('',#10248,#10249,#10250);
#10252=CYLINDRICAL_SURFACE('',#10251,2.);
#10253=ORIENTED_EDGE('',*,*,#9509,.T.);
#10254=ORIENTED_EDGE('',*,*,#9613,.F.);
#10255=ORIENTED_EDGE('',*,*,#9591,.T.);
#10256=ORIENTED_EDGE('',*,*,#2074,.T.);
#10257=EDGE_LOOP('',(#10253,#10254,#10255,#10256));
#10258=FACE_BOUND('',#10257,.T.);
#10259=ADVANCED_FACE('',(#10258),#10252,.F.);
#10260=CARTESIAN_POINT('',(5.705581735,-30.068114681,20.934813335));
#10261=DIRECTION('',(-0.,1.,0.));
#10262=DIRECTION('',(-1.,-0.,0.));
#10263=AXIS2_PLACEMENT_3D('',#10260,#10261,#10262);
#10264=CYLINDRICAL_SURFACE('',#10263,2.);
#10265=ORIENTED_EDGE('',*,*,#9633,.T.);
#10266=ORIENTED_EDGE('',*,*,#9737,.F.);
#10267=ORIENTED_EDGE('',*,*,#9715,.T.);
#10268=ORIENTED_EDGE('',*,*,#2029,.T.);
#10269=EDGE_LOOP('',(#10265,#10266,#10267,#10268));
#10270=FACE_BOUND('',#10269,.T.);
#10271=ADVANCED_FACE('',(#10270),#10264,.F.);
#10272=CARTESIAN_POINT('',(5.705581735,-30.068114681,38.978121641));
#10273=DIRECTION('',(-0.,1.,0.));
#10274=DIRECTION('',(-1.,-0.,0.));
#10275=AXIS2_PLACEMENT_3D('',#10272,#10273,#10274);
#10276=CYLINDRICAL_SURFACE('',#10275,2.);
#10277=ORIENTED_EDGE('',*,*,#9837,.T.);
#10278=ORIENTED_EDGE('',*,*,#9864,.F.);
#10279=ORIENTED_EDGE('',*,*,#9814,.T.);
#10280=ORIENTED_EDGE('',*,*,#2229,.T.);
#10281=EDGE_LOOP('',(#10277,#10278,#10279,#10280));
#10282=FACE_BOUND('',#10281,.T.);
#10283=ADVANCED_FACE('',(#10282),#10276,.F.);
#10284=CARTESIAN_POINT('',(35.705581735,-30.068114681,38.978121641));
#10285=DIRECTION('',(-0.,1.,0.));
#10286=DIRECTION('',(-1.,-0.,0.));
#10287=AXIS2_PLACEMENT_3D('',#10284,#10285,#10286);
#10288=CYLINDRICAL_SURFACE('',#10287,2.);
#10289=ORIENTED_EDGE('',*,*,#9961,.T.);
#10290=ORIENTED_EDGE('',*,*,#9988,.F.);
#10291=ORIENTED_EDGE('',*,*,#9938,.T.);
#10292=ORIENTED_EDGE('',*,*,#2274,.T.);
#10293=EDGE_LOOP('',(#10289,#10290,#10291,#10292));
#10294=FACE_BOUND('',#10293,.T.);
#10295=ADVANCED_FACE('',(#10294),#10288,.F.);
#10296=CLOSED_SHELL('',(#822,#853,#884,#915,#946,#977,#1008,#1048,#1079,#1110,#2005,#2284,#2315,#2346,#2377,#2408,#2439,#2470,#2482,#2513,#2544,#2575,#2606,#2637,#2668,#2699,
#2730,#2752,#2792,#2823,#2854,#2894,#2934,#2956,#2978,#3018,#3075,#3132,#3189,#3211,#3228,#3259,#3281,#3312,#3343,#3374,#3405,#3427,#3458,#3480,#3511,
#3542,#3573,#3585,#3607,#3638,#3669,#3691,#3708,#3730,#3761,#3783,#3805,#3827,#3849,#3871,#3893,#3915,#3937,#3959,#3981,#3998,#4015,#4032,#4049,#4066,
#4083,#4095,#4126,#4157,#4197,#4244,#4268,#4316,#4365,#4396,#4444,#4493,#4524,#4564,#4599,#4634,#4651,#4663,#4675,#4687,#4718,#4749,#4789,#4836,#4860,
#4908,#4957,#4988,#5036,#5085,#5116,#5156,#5191,#5226,#5243,#5255,#5267,#5279,#5310,#5341,#5381,#5428,#5452,#5500,#5549,#5580,#5628,#5677,#5708,#5748,
#5783,#5818,#5835,#5847,#5859,#5871,#5895,#5919,#5950,#5974,#6023,#6054,#6108,#6158,#6180,#6215,#6250,#6267,#6279,#6291,#6303,#6334,#6365,#6405,#6452,
#6476,#6524,#6573,#6604,#6652,#6701,#6732,#6772,#6807,#6842,#6859,#6871,#6883,#6895,#6926,#6957,#6997,#7044,#7068,#7116,#7165,#7196,#7244,#7293,#7324,
#7364,#7399,#7434,#7451,#7463,#7475,#7487,#7518,#7549,#7589,#7636,#7660,#7708,#7757,#7788,#7836,#7885,#7916,#7956,#7991,#8026,#8043,#8055,#8067,#8079,
#8110,#8141,#8181,#8229,#8253,#8307,#8357,#8388,#8437,#8487,#8518,#8559,#8594,#8629,#8646,#8658,#8670,#8682,#8694,#8711,#8728,#8740,#8757,#8774,#8786,
#8798,#8810,#8822,#8834,#8846,#8858,#8870,#8882,#8894,#8906,#8918,#8930,#8942,#8954,#8966,#8983,#8995,#9012,#9024,#9036,#9053,#9065,#9077,#9089,#9101,
#9113,#9125,#9137,#9149,#9161,#9173,#9185,#9197,#9209,#9221,#9233,#9245,#9257,#9269,#9281,#9293,#9305,#9317,#9329,#9341,#9353,#9365,#9377,#9389,#9401,
#9413,#9425,#9437,#9449,#9461,#9473,#9485,#9497,#9529,#9553,#9578,#9602,#9621,#9653,#9677,#9702,#9726,#9745,#9776,#9801,#9825,#9850,#9869,#9900,#9925,
#9949,#9974,#9993,#10026,#10061,#10101,#10134,#10165,#10195,#10223,#10235,#10247,#10259,#10271,#10283,#10295));
#10297=MANIFOLD_SOLID_BREP('\X2\75356E9063A752366A215757591658F3\X0\B',#10296);
#10298=COLOUR_RGB('',0.239215687,0.235294119,0.235294119);
#10299=FILL_AREA_STYLE_COLOUR('',#10298);
#10300=FILL_AREA_STYLE('',(#10299));
#10301=SURFACE_STYLE_FILL_AREA(#10300);
#10302=SURFACE_SIDE_STYLE('',(#10301));
#10303=SURFACE_STYLE_USAGE(.BOTH.,#10302);
#10304=PRESENTATION_STYLE_ASSIGNMENT((#10303));
#26=STYLED_ITEM('',(#10304),#10297);
#16=SHAPE_REPRESENTATION('\X2\75356E9063A752366A215757591658F3\X0\B',(#15),#10);
#17=ADVANCED_BREP_SHAPE_REPRESENTATION('\X2\75356E9063A752366A215757591658F3\X0\B',(#10297),#10);
#10312=SHAPE_REPRESENTATION_RELATIONSHIP('','',#16,#17);
#10313=CARTESIAN_POINT('',(0.,0.,0.));
#10314=DIRECTION('',(0.,0.,1.));
#10315=DIRECTION('',(1.,0.,0.));
#10316=AXIS2_PLACEMENT_3D('',#10313,#10314,#10315);
#10318=MAPPED_ITEM('',#10317,#10316);
#10317=REPRESENTATION_MAP(#10316,#16);
#10319=APPLICATION_CONTEXT('Managed model based 3d engineering');
#10320=APPLICATION_PROTOCOL_DEFINITION('international standard','ap242_managed_model_based_3d_engineering',2014,#10319);
#10321=PRODUCT_CONTEXT('',#10319,'mechanical');
#10322=PRODUCT_DEFINITION_CONTEXT('part definition',#10319,'design');
#24=PRODUCT('\X2\75356E9063A752366A215757591658F3\X0\B','\X2\75356E9063A752366A215757591658F3\X0\B','',(#10321));
#10323=PRODUCT_RELATED_PRODUCT_CATEGORY('part','',(#24));
#10324=PRODUCT_DEFINITION_FORMATION_WITH_SPECIFIED_SOURCE('','',#24,.NOT_KNOWN.);
#25=PRODUCT_DEFINITION('design','',#10324,#10322);
#23=PRODUCT_DEFINITION_SHAPE('','',#25);
#10325=SHAPE_DEFINITION_REPRESENTATION(#23,#16);
#11=DRAUGHTING_MODEL('',(#10318),#10);
#10326=DESCRIPTIVE_REPRESENTATION_ITEM('KEY','C:\\Users\\10604\\AppData\\Local\\Packages\\Shapr3D.Shapr3D_dvv5p1vgwv6mp\\TempState\\db2c16be-f59e-4bf4-827f-cdaa95d349c6.tmp');
#10327=PROPERTY_DEFINITION('KEY','',#25);
#10328=REPRESENTATION('',(#10326),#10);
#10329=PROPERTY_DEFINITION_REPRESENTATION(#10327,#10328);
#10330=GENERAL_PROPERTY('','KEY','');
#10331=GENERAL_PROPERTY_ASSOCIATION('','',#10330,#10327);
#1=MECHANICAL_DESIGN_GEOMETRIC_PRESENTATION_REPRESENTATION('',(#26),#10);
ENDSEC;
END-ISO-10303-21;
