ISO-10303-21;
HEADER;

/* File generated by Shapr3D Version 26.50.10685.0 */

FILE_DESCRIPTION(('HOOPS Exchange Step'),'2;1');

FILE_NAME('C:\\Users\\10604\\AppData\\Local\\Packages\\Shapr3D.Shapr3D_dvv5p1vgwv6mp\\TempState\\export\\temp_export',
'2026-04-28T19:53:17+08:00',
('10604'),
('Shapr3D Limited'),
'HOOPS Exchange 2025.9',
'Shapr3D',
'Authorized');

FILE_SCHEMA( ('AP242_MANAGED_MODEL_BASED_3D_ENGINEERING_MIM_LF {1 0 10303 442 1 1 4}') );

ENDSEC;

DATA;
#3=(NAMED_UNIT(*)PLANE_ANGLE_UNIT()SI_UNIT($,.RADIAN.));
#4=PLANE_ANGLE_MEASURE_WITH_UNIT(PLANE_ANGLE_MEASURE(0.0174532925),#3);
#5=(CONVERSION_BASED_UNIT('DEGREE',#4)NAMED_UNIT(#6)PLANE_ANGLE_UNIT());
#6=DIMENSIONAL_EXPONENTS(0.,0.,0.,0.,0.,0.,0.);
#7=(NAMED_UNIT(*)SI_UNIT($,.STERADIAN.)SOLID_ANGLE_UNIT());
#8=(LENGTH_UNIT()NAMED_UNIT(*)SI_UNIT(.MILLI.,.METRE.));
#9=UNCERTAINTY_MEASURE_WITH_UNIT(LENGTH_MEASURE(1.000000E-05),#8,'DISTANCE_ACCURACY_VALUE','Maximum Tolerance applied to model');
#10=(GEOMETRIC_REPRESENTATION_CONTEXT(3)GLOBAL_UNCERTAINTY_ASSIGNED_CONTEXT((#9))GLOBAL_UNIT_ASSIGNED_CONTEXT((#8,#5,#7))REPRESENTATION_CONTEXT('','\X2\75356E9063A752366A215757591658F3\X0\A'));
#12=CARTESIAN_POINT('',(0.,0.,0.));
#13=DIRECTION('',(0.,0.,1.));
#14=DIRECTION('',(1.,0.,0.));
#15=AXIS2_PLACEMENT_3D('',#12,#13,#14);
#27=CARTESIAN_POINT('',(-0.88721457,-32.149473584,40.406469266));
#28=DIRECTION('',(-1.,0.,-0.));
#29=DIRECTION('',(-0.,0.,1.));
#30=AXIS2_PLACEMENT_3D('',#27,#28,#29);
#31=CYLINDRICAL_SURFACE('',#30,0.35);
#32=CARTESIAN_POINT('',(-0.98721457,-32.499473584,40.406469266));
#33=VERTEX_POINT('',#32);
#34=CARTESIAN_POINT('',(-0.98721457,-32.149473584,40.756469266));
#35=VERTEX_POINT('',#34);
#36=CARTESIAN_POINT('',(-0.98721457,-32.149473584,40.406469266));
#37=DIRECTION('',(-1.,0.,-0.));
#38=DIRECTION('',(-0.,0.,1.));
#39=AXIS2_PLACEMENT_3D('',#36,#37,#38);
#40=CIRCLE('',#39,0.35);
#41=EDGE_CURVE('',#33,#35,#40,.T.);
#42=ORIENTED_EDGE('',*,*,#41,.F.);
#43=CARTESIAN_POINT('',(-2.28721457,-32.499473584,40.406469266));
#44=VERTEX_POINT('',#43);
#45=CARTESIAN_POINT('',(-2.28721457,-32.499473584,40.406469266));
#46=DIRECTION('',(1.,-0.,0.));
#47=VECTOR('',#46,1.3);
#48=LINE('',#45,#47);
#49=EDGE_CURVE('',#44,#33,#48,.T.);
#50=ORIENTED_EDGE('',*,*,#49,.F.);
#51=CARTESIAN_POINT('',(-2.28721457,-32.149473584,40.756469266));
#52=VERTEX_POINT('',#51);
#53=CARTESIAN_POINT('',(-2.28721457,-32.149473584,40.406469266));
#54=DIRECTION('',(1.,-0.,0.));
#55=DIRECTION('',(0.,0.,-1.));
#56=AXIS2_PLACEMENT_3D('',#53,#54,#55);
#57=CIRCLE('',#56,0.35);
#58=EDGE_CURVE('',#52,#44,#57,.T.);
#59=ORIENTED_EDGE('',*,*,#58,.F.);
#60=CARTESIAN_POINT('',(-0.98721457,-32.149473584,40.756469266));
#61=DIRECTION('',(-1.,0.,-0.));
#62=VECTOR('',#61,1.3);
#63=LINE('',#60,#62);
#64=EDGE_CURVE('',#35,#52,#63,.T.);
#65=ORIENTED_EDGE('',*,*,#64,.F.);
#66=EDGE_LOOP('',(#42,#50,#59,#65));
#67=FACE_BOUND('',#66,.T.);
#68=ADVANCED_FACE('',(#67),#31,.F.);
#69=CARTESIAN_POINT('',(25.00004953,-37.643519812,38.056467488));
#70=DIRECTION('',(0.,-0.,-1.));
#71=DIRECTION('',(-1.,0.,-0.));
#72=AXIS2_PLACEMENT_3D('',#69,#70,#71);
#73=PLANE('',#72);
#74=CARTESIAN_POINT('',(31.700063309,-31.156207137,38.056467488));
#75=VERTEX_POINT('',#74);
#76=CARTESIAN_POINT('',(-0.08721457,-31.156207137,38.056467488));
#77=VERTEX_POINT('',#76);
#78=CARTESIAN_POINT('',(31.700063309,-31.156207137,38.056467488));
#79=DIRECTION('',(-1.,-0.,-0.));
#80=VECTOR('',#79,31.787277879);
#81=LINE('',#78,#80);
#82=EDGE_CURVE('',#75,#77,#81,.T.);
#83=ORIENTED_EDGE('',*,*,#82,.T.);
#84=CARTESIAN_POINT('',(-0.08721457,-44.168114681,38.056467488));
#85=VERTEX_POINT('',#84);
#86=CARTESIAN_POINT('',(-0.08721457,-31.156207137,38.056467488));
#87=DIRECTION('',(-0.,-1.,0.));
#88=VECTOR('',#87,13.011907544);
#89=LINE('',#86,#88);
#90=EDGE_CURVE('',#77,#85,#89,.T.);
#91=ORIENTED_EDGE('',*,*,#90,.T.);
#92=CARTESIAN_POINT('',(12.53598543,-44.168114681,38.056467488));
#93=VERTEX_POINT('',#92);
#94=CARTESIAN_POINT('',(12.53598543,-44.168114681,38.056467488));
#95=DIRECTION('',(-1.,0.,-0.));
#96=VECTOR('',#95,12.6232);
#97=LINE('',#94,#96);
#98=EDGE_CURVE('',#93,#85,#97,.T.);
#99=ORIENTED_EDGE('',*,*,#98,.F.);
#100=CARTESIAN_POINT('',(12.53598543,-44.768114681,38.056467488));
#101=VERTEX_POINT('',#100);
#102=CARTESIAN_POINT('',(12.53598543,-44.768114681,38.056467488));
#103=DIRECTION('',(0.,1.,-0.));
#104=VECTOR('',#103,0.6);
#105=LINE('',#102,#104);
#106=EDGE_CURVE('',#101,#93,#105,.T.);
#107=ORIENTED_EDGE('',*,*,#106,.F.);
#108=CARTESIAN_POINT('',(17.38598543,-44.768114681,38.056467488));
#109=VERTEX_POINT('',#108);
#110=CARTESIAN_POINT('',(17.38598543,-44.768114681,38.056467488));
#111=DIRECTION('',(-1.,0.,-0.));
#112=VECTOR('',#111,4.85);
#113=LINE('',#110,#112);
#114=EDGE_CURVE('',#109,#101,#113,.T.);
#115=ORIENTED_EDGE('',*,*,#114,.F.);
#116=CARTESIAN_POINT('',(17.38598543,-44.168114681,38.056467488));
#117=VERTEX_POINT('',#116);
#118=CARTESIAN_POINT('',(17.38598543,-44.768114681,38.056467488));
#119=DIRECTION('',(0.,1.,-0.));
#120=VECTOR('',#119,0.6);
#121=LINE('',#118,#120);
#122=EDGE_CURVE('',#109,#117,#121,.T.);
#123=ORIENTED_EDGE('',*,*,#122,.T.);
#124=CARTESIAN_POINT('',(50.11278543,-44.168114681,38.056467488));
#125=VERTEX_POINT('',#124);
#126=CARTESIAN_POINT('',(50.11278543,-44.168114681,38.056467488));
#127=DIRECTION('',(-1.,0.,-0.));
#128=VECTOR('',#127,32.7268);
#129=LINE('',#126,#128);
#130=EDGE_CURVE('',#125,#117,#129,.T.);
#131=ORIENTED_EDGE('',*,*,#130,.F.);
#132=CARTESIAN_POINT('',(50.11278543,-31.968114681,38.056467488));
#133=VERTEX_POINT('',#132);
#134=CARTESIAN_POINT('',(50.11278543,-31.968114681,38.056467488));
#135=DIRECTION('',(-0.,-1.,0.));
#136=VECTOR('',#135,12.2);
#137=LINE('',#134,#136);
#138=EDGE_CURVE('',#133,#125,#137,.T.);
#139=ORIENTED_EDGE('',*,*,#138,.F.);
#140=CARTESIAN_POINT('',(49.51278543,-31.968114681,38.056467488));
#141=VERTEX_POINT('',#140);
#142=CARTESIAN_POINT('',(49.51278543,-31.968114681,38.056467488));
#143=DIRECTION('',(1.,-0.,0.));
#144=VECTOR('',#143,0.6);
#145=LINE('',#142,#144);
#146=EDGE_CURVE('',#141,#133,#145,.T.);
#147=ORIENTED_EDGE('',*,*,#146,.F.);
#148=CARTESIAN_POINT('',(49.01278543,-31.468114681,38.056467488));
#149=VERTEX_POINT('',#148);
#150=CARTESIAN_POINT('',(49.51278543,-31.468114681,38.056467488));
#151=DIRECTION('',(0.,-0.,-1.));
#152=DIRECTION('',(-1.,0.,-0.));
#153=AXIS2_PLACEMENT_3D('',#150,#151,#152);
#154=CIRCLE('',#153,0.5);
#155=EDGE_CURVE('',#141,#149,#154,.T.);
#156=ORIENTED_EDGE('',*,*,#155,.T.);
#157=CARTESIAN_POINT('',(49.01278543,-31.156207137,38.056467488));
#158=VERTEX_POINT('',#157);
#159=CARTESIAN_POINT('',(49.01278543,-31.156207137,38.056467488));
#160=DIRECTION('',(-0.,-1.,0.));
#161=VECTOR('',#160,0.311907544);
#162=LINE('',#159,#161);
#163=EDGE_CURVE('',#158,#149,#162,.T.);
#164=ORIENTED_EDGE('',*,*,#163,.F.);
#165=CARTESIAN_POINT('',(38.450078778,-31.156207137,38.056467488));
#166=VERTEX_POINT('',#165);
#167=CARTESIAN_POINT('',(49.01278543,-31.156207137,38.056467488));
#168=DIRECTION('',(-1.,-0.,-0.));
#169=VECTOR('',#168,10.562706651);
#170=LINE('',#167,#169);
#171=EDGE_CURVE('',#158,#166,#170,.T.);
#172=ORIENTED_EDGE('',*,*,#171,.T.);
#173=CARTESIAN_POINT('',(38.150078778,-31.456207137,38.056467488));
#174=VERTEX_POINT('',#173);
#175=CARTESIAN_POINT('',(38.450078778,-31.456207137,38.056467488));
#176=DIRECTION('',(-0.,0.,1.));
#177=DIRECTION('',(0.,1.,-0.));
#178=AXIS2_PLACEMENT_3D('',#175,#176,#177);
#179=CIRCLE('',#178,0.3);
#180=EDGE_CURVE('',#166,#174,#179,.T.);
#181=ORIENTED_EDGE('',*,*,#180,.T.);
#182=CARTESIAN_POINT('',(38.150078778,-31.856209286,38.056467488));
#183=VERTEX_POINT('',#182);
#184=CARTESIAN_POINT('',(38.150078778,-31.856209286,38.056467488));
#185=DIRECTION('',(-0.,1.,0.));
#186=VECTOR('',#185,0.400002148);
#187=LINE('',#184,#186);
#188=EDGE_CURVE('',#183,#174,#187,.T.);
#189=ORIENTED_EDGE('',*,*,#188,.F.);
#190=CARTESIAN_POINT('',(37.850078962,-32.156209286,38.056467488));
#191=VERTEX_POINT('',#190);
#192=CARTESIAN_POINT('',(37.850078778,-31.856209286,38.056467488));
#193=DIRECTION('',(0.,-0.,-1.));
#194=DIRECTION('',(0.,1.,-0.));
#195=AXIS2_PLACEMENT_3D('',#192,#193,#194);
#196=CIRCLE('',#195,0.3);
#197=EDGE_CURVE('',#183,#191,#196,.T.);
#198=ORIENTED_EDGE('',*,*,#197,.T.);
#199=CARTESIAN_POINT('',(32.300063492,-32.156212683,38.056467488));
#200=VERTEX_POINT('',#199);
#201=CARTESIAN_POINT('',(37.850078962,-32.156209286,38.056467488));
#202=DIRECTION('',(-1.,-0.000000612,-0.));
#203=VECTOR('',#202,5.550015469);
#204=LINE('',#201,#203);
#205=EDGE_CURVE('',#191,#200,#204,.T.);
#206=ORIENTED_EDGE('',*,*,#205,.T.);
#207=CARTESIAN_POINT('',(32.000063309,-31.856212683,38.056467488));
#208=VERTEX_POINT('',#207);
#209=CARTESIAN_POINT('',(32.300063309,-31.856212683,38.056467488));
#210=DIRECTION('',(0.,-0.,-1.));
#211=DIRECTION('',(0.,1.,-0.));
#212=AXIS2_PLACEMENT_3D('',#209,#210,#211);
#213=CIRCLE('',#212,0.3);
#214=EDGE_CURVE('',#200,#208,#213,.T.);
#215=ORIENTED_EDGE('',*,*,#214,.T.);
#216=CARTESIAN_POINT('',(32.000063309,-31.456207137,38.056467488));
#217=VERTEX_POINT('',#216);
#218=CARTESIAN_POINT('',(32.000063309,-31.856212683,38.056467488));
#219=DIRECTION('',(-0.,1.,0.));
#220=VECTOR('',#219,0.400005545);
#221=LINE('',#218,#220);
#222=EDGE_CURVE('',#208,#217,#221,.T.);
#223=ORIENTED_EDGE('',*,*,#222,.T.);
#224=CARTESIAN_POINT('',(31.700063309,-31.456207137,38.056467488));
#225=DIRECTION('',(-0.,0.,1.));
#226=DIRECTION('',(0.,1.,-0.));
#227=AXIS2_PLACEMENT_3D('',#224,#225,#226);
#228=CIRCLE('',#227,0.3);
#229=EDGE_CURVE('',#217,#75,#228,.T.);
#230=ORIENTED_EDGE('',*,*,#229,.T.);
#231=EDGE_LOOP('',(#83,#91,#99,#107,#115,#123,#131,#139,#147,#156,#164,#172,#181,#189,#198,#206,#215,#223,#230));
#232=FACE_BOUND('',#231,.T.);
#233=ADVANCED_FACE('',(#232),#73,.F.);
#234=CARTESIAN_POINT('',(-0.98721457,-49.230832487,19.706467488));
#235=DIRECTION('',(-1.,0.,-0.));
#236=DIRECTION('',(-0.,-1.,0.));
#237=AXIS2_PLACEMENT_3D('',#234,#235,#236);
#238=PLANE('',#237);
#239=CARTESIAN_POINT('',(-0.98721457,-31.156207137,38.256469266));
#240=VERTEX_POINT('',#239);
#241=CARTESIAN_POINT('',(-0.98721457,-30.668114681,38.256469266));
#242=VERTEX_POINT('',#241);
#243=CARTESIAN_POINT('',(-0.98721457,-31.156207137,38.256469266));
#244=DIRECTION('',(0.,1.,0.));
#245=VECTOR('',#244,0.488092456);
#246=LINE('',#243,#245);
#247=EDGE_CURVE('',#240,#242,#246,.T.);
#248=ORIENTED_EDGE('',*,*,#247,.F.);
#249=CARTESIAN_POINT('',(-0.98721457,-31.156207137,36.256467488));
#250=VERTEX_POINT('',#249);
#251=CARTESIAN_POINT('',(-0.98721457,-31.156207137,38.256469266));
#252=DIRECTION('',(0.,-0.,-1.));
#253=VECTOR('',#252,2.000001778);
#254=LINE('',#251,#253);
#255=EDGE_CURVE('',#240,#250,#254,.T.);
#256=ORIENTED_EDGE('',*,*,#255,.T.);
#257=CARTESIAN_POINT('',(-0.98721457,-40.368114681,36.256467488));
#258=VERTEX_POINT('',#257);
#259=CARTESIAN_POINT('',(-0.98721457,-31.156207137,36.256467488));
#260=DIRECTION('',(-0.,-1.,0.));
#261=VECTOR('',#260,9.211907544);
#262=LINE('',#259,#261);
#263=EDGE_CURVE('',#250,#258,#262,.T.);
#264=ORIENTED_EDGE('',*,*,#263,.T.);
#265=CARTESIAN_POINT('',(-0.98721457,-40.368114681,19.256467488));
#266=VERTEX_POINT('',#265);
#267=CARTESIAN_POINT('',(-0.98721457,-40.368114681,36.256467488));
#268=DIRECTION('',(0.,-0.,-1.));
#269=VECTOR('',#268,17.);
#270=LINE('',#267,#269);
#271=EDGE_CURVE('',#258,#266,#270,.T.);
#272=ORIENTED_EDGE('',*,*,#271,.T.);
#273=CARTESIAN_POINT('',(-0.98721457,-39.368114681,18.256467488));
#274=VERTEX_POINT('',#273);
#275=CARTESIAN_POINT('',(-0.98721457,-39.368114681,19.256467488));
#276=DIRECTION('',(1.,-0.,0.));
#277=DIRECTION('',(-0.,-1.,0.));
#278=AXIS2_PLACEMENT_3D('',#275,#276,#277);
#279=CIRCLE('',#278,1.);
#280=EDGE_CURVE('',#266,#274,#279,.T.);
#281=ORIENTED_EDGE('',*,*,#280,.T.);
#282=CARTESIAN_POINT('',(-0.98721457,-30.668114681,18.256467488));
#283=VERTEX_POINT('',#282);
#284=CARTESIAN_POINT('',(-0.98721457,-39.368114681,18.256467488));
#285=DIRECTION('',(0.,1.,-0.));
#286=VECTOR('',#285,8.7);
#287=LINE('',#284,#286);
#288=EDGE_CURVE('',#274,#283,#287,.T.);
#289=ORIENTED_EDGE('',*,*,#288,.T.);
#290=CARTESIAN_POINT('',(-0.98721457,-30.668114681,26.206468377));
#291=VERTEX_POINT('',#290);
#292=CARTESIAN_POINT('',(-0.98721457,-30.668114681,26.206468377));
#293=DIRECTION('',(0.,-0.,-1.));
#294=VECTOR('',#293,7.950000889);
#295=LINE('',#292,#294);
#296=EDGE_CURVE('',#291,#283,#295,.T.);
#297=ORIENTED_EDGE('',*,*,#296,.F.);
#298=CARTESIAN_POINT('',(-0.98721457,-32.368114681,26.206468377));
#299=VERTEX_POINT('',#298);
#300=CARTESIAN_POINT('',(-0.98721457,-32.368114681,26.206468377));
#301=DIRECTION('',(0.,1.,-0.));
#302=VECTOR('',#301,1.7);
#303=LINE('',#300,#302);
#304=EDGE_CURVE('',#299,#291,#303,.T.);
#305=ORIENTED_EDGE('',*,*,#304,.F.);
#306=CARTESIAN_POINT('',(-0.98721457,-33.368114681,27.206468377));
#307=VERTEX_POINT('',#306);
#308=CARTESIAN_POINT('',(-0.98721457,-32.368114681,27.206468377));
#309=DIRECTION('',(-1.,0.,-0.));
#310=DIRECTION('',(-0.,-1.,0.));
#311=AXIS2_PLACEMENT_3D('',#308,#309,#310);
#312=CIRCLE('',#311,1.);
#313=EDGE_CURVE('',#299,#307,#312,.T.);
#314=ORIENTED_EDGE('',*,*,#313,.T.);
#315=CARTESIAN_POINT('',(-0.98721457,-33.368114681,31.206468377));
#316=VERTEX_POINT('',#315);
#317=CARTESIAN_POINT('',(-0.98721457,-33.368114681,31.206468377));
#318=DIRECTION('',(0.,-0.,-1.));
#319=VECTOR('',#318,4.);
#320=LINE('',#317,#319);
#321=EDGE_CURVE('',#316,#307,#320,.T.);
#322=ORIENTED_EDGE('',*,*,#321,.F.);
#323=CARTESIAN_POINT('',(-0.98721457,-32.368114681,32.206468377));
#324=VERTEX_POINT('',#323);
#325=CARTESIAN_POINT('',(-0.98721457,-32.368114681,31.206468377));
#326=DIRECTION('',(-1.,0.,-0.));
#327=DIRECTION('',(-0.,-1.,0.));
#328=AXIS2_PLACEMENT_3D('',#325,#326,#327);
#329=CIRCLE('',#328,1.);
#330=EDGE_CURVE('',#316,#324,#329,.T.);
#331=ORIENTED_EDGE('',*,*,#330,.T.);
#332=CARTESIAN_POINT('',(-0.98721457,-30.668114681,32.206468377));
#333=VERTEX_POINT('',#332);
#334=CARTESIAN_POINT('',(-0.98721457,-32.368114681,32.206468377));
#335=DIRECTION('',(0.,1.,-0.));
#336=VECTOR('',#335,1.7);
#337=LINE('',#334,#336);
#338=EDGE_CURVE('',#324,#333,#337,.T.);
#339=ORIENTED_EDGE('',*,*,#338,.T.);
#340=CARTESIAN_POINT('',(-0.98721457,-30.668114681,38.256469266));
#341=DIRECTION('',(0.,-0.,-1.));
#342=VECTOR('',#341,6.050000889);
#343=LINE('',#340,#342);
#344=EDGE_CURVE('',#242,#333,#343,.T.);
#345=ORIENTED_EDGE('',*,*,#344,.F.);
#346=EDGE_LOOP('',(#248,#256,#264,#272,#281,#289,#297,#305,#314,#322,#331,#339,#345));
#347=FACE_BOUND('',#346,.T.);
#348=ADVANCED_FACE('',(#347),#238,.F.);
#349=CARTESIAN_POINT('',(-2.28721457,-55.430832487,30.456468377));
#350=DIRECTION('',(1.,-0.,0.));
#351=DIRECTION('',(0.,-0.,-1.));
#352=AXIS2_PLACEMENT_3D('',#349,#350,#351);
#353=PLANE('',#352);
#354=CARTESIAN_POINT('',(-2.28721457,-32.499473584,40.104382303));
#355=VERTEX_POINT('',#354);
#356=CARTESIAN_POINT('',(-2.28721457,-32.499473584,40.104382303));
#357=DIRECTION('',(-0.,0.,1.));
#358=VECTOR('',#357,0.302086963);
#359=LINE('',#356,#358);
#360=EDGE_CURVE('',#355,#44,#359,.T.);
#361=ORIENTED_EDGE('',*,*,#360,.F.);
#362=CARTESIAN_POINT('',(-2.28721457,-32.499473584,38.908556229));
#363=VERTEX_POINT('',#362);
#364=CARTESIAN_POINT('',(-2.28721457,-32.449473584,39.506469266));
#365=DIRECTION('',(-1.,0.,-0.));
#366=DIRECTION('',(-0.,0.,1.));
#367=AXIS2_PLACEMENT_3D('',#364,#365,#366);
#368=CIRCLE('',#367,0.6);
#369=EDGE_CURVE('',#363,#355,#368,.T.);
#370=ORIENTED_EDGE('',*,*,#369,.F.);
#371=CARTESIAN_POINT('',(-2.28721457,-32.499473584,38.606469266));
#372=VERTEX_POINT('',#371);
#373=CARTESIAN_POINT('',(-2.28721457,-32.499473584,38.606469266));
#374=DIRECTION('',(-0.,-0.,1.));
#375=VECTOR('',#374,0.302086963);
#376=LINE('',#373,#375);
#377=EDGE_CURVE('',#372,#363,#376,.T.);
#378=ORIENTED_EDGE('',*,*,#377,.F.);
#379=CARTESIAN_POINT('',(-2.28721457,-32.149473584,38.256469266));
#380=VERTEX_POINT('',#379);
#381=CARTESIAN_POINT('',(-2.28721457,-32.149473584,38.606469266));
#382=DIRECTION('',(1.,-0.,0.));
#383=DIRECTION('',(0.,0.,-1.));
#384=AXIS2_PLACEMENT_3D('',#381,#382,#383);
#385=CIRCLE('',#384,0.35);
#386=EDGE_CURVE('',#372,#380,#385,.T.);
#387=ORIENTED_EDGE('',*,*,#386,.T.);
#388=CARTESIAN_POINT('',(-2.28721457,-29.668114681,38.256469266));
#389=VERTEX_POINT('',#388);
#390=CARTESIAN_POINT('',(-2.28721457,-29.668114681,38.256469266));
#391=DIRECTION('',(-0.,-1.,-0.));
#392=VECTOR('',#391,2.481358903);
#393=LINE('',#390,#392);
#394=EDGE_CURVE('',#389,#380,#393,.T.);
#395=ORIENTED_EDGE('',*,*,#394,.F.);
#396=CARTESIAN_POINT('',(-2.28721457,-29.668114681,18.256467488));
#397=VERTEX_POINT('',#396);
#398=CARTESIAN_POINT('',(-2.28721457,-29.668114681,38.256469266));
#399=DIRECTION('',(0.,-0.,-1.));
#400=VECTOR('',#399,20.000001778);
#401=LINE('',#398,#400);
#402=EDGE_CURVE('',#389,#397,#401,.T.);
#403=ORIENTED_EDGE('',*,*,#402,.T.);
#404=CARTESIAN_POINT('',(-2.28721457,-39.368114681,18.256467488));
#405=VERTEX_POINT('',#404);
#406=CARTESIAN_POINT('',(-2.28721457,-29.668114681,18.256467488));
#407=DIRECTION('',(-0.,-1.,0.));
#408=VECTOR('',#407,9.7);
#409=LINE('',#406,#408);
#410=EDGE_CURVE('',#397,#405,#409,.T.);
#411=ORIENTED_EDGE('',*,*,#410,.T.);
#412=CARTESIAN_POINT('',(-2.28721457,-40.368114681,19.256467488));
#413=VERTEX_POINT('',#412);
#414=CARTESIAN_POINT('',(-2.28721457,-39.368114681,19.256467488));
#415=DIRECTION('',(-1.,0.,-0.));
#416=DIRECTION('',(0.,-0.,-1.));
#417=AXIS2_PLACEMENT_3D('',#414,#415,#416);
#418=CIRCLE('',#417,1.);
#419=EDGE_CURVE('',#405,#413,#418,.T.);
#420=ORIENTED_EDGE('',*,*,#419,.T.);
#421=CARTESIAN_POINT('',(-2.28721457,-40.368114681,39.556467488));
#422=VERTEX_POINT('',#421);
#423=CARTESIAN_POINT('',(-2.28721457,-40.368114681,19.256467488));
#424=DIRECTION('',(-0.,0.,1.));
#425=VECTOR('',#424,20.3);
#426=LINE('',#423,#425);
#427=EDGE_CURVE('',#413,#422,#426,.T.);
#428=ORIENTED_EDGE('',*,*,#427,.T.);
#429=CARTESIAN_POINT('',(-2.28721457,-45.168114681,39.556467488));
#430=VERTEX_POINT('',#429);
#431=CARTESIAN_POINT('',(-2.28721457,-40.368114681,39.556467488));
#432=DIRECTION('',(-0.,-1.,0.));
#433=VECTOR('',#432,4.8);
#434=LINE('',#431,#433);
#435=EDGE_CURVE('',#422,#430,#434,.T.);
#436=ORIENTED_EDGE('',*,*,#435,.T.);
#437=CARTESIAN_POINT('',(-2.28721457,-45.168114681,41.656469266));
#438=VERTEX_POINT('',#437);
#439=CARTESIAN_POINT('',(-2.28721457,-45.168114681,39.556467488));
#440=DIRECTION('',(-0.,0.,1.));
#441=VECTOR('',#440,2.100001778);
#442=LINE('',#439,#441);
#443=EDGE_CURVE('',#430,#438,#442,.T.);
#444=ORIENTED_EDGE('',*,*,#443,.T.);
#445=CARTESIAN_POINT('',(-2.28721457,-29.668114681,41.656469266));
#446=VERTEX_POINT('',#445);
#447=CARTESIAN_POINT('',(-2.28721457,-45.168114681,41.656469266));
#448=DIRECTION('',(0.,1.,-0.));
#449=VECTOR('',#448,15.5);
#450=LINE('',#447,#449);
#451=EDGE_CURVE('',#438,#446,#450,.T.);
#452=ORIENTED_EDGE('',*,*,#451,.T.);
#453=CARTESIAN_POINT('',(-2.28721457,-29.668114681,40.756469266));
#454=VERTEX_POINT('',#453);
#455=CARTESIAN_POINT('',(-2.28721457,-29.668114681,41.656469266));
#456=DIRECTION('',(0.,-0.,-1.));
#457=VECTOR('',#456,0.9);
#458=LINE('',#455,#457);
#459=EDGE_CURVE('',#446,#454,#458,.T.);
#460=ORIENTED_EDGE('',*,*,#459,.T.);
#461=CARTESIAN_POINT('',(-2.28721457,-32.149473584,40.756469266));
#462=DIRECTION('',(0.,1.,0.));
#463=VECTOR('',#462,2.481358903);
#464=LINE('',#461,#463);
#465=EDGE_CURVE('',#52,#454,#464,.T.);
#466=ORIENTED_EDGE('',*,*,#465,.F.);
#467=ORIENTED_EDGE('',*,*,#58,.T.);
#468=EDGE_LOOP('',(#361,#370,#378,#387,#395,#403,#411,#420,#428,#436,#444,#452,#460,#466,#467));
#469=FACE_BOUND('',#468,.T.);
#470=ADVANCED_FACE('',(#469),#353,.F.);
#471=CARTESIAN_POINT('',(-1.38721457,-30.668114681,29.956468377));
#472=DIRECTION('',(1.,0.,0.));
#473=DIRECTION('',(-0.,1.,-0.));
#474=AXIS2_PLACEMENT_3D('',#471,#472,#473);
#475=PLANE('',#474);
#476=CARTESIAN_POINT('',(-1.38721457,-29.668114681,40.756469266));
#477=VERTEX_POINT('',#476);
#478=CARTESIAN_POINT('',(-1.38721457,-30.668114681,40.756469266));
#479=VERTEX_POINT('',#478);
#480=CARTESIAN_POINT('',(-1.38721457,-29.668114681,40.756469266));
#481=DIRECTION('',(0.,-1.,0.));
#482=VECTOR('',#481,1.);
#483=LINE('',#480,#482);
#484=EDGE_CURVE('',#477,#479,#483,.T.);
#485=ORIENTED_EDGE('',*,*,#484,.F.);
#486=CARTESIAN_POINT('',(-1.38721457,-29.668114681,41.656469266));
#487=VERTEX_POINT('',#486);
#488=CARTESIAN_POINT('',(-1.38721457,-29.668114681,41.656469266));
#489=DIRECTION('',(0.,-0.,-1.));
#490=VECTOR('',#489,0.9);
#491=LINE('',#488,#490);
#492=EDGE_CURVE('',#487,#477,#491,.T.);
#493=ORIENTED_EDGE('',*,*,#492,.F.);
#494=CARTESIAN_POINT('',(-1.38721457,-30.668114681,41.656469266));
#495=VERTEX_POINT('',#494);
#496=CARTESIAN_POINT('',(-1.38721457,-30.668114681,41.656469266));
#497=DIRECTION('',(-0.,1.,-0.));
#498=VECTOR('',#497,1.);
#499=LINE('',#496,#498);
#500=EDGE_CURVE('',#495,#487,#499,.T.);
#501=ORIENTED_EDGE('',*,*,#500,.F.);
#502=CARTESIAN_POINT('',(-1.38721457,-30.668114681,41.656469266));
#503=DIRECTION('',(0.,-0.,-1.));
#504=VECTOR('',#503,0.9);
#505=LINE('',#502,#504);
#506=EDGE_CURVE('',#495,#479,#505,.T.);
#507=ORIENTED_EDGE('',*,*,#506,.T.);
#508=EDGE_LOOP('',(#485,#493,#501,#507));
#509=FACE_BOUND('',#508,.T.);
#510=ADVANCED_FACE('',(#509),#475,.T.);
#511=CARTESIAN_POINT('',(0.5,-30.668114681,38.256467488));
#512=DIRECTION('',(-0.,1.,-0.));
#513=DIRECTION('',(1.,0.,0.));
#514=AXIS2_PLACEMENT_3D('',#511,#512,#513);
#515=PLANE('',#514);
#516=CARTESIAN_POINT('',(-0.98721457,-30.668114681,40.756469266));
#517=VERTEX_POINT('',#516);
#518=CARTESIAN_POINT('',(-1.38721457,-30.668114681,40.756469266));
#519=DIRECTION('',(1.,0.,0.));
#520=VECTOR('',#519,0.4);
#521=LINE('',#518,#520);
#522=EDGE_CURVE('',#479,#517,#521,.T.);
#523=ORIENTED_EDGE('',*,*,#522,.F.);
#524=ORIENTED_EDGE('',*,*,#506,.F.);
#525=CARTESIAN_POINT('',(0.01278543,-30.668114681,43.056469266));
#526=VERTEX_POINT('',#525);
#527=CARTESIAN_POINT('',(0.01278543,-30.668114681,41.656469266));
#528=DIRECTION('',(-0.,1.,-0.));
#529=DIRECTION('',(0.,0.,1.));
#530=AXIS2_PLACEMENT_3D('',#527,#528,#529);
#531=CIRCLE('',#530,1.4);
#532=EDGE_CURVE('',#495,#526,#531,.T.);
#533=ORIENTED_EDGE('',*,*,#532,.T.);
#534=CARTESIAN_POINT('',(5.26278543,-30.668114681,43.056469266));
#535=VERTEX_POINT('',#534);
#536=CARTESIAN_POINT('',(5.26278543,-30.668114681,43.056469266));
#537=DIRECTION('',(-1.,-0.,-0.));
#538=VECTOR('',#537,5.25);
#539=LINE('',#536,#538);
#540=EDGE_CURVE('',#535,#526,#539,.T.);
#541=ORIENTED_EDGE('',*,*,#540,.F.);
#542=CARTESIAN_POINT('',(5.26278543,-30.668114681,42.656469266));
#543=VERTEX_POINT('',#542);
#544=CARTESIAN_POINT('',(5.26278543,-30.668114681,43.056469266));
#545=DIRECTION('',(0.,-0.,-1.));
#546=VECTOR('',#545,0.4);
#547=LINE('',#544,#546);
#548=EDGE_CURVE('',#535,#543,#547,.T.);
#549=ORIENTED_EDGE('',*,*,#548,.T.);
#550=CARTESIAN_POINT('',(0.01278543,-30.668114681,42.656469266));
#551=VERTEX_POINT('',#550);
#552=CARTESIAN_POINT('',(5.26278543,-30.668114681,42.656469266));
#553=DIRECTION('',(-1.,-0.,-0.));
#554=VECTOR('',#553,5.25);
#555=LINE('',#552,#554);
#556=EDGE_CURVE('',#543,#551,#555,.T.);
#557=ORIENTED_EDGE('',*,*,#556,.T.);
#558=CARTESIAN_POINT('',(-0.98721457,-30.668114681,41.656469266));
#559=VERTEX_POINT('',#558);
#560=CARTESIAN_POINT('',(0.01278543,-30.668114681,41.656469266));
#561=DIRECTION('',(0.,-1.,0.));
#562=DIRECTION('',(-1.,-0.,-0.));
#563=AXIS2_PLACEMENT_3D('',#560,#561,#562);
#564=CIRCLE('',#563,1.);
#565=EDGE_CURVE('',#551,#559,#564,.T.);
#566=ORIENTED_EDGE('',*,*,#565,.T.);
#567=CARTESIAN_POINT('',(-0.98721457,-30.668114681,41.656469266));
#568=DIRECTION('',(0.,-0.,-1.));
#569=VECTOR('',#568,0.9);
#570=LINE('',#567,#569);
#571=EDGE_CURVE('',#559,#517,#570,.T.);
#572=ORIENTED_EDGE('',*,*,#571,.T.);
#573=EDGE_LOOP('',(#523,#524,#533,#541,#549,#557,#566,#572));
#574=FACE_BOUND('',#573,.T.);
#575=ADVANCED_FACE('',(#574),#515,.T.);
#576=CARTESIAN_POINT('',(-0.98721457,-49.230832487,19.706467488));
#577=DIRECTION('',(-1.,0.,-0.));
#578=DIRECTION('',(-0.,-1.,0.));
#579=AXIS2_PLACEMENT_3D('',#576,#577,#578);
#580=PLANE('',#579);
#581=CARTESIAN_POINT('',(-0.98721457,-32.499473584,40.104382303));
#582=VERTEX_POINT('',#581);
#583=CARTESIAN_POINT('',(-0.98721457,-32.99490919,39.256469266));
#584=VERTEX_POINT('',#583);
#585=CARTESIAN_POINT('',(-0.98721457,-32.449473584,39.506469266));
#586=DIRECTION('',(1.,-0.,0.));
#587=DIRECTION('',(-0.,0.,1.));
#588=AXIS2_PLACEMENT_3D('',#585,#586,#587);
#589=CIRCLE('',#588,0.6);
#590=EDGE_CURVE('',#582,#584,#589,.T.);
#591=ORIENTED_EDGE('',*,*,#590,.F.);
#592=CARTESIAN_POINT('',(-0.98721457,-32.499473584,40.406469266));
#593=DIRECTION('',(0.,-0.,-1.));
#594=VECTOR('',#593,0.302086963);
#595=LINE('',#592,#594);
#596=EDGE_CURVE('',#33,#582,#595,.T.);
#597=ORIENTED_EDGE('',*,*,#596,.F.);
#598=ORIENTED_EDGE('',*,*,#41,.T.);
#599=CARTESIAN_POINT('',(-0.98721457,-32.149473584,40.756469266));
#600=DIRECTION('',(0.,1.,0.));
#601=VECTOR('',#600,1.481358903);
#602=LINE('',#599,#601);
#603=EDGE_CURVE('',#35,#517,#602,.T.);
#604=ORIENTED_EDGE('',*,*,#603,.T.);
#605=ORIENTED_EDGE('',*,*,#571,.F.);
#606=CARTESIAN_POINT('',(-0.98721457,-44.168114681,41.656469266));
#607=VERTEX_POINT('',#606);
#608=CARTESIAN_POINT('',(-0.98721457,-30.668114681,41.656469266));
#609=DIRECTION('',(-0.,-1.,0.));
#610=VECTOR('',#609,13.5);
#611=LINE('',#608,#610);
#612=EDGE_CURVE('',#559,#607,#611,.T.);
#613=ORIENTED_EDGE('',*,*,#612,.T.);
#614=CARTESIAN_POINT('',(-0.98721457,-44.168114681,39.256469266));
#615=VERTEX_POINT('',#614);
#616=CARTESIAN_POINT('',(-0.98721457,-44.168114681,41.656469266));
#617=DIRECTION('',(0.,-0.,-1.));
#618=VECTOR('',#617,2.4);
#619=LINE('',#616,#618);
#620=EDGE_CURVE('',#607,#615,#619,.T.);
#621=ORIENTED_EDGE('',*,*,#620,.T.);
#622=CARTESIAN_POINT('',(-0.98721457,-32.99490919,39.256469266));
#623=DIRECTION('',(-0.,-1.,0.));
#624=VECTOR('',#623,11.173205492);
#625=LINE('',#622,#624);
#626=EDGE_CURVE('',#584,#615,#625,.T.);
#627=ORIENTED_EDGE('',*,*,#626,.F.);
#628=EDGE_LOOP('',(#591,#597,#598,#604,#605,#613,#621,#627));
#629=FACE_BOUND('',#628,.T.);
#630=ADVANCED_FACE('',(#629),#580,.F.);
#631=CARTESIAN_POINT('',(0.01278543,-55.430832487,41.656469266));
#632=DIRECTION('',(0.,1.,-0.));
#633=DIRECTION('',(-1.,0.,-0.));
#634=AXIS2_PLACEMENT_3D('',#631,#632,#633);
#635=CYLINDRICAL_SURFACE('',#634,2.3);
#636=CARTESIAN_POINT('',(0.01278543,-29.668114681,43.956469266));
#637=VERTEX_POINT('',#636);
#638=CARTESIAN_POINT('',(0.01278543,-29.668114681,41.656469266));
#639=DIRECTION('',(-0.,1.,-0.));
#640=DIRECTION('',(-1.,-0.,-0.));
#641=AXIS2_PLACEMENT_3D('',#638,#639,#640);
#642=CIRCLE('',#641,2.3);
#643=EDGE_CURVE('',#446,#637,#642,.T.);
#644=ORIENTED_EDGE('',*,*,#643,.F.);
#645=ORIENTED_EDGE('',*,*,#451,.F.);
#646=CARTESIAN_POINT('',(0.01278543,-45.168114681,43.956469266));
#647=VERTEX_POINT('',#646);
#648=CARTESIAN_POINT('',(0.01278543,-45.168114681,41.656469266));
#649=DIRECTION('',(0.,1.,-0.));
#650=DIRECTION('',(0.,-0.,-1.));
#651=AXIS2_PLACEMENT_3D('',#648,#649,#650);
#652=CIRCLE('',#651,2.3);
#653=EDGE_CURVE('',#438,#647,#652,.T.);
#654=ORIENTED_EDGE('',*,*,#653,.T.);
#655=CARTESIAN_POINT('',(0.01278543,-29.668114681,43.956469266));
#656=DIRECTION('',(-0.,-1.,0.));
#657=VECTOR('',#656,15.5);
#658=LINE('',#655,#657);
#659=EDGE_CURVE('',#637,#647,#658,.T.);
#660=ORIENTED_EDGE('',*,*,#659,.F.);
#661=EDGE_LOOP('',(#644,#645,#654,#660));
#662=FACE_BOUND('',#661,.T.);
#663=ADVANCED_FACE('',(#662),#635,.T.);
#664=CARTESIAN_POINT('',(49.50009906,-44.168114681,38.256467488));
#665=DIRECTION('',(-0.,-1.,0.));
#666=DIRECTION('',(-1.,0.,-0.));
#667=AXIS2_PLACEMENT_3D('',#664,#665,#666);
#668=PLANE('',#667);
#669=CARTESIAN_POINT('',(10.06998543,-44.168114681,40.506467501));
#670=VERTEX_POINT('',#669);
#671=CARTESIAN_POINT('',(10.06998543,-44.168114681,41.366469253));
#672=VERTEX_POINT('',#671);
#673=CARTESIAN_POINT('',(10.06998543,-44.168114681,40.506467501));
#674=DIRECTION('',(-0.,0.,1.));
#675=VECTOR('',#674,0.860001753);
#676=LINE('',#673,#675);
#677=EDGE_CURVE('',#670,#672,#676,.T.);
#678=ORIENTED_EDGE('',*,*,#677,.T.);
#679=CARTESIAN_POINT('',(8.819985417,-44.168114681,42.616469266));
#680=VERTEX_POINT('',#679);
#681=CARTESIAN_POINT('',(8.819985417,-44.168114681,41.366469253));
#682=DIRECTION('',(0.,1.,-0.));
#683=DIRECTION('',(-1.,0.,-0.));
#684=AXIS2_PLACEMENT_3D('',#681,#682,#683);
#685=CIRCLE('',#684,1.250000013);
#686=EDGE_CURVE('',#680,#672,#685,.T.);
#687=ORIENTED_EDGE('',*,*,#686,.F.);
#688=CARTESIAN_POINT('',(2.179985442,-44.168114681,42.616469266));
#689=VERTEX_POINT('',#688);
#690=CARTESIAN_POINT('',(2.179985442,-44.168114681,42.616469266));
#691=DIRECTION('',(1.,-0.,0.));
#692=VECTOR('',#691,6.639999975);
#693=LINE('',#690,#692);
#694=EDGE_CURVE('',#689,#680,#693,.T.);
#695=ORIENTED_EDGE('',*,*,#694,.F.);
#696=CARTESIAN_POINT('',(0.92998543,-44.168114681,41.366469253));
#697=VERTEX_POINT('',#696);
#698=CARTESIAN_POINT('',(2.179985442,-44.168114681,41.366469253));
#699=DIRECTION('',(0.,1.,-0.));
#700=DIRECTION('',(-1.,0.,-0.));
#701=AXIS2_PLACEMENT_3D('',#698,#699,#700);
#702=CIRCLE('',#701,1.250000013);
#703=EDGE_CURVE('',#697,#689,#702,.T.);
#704=ORIENTED_EDGE('',*,*,#703,.F.);
#705=CARTESIAN_POINT('',(0.92998543,-44.168114681,40.506467501));
#706=VERTEX_POINT('',#705);
#707=CARTESIAN_POINT('',(0.92998543,-44.168114681,41.366469253));
#708=DIRECTION('',(0.,-0.,-1.));
#709=VECTOR('',#708,0.860001753);
#710=LINE('',#707,#709);
#711=EDGE_CURVE('',#697,#706,#710,.T.);
#712=ORIENTED_EDGE('',*,*,#711,.T.);
#713=CARTESIAN_POINT('',(2.179985442,-44.168114681,39.256467488));
#714=VERTEX_POINT('',#713);
#715=CARTESIAN_POINT('',(2.179985442,-44.168114681,40.506467501));
#716=DIRECTION('',(0.,1.,-0.));
#717=DIRECTION('',(-1.,0.,-0.));
#718=AXIS2_PLACEMENT_3D('',#715,#716,#717);
#719=CIRCLE('',#718,1.250000013);
#720=EDGE_CURVE('',#714,#706,#719,.T.);
#721=ORIENTED_EDGE('',*,*,#720,.F.);
#722=CARTESIAN_POINT('',(8.819985417,-44.168114681,39.256467488));
#723=VERTEX_POINT('',#722);
#724=CARTESIAN_POINT('',(2.179985442,-44.168114681,39.256467488));
#725=DIRECTION('',(1.,-0.,0.));
#726=VECTOR('',#725,6.639999975);
#727=LINE('',#724,#726);
#728=EDGE_CURVE('',#714,#723,#727,.T.);
#729=ORIENTED_EDGE('',*,*,#728,.T.);
#730=CARTESIAN_POINT('',(8.819985417,-44.168114681,40.506467501));
#731=DIRECTION('',(0.,1.,-0.));
#732=DIRECTION('',(-1.,0.,-0.));
#733=AXIS2_PLACEMENT_3D('',#730,#731,#732);
#734=CIRCLE('',#733,1.250000013);
#735=EDGE_CURVE('',#670,#723,#734,.T.);
#736=ORIENTED_EDGE('',*,*,#735,.F.);
#737=EDGE_LOOP('',(#678,#687,#695,#704,#712,#721,#729,#736));
#738=FACE_BOUND('',#737,.T.);
#739=CARTESIAN_POINT('',(22.053423419,-44.168114681,39.356469266));
#740=VERTEX_POINT('',#739);
#741=CARTESIAN_POINT('',(22.053423419,-44.168114681,42.656469266));
#742=VERTEX_POINT('',#741);
#743=CARTESIAN_POINT('',(22.053423419,-44.168114681,39.356469266));
#744=DIRECTION('',(-0.,0.,1.));
#745=VECTOR('',#744,3.3);
#746=LINE('',#743,#745);
#747=EDGE_CURVE('',#740,#742,#746,.T.);
#748=ORIENTED_EDGE('',*,*,#747,.F.);
#749=CARTESIAN_POINT('',(34.637480823,-44.168114681,39.356469266));
#750=VERTEX_POINT('',#749);
#751=CARTESIAN_POINT('',(34.637480823,-44.168114681,39.356469266));
#752=DIRECTION('',(-1.,0.,0.));
#753=VECTOR('',#752,12.584057404);
#754=LINE('',#751,#753);
#755=EDGE_CURVE('',#750,#740,#754,.T.);
#756=ORIENTED_EDGE('',*,*,#755,.F.);
#757=CARTESIAN_POINT('',(34.637480823,-44.168114681,42.656469266));
#758=VERTEX_POINT('',#757);
#759=CARTESIAN_POINT('',(34.637480823,-44.168114681,39.356469266));
#760=DIRECTION('',(-0.,0.,1.));
#761=VECTOR('',#760,3.3);
#762=LINE('',#759,#761);
#763=EDGE_CURVE('',#750,#758,#762,.T.);
#764=ORIENTED_EDGE('',*,*,#763,.T.);
#765=CARTESIAN_POINT('',(50.01278543,-44.168114681,42.656469266));
#766=VERTEX_POINT('',#765);
#767=CARTESIAN_POINT('',(50.01278543,-44.168114681,42.656469266));
#768=DIRECTION('',(-1.,0.,-0.));
#769=VECTOR('',#768,15.375304607);
#770=LINE('',#767,#769);
#771=EDGE_CURVE('',#766,#758,#770,.T.);
#772=ORIENTED_EDGE('',*,*,#771,.F.);
#773=CARTESIAN_POINT('',(51.01278543,-44.168114681,41.656469266));
#774=VERTEX_POINT('',#773);
#775=CARTESIAN_POINT('',(50.01278543,-44.168114681,41.656469266));
#776=DIRECTION('',(0.,1.,-0.));
#777=DIRECTION('',(1.,-0.,0.));
#778=AXIS2_PLACEMENT_3D('',#775,#776,#777);
#779=CIRCLE('',#778,1.);
#780=EDGE_CURVE('',#766,#774,#779,.T.);
#781=ORIENTED_EDGE('',*,*,#780,.T.);
#782=CARTESIAN_POINT('',(51.01278543,-44.168114681,39.256469266));
#783=VERTEX_POINT('',#782);
#784=CARTESIAN_POINT('',(51.01278543,-44.168114681,39.256469266));
#785=DIRECTION('',(-0.,0.,1.));
#786=VECTOR('',#785,2.4);
#787=LINE('',#784,#786);
#788=EDGE_CURVE('',#783,#774,#787,.T.);
#789=ORIENTED_EDGE('',*,*,#788,.F.);
#790=CARTESIAN_POINT('',(50.11278543,-44.168114681,39.256469266));
#791=VERTEX_POINT('',#790);
#792=CARTESIAN_POINT('',(51.01278543,-44.168114681,39.256469266));
#793=DIRECTION('',(-1.,0.,-0.));
#794=VECTOR('',#793,0.9);
#795=LINE('',#792,#794);
#796=EDGE_CURVE('',#783,#791,#795,.T.);
#797=ORIENTED_EDGE('',*,*,#796,.T.);
#798=CARTESIAN_POINT('',(50.11278543,-44.168114681,39.256469266));
#799=DIRECTION('',(0.,-0.,-1.));
#800=VECTOR('',#799,1.200001778);
#801=LINE('',#798,#800);
#802=EDGE_CURVE('',#791,#125,#801,.T.);
#803=ORIENTED_EDGE('',*,*,#802,.T.);
#804=ORIENTED_EDGE('',*,*,#130,.T.);
#805=CARTESIAN_POINT('',(18.88598543,-44.168114681,39.556467488));
#806=VERTEX_POINT('',#805);
#807=CARTESIAN_POINT('',(17.38598543,-44.168114681,39.556467488));
#808=DIRECTION('',(0.,1.,-0.));
#809=DIRECTION('',(-1.,0.,-0.));
#810=AXIS2_PLACEMENT_3D('',#807,#808,#809);
#811=CIRCLE('',#810,1.5);
#812=EDGE_CURVE('',#806,#117,#811,.T.);
#813=ORIENTED_EDGE('',*,*,#812,.F.);
#814=CARTESIAN_POINT('',(18.88598543,-44.168114681,40.186469266));
#815=VERTEX_POINT('',#814);
#816=CARTESIAN_POINT('',(18.88598543,-44.168114681,40.186469266));
#817=DIRECTION('',(0.,-0.,-1.));
#818=VECTOR('',#817,0.630001778);
#819=LINE('',#816,#818);
#820=EDGE_CURVE('',#815,#806,#819,.T.);
#821=ORIENTED_EDGE('',*,*,#820,.F.);
#822=CARTESIAN_POINT('',(17.38598543,-44.168114681,41.686469266));
#823=VERTEX_POINT('',#822);
#824=CARTESIAN_POINT('',(17.38598543,-44.168114681,40.186469266));
#825=DIRECTION('',(0.,1.,-0.));
#826=DIRECTION('',(-1.,0.,-0.));
#827=AXIS2_PLACEMENT_3D('',#824,#825,#826);
#828=CIRCLE('',#827,1.5);
#829=EDGE_CURVE('',#823,#815,#828,.T.);
#830=ORIENTED_EDGE('',*,*,#829,.F.);
#831=CARTESIAN_POINT('',(12.53598543,-44.168114681,41.686469266));
#832=VERTEX_POINT('',#831);
#833=CARTESIAN_POINT('',(12.53598543,-44.168114681,41.686469266));
#834=DIRECTION('',(1.,-0.,0.));
#835=VECTOR('',#834,4.85);
#836=LINE('',#833,#835);
#837=EDGE_CURVE('',#832,#823,#836,.T.);
#838=ORIENTED_EDGE('',*,*,#837,.F.);
#839=CARTESIAN_POINT('',(11.03598543,-44.168114681,40.186469266));
#840=VERTEX_POINT('',#839);
#841=CARTESIAN_POINT('',(12.53598543,-44.168114681,40.186469266));
#842=DIRECTION('',(0.,1.,-0.));
#843=DIRECTION('',(-1.,0.,-0.));
#844=AXIS2_PLACEMENT_3D('',#841,#842,#843);
#845=CIRCLE('',#844,1.5);
#846=EDGE_CURVE('',#840,#832,#845,.T.);
#847=ORIENTED_EDGE('',*,*,#846,.F.);
#848=CARTESIAN_POINT('',(11.03598543,-44.168114681,39.556467488));
#849=VERTEX_POINT('',#848);
#850=CARTESIAN_POINT('',(11.03598543,-44.168114681,39.556467488));
#851=DIRECTION('',(-0.,0.,1.));
#852=VECTOR('',#851,0.630001778);
#853=LINE('',#850,#852);
#854=EDGE_CURVE('',#849,#840,#853,.T.);
#855=ORIENTED_EDGE('',*,*,#854,.F.);
#856=CARTESIAN_POINT('',(12.53598543,-44.168114681,39.556467488));
#857=DIRECTION('',(0.,1.,-0.));
#858=DIRECTION('',(-1.,0.,-0.));
#859=AXIS2_PLACEMENT_3D('',#856,#857,#858);
#860=CIRCLE('',#859,1.5);
#861=EDGE_CURVE('',#93,#849,#860,.T.);
#862=ORIENTED_EDGE('',*,*,#861,.F.);
#863=ORIENTED_EDGE('',*,*,#98,.T.);
#864=CARTESIAN_POINT('',(-0.08721457,-44.168114681,39.256469266));
#865=VERTEX_POINT('',#864);
#866=CARTESIAN_POINT('',(-0.08721457,-44.168114681,39.256469266));
#867=DIRECTION('',(0.,-0.,-1.));
#868=VECTOR('',#867,1.200001778);
#869=LINE('',#866,#868);
#870=EDGE_CURVE('',#865,#85,#869,.T.);
#871=ORIENTED_EDGE('',*,*,#870,.F.);
#872=CARTESIAN_POINT('',(-0.98721457,-44.168114681,39.256469266));
#873=DIRECTION('',(1.,-0.,0.));
#874=VECTOR('',#873,0.9);
#875=LINE('',#872,#874);
#876=EDGE_CURVE('',#615,#865,#875,.T.);
#877=ORIENTED_EDGE('',*,*,#876,.F.);
#878=ORIENTED_EDGE('',*,*,#620,.F.);
#879=CARTESIAN_POINT('',(0.01278543,-44.168114681,42.656469266));
#880=VERTEX_POINT('',#879);
#881=CARTESIAN_POINT('',(0.01278543,-44.168114681,41.656469266));
#882=DIRECTION('',(0.,1.,-0.));
#883=DIRECTION('',(1.,-0.,0.));
#884=AXIS2_PLACEMENT_3D('',#881,#882,#883);
#885=CIRCLE('',#884,1.);
#886=EDGE_CURVE('',#607,#880,#885,.T.);
#887=ORIENTED_EDGE('',*,*,#886,.T.);
#888=CARTESIAN_POINT('',(22.053423419,-44.168114681,42.656469266));
#889=DIRECTION('',(-1.,0.,-0.));
#890=VECTOR('',#889,22.040637989);
#891=LINE('',#888,#890);
#892=EDGE_CURVE('',#742,#880,#891,.T.);
#893=ORIENTED_EDGE('',*,*,#892,.F.);
#894=EDGE_LOOP('',(#748,#756,#764,#772,#781,#789,#797,#803,#804,#813,#821,#830,#838,#847,#855,#862,#863,#871,#877,#878,#887,#893));
#895=FACE_BOUND('',#894,.T.);
#896=ADVANCED_FACE('',(#738,#895),#668,.F.);
#897=CARTESIAN_POINT('',(25.088379322,-37.631934205,39.756469266));
#898=DIRECTION('',(0.,0.,-1.));
#899=DIRECTION('',(-1.,0.,0.));
#900=AXIS2_PLACEMENT_3D('',#897,#898,#899);
#901=PLANE('',#900);
#902=CARTESIAN_POINT('',(34.637480823,-40.468114681,39.756469266));
#903=VERTEX_POINT('',#902);
#904=CARTESIAN_POINT('',(34.637480823,-43.468114681,39.756469266));
#905=VERTEX_POINT('',#904);
#906=CARTESIAN_POINT('',(34.637480823,-40.468114681,39.756469266));
#907=DIRECTION('',(0.,-1.,0.));
#908=VECTOR('',#907,3.);
#909=LINE('',#906,#908);
#910=EDGE_CURVE('',#903,#905,#909,.T.);
#911=ORIENTED_EDGE('',*,*,#910,.T.);
#912=CARTESIAN_POINT('',(33.437480823,-43.468114681,39.756469266));
#913=VERTEX_POINT('',#912);
#914=CARTESIAN_POINT('',(33.437480823,-43.468114681,39.756469266));
#915=DIRECTION('',(1.,0.,0.));
#916=VECTOR('',#915,1.2);
#917=LINE('',#914,#916);
#918=EDGE_CURVE('',#913,#905,#917,.T.);
#919=ORIENTED_EDGE('',*,*,#918,.F.);
#920=CARTESIAN_POINT('',(33.437480823,-40.468114681,39.756469266));
#921=VERTEX_POINT('',#920);
#922=CARTESIAN_POINT('',(33.437480823,-40.468114681,39.756469266));
#923=DIRECTION('',(0.,-1.,0.));
#924=VECTOR('',#923,3.);
#925=LINE('',#922,#924);
#926=EDGE_CURVE('',#921,#913,#925,.T.);
#927=ORIENTED_EDGE('',*,*,#926,.F.);
#928=CARTESIAN_POINT('',(33.437480823,-40.468114681,39.756469266));
#929=DIRECTION('',(1.,0.,0.));
#930=VECTOR('',#929,1.2);
#931=LINE('',#928,#930);
#932=EDGE_CURVE('',#921,#903,#931,.T.);
#933=ORIENTED_EDGE('',*,*,#932,.T.);
#934=EDGE_LOOP('',(#911,#919,#927,#933));
#935=FACE_BOUND('',#934,.T.);
#936=ADVANCED_FACE('',(#935),#901,.T.);
#937=CARTESIAN_POINT('',(25.088379322,-37.631934205,39.756469266));
#938=DIRECTION('',(0.,0.,-1.));
#939=DIRECTION('',(-1.,0.,0.));
#940=AXIS2_PLACEMENT_3D('',#937,#938,#939);
#941=PLANE('',#940);
#942=CARTESIAN_POINT('',(28.945452121,-40.468114681,39.756469266));
#943=VERTEX_POINT('',#942);
#944=CARTESIAN_POINT('',(28.945452121,-43.468114681,39.756469266));
#945=VERTEX_POINT('',#944);
#946=CARTESIAN_POINT('',(28.945452121,-40.468114681,39.756469266));
#947=DIRECTION('',(0.,-1.,0.));
#948=VECTOR('',#947,3.);
#949=LINE('',#946,#948);
#950=EDGE_CURVE('',#943,#945,#949,.T.);
#951=ORIENTED_EDGE('',*,*,#950,.T.);
#952=CARTESIAN_POINT('',(27.745452121,-43.468114681,39.756469266));
#953=VERTEX_POINT('',#952);
#954=CARTESIAN_POINT('',(27.745452121,-43.468114681,39.756469266));
#955=DIRECTION('',(1.,0.,0.));
#956=VECTOR('',#955,1.2);
#957=LINE('',#954,#956);
#958=EDGE_CURVE('',#953,#945,#957,.T.);
#959=ORIENTED_EDGE('',*,*,#958,.F.);
#960=CARTESIAN_POINT('',(27.745452121,-40.468114681,39.756469266));
#961=VERTEX_POINT('',#960);
#962=CARTESIAN_POINT('',(27.745452121,-40.468114681,39.756469266));
#963=DIRECTION('',(0.,-1.,0.));
#964=VECTOR('',#963,3.);
#965=LINE('',#962,#964);
#966=EDGE_CURVE('',#961,#953,#965,.T.);
#967=ORIENTED_EDGE('',*,*,#966,.F.);
#968=CARTESIAN_POINT('',(27.745452121,-40.468114681,39.756469266));
#969=DIRECTION('',(1.,0.,0.));
#970=VECTOR('',#969,1.2);
#971=LINE('',#968,#970);
#972=EDGE_CURVE('',#961,#943,#971,.T.);
#973=ORIENTED_EDGE('',*,*,#972,.T.);
#974=EDGE_LOOP('',(#951,#959,#967,#973));
#975=FACE_BOUND('',#974,.T.);
#976=ADVANCED_FACE('',(#975),#941,.T.);
#977=CARTESIAN_POINT('',(25.01278543,-49.230832487,42.656469266));
#978=DIRECTION('',(-0.,0.,1.));
#979=DIRECTION('',(1.,-0.,0.));
#980=AXIS2_PLACEMENT_3D('',#977,#978,#979);
#981=PLANE('',#980);
#982=CARTESIAN_POINT('',(34.637480823,-40.468114681,42.656469266));
#983=VERTEX_POINT('',#982);
#984=CARTESIAN_POINT('',(22.053423419,-40.468114681,42.656469266));
#985=VERTEX_POINT('',#984);
#986=CARTESIAN_POINT('',(34.637480823,-40.468114681,42.656469266));
#987=DIRECTION('',(-1.,-0.,-0.));
#988=VECTOR('',#987,12.584057404);
#989=LINE('',#986,#988);
#990=EDGE_CURVE('',#983,#985,#989,.T.);
#991=ORIENTED_EDGE('',*,*,#990,.T.);
#992=CARTESIAN_POINT('',(22.053423419,-40.468114681,42.656469266));
#993=DIRECTION('',(0.,-1.,0.));
#994=VECTOR('',#993,3.7);
#995=LINE('',#992,#994);
#996=EDGE_CURVE('',#985,#742,#995,.T.);
#997=ORIENTED_EDGE('',*,*,#996,.T.);
#998=ORIENTED_EDGE('',*,*,#892,.T.);
#999=CARTESIAN_POINT('',(0.01278543,-44.168114681,42.656469266));
#1000=DIRECTION('',(0.,1.,-0.));
#1001=VECTOR('',#1000,13.5);
#1002=LINE('',#999,#1001);
#1003=EDGE_CURVE('',#880,#551,#1002,.T.);
#1004=ORIENTED_EDGE('',*,*,#1003,.T.);
#1005=ORIENTED_EDGE('',*,*,#556,.F.);
#1006=CARTESIAN_POINT('',(5.26278543,-32.368114681,42.656469266));
#1007=VERTEX_POINT('',#1006);
#1008=CARTESIAN_POINT('',(5.26278543,-32.368114681,42.656469266));
#1009=DIRECTION('',(0.,1.,-0.));
#1010=VECTOR('',#1009,1.7);
#1011=LINE('',#1008,#1010);
#1012=EDGE_CURVE('',#1007,#543,#1011,.T.);
#1013=ORIENTED_EDGE('',*,*,#1012,.F.);
#1014=CARTESIAN_POINT('',(6.26278543,-33.368114681,42.656469266));
#1015=VERTEX_POINT('',#1014);
#1016=CARTESIAN_POINT('',(6.26278543,-32.368114681,42.656469266));
#1017=DIRECTION('',(-0.,0.,1.));
#1018=DIRECTION('',(1.,-0.,0.));
#1019=AXIS2_PLACEMENT_3D('',#1016,#1017,#1018);
#1020=CIRCLE('',#1019,1.);
#1021=EDGE_CURVE('',#1007,#1015,#1020,.T.);
#1022=ORIENTED_EDGE('',*,*,#1021,.T.);
#1023=CARTESIAN_POINT('',(10.26278543,-33.368114681,42.656469266));
#1024=VERTEX_POINT('',#1023);
#1025=CARTESIAN_POINT('',(10.26278543,-33.368114681,42.656469266));
#1026=DIRECTION('',(-1.,0.,-0.));
#1027=VECTOR('',#1026,4.);
#1028=LINE('',#1025,#1027);
#1029=EDGE_CURVE('',#1024,#1015,#1028,.T.);
#1030=ORIENTED_EDGE('',*,*,#1029,.F.);
#1031=CARTESIAN_POINT('',(11.26278543,-32.368114681,42.656469266));
#1032=VERTEX_POINT('',#1031);
#1033=CARTESIAN_POINT('',(10.26278543,-32.368114681,42.656469266));
#1034=DIRECTION('',(-0.,0.,1.));
#1035=DIRECTION('',(1.,-0.,0.));
#1036=AXIS2_PLACEMENT_3D('',#1033,#1034,#1035);
#1037=CIRCLE('',#1036,1.);
#1038=EDGE_CURVE('',#1024,#1032,#1037,.T.);
#1039=ORIENTED_EDGE('',*,*,#1038,.T.);
#1040=CARTESIAN_POINT('',(11.26278543,-30.668114681,42.656469266));
#1041=VERTEX_POINT('',#1040);
#1042=CARTESIAN_POINT('',(11.26278543,-32.368114681,42.656469266));
#1043=DIRECTION('',(0.,1.,-0.));
#1044=VECTOR('',#1043,1.7);
#1045=LINE('',#1042,#1044);
#1046=EDGE_CURVE('',#1032,#1041,#1045,.T.);
#1047=ORIENTED_EDGE('',*,*,#1046,.T.);
#1048=CARTESIAN_POINT('',(22.51278543,-30.668114681,42.656469266));
#1049=VERTEX_POINT('',#1048);
#1050=CARTESIAN_POINT('',(22.51278543,-30.668114681,42.656469266));
#1051=DIRECTION('',(-1.,-0.,-0.));
#1052=VECTOR('',#1051,11.25);
#1053=LINE('',#1050,#1052);
#1054=EDGE_CURVE('',#1049,#1041,#1053,.T.);
#1055=ORIENTED_EDGE('',*,*,#1054,.F.);
#1056=CARTESIAN_POINT('',(22.51278543,-32.368114681,42.656469266));
#1057=VERTEX_POINT('',#1056);
#1058=CARTESIAN_POINT('',(22.51278543,-32.368114681,42.656469266));
#1059=DIRECTION('',(0.,1.,-0.));
#1060=VECTOR('',#1059,1.7);
#1061=LINE('',#1058,#1060);
#1062=EDGE_CURVE('',#1057,#1049,#1061,.T.);
#1063=ORIENTED_EDGE('',*,*,#1062,.F.);
#1064=CARTESIAN_POINT('',(23.51278543,-33.368114681,42.656469266));
#1065=VERTEX_POINT('',#1064);
#1066=CARTESIAN_POINT('',(23.51278543,-32.368114681,42.656469266));
#1067=DIRECTION('',(-0.,0.,1.));
#1068=DIRECTION('',(1.,-0.,0.));
#1069=AXIS2_PLACEMENT_3D('',#1066,#1067,#1068);
#1070=CIRCLE('',#1069,1.);
#1071=EDGE_CURVE('',#1057,#1065,#1070,.T.);
#1072=ORIENTED_EDGE('',*,*,#1071,.T.);
#1073=CARTESIAN_POINT('',(27.51278543,-33.368114681,42.656469266));
#1074=VERTEX_POINT('',#1073);
#1075=CARTESIAN_POINT('',(27.51278543,-33.368114681,42.656469266));
#1076=DIRECTION('',(-1.,0.,-0.));
#1077=VECTOR('',#1076,4.);
#1078=LINE('',#1075,#1077);
#1079=EDGE_CURVE('',#1074,#1065,#1078,.T.);
#1080=ORIENTED_EDGE('',*,*,#1079,.F.);
#1081=CARTESIAN_POINT('',(28.51278543,-32.368114681,42.656469266));
#1082=VERTEX_POINT('',#1081);
#1083=CARTESIAN_POINT('',(27.51278543,-32.368114681,42.656469266));
#1084=DIRECTION('',(-0.,0.,1.));
#1085=DIRECTION('',(1.,-0.,0.));
#1086=AXIS2_PLACEMENT_3D('',#1083,#1084,#1085);
#1087=CIRCLE('',#1086,1.);
#1088=EDGE_CURVE('',#1074,#1082,#1087,.T.);
#1089=ORIENTED_EDGE('',*,*,#1088,.T.);
#1090=CARTESIAN_POINT('',(28.51278543,-30.668114681,42.656469266));
#1091=VERTEX_POINT('',#1090);
#1092=CARTESIAN_POINT('',(28.51278543,-32.368114681,42.656469266));
#1093=DIRECTION('',(0.,1.,-0.));
#1094=VECTOR('',#1093,1.7);
#1095=LINE('',#1092,#1094);
#1096=EDGE_CURVE('',#1082,#1091,#1095,.T.);
#1097=ORIENTED_EDGE('',*,*,#1096,.T.);
#1098=CARTESIAN_POINT('',(38.76278543,-30.668114681,42.656469266));
#1099=VERTEX_POINT('',#1098);
#1100=CARTESIAN_POINT('',(38.76278543,-30.668114681,42.656469266));
#1101=DIRECTION('',(-1.,-0.,-0.));
#1102=VECTOR('',#1101,10.25);
#1103=LINE('',#1100,#1102);
#1104=EDGE_CURVE('',#1099,#1091,#1103,.T.);
#1105=ORIENTED_EDGE('',*,*,#1104,.F.);
#1106=CARTESIAN_POINT('',(38.76278543,-32.368114681,42.656469266));
#1107=VERTEX_POINT('',#1106);
#1108=CARTESIAN_POINT('',(38.76278543,-32.368114681,42.656469266));
#1109=DIRECTION('',(0.,1.,-0.));
#1110=VECTOR('',#1109,1.7);
#1111=LINE('',#1108,#1110);
#1112=EDGE_CURVE('',#1107,#1099,#1111,.T.);
#1113=ORIENTED_EDGE('',*,*,#1112,.F.);
#1114=CARTESIAN_POINT('',(39.76278543,-33.368114681,42.656469266));
#1115=VERTEX_POINT('',#1114);
#1116=CARTESIAN_POINT('',(39.76278543,-32.368114681,42.656469266));
#1117=DIRECTION('',(-0.,0.,1.));
#1118=DIRECTION('',(1.,-0.,0.));
#1119=AXIS2_PLACEMENT_3D('',#1116,#1117,#1118);
#1120=CIRCLE('',#1119,1.);
#1121=EDGE_CURVE('',#1107,#1115,#1120,.T.);
#1122=ORIENTED_EDGE('',*,*,#1121,.T.);
#1123=CARTESIAN_POINT('',(43.76278543,-33.368114681,42.656469266));
#1124=VERTEX_POINT('',#1123);
#1125=CARTESIAN_POINT('',(39.76278543,-33.368114681,42.656469266));
#1126=DIRECTION('',(1.,0.,-0.));
#1127=VECTOR('',#1126,4.);
#1128=LINE('',#1125,#1127);
#1129=EDGE_CURVE('',#1115,#1124,#1128,.T.);
#1130=ORIENTED_EDGE('',*,*,#1129,.T.);
#1131=CARTESIAN_POINT('',(44.76278543,-32.368114681,42.656469266));
#1132=VERTEX_POINT('',#1131);
#1133=CARTESIAN_POINT('',(43.76278543,-32.368114681,42.656469266));
#1134=DIRECTION('',(-0.,0.,1.));
#1135=DIRECTION('',(1.,-0.,0.));
#1136=AXIS2_PLACEMENT_3D('',#1133,#1134,#1135);
#1137=CIRCLE('',#1136,1.);
#1138=EDGE_CURVE('',#1124,#1132,#1137,.T.);
#1139=ORIENTED_EDGE('',*,*,#1138,.T.);
#1140=CARTESIAN_POINT('',(44.76278543,-30.668114681,42.656469266));
#1141=VERTEX_POINT('',#1140);
#1142=CARTESIAN_POINT('',(44.76278543,-32.368114681,42.656469266));
#1143=DIRECTION('',(0.,1.,-0.));
#1144=VECTOR('',#1143,1.7);
#1145=LINE('',#1142,#1144);
#1146=EDGE_CURVE('',#1132,#1141,#1145,.T.);
#1147=ORIENTED_EDGE('',*,*,#1146,.T.);
#1148=CARTESIAN_POINT('',(50.01278543,-30.668114681,42.656469266));
#1149=VERTEX_POINT('',#1148);
#1150=CARTESIAN_POINT('',(50.01278543,-30.668114681,42.656469266));
#1151=DIRECTION('',(-1.,-0.,-0.));
#1152=VECTOR('',#1151,5.25);
#1153=LINE('',#1150,#1152);
#1154=EDGE_CURVE('',#1149,#1141,#1153,.T.);
#1155=ORIENTED_EDGE('',*,*,#1154,.F.);
#1156=CARTESIAN_POINT('',(50.01278543,-30.668114681,42.656469266));
#1157=DIRECTION('',(-0.,-1.,0.));
#1158=VECTOR('',#1157,13.5);
#1159=LINE('',#1156,#1158);
#1160=EDGE_CURVE('',#1149,#766,#1159,.T.);
#1161=ORIENTED_EDGE('',*,*,#1160,.T.);
#1162=ORIENTED_EDGE('',*,*,#771,.T.);
#1163=CARTESIAN_POINT('',(34.637480823,-40.468114681,42.656469266));
#1164=DIRECTION('',(0.,-1.,0.));
#1165=VECTOR('',#1164,3.7);
#1166=LINE('',#1163,#1165);
#1167=EDGE_CURVE('',#983,#758,#1166,.T.);
#1168=ORIENTED_EDGE('',*,*,#1167,.F.);
#1169=EDGE_LOOP('',(#991,#997,#998,#1004,#1005,#1013,#1022,#1030,#1039,#1047,#1055,#1063,#1072,#1080,#1089,#1097,#1105,#1113,#1122,#1130,#1139,#1147,#1155,#1161,#1162,#1168));
#1170=FACE_BOUND('',#1169,.T.);
#1171=ADVANCED_FACE('',(#1170),#981,.F.);
#1172=CARTESIAN_POINT('',(0.5,-31.156207137,38.256467488));
#1173=DIRECTION('',(-0.,1.,-0.));
#1174=DIRECTION('',(1.,0.,0.));
#1175=AXIS2_PLACEMENT_3D('',#1172,#1173,#1174);
#1176=PLANE('',#1175);
#1177=ORIENTED_EDGE('',*,*,#82,.F.);
#1178=CARTESIAN_POINT('',(31.700063309,-31.156207137,37.256467488));
#1179=VERTEX_POINT('',#1178);
#1180=CARTESIAN_POINT('',(31.700063309,-31.156207137,38.056467488));
#1181=DIRECTION('',(0.,-0.,-1.));
#1182=VECTOR('',#1181,0.8);
#1183=LINE('',#1180,#1182);
#1184=EDGE_CURVE('',#75,#1179,#1183,.T.);
#1185=ORIENTED_EDGE('',*,*,#1184,.T.);
#1186=CARTESIAN_POINT('',(0.01278543,-31.156207137,37.256467488));
#1187=VERTEX_POINT('',#1186);
#1188=CARTESIAN_POINT('',(31.700063309,-31.156207137,37.256467488));
#1189=DIRECTION('',(-1.,-0.,-0.));
#1190=VECTOR('',#1189,31.687277879);
#1191=LINE('',#1188,#1190);
#1192=EDGE_CURVE('',#1179,#1187,#1191,.T.);
#1193=ORIENTED_EDGE('',*,*,#1192,.T.);
#1194=CARTESIAN_POINT('',(0.01278543,-31.156207137,36.256467488));
#1195=DIRECTION('',(0.,-1.,0.));
#1196=DIRECTION('',(-1.,-0.,-0.));
#1197=AXIS2_PLACEMENT_3D('',#1194,#1195,#1196);
#1198=CIRCLE('',#1197,1.);
#1199=EDGE_CURVE('',#1187,#250,#1198,.T.);
#1200=ORIENTED_EDGE('',*,*,#1199,.T.);
#1201=ORIENTED_EDGE('',*,*,#255,.F.);
#1202=CARTESIAN_POINT('',(-0.08721457,-31.156207137,38.256469266));
#1203=VERTEX_POINT('',#1202);
#1204=CARTESIAN_POINT('',(-0.08721457,-31.156207137,38.256469266));
#1205=DIRECTION('',(-1.,-0.,-0.));
#1206=VECTOR('',#1205,0.9);
#1207=LINE('',#1204,#1206);
#1208=EDGE_CURVE('',#1203,#240,#1207,.T.);
#1209=ORIENTED_EDGE('',*,*,#1208,.F.);
#1210=CARTESIAN_POINT('',(-0.08721457,-31.156207137,38.056467488));
#1211=DIRECTION('',(-0.,0.,1.));
#1212=VECTOR('',#1211,0.200001778);
#1213=LINE('',#1210,#1212);
#1214=EDGE_CURVE('',#77,#1203,#1213,.T.);
#1215=ORIENTED_EDGE('',*,*,#1214,.F.);
#1216=EDGE_LOOP('',(#1177,#1185,#1193,#1200,#1201,#1209,#1215));
#1217=FACE_BOUND('',#1216,.T.);
#1218=ADVANCED_FACE('',(#1217),#1176,.T.);
#1219=CARTESIAN_POINT('',(0.5,-31.156207137,38.256467488));
#1220=DIRECTION('',(-0.,1.,-0.));
#1221=DIRECTION('',(1.,0.,0.));
#1222=AXIS2_PLACEMENT_3D('',#1219,#1220,#1221);
#1223=PLANE('',#1222);
#1224=CARTESIAN_POINT('',(49.01278543,-31.156207137,37.256467488));
#1225=VERTEX_POINT('',#1224);
#1226=CARTESIAN_POINT('',(38.450078778,-31.156207137,37.256467488));
#1227=VERTEX_POINT('',#1226);
#1228=CARTESIAN_POINT('',(49.01278543,-31.156207137,37.256467488));
#1229=DIRECTION('',(-1.,-0.,-0.));
#1230=VECTOR('',#1229,10.562706651);
#1231=LINE('',#1228,#1230);
#1232=EDGE_CURVE('',#1225,#1227,#1231,.T.);
#1233=ORIENTED_EDGE('',*,*,#1232,.T.);
#1234=CARTESIAN_POINT('',(38.450078778,-31.156207137,37.256467488));
#1235=DIRECTION('',(-0.,0.,1.));
#1236=VECTOR('',#1235,0.8);
#1237=LINE('',#1234,#1236);
#1238=EDGE_CURVE('',#1227,#166,#1237,.T.);
#1239=ORIENTED_EDGE('',*,*,#1238,.T.);
#1240=ORIENTED_EDGE('',*,*,#171,.F.);
#1241=CARTESIAN_POINT('',(49.01278543,-31.156207137,37.256467488));
#1242=DIRECTION('',(-0.,0.,1.));
#1243=VECTOR('',#1242,0.8);
#1244=LINE('',#1241,#1243);
#1245=EDGE_CURVE('',#1225,#158,#1244,.T.);
#1246=ORIENTED_EDGE('',*,*,#1245,.F.);
#1247=EDGE_LOOP('',(#1233,#1239,#1240,#1246));
#1248=FACE_BOUND('',#1247,.T.);
#1249=ADVANCED_FACE('',(#1248),#1223,.T.);
#1250=CARTESIAN_POINT('',(25.01278543,-55.430832487,16.256467488));
#1251=DIRECTION('',(0.,-0.,-1.));
#1252=DIRECTION('',(-1.,0.,-0.));
#1253=AXIS2_PLACEMENT_3D('',#1250,#1251,#1252);
#1254=PLANE('',#1253);
#1255=CARTESIAN_POINT('',(40.41278543,-30.268114681,16.256467488));
#1256=VERTEX_POINT('',#1255);
#1257=CARTESIAN_POINT('',(40.41278543,-29.868114681,16.256467488));
#1258=VERTEX_POINT('',#1257);
#1259=CARTESIAN_POINT('',(40.41278543,-30.268114681,16.256467488));
#1260=DIRECTION('',(0.,1.,-0.));
#1261=VECTOR('',#1260,0.4);
#1262=LINE('',#1259,#1261);
#1263=EDGE_CURVE('',#1256,#1258,#1262,.T.);
#1264=ORIENTED_EDGE('',*,*,#1263,.T.);
#1265=CARTESIAN_POINT('',(40.378470855,-29.668114681,16.256467488));
#1266=VERTEX_POINT('',#1265);
#1267=CARTESIAN_POINT('',(39.81278543,-29.868114681,16.256467488));
#1268=DIRECTION('',(-0.,0.,1.));
#1269=DIRECTION('',(0.,1.,-0.));
#1270=AXIS2_PLACEMENT_3D('',#1267,#1268,#1269);
#1271=CIRCLE('',#1270,0.6);
#1272=EDGE_CURVE('',#1258,#1266,#1271,.T.);
#1273=ORIENTED_EDGE('',*,*,#1272,.T.);
#1274=CARTESIAN_POINT('',(41.11278543,-29.668114681,16.256467488));
#1275=VERTEX_POINT('',#1274);
#1276=CARTESIAN_POINT('',(40.378470855,-29.668114681,16.256467488));
#1277=DIRECTION('',(1.,0.,0.));
#1278=VECTOR('',#1277,0.734314575);
#1279=LINE('',#1276,#1278);
#1280=EDGE_CURVE('',#1266,#1275,#1279,.T.);
#1281=ORIENTED_EDGE('',*,*,#1280,.T.);
#1282=CARTESIAN_POINT('',(41.11278543,-31.668114681,16.256467488));
#1283=VERTEX_POINT('',#1282);
#1284=CARTESIAN_POINT('',(41.11278543,-29.668114681,16.256467488));
#1285=DIRECTION('',(-0.,-1.,0.));
#1286=VECTOR('',#1285,2.);
#1287=LINE('',#1284,#1286);
#1288=EDGE_CURVE('',#1275,#1283,#1287,.T.);
#1289=ORIENTED_EDGE('',*,*,#1288,.T.);
#1290=CARTESIAN_POINT('',(40.51278543,-32.268114681,16.256467488));
#1291=VERTEX_POINT('',#1290);
#1292=CARTESIAN_POINT('',(40.51278543,-31.668114681,16.256467488));
#1293=DIRECTION('',(0.,-0.,-1.));
#1294=DIRECTION('',(0.,1.,-0.));
#1295=AXIS2_PLACEMENT_3D('',#1292,#1293,#1294);
#1296=CIRCLE('',#1295,0.6);
#1297=EDGE_CURVE('',#1283,#1291,#1296,.T.);
#1298=ORIENTED_EDGE('',*,*,#1297,.T.);
#1299=CARTESIAN_POINT('',(9.51278543,-32.268114681,16.256467488));
#1300=VERTEX_POINT('',#1299);
#1301=CARTESIAN_POINT('',(40.51278543,-32.268114681,16.256467488));
#1302=DIRECTION('',(-1.,0.,-0.));
#1303=VECTOR('',#1302,31.);
#1304=LINE('',#1301,#1303);
#1305=EDGE_CURVE('',#1291,#1300,#1304,.T.);
#1306=ORIENTED_EDGE('',*,*,#1305,.T.);
#1307=CARTESIAN_POINT('',(8.91278543,-31.668114681,16.256467488));
#1308=VERTEX_POINT('',#1307);
#1309=CARTESIAN_POINT('',(9.51278543,-31.668114681,16.256467488));
#1310=DIRECTION('',(0.,-0.,-1.));
#1311=DIRECTION('',(0.,1.,-0.));
#1312=AXIS2_PLACEMENT_3D('',#1309,#1310,#1311);
#1313=CIRCLE('',#1312,0.6);
#1314=EDGE_CURVE('',#1300,#1308,#1313,.T.);
#1315=ORIENTED_EDGE('',*,*,#1314,.T.);
#1316=CARTESIAN_POINT('',(8.91278543,-29.668114681,16.256467488));
#1317=VERTEX_POINT('',#1316);
#1318=CARTESIAN_POINT('',(8.91278543,-31.668114681,16.256467488));
#1319=DIRECTION('',(0.,1.,-0.));
#1320=VECTOR('',#1319,2.);
#1321=LINE('',#1318,#1320);
#1322=EDGE_CURVE('',#1308,#1317,#1321,.T.);
#1323=ORIENTED_EDGE('',*,*,#1322,.T.);
#1324=CARTESIAN_POINT('',(9.647100005,-29.668114681,16.256467488));
#1325=VERTEX_POINT('',#1324);
#1326=CARTESIAN_POINT('',(8.91278543,-29.668114681,16.256467488));
#1327=DIRECTION('',(1.,0.,0.));
#1328=VECTOR('',#1327,0.734314575);
#1329=LINE('',#1326,#1328);
#1330=EDGE_CURVE('',#1317,#1325,#1329,.T.);
#1331=ORIENTED_EDGE('',*,*,#1330,.T.);
#1332=CARTESIAN_POINT('',(9.61278543,-29.868114681,16.256467488));
#1333=VERTEX_POINT('',#1332);
#1334=CARTESIAN_POINT('',(10.21278543,-29.868114681,16.256467488));
#1335=DIRECTION('',(-0.,0.,1.));
#1336=DIRECTION('',(0.,1.,-0.));
#1337=AXIS2_PLACEMENT_3D('',#1334,#1335,#1336);
#1338=CIRCLE('',#1337,0.6);
#1339=EDGE_CURVE('',#1325,#1333,#1338,.T.);
#1340=ORIENTED_EDGE('',*,*,#1339,.T.);
#1341=CARTESIAN_POINT('',(9.61278543,-30.268114681,16.256467488));
#1342=VERTEX_POINT('',#1341);
#1343=CARTESIAN_POINT('',(9.61278543,-29.868114681,16.256467488));
#1344=DIRECTION('',(0.,-1.,0.));
#1345=VECTOR('',#1344,0.4);
#1346=LINE('',#1343,#1345);
#1347=EDGE_CURVE('',#1333,#1342,#1346,.T.);
#1348=ORIENTED_EDGE('',*,*,#1347,.T.);
#1349=CARTESIAN_POINT('',(10.21278543,-30.868114681,16.256467488));
#1350=VERTEX_POINT('',#1349);
#1351=CARTESIAN_POINT('',(10.21278543,-30.268114681,16.256467488));
#1352=DIRECTION('',(-0.,0.,1.));
#1353=DIRECTION('',(0.,1.,-0.));
#1354=AXIS2_PLACEMENT_3D('',#1351,#1352,#1353);
#1355=CIRCLE('',#1354,0.6);
#1356=EDGE_CURVE('',#1342,#1350,#1355,.T.);
#1357=ORIENTED_EDGE('',*,*,#1356,.T.);
#1358=CARTESIAN_POINT('',(39.81278543,-30.868114681,16.256467488));
#1359=VERTEX_POINT('',#1358);
#1360=CARTESIAN_POINT('',(10.21278543,-30.868114681,16.256467488));
#1361=DIRECTION('',(1.,0.,0.));
#1362=VECTOR('',#1361,29.6);
#1363=LINE('',#1360,#1362);
#1364=EDGE_CURVE('',#1350,#1359,#1363,.T.);
#1365=ORIENTED_EDGE('',*,*,#1364,.T.);
#1366=CARTESIAN_POINT('',(39.81278543,-30.268114681,16.256467488));
#1367=DIRECTION('',(-0.,0.,1.));
#1368=DIRECTION('',(0.,1.,-0.));
#1369=AXIS2_PLACEMENT_3D('',#1366,#1367,#1368);
#1370=CIRCLE('',#1369,0.6);
#1371=EDGE_CURVE('',#1359,#1256,#1370,.T.);
#1372=ORIENTED_EDGE('',*,*,#1371,.T.);
#1373=EDGE_LOOP('',(#1264,#1273,#1281,#1289,#1298,#1306,#1315,#1323,#1331,#1340,#1348,#1357,#1365,#1372));
#1374=FACE_BOUND('',#1373,.T.);
#1375=ADVANCED_FACE('',(#1374),#1254,.T.);
#1376=CARTESIAN_POINT('',(25.01278543,-55.430832487,15.956467488));
#1377=DIRECTION('',(-0.,0.,1.));
#1378=DIRECTION('',(1.,-0.,0.));
#1379=AXIS2_PLACEMENT_3D('',#1376,#1377,#1378);
#1380=PLANE('',#1379);
#1381=CARTESIAN_POINT('',(8.61278543,-31.668114681,15.956467488));
#1382=VERTEX_POINT('',#1381);
#1383=CARTESIAN_POINT('',(8.61278543,-29.668114681,15.956467488));
#1384=VERTEX_POINT('',#1383);
#1385=CARTESIAN_POINT('',(8.61278543,-31.668114681,15.956467488));
#1386=DIRECTION('',(-0.,1.,-0.));
#1387=VECTOR('',#1386,2.);
#1388=LINE('',#1385,#1387);
#1389=EDGE_CURVE('',#1382,#1384,#1388,.T.);
#1390=ORIENTED_EDGE('',*,*,#1389,.F.);
#1391=CARTESIAN_POINT('',(9.51278543,-32.568114681,15.956467488));
#1392=VERTEX_POINT('',#1391);
#1393=CARTESIAN_POINT('',(9.51278543,-31.668114681,15.956467488));
#1394=DIRECTION('',(-0.,0.,1.));
#1395=DIRECTION('',(0.,1.,-0.));
#1396=AXIS2_PLACEMENT_3D('',#1393,#1394,#1395);
#1397=CIRCLE('',#1396,0.9);
#1398=EDGE_CURVE('',#1382,#1392,#1397,.T.);
#1399=ORIENTED_EDGE('',*,*,#1398,.T.);
#1400=CARTESIAN_POINT('',(40.51278543,-32.568114681,15.956467488));
#1401=VERTEX_POINT('',#1400);
#1402=CARTESIAN_POINT('',(40.51278543,-32.568114681,15.956467488));
#1403=DIRECTION('',(-1.,-0.,-0.));
#1404=VECTOR('',#1403,31.);
#1405=LINE('',#1402,#1404);
#1406=EDGE_CURVE('',#1401,#1392,#1405,.T.);
#1407=ORIENTED_EDGE('',*,*,#1406,.F.);
#1408=CARTESIAN_POINT('',(41.41278543,-31.668114681,15.956467488));
#1409=VERTEX_POINT('',#1408);
#1410=CARTESIAN_POINT('',(40.51278543,-31.668114681,15.956467488));
#1411=DIRECTION('',(-0.,0.,1.));
#1412=DIRECTION('',(0.,1.,-0.));
#1413=AXIS2_PLACEMENT_3D('',#1410,#1411,#1412);
#1414=CIRCLE('',#1413,0.9);
#1415=EDGE_CURVE('',#1401,#1409,#1414,.T.);
#1416=ORIENTED_EDGE('',*,*,#1415,.T.);
#1417=CARTESIAN_POINT('',(41.41278543,-29.668114681,15.956467488));
#1418=VERTEX_POINT('',#1417);
#1419=CARTESIAN_POINT('',(41.41278543,-31.668114681,15.956467488));
#1420=DIRECTION('',(0.,1.,-0.));
#1421=VECTOR('',#1420,2.);
#1422=LINE('',#1419,#1421);
#1423=EDGE_CURVE('',#1409,#1418,#1422,.T.);
#1424=ORIENTED_EDGE('',*,*,#1423,.T.);
#1425=CARTESIAN_POINT('',(50.01278543,-29.668114681,15.956467488));
#1426=VERTEX_POINT('',#1425);
#1427=CARTESIAN_POINT('',(41.41278543,-29.668114681,15.956467488));
#1428=DIRECTION('',(1.,0.,0.));
#1429=VECTOR('',#1428,8.6);
#1430=LINE('',#1427,#1429);
#1431=EDGE_CURVE('',#1418,#1426,#1430,.T.);
#1432=ORIENTED_EDGE('',*,*,#1431,.T.);
#1433=CARTESIAN_POINT('',(50.01278543,-39.368114681,15.956467488));
#1434=VERTEX_POINT('',#1433);
#1435=CARTESIAN_POINT('',(50.01278543,-29.668114681,15.956467488));
#1436=DIRECTION('',(-0.,-1.,0.));
#1437=VECTOR('',#1436,9.7);
#1438=LINE('',#1435,#1437);
#1439=EDGE_CURVE('',#1426,#1434,#1438,.T.);
#1440=ORIENTED_EDGE('',*,*,#1439,.T.);
#1441=CARTESIAN_POINT('',(0.01278543,-39.368114681,15.956467488));
#1442=VERTEX_POINT('',#1441);
#1443=CARTESIAN_POINT('',(50.01278543,-39.368114681,15.956467488));
#1444=DIRECTION('',(-1.,0.,-0.));
#1445=VECTOR('',#1444,50.);
#1446=LINE('',#1443,#1445);
#1447=EDGE_CURVE('',#1434,#1442,#1446,.T.);
#1448=ORIENTED_EDGE('',*,*,#1447,.T.);
#1449=CARTESIAN_POINT('',(0.01278543,-29.668114681,15.956467488));
#1450=VERTEX_POINT('',#1449);
#1451=CARTESIAN_POINT('',(0.01278543,-39.368114681,15.956467488));
#1452=DIRECTION('',(0.,1.,-0.));
#1453=VECTOR('',#1452,9.7);
#1454=LINE('',#1451,#1453);
#1455=EDGE_CURVE('',#1442,#1450,#1454,.T.);
#1456=ORIENTED_EDGE('',*,*,#1455,.T.);
#1457=CARTESIAN_POINT('',(0.01278543,-29.668114681,15.956467488));
#1458=DIRECTION('',(1.,0.,0.));
#1459=VECTOR('',#1458,8.6);
#1460=LINE('',#1457,#1459);
#1461=EDGE_CURVE('',#1450,#1384,#1460,.T.);
#1462=ORIENTED_EDGE('',*,*,#1461,.T.);
#1463=EDGE_LOOP('',(#1390,#1399,#1407,#1416,#1424,#1432,#1440,#1448,#1456,#1462));
#1464=FACE_BOUND('',#1463,.T.);
#1465=ADVANCED_FACE('',(#1464),#1380,.F.);
#1466=CARTESIAN_POINT('',(25.01278543,-55.430832487,43.956469266));
#1467=DIRECTION('',(0.,-0.,-1.));
#1468=DIRECTION('',(-1.,0.,-0.));
#1469=AXIS2_PLACEMENT_3D('',#1466,#1467,#1468);
#1470=PLANE('',#1469);
#1471=CARTESIAN_POINT('',(41.41278543,-31.668114681,43.956469266));
#1472=VERTEX_POINT('',#1471);
#1473=CARTESIAN_POINT('',(41.41278543,-29.668114681,43.956469266));
#1474=VERTEX_POINT('',#1473);
#1475=CARTESIAN_POINT('',(41.41278543,-31.668114681,43.956469266));
#1476=DIRECTION('',(0.,1.,-0.));
#1477=VECTOR('',#1476,2.);
#1478=LINE('',#1475,#1477);
#1479=EDGE_CURVE('',#1472,#1474,#1478,.T.);
#1480=ORIENTED_EDGE('',*,*,#1479,.F.);
#1481=CARTESIAN_POINT('',(40.51278543,-32.568114681,43.956469266));
#1482=VERTEX_POINT('',#1481);
#1483=CARTESIAN_POINT('',(40.51278543,-31.668114681,43.956469266));
#1484=DIRECTION('',(0.,-0.,-1.));
#1485=DIRECTION('',(0.,-1.,0.));
#1486=AXIS2_PLACEMENT_3D('',#1483,#1484,#1485);
#1487=CIRCLE('',#1486,0.9);
#1488=EDGE_CURVE('',#1472,#1482,#1487,.T.);
#1489=ORIENTED_EDGE('',*,*,#1488,.T.);
#1490=CARTESIAN_POINT('',(9.51278543,-32.568114681,43.956469266));
#1491=VERTEX_POINT('',#1490);
#1492=CARTESIAN_POINT('',(40.51278543,-32.568114681,43.956469266));
#1493=DIRECTION('',(-1.,-0.,-0.));
#1494=VECTOR('',#1493,31.);
#1495=LINE('',#1492,#1494);
#1496=EDGE_CURVE('',#1482,#1491,#1495,.T.);
#1497=ORIENTED_EDGE('',*,*,#1496,.T.);
#1498=CARTESIAN_POINT('',(8.61278543,-31.668114681,43.956469266));
#1499=VERTEX_POINT('',#1498);
#1500=CARTESIAN_POINT('',(9.51278543,-31.668114681,43.956469266));
#1501=DIRECTION('',(0.,-0.,-1.));
#1502=DIRECTION('',(0.,-1.,0.));
#1503=AXIS2_PLACEMENT_3D('',#1500,#1501,#1502);
#1504=CIRCLE('',#1503,0.9);
#1505=EDGE_CURVE('',#1491,#1499,#1504,.T.);
#1506=ORIENTED_EDGE('',*,*,#1505,.T.);
#1507=CARTESIAN_POINT('',(8.61278543,-29.668114681,43.956469266));
#1508=VERTEX_POINT('',#1507);
#1509=CARTESIAN_POINT('',(8.61278543,-31.668114681,43.956469266));
#1510=DIRECTION('',(-0.,1.,-0.));
#1511=VECTOR('',#1510,2.);
#1512=LINE('',#1509,#1511);
#1513=EDGE_CURVE('',#1499,#1508,#1512,.T.);
#1514=ORIENTED_EDGE('',*,*,#1513,.T.);
#1515=CARTESIAN_POINT('',(8.61278543,-29.668114681,43.956469266));
#1516=DIRECTION('',(-1.,-0.,-0.));
#1517=VECTOR('',#1516,8.6);
#1518=LINE('',#1515,#1517);
#1519=EDGE_CURVE('',#1508,#637,#1518,.T.);
#1520=ORIENTED_EDGE('',*,*,#1519,.T.);
#1521=ORIENTED_EDGE('',*,*,#659,.T.);
#1522=CARTESIAN_POINT('',(14.145261716,-45.168114681,43.956469266));
#1523=VERTEX_POINT('',#1522);
#1524=CARTESIAN_POINT('',(0.01278543,-45.168114681,43.956469266));
#1525=DIRECTION('',(1.,-0.,0.));
#1526=VECTOR('',#1525,14.132476287);
#1527=LINE('',#1524,#1526);
#1528=EDGE_CURVE('',#647,#1523,#1527,.T.);
#1529=ORIENTED_EDGE('',*,*,#1528,.T.);
#1530=CARTESIAN_POINT('',(15.145261716,-45.168114681,43.956469266));
#1531=VERTEX_POINT('',#1530);
#1532=CARTESIAN_POINT('',(14.145261716,-45.168114681,43.956469266));
#1533=DIRECTION('',(1.,-0.,0.));
#1534=VECTOR('',#1533,1.);
#1535=LINE('',#1532,#1534);
#1536=EDGE_CURVE('',#1523,#1531,#1535,.T.);
#1537=ORIENTED_EDGE('',*,*,#1536,.T.);
#1538=CARTESIAN_POINT('',(17.145261716,-45.168114681,43.956469266));
#1539=VERTEX_POINT('',#1538);
#1540=CARTESIAN_POINT('',(15.145261716,-45.168114681,43.956469266));
#1541=DIRECTION('',(1.,-0.,0.));
#1542=VECTOR('',#1541,2.);
#1543=LINE('',#1540,#1542);
#1544=EDGE_CURVE('',#1531,#1539,#1543,.T.);
#1545=ORIENTED_EDGE('',*,*,#1544,.T.);
#1546=CARTESIAN_POINT('',(18.145261716,-45.168114681,43.956469266));
#1547=VERTEX_POINT('',#1546);
#1548=CARTESIAN_POINT('',(17.145261716,-45.168114681,43.956469266));
#1549=DIRECTION('',(1.,-0.,0.));
#1550=VECTOR('',#1549,1.);
#1551=LINE('',#1548,#1550);
#1552=EDGE_CURVE('',#1539,#1547,#1551,.T.);
#1553=ORIENTED_EDGE('',*,*,#1552,.T.);
#1554=CARTESIAN_POINT('',(20.145261716,-45.168114681,43.956469266));
#1555=VERTEX_POINT('',#1554);
#1556=CARTESIAN_POINT('',(18.145261716,-45.168114681,43.956469266));
#1557=DIRECTION('',(1.,-0.,0.));
#1558=VECTOR('',#1557,2.);
#1559=LINE('',#1556,#1558);
#1560=EDGE_CURVE('',#1547,#1555,#1559,.T.);
#1561=ORIENTED_EDGE('',*,*,#1560,.T.);
#1562=CARTESIAN_POINT('',(21.145261716,-45.168114681,43.956469266));
#1563=VERTEX_POINT('',#1562);
#1564=CARTESIAN_POINT('',(20.145261716,-45.168114681,43.956469266));
#1565=DIRECTION('',(1.,-0.,0.));
#1566=VECTOR('',#1565,1.);
#1567=LINE('',#1564,#1566);
#1568=EDGE_CURVE('',#1555,#1563,#1567,.T.);
#1569=ORIENTED_EDGE('',*,*,#1568,.T.);
#1570=CARTESIAN_POINT('',(23.145261716,-45.168114681,43.956469266));
#1571=VERTEX_POINT('',#1570);
#1572=CARTESIAN_POINT('',(21.145261716,-45.168114681,43.956469266));
#1573=DIRECTION('',(1.,-0.,0.));
#1574=VECTOR('',#1573,2.);
#1575=LINE('',#1572,#1574);
#1576=EDGE_CURVE('',#1563,#1571,#1575,.T.);
#1577=ORIENTED_EDGE('',*,*,#1576,.T.);
#1578=CARTESIAN_POINT('',(24.145261716,-45.168114681,43.956469266));
#1579=VERTEX_POINT('',#1578);
#1580=CARTESIAN_POINT('',(23.145261716,-45.168114681,43.956469266));
#1581=DIRECTION('',(1.,-0.,0.));
#1582=VECTOR('',#1581,1.);
#1583=LINE('',#1580,#1582);
#1584=EDGE_CURVE('',#1571,#1579,#1583,.T.);
#1585=ORIENTED_EDGE('',*,*,#1584,.T.);
#1586=CARTESIAN_POINT('',(26.145261716,-45.168114681,43.956469266));
#1587=VERTEX_POINT('',#1586);
#1588=CARTESIAN_POINT('',(24.145261716,-45.168114681,43.956469266));
#1589=DIRECTION('',(1.,-0.,0.));
#1590=VECTOR('',#1589,2.);
#1591=LINE('',#1588,#1590);
#1592=EDGE_CURVE('',#1579,#1587,#1591,.T.);
#1593=ORIENTED_EDGE('',*,*,#1592,.T.);
#1594=CARTESIAN_POINT('',(27.145261716,-45.168114681,43.956469266));
#1595=VERTEX_POINT('',#1594);
#1596=CARTESIAN_POINT('',(26.145261716,-45.168114681,43.956469266));
#1597=DIRECTION('',(1.,-0.,0.));
#1598=VECTOR('',#1597,1.);
#1599=LINE('',#1596,#1598);
#1600=EDGE_CURVE('',#1587,#1595,#1599,.T.);
#1601=ORIENTED_EDGE('',*,*,#1600,.T.);
#1602=CARTESIAN_POINT('',(29.145261716,-45.168114681,43.956469266));
#1603=VERTEX_POINT('',#1602);
#1604=CARTESIAN_POINT('',(27.145261716,-45.168114681,43.956469266));
#1605=DIRECTION('',(1.,-0.,0.));
#1606=VECTOR('',#1605,2.);
#1607=LINE('',#1604,#1606);
#1608=EDGE_CURVE('',#1595,#1603,#1607,.T.);
#1609=ORIENTED_EDGE('',*,*,#1608,.T.);
#1610=CARTESIAN_POINT('',(30.145261716,-45.168114681,43.956469266));
#1611=VERTEX_POINT('',#1610);
#1612=CARTESIAN_POINT('',(29.145261716,-45.168114681,43.956469266));
#1613=DIRECTION('',(1.,-0.,0.));
#1614=VECTOR('',#1613,1.);
#1615=LINE('',#1612,#1614);
#1616=EDGE_CURVE('',#1603,#1611,#1615,.T.);
#1617=ORIENTED_EDGE('',*,*,#1616,.T.);
#1618=CARTESIAN_POINT('',(32.145261716,-45.168114681,43.956469266));
#1619=VERTEX_POINT('',#1618);
#1620=CARTESIAN_POINT('',(30.145261716,-45.168114681,43.956469266));
#1621=DIRECTION('',(1.,-0.,0.));
#1622=VECTOR('',#1621,2.);
#1623=LINE('',#1620,#1622);
#1624=EDGE_CURVE('',#1611,#1619,#1623,.T.);
#1625=ORIENTED_EDGE('',*,*,#1624,.T.);
#1626=CARTESIAN_POINT('',(33.145261716,-45.168114681,43.956469266));
#1627=VERTEX_POINT('',#1626);
#1628=CARTESIAN_POINT('',(32.145261716,-45.168114681,43.956469266));
#1629=DIRECTION('',(1.,-0.,0.));
#1630=VECTOR('',#1629,1.);
#1631=LINE('',#1628,#1630);
#1632=EDGE_CURVE('',#1619,#1627,#1631,.T.);
#1633=ORIENTED_EDGE('',*,*,#1632,.T.);
#1634=CARTESIAN_POINT('',(35.145261716,-45.168114681,43.956469266));
#1635=VERTEX_POINT('',#1634);
#1636=CARTESIAN_POINT('',(33.145261716,-45.168114681,43.956469266));
#1637=DIRECTION('',(1.,-0.,0.));
#1638=VECTOR('',#1637,2.);
#1639=LINE('',#1636,#1638);
#1640=EDGE_CURVE('',#1627,#1635,#1639,.T.);
#1641=ORIENTED_EDGE('',*,*,#1640,.T.);
#1642=CARTESIAN_POINT('',(36.145261716,-45.168114681,43.956469266));
#1643=VERTEX_POINT('',#1642);
#1644=CARTESIAN_POINT('',(35.145261716,-45.168114681,43.956469266));
#1645=DIRECTION('',(1.,-0.,0.));
#1646=VECTOR('',#1645,1.);
#1647=LINE('',#1644,#1646);
#1648=EDGE_CURVE('',#1635,#1643,#1647,.T.);
#1649=ORIENTED_EDGE('',*,*,#1648,.T.);
#1650=CARTESIAN_POINT('',(38.145261716,-45.168114681,43.956469266));
#1651=VERTEX_POINT('',#1650);
#1652=CARTESIAN_POINT('',(36.145261716,-45.168114681,43.956469266));
#1653=DIRECTION('',(1.,-0.,0.));
#1654=VECTOR('',#1653,2.);
#1655=LINE('',#1652,#1654);
#1656=EDGE_CURVE('',#1643,#1651,#1655,.T.);
#1657=ORIENTED_EDGE('',*,*,#1656,.T.);
#1658=CARTESIAN_POINT('',(39.145261716,-45.168114681,43.956469266));
#1659=VERTEX_POINT('',#1658);
#1660=CARTESIAN_POINT('',(38.145261716,-45.168114681,43.956469266));
#1661=DIRECTION('',(1.,-0.,0.));
#1662=VECTOR('',#1661,1.);
#1663=LINE('',#1660,#1662);
#1664=EDGE_CURVE('',#1651,#1659,#1663,.T.);
#1665=ORIENTED_EDGE('',*,*,#1664,.T.);
#1666=CARTESIAN_POINT('',(41.145261716,-45.168114681,43.956469266));
#1667=VERTEX_POINT('',#1666);
#1668=CARTESIAN_POINT('',(39.145261716,-45.168114681,43.956469266));
#1669=DIRECTION('',(1.,-0.,0.));
#1670=VECTOR('',#1669,2.);
#1671=LINE('',#1668,#1670);
#1672=EDGE_CURVE('',#1659,#1667,#1671,.T.);
#1673=ORIENTED_EDGE('',*,*,#1672,.T.);
#1674=CARTESIAN_POINT('',(42.145261716,-45.168114681,43.956469266));
#1675=VERTEX_POINT('',#1674);
#1676=CARTESIAN_POINT('',(41.145261716,-45.168114681,43.956469266));
#1677=DIRECTION('',(1.,-0.,0.));
#1678=VECTOR('',#1677,1.);
#1679=LINE('',#1676,#1678);
#1680=EDGE_CURVE('',#1667,#1675,#1679,.T.);
#1681=ORIENTED_EDGE('',*,*,#1680,.T.);
#1682=CARTESIAN_POINT('',(44.145261716,-45.168114681,43.956469266));
#1683=VERTEX_POINT('',#1682);
#1684=CARTESIAN_POINT('',(42.145261716,-45.168114681,43.956469266));
#1685=DIRECTION('',(1.,-0.,0.));
#1686=VECTOR('',#1685,2.);
#1687=LINE('',#1684,#1686);
#1688=EDGE_CURVE('',#1675,#1683,#1687,.T.);
#1689=ORIENTED_EDGE('',*,*,#1688,.T.);
#1690=CARTESIAN_POINT('',(45.145261716,-45.168114681,43.956469266));
#1691=VERTEX_POINT('',#1690);
#1692=CARTESIAN_POINT('',(44.145261716,-45.168114681,43.956469266));
#1693=DIRECTION('',(1.,-0.,0.));
#1694=VECTOR('',#1693,1.);
#1695=LINE('',#1692,#1694);
#1696=EDGE_CURVE('',#1683,#1691,#1695,.T.);
#1697=ORIENTED_EDGE('',*,*,#1696,.T.);
#1698=CARTESIAN_POINT('',(47.145261716,-45.168114681,43.956469266));
#1699=VERTEX_POINT('',#1698);
#1700=CARTESIAN_POINT('',(45.145261716,-45.168114681,43.956469266));
#1701=DIRECTION('',(1.,-0.,0.));
#1702=VECTOR('',#1701,2.);
#1703=LINE('',#1700,#1702);
#1704=EDGE_CURVE('',#1691,#1699,#1703,.T.);
#1705=ORIENTED_EDGE('',*,*,#1704,.T.);
#1706=CARTESIAN_POINT('',(48.145261716,-45.168114681,43.956469266));
#1707=VERTEX_POINT('',#1706);
#1708=CARTESIAN_POINT('',(47.145261716,-45.168114681,43.956469266));
#1709=DIRECTION('',(1.,-0.,0.));
#1710=VECTOR('',#1709,1.);
#1711=LINE('',#1708,#1710);
#1712=EDGE_CURVE('',#1699,#1707,#1711,.T.);
#1713=ORIENTED_EDGE('',*,*,#1712,.T.);
#1714=CARTESIAN_POINT('',(50.01278543,-45.168114681,43.956469266));
#1715=VERTEX_POINT('',#1714);
#1716=CARTESIAN_POINT('',(48.145261716,-45.168114681,43.956469266));
#1717=DIRECTION('',(1.,-0.,0.));
#1718=VECTOR('',#1717,1.867523713);
#1719=LINE('',#1716,#1718);
#1720=EDGE_CURVE('',#1707,#1715,#1719,.T.);
#1721=ORIENTED_EDGE('',*,*,#1720,.T.);
#1722=CARTESIAN_POINT('',(50.01278543,-29.668114681,43.956469266));
#1723=VERTEX_POINT('',#1722);
#1724=CARTESIAN_POINT('',(50.01278543,-45.168114681,43.956469266));
#1725=DIRECTION('',(0.,1.,-0.));
#1726=VECTOR('',#1725,15.5);
#1727=LINE('',#1724,#1726);
#1728=EDGE_CURVE('',#1715,#1723,#1727,.T.);
#1729=ORIENTED_EDGE('',*,*,#1728,.T.);
#1730=CARTESIAN_POINT('',(50.01278543,-29.668114681,43.956469266));
#1731=DIRECTION('',(-1.,-0.,-0.));
#1732=VECTOR('',#1731,8.6);
#1733=LINE('',#1730,#1732);
#1734=EDGE_CURVE('',#1723,#1474,#1733,.T.);
#1735=ORIENTED_EDGE('',*,*,#1734,.T.);
#1736=EDGE_LOOP('',(#1480,#1489,#1497,#1506,#1514,#1520,#1521,#1529,#1537,#1545,#1553,#1561,#1569,#1577,#1585,#1593,#1601,#1609,#1617,#1625,#1633,#1641,#1649,#1657,#1665,#1673,
#1681,#1689,#1697,#1705,#1713,#1721,#1729,#1735));
#1737=FACE_BOUND('',#1736,.T.);
#1738=ADVANCED_FACE('',(#1737),#1470,.F.);
#1739=CARTESIAN_POINT('',(-0.487257273,-37.068114681,39.256469266));
#1740=DIRECTION('',(0.,-0.,-1.));
#1741=DIRECTION('',(-1.,0.,-0.));
#1742=AXIS2_PLACEMENT_3D('',#1739,#1740,#1741);
#1743=PLANE('',#1742);
#1744=CARTESIAN_POINT('',(-0.08721457,-32.99490919,39.256469266));
#1745=VERTEX_POINT('',#1744);
#1746=CARTESIAN_POINT('',(-0.08721457,-32.99490919,39.256469266));
#1747=DIRECTION('',(-0.,-1.,0.));
#1748=VECTOR('',#1747,11.173205492);
#1749=LINE('',#1746,#1748);
#1750=EDGE_CURVE('',#1745,#865,#1749,.T.);
#1751=ORIENTED_EDGE('',*,*,#1750,.F.);
#1752=CARTESIAN_POINT('',(-0.98721457,-32.99490919,39.256469266));
#1753=DIRECTION('',(1.,-0.,0.));
#1754=VECTOR('',#1753,0.9);
#1755=LINE('',#1752,#1754);
#1756=EDGE_CURVE('',#584,#1745,#1755,.T.);
#1757=ORIENTED_EDGE('',*,*,#1756,.F.);
#1758=ORIENTED_EDGE('',*,*,#626,.T.);
#1759=ORIENTED_EDGE('',*,*,#876,.T.);
#1760=EDGE_LOOP('',(#1751,#1757,#1758,#1759));
#1761=FACE_BOUND('',#1760,.T.);
#1762=ADVANCED_FACE('',(#1761),#1743,.F.);
#1763=CARTESIAN_POINT('',(-0.08721457,-37.068114681,38.756468377));
#1764=DIRECTION('',(-1.,0.,-0.));
#1765=DIRECTION('',(-0.,-1.,0.));
#1766=AXIS2_PLACEMENT_3D('',#1763,#1764,#1765);
#1767=PLANE('',#1766);
#1768=CARTESIAN_POINT('',(-0.08721457,-32.499473584,38.908556229));
#1769=VERTEX_POINT('',#1768);
#1770=CARTESIAN_POINT('',(-0.08721457,-32.449473584,39.506469266));
#1771=DIRECTION('',(-1.,0.,-0.));
#1772=DIRECTION('',(-0.,0.,1.));
#1773=AXIS2_PLACEMENT_3D('',#1770,#1771,#1772);
#1774=CIRCLE('',#1773,0.6);
#1775=EDGE_CURVE('',#1769,#1745,#1774,.T.);
#1776=ORIENTED_EDGE('',*,*,#1775,.T.);
#1777=ORIENTED_EDGE('',*,*,#1750,.T.);
#1778=ORIENTED_EDGE('',*,*,#870,.T.);
#1779=ORIENTED_EDGE('',*,*,#90,.F.);
#1780=ORIENTED_EDGE('',*,*,#1214,.T.);
#1781=CARTESIAN_POINT('',(-0.08721457,-32.149473584,38.256469266));
#1782=VERTEX_POINT('',#1781);
#1783=CARTESIAN_POINT('',(-0.08721457,-31.156207137,38.256469266));
#1784=DIRECTION('',(-0.,-1.,-0.));
#1785=VECTOR('',#1784,0.993266447);
#1786=LINE('',#1783,#1785);
#1787=EDGE_CURVE('',#1203,#1782,#1786,.T.);
#1788=ORIENTED_EDGE('',*,*,#1787,.T.);
#1789=CARTESIAN_POINT('',(-0.08721457,-32.499473584,38.606469266));
#1790=VERTEX_POINT('',#1789);
#1791=CARTESIAN_POINT('',(-0.08721457,-32.149473584,38.606469266));
#1792=DIRECTION('',(-1.,0.,-0.));
#1793=DIRECTION('',(-0.,0.,1.));
#1794=AXIS2_PLACEMENT_3D('',#1791,#1792,#1793);
#1795=CIRCLE('',#1794,0.35);
#1796=EDGE_CURVE('',#1782,#1790,#1795,.T.);
#1797=ORIENTED_EDGE('',*,*,#1796,.T.);
#1798=CARTESIAN_POINT('',(-0.08721457,-32.499473584,38.606469266));
#1799=DIRECTION('',(-0.,-0.,1.));
#1800=VECTOR('',#1799,0.302086963);
#1801=LINE('',#1798,#1800);
#1802=EDGE_CURVE('',#1790,#1769,#1801,.T.);
#1803=ORIENTED_EDGE('',*,*,#1802,.T.);
#1804=EDGE_LOOP('',(#1776,#1777,#1778,#1779,#1780,#1788,#1797,#1803));
#1805=FACE_BOUND('',#1804,.T.);
#1806=ADVANCED_FACE('',(#1805),#1767,.F.);
#1807=CARTESIAN_POINT('',(51.01278543,-49.230832487,30.456468377));
#1808=DIRECTION('',(1.,-0.,0.));
#1809=DIRECTION('',(0.,1.,-0.));
#1810=AXIS2_PLACEMENT_3D('',#1807,#1808,#1809);
#1811=PLANE('',#1810);
#1812=CARTESIAN_POINT('',(51.01278543,-40.368114681,19.256467488));
#1813=VERTEX_POINT('',#1812);
#1814=CARTESIAN_POINT('',(51.01278543,-40.368114681,36.256467488));
#1815=VERTEX_POINT('',#1814);
#1816=CARTESIAN_POINT('',(51.01278543,-40.368114681,19.256467488));
#1817=DIRECTION('',(-0.,0.,1.));
#1818=VECTOR('',#1817,17.);
#1819=LINE('',#1816,#1818);
#1820=EDGE_CURVE('',#1813,#1815,#1819,.T.);
#1821=ORIENTED_EDGE('',*,*,#1820,.T.);
#1822=CARTESIAN_POINT('',(51.01278543,-31.968114681,36.256467488));
#1823=VERTEX_POINT('',#1822);
#1824=CARTESIAN_POINT('',(51.01278543,-40.368114681,36.256467488));
#1825=DIRECTION('',(0.,1.,-0.));
#1826=VECTOR('',#1825,8.4);
#1827=LINE('',#1824,#1826);
#1828=EDGE_CURVE('',#1815,#1823,#1827,.T.);
#1829=ORIENTED_EDGE('',*,*,#1828,.T.);
#1830=CARTESIAN_POINT('',(51.01278543,-31.968114681,39.256469203));
#1831=VERTEX_POINT('',#1830);
#1832=CARTESIAN_POINT('',(51.01278543,-31.968114681,36.256467488));
#1833=DIRECTION('',(-0.,0.,1.));
#1834=VECTOR('',#1833,3.000001715);
#1835=LINE('',#1832,#1834);
#1836=EDGE_CURVE('',#1823,#1831,#1835,.T.);
#1837=ORIENTED_EDGE('',*,*,#1836,.T.);
#1838=CARTESIAN_POINT('',(51.01278543,-34.473209902,39.256469203));
#1839=VERTEX_POINT('',#1838);
#1840=CARTESIAN_POINT('',(51.01278543,-31.968114681,39.256469203));
#1841=DIRECTION('',(-0.,-1.,0.));
#1842=VECTOR('',#1841,2.505095221);
#1843=LINE('',#1840,#1842);
#1844=EDGE_CURVE('',#1831,#1839,#1843,.T.);
#1845=ORIENTED_EDGE('',*,*,#1844,.T.);
#1846=CARTESIAN_POINT('',(51.01278543,-33.223209889,40.506469215));
#1847=VERTEX_POINT('',#1846);
#1848=CARTESIAN_POINT('',(51.01278543,-34.473209902,40.506469215));
#1849=DIRECTION('',(1.,-0.,0.));
#1850=DIRECTION('',(0.,1.,-0.));
#1851=AXIS2_PLACEMENT_3D('',#1848,#1849,#1850);
#1852=CIRCLE('',#1851,1.250000013);
#1853=EDGE_CURVE('',#1839,#1847,#1852,.T.);
#1854=ORIENTED_EDGE('',*,*,#1853,.T.);
#1855=CARTESIAN_POINT('',(51.01278543,-33.223209889,41.366469216));
#1856=VERTEX_POINT('',#1855);
#1857=CARTESIAN_POINT('',(51.01278543,-33.223209889,40.506469215));
#1858=DIRECTION('',(-0.,0.,1.));
#1859=VECTOR('',#1858,0.860000001);
#1860=LINE('',#1857,#1859);
#1861=EDGE_CURVE('',#1847,#1856,#1860,.T.);
#1862=ORIENTED_EDGE('',*,*,#1861,.T.);
#1863=CARTESIAN_POINT('',(51.01278543,-33.257315169,41.656469266));
#1864=VERTEX_POINT('',#1863);
#1865=CARTESIAN_POINT('',(51.01278543,-34.473209902,41.366469216));
#1866=DIRECTION('',(1.,-0.,0.));
#1867=DIRECTION('',(0.,1.,-0.));
#1868=AXIS2_PLACEMENT_3D('',#1865,#1866,#1867);
#1869=CIRCLE('',#1868,1.250000013);
#1870=EDGE_CURVE('',#1856,#1864,#1869,.T.);
#1871=ORIENTED_EDGE('',*,*,#1870,.T.);
#1872=CARTESIAN_POINT('',(51.01278543,-30.668114681,41.656469266));
#1873=VERTEX_POINT('',#1872);
#1874=CARTESIAN_POINT('',(51.01278543,-33.257315169,41.656469266));
#1875=DIRECTION('',(0.,1.,-0.));
#1876=VECTOR('',#1875,2.589200488);
#1877=LINE('',#1874,#1876);
#1878=EDGE_CURVE('',#1864,#1873,#1877,.T.);
#1879=ORIENTED_EDGE('',*,*,#1878,.T.);
#1880=CARTESIAN_POINT('',(51.01278543,-30.668114681,32.206468377));
#1881=VERTEX_POINT('',#1880);
#1882=CARTESIAN_POINT('',(51.01278543,-30.668114681,32.206468377));
#1883=DIRECTION('',(-0.,0.,1.));
#1884=VECTOR('',#1883,9.450000889);
#1885=LINE('',#1882,#1884);
#1886=EDGE_CURVE('',#1881,#1873,#1885,.T.);
#1887=ORIENTED_EDGE('',*,*,#1886,.F.);
#1888=CARTESIAN_POINT('',(51.01278543,-32.368114681,32.206468377));
#1889=VERTEX_POINT('',#1888);
#1890=CARTESIAN_POINT('',(51.01278543,-32.368114681,32.206468377));
#1891=DIRECTION('',(0.,1.,-0.));
#1892=VECTOR('',#1891,1.7);
#1893=LINE('',#1890,#1892);
#1894=EDGE_CURVE('',#1889,#1881,#1893,.T.);
#1895=ORIENTED_EDGE('',*,*,#1894,.F.);
#1896=CARTESIAN_POINT('',(51.01278543,-33.368114681,31.206468377));
#1897=VERTEX_POINT('',#1896);
#1898=CARTESIAN_POINT('',(51.01278543,-32.368114681,31.206468377));
#1899=DIRECTION('',(1.,-0.,0.));
#1900=DIRECTION('',(0.,1.,-0.));
#1901=AXIS2_PLACEMENT_3D('',#1898,#1899,#1900);
#1902=CIRCLE('',#1901,1.);
#1903=EDGE_CURVE('',#1889,#1897,#1902,.T.);
#1904=ORIENTED_EDGE('',*,*,#1903,.T.);
#1905=CARTESIAN_POINT('',(51.01278543,-33.368114681,27.206468377));
#1906=VERTEX_POINT('',#1905);
#1907=CARTESIAN_POINT('',(51.01278543,-33.368114681,31.206468377));
#1908=DIRECTION('',(0.,-0.,-1.));
#1909=VECTOR('',#1908,4.);
#1910=LINE('',#1907,#1909);
#1911=EDGE_CURVE('',#1897,#1906,#1910,.T.);
#1912=ORIENTED_EDGE('',*,*,#1911,.T.);
#1913=CARTESIAN_POINT('',(51.01278543,-32.368114681,26.206468377));
#1914=VERTEX_POINT('',#1913);
#1915=CARTESIAN_POINT('',(51.01278543,-32.368114681,27.206468377));
#1916=DIRECTION('',(1.,-0.,0.));
#1917=DIRECTION('',(0.,1.,-0.));
#1918=AXIS2_PLACEMENT_3D('',#1915,#1916,#1917);
#1919=CIRCLE('',#1918,1.);
#1920=EDGE_CURVE('',#1906,#1914,#1919,.T.);
#1921=ORIENTED_EDGE('',*,*,#1920,.T.);
#1922=CARTESIAN_POINT('',(51.01278543,-30.668114681,26.206468377));
#1923=VERTEX_POINT('',#1922);
#1924=CARTESIAN_POINT('',(51.01278543,-32.368114681,26.206468377));
#1925=DIRECTION('',(0.,1.,-0.));
#1926=VECTOR('',#1925,1.7);
#1927=LINE('',#1924,#1926);
#1928=EDGE_CURVE('',#1914,#1923,#1927,.T.);
#1929=ORIENTED_EDGE('',*,*,#1928,.T.);
#1930=CARTESIAN_POINT('',(51.01278543,-30.668114681,18.256467488));
#1931=VERTEX_POINT('',#1930);
#1932=CARTESIAN_POINT('',(51.01278543,-30.668114681,18.256467488));
#1933=DIRECTION('',(-0.,0.,1.));
#1934=VECTOR('',#1933,7.950000889);
#1935=LINE('',#1932,#1934);
#1936=EDGE_CURVE('',#1931,#1923,#1935,.T.);
#1937=ORIENTED_EDGE('',*,*,#1936,.F.);
#1938=CARTESIAN_POINT('',(51.01278543,-39.368114681,18.256467488));
#1939=VERTEX_POINT('',#1938);
#1940=CARTESIAN_POINT('',(51.01278543,-30.668114681,18.256467488));
#1941=DIRECTION('',(-0.,-1.,0.));
#1942=VECTOR('',#1941,8.7);
#1943=LINE('',#1940,#1942);
#1944=EDGE_CURVE('',#1931,#1939,#1943,.T.);
#1945=ORIENTED_EDGE('',*,*,#1944,.T.);
#1946=CARTESIAN_POINT('',(51.01278543,-39.368114681,19.256467488));
#1947=DIRECTION('',(-1.,0.,-0.));
#1948=DIRECTION('',(0.,1.,-0.));
#1949=AXIS2_PLACEMENT_3D('',#1946,#1947,#1948);
#1950=CIRCLE('',#1949,1.);
#1951=EDGE_CURVE('',#1939,#1813,#1950,.T.);
#1952=ORIENTED_EDGE('',*,*,#1951,.T.);
#1953=EDGE_LOOP('',(#1821,#1829,#1837,#1845,#1854,#1862,#1871,#1879,#1887,#1895,#1904,#1912,#1921,#1929,#1937,#1945,#1952));
#1954=FACE_BOUND('',#1953,.T.);
#1955=ADVANCED_FACE('',(#1954),#1811,.F.);
#1956=CARTESIAN_POINT('',(-1.38721457,-30.668114681,29.956468377));
#1957=DIRECTION('',(1.,0.,0.));
#1958=DIRECTION('',(-0.,1.,-0.));
#1959=AXIS2_PLACEMENT_3D('',#1956,#1957,#1958);
#1960=PLANE('',#1959);
#1961=CARTESIAN_POINT('',(-1.38721457,-30.668114681,38.256469266));
#1962=VERTEX_POINT('',#1961);
#1963=CARTESIAN_POINT('',(-1.38721457,-29.668114681,38.256469266));
#1964=VERTEX_POINT('',#1963);
#1965=CARTESIAN_POINT('',(-1.38721457,-30.668114681,38.256469266));
#1966=DIRECTION('',(-0.,1.,-0.));
#1967=VECTOR('',#1966,1.);
#1968=LINE('',#1965,#1967);
#1969=EDGE_CURVE('',#1962,#1964,#1968,.T.);
#1970=ORIENTED_EDGE('',*,*,#1969,.F.);
#1971=CARTESIAN_POINT('',(-1.38721457,-30.668114681,32.206468377));
#1972=VERTEX_POINT('',#1971);
#1973=CARTESIAN_POINT('',(-1.38721457,-30.668114681,38.256469266));
#1974=DIRECTION('',(0.,-0.,-1.));
#1975=VECTOR('',#1974,6.050000889);
#1976=LINE('',#1973,#1975);
#1977=EDGE_CURVE('',#1962,#1972,#1976,.T.);
#1978=ORIENTED_EDGE('',*,*,#1977,.T.);
#1979=CARTESIAN_POINT('',(-1.38721457,-32.368114681,32.206468377));
#1980=VERTEX_POINT('',#1979);
#1981=CARTESIAN_POINT('',(-1.38721457,-32.368114681,32.206468377));
#1982=DIRECTION('',(-0.,1.,-0.));
#1983=VECTOR('',#1982,1.7);
#1984=LINE('',#1981,#1983);
#1985=EDGE_CURVE('',#1980,#1972,#1984,.T.);
#1986=ORIENTED_EDGE('',*,*,#1985,.F.);
#1987=CARTESIAN_POINT('',(-1.38721457,-33.368114681,31.206468377));
#1988=VERTEX_POINT('',#1987);
#1989=CARTESIAN_POINT('',(-1.38721457,-32.368114681,31.206468377));
#1990=DIRECTION('',(1.,0.,0.));
#1991=DIRECTION('',(0.,0.,-1.));
#1992=AXIS2_PLACEMENT_3D('',#1989,#1990,#1991);
#1993=CIRCLE('',#1992,1.);
#1994=EDGE_CURVE('',#1980,#1988,#1993,.T.);
#1995=ORIENTED_EDGE('',*,*,#1994,.T.);
#1996=CARTESIAN_POINT('',(-1.38721457,-33.368114681,27.206468377));
#1997=VERTEX_POINT('',#1996);
#1998=CARTESIAN_POINT('',(-1.38721457,-33.368114681,31.206468377));
#1999=DIRECTION('',(0.,-0.,-1.));
#2000=VECTOR('',#1999,4.);
#2001=LINE('',#1998,#2000);
#2002=EDGE_CURVE('',#1988,#1997,#2001,.T.);
#2003=ORIENTED_EDGE('',*,*,#2002,.T.);
#2004=CARTESIAN_POINT('',(-1.38721457,-32.368114681,26.206468377));
#2005=VERTEX_POINT('',#2004);
#2006=CARTESIAN_POINT('',(-1.38721457,-32.368114681,27.206468377));
#2007=DIRECTION('',(1.,0.,0.));
#2008=DIRECTION('',(0.,0.,-1.));
#2009=AXIS2_PLACEMENT_3D('',#2006,#2007,#2008);
#2010=CIRCLE('',#2009,1.);
#2011=EDGE_CURVE('',#1997,#2005,#2010,.T.);
#2012=ORIENTED_EDGE('',*,*,#2011,.T.);
#2013=CARTESIAN_POINT('',(-1.38721457,-30.668114681,26.206468377));
#2014=VERTEX_POINT('',#2013);
#2015=CARTESIAN_POINT('',(-1.38721457,-32.368114681,26.206468377));
#2016=DIRECTION('',(-0.,1.,-0.));
#2017=VECTOR('',#2016,1.7);
#2018=LINE('',#2015,#2017);
#2019=EDGE_CURVE('',#2005,#2014,#2018,.T.);
#2020=ORIENTED_EDGE('',*,*,#2019,.T.);
#2021=CARTESIAN_POINT('',(-1.38721457,-30.668114681,18.256467488));
#2022=VERTEX_POINT('',#2021);
#2023=CARTESIAN_POINT('',(-1.38721457,-30.668114681,26.206468377));
#2024=DIRECTION('',(0.,-0.,-1.));
#2025=VECTOR('',#2024,7.950000889);
#2026=LINE('',#2023,#2025);
#2027=EDGE_CURVE('',#2014,#2022,#2026,.T.);
#2028=ORIENTED_EDGE('',*,*,#2027,.T.);
#2029=CARTESIAN_POINT('',(-1.38721457,-29.668114681,18.256467488));
#2030=VERTEX_POINT('',#2029);
#2031=CARTESIAN_POINT('',(-1.38721457,-30.668114681,18.256467488));
#2032=DIRECTION('',(-0.,1.,-0.));
#2033=VECTOR('',#2032,1.);
#2034=LINE('',#2031,#2033);
#2035=EDGE_CURVE('',#2022,#2030,#2034,.T.);
#2036=ORIENTED_EDGE('',*,*,#2035,.T.);
#2037=CARTESIAN_POINT('',(-1.38721457,-29.668114681,38.256469266));
#2038=DIRECTION('',(0.,-0.,-1.));
#2039=VECTOR('',#2038,20.000001778);
#2040=LINE('',#2037,#2039);
#2041=EDGE_CURVE('',#1964,#2030,#2040,.T.);
#2042=ORIENTED_EDGE('',*,*,#2041,.F.);
#2043=EDGE_LOOP('',(#1970,#1978,#1986,#1995,#2003,#2012,#2020,#2028,#2036,#2042));
#2044=FACE_BOUND('',#2043,.T.);
#2045=CARTESIAN_POINT('',(-1.38721457,-31.885063834,28.206468377));
#2046=VERTEX_POINT('',#2045);
#2047=CARTESIAN_POINT('',(-1.38721457,-30.578114681,28.206468377));
#2048=VERTEX_POINT('',#2047);
#2049=CARTESIAN_POINT('',(-1.38721457,-31.885063834,28.206468377));
#2050=DIRECTION('',(-0.,1.,-0.));
#2051=VECTOR('',#2050,1.306949153);
#2052=LINE('',#2049,#2051);
#2053=EDGE_CURVE('',#2046,#2048,#2052,.T.);
#2054=ORIENTED_EDGE('',*,*,#2053,.F.);
#2055=CARTESIAN_POINT('',(-1.38721457,-31.885063834,30.206468377));
#2056=VERTEX_POINT('',#2055);
#2057=CARTESIAN_POINT('',(-1.38721457,-31.885063834,30.206468377));
#2058=DIRECTION('',(0.,-0.,-1.));
#2059=VECTOR('',#2058,2.);
#2060=LINE('',#2057,#2059);
#2061=EDGE_CURVE('',#2056,#2046,#2060,.T.);
#2062=ORIENTED_EDGE('',*,*,#2061,.F.);
#2063=CARTESIAN_POINT('',(-1.38721457,-30.578114681,30.206468377));
#2064=VERTEX_POINT('',#2063);
#2065=CARTESIAN_POINT('',(-1.38721457,-30.578114681,30.206468377));
#2066=DIRECTION('',(0.,-1.,0.));
#2067=VECTOR('',#2066,1.306949153);
#2068=LINE('',#2065,#2067);
#2069=EDGE_CURVE('',#2064,#2056,#2068,.T.);
#2070=ORIENTED_EDGE('',*,*,#2069,.F.);
#2071=CARTESIAN_POINT('',(-1.38721457,-30.578114681,30.206468377));
#2072=DIRECTION('',(0.,-0.,-1.));
#2073=VECTOR('',#2072,2.);
#2074=LINE('',#2071,#2073);
#2075=EDGE_CURVE('',#2064,#2048,#2074,.T.);
#2076=ORIENTED_EDGE('',*,*,#2075,.T.);
#2077=EDGE_LOOP('',(#2054,#2062,#2070,#2076));
#2078=FACE_BOUND('',#2077,.T.);
#2079=ADVANCED_FACE('',(#2044,#2078),#1960,.T.);
#2080=CARTESIAN_POINT('',(25.01278543,-30.668114681,43.056469266));
#2081=DIRECTION('',(0.,-0.,-1.));
#2082=DIRECTION('',(-1.,0.,-0.));
#2083=AXIS2_PLACEMENT_3D('',#2080,#2081,#2082);
#2084=PLANE('',#2083);
#2085=CARTESIAN_POINT('',(10.26278543,-33.368114681,43.056469266));
#2086=VERTEX_POINT('',#2085);
#2087=CARTESIAN_POINT('',(6.26278543,-33.368114681,43.056469266));
#2088=VERTEX_POINT('',#2087);
#2089=CARTESIAN_POINT('',(10.26278543,-33.368114681,43.056469266));
#2090=DIRECTION('',(-1.,0.,-0.));
#2091=VECTOR('',#2090,4.);
#2092=LINE('',#2089,#2091);
#2093=EDGE_CURVE('',#2086,#2088,#2092,.T.);
#2094=ORIENTED_EDGE('',*,*,#2093,.T.);
#2095=CARTESIAN_POINT('',(5.26278543,-32.368114681,43.056469266));
#2096=VERTEX_POINT('',#2095);
#2097=CARTESIAN_POINT('',(6.26278543,-32.368114681,43.056469266));
#2098=DIRECTION('',(0.,-0.,-1.));
#2099=DIRECTION('',(0.,1.,-0.));
#2100=AXIS2_PLACEMENT_3D('',#2097,#2098,#2099);
#2101=CIRCLE('',#2100,1.);
#2102=EDGE_CURVE('',#2088,#2096,#2101,.T.);
#2103=ORIENTED_EDGE('',*,*,#2102,.T.);
#2104=CARTESIAN_POINT('',(5.26278543,-32.368114681,43.056469266));
#2105=DIRECTION('',(0.,1.,-0.));
#2106=VECTOR('',#2105,1.7);
#2107=LINE('',#2104,#2106);
#2108=EDGE_CURVE('',#2096,#535,#2107,.T.);
#2109=ORIENTED_EDGE('',*,*,#2108,.T.);
#2110=ORIENTED_EDGE('',*,*,#540,.T.);
#2111=CARTESIAN_POINT('',(0.01278543,-29.668114681,43.056469266));
#2112=VERTEX_POINT('',#2111);
#2113=CARTESIAN_POINT('',(0.01278543,-30.668114681,43.056469266));
#2114=DIRECTION('',(-0.,1.,-0.));
#2115=VECTOR('',#2114,1.);
#2116=LINE('',#2113,#2115);
#2117=EDGE_CURVE('',#526,#2112,#2116,.T.);
#2118=ORIENTED_EDGE('',*,*,#2117,.T.);
#2119=CARTESIAN_POINT('',(50.01278543,-29.668114681,43.056469266));
#2120=VERTEX_POINT('',#2119);
#2121=CARTESIAN_POINT('',(50.01278543,-29.668114681,43.056469266));
#2122=DIRECTION('',(-1.,-0.,-0.));
#2123=VECTOR('',#2122,50.);
#2124=LINE('',#2121,#2123);
#2125=EDGE_CURVE('',#2120,#2112,#2124,.T.);
#2126=ORIENTED_EDGE('',*,*,#2125,.F.);
#2127=CARTESIAN_POINT('',(50.01278543,-30.668114681,43.056469266));
#2128=VERTEX_POINT('',#2127);
#2129=CARTESIAN_POINT('',(50.01278543,-30.668114681,43.056469266));
#2130=DIRECTION('',(-0.,1.,-0.));
#2131=VECTOR('',#2130,1.);
#2132=LINE('',#2129,#2131);
#2133=EDGE_CURVE('',#2128,#2120,#2132,.T.);
#2134=ORIENTED_EDGE('',*,*,#2133,.F.);
#2135=CARTESIAN_POINT('',(44.76278543,-30.668114681,43.056469266));
#2136=VERTEX_POINT('',#2135);
#2137=CARTESIAN_POINT('',(50.01278543,-30.668114681,43.056469266));
#2138=DIRECTION('',(-1.,-0.,-0.));
#2139=VECTOR('',#2138,5.25);
#2140=LINE('',#2137,#2139);
#2141=EDGE_CURVE('',#2128,#2136,#2140,.T.);
#2142=ORIENTED_EDGE('',*,*,#2141,.T.);
#2143=CARTESIAN_POINT('',(44.76278543,-32.368114681,43.056469266));
#2144=VERTEX_POINT('',#2143);
#2145=CARTESIAN_POINT('',(44.76278543,-32.368114681,43.056469266));
#2146=DIRECTION('',(0.,1.,-0.));
#2147=VECTOR('',#2146,1.7);
#2148=LINE('',#2145,#2147);
#2149=EDGE_CURVE('',#2144,#2136,#2148,.T.);
#2150=ORIENTED_EDGE('',*,*,#2149,.F.);
#2151=CARTESIAN_POINT('',(43.76278543,-33.368114681,43.056469266));
#2152=VERTEX_POINT('',#2151);
#2153=CARTESIAN_POINT('',(43.76278543,-32.368114681,43.056469266));
#2154=DIRECTION('',(0.,-0.,-1.));
#2155=DIRECTION('',(0.,1.,-0.));
#2156=AXIS2_PLACEMENT_3D('',#2153,#2154,#2155);
#2157=CIRCLE('',#2156,1.);
#2158=EDGE_CURVE('',#2144,#2152,#2157,.T.);
#2159=ORIENTED_EDGE('',*,*,#2158,.T.);
#2160=CARTESIAN_POINT('',(39.76278543,-33.368114681,43.056469266));
#2161=VERTEX_POINT('',#2160);
#2162=CARTESIAN_POINT('',(39.76278543,-33.368114681,43.056469266));
#2163=DIRECTION('',(1.,0.,0.));
#2164=VECTOR('',#2163,4.);
#2165=LINE('',#2162,#2164);
#2166=EDGE_CURVE('',#2161,#2152,#2165,.T.);
#2167=ORIENTED_EDGE('',*,*,#2166,.F.);
#2168=CARTESIAN_POINT('',(38.76278543,-32.368114681,43.056469266));
#2169=VERTEX_POINT('',#2168);
#2170=CARTESIAN_POINT('',(39.76278543,-32.368114681,43.056469266));
#2171=DIRECTION('',(0.,-0.,-1.));
#2172=DIRECTION('',(0.,1.,-0.));
#2173=AXIS2_PLACEMENT_3D('',#2170,#2171,#2172);
#2174=CIRCLE('',#2173,1.);
#2175=EDGE_CURVE('',#2161,#2169,#2174,.T.);
#2176=ORIENTED_EDGE('',*,*,#2175,.T.);
#2177=CARTESIAN_POINT('',(38.76278543,-30.668114681,43.056469266));
#2178=VERTEX_POINT('',#2177);
#2179=CARTESIAN_POINT('',(38.76278543,-32.368114681,43.056469266));
#2180=DIRECTION('',(0.,1.,-0.));
#2181=VECTOR('',#2180,1.7);
#2182=LINE('',#2179,#2181);
#2183=EDGE_CURVE('',#2169,#2178,#2182,.T.);
#2184=ORIENTED_EDGE('',*,*,#2183,.T.);
#2185=CARTESIAN_POINT('',(28.51278543,-30.668114681,43.056469266));
#2186=VERTEX_POINT('',#2185);
#2187=CARTESIAN_POINT('',(38.76278543,-30.668114681,43.056469266));
#2188=DIRECTION('',(-1.,-0.,-0.));
#2189=VECTOR('',#2188,10.25);
#2190=LINE('',#2187,#2189);
#2191=EDGE_CURVE('',#2178,#2186,#2190,.T.);
#2192=ORIENTED_EDGE('',*,*,#2191,.T.);
#2193=CARTESIAN_POINT('',(28.51278543,-32.368114681,43.056469266));
#2194=VERTEX_POINT('',#2193);
#2195=CARTESIAN_POINT('',(28.51278543,-32.368114681,43.056469266));
#2196=DIRECTION('',(0.,1.,-0.));
#2197=VECTOR('',#2196,1.7);
#2198=LINE('',#2195,#2197);
#2199=EDGE_CURVE('',#2194,#2186,#2198,.T.);
#2200=ORIENTED_EDGE('',*,*,#2199,.F.);
#2201=CARTESIAN_POINT('',(27.51278543,-33.368114681,43.056469266));
#2202=VERTEX_POINT('',#2201);
#2203=CARTESIAN_POINT('',(27.51278543,-32.368114681,43.056469266));
#2204=DIRECTION('',(0.,-0.,-1.));
#2205=DIRECTION('',(0.,1.,-0.));
#2206=AXIS2_PLACEMENT_3D('',#2203,#2204,#2205);
#2207=CIRCLE('',#2206,1.);
#2208=EDGE_CURVE('',#2194,#2202,#2207,.T.);
#2209=ORIENTED_EDGE('',*,*,#2208,.T.);
#2210=CARTESIAN_POINT('',(23.51278543,-33.368114681,43.056469266));
#2211=VERTEX_POINT('',#2210);
#2212=CARTESIAN_POINT('',(27.51278543,-33.368114681,43.056469266));
#2213=DIRECTION('',(-1.,0.,-0.));
#2214=VECTOR('',#2213,4.);
#2215=LINE('',#2212,#2214);
#2216=EDGE_CURVE('',#2202,#2211,#2215,.T.);
#2217=ORIENTED_EDGE('',*,*,#2216,.T.);
#2218=CARTESIAN_POINT('',(22.51278543,-32.368114681,43.056469266));
#2219=VERTEX_POINT('',#2218);
#2220=CARTESIAN_POINT('',(23.51278543,-32.368114681,43.056469266));
#2221=DIRECTION('',(0.,-0.,-1.));
#2222=DIRECTION('',(0.,1.,-0.));
#2223=AXIS2_PLACEMENT_3D('',#2220,#2221,#2222);
#2224=CIRCLE('',#2223,1.);
#2225=EDGE_CURVE('',#2211,#2219,#2224,.T.);
#2226=ORIENTED_EDGE('',*,*,#2225,.T.);
#2227=CARTESIAN_POINT('',(22.51278543,-30.668114681,43.056469266));
#2228=VERTEX_POINT('',#2227);
#2229=CARTESIAN_POINT('',(22.51278543,-32.368114681,43.056469266));
#2230=DIRECTION('',(0.,1.,-0.));
#2231=VECTOR('',#2230,1.7);
#2232=LINE('',#2229,#2231);
#2233=EDGE_CURVE('',#2219,#2228,#2232,.T.);
#2234=ORIENTED_EDGE('',*,*,#2233,.T.);
#2235=CARTESIAN_POINT('',(11.26278543,-30.668114681,43.056469266));
#2236=VERTEX_POINT('',#2235);
#2237=CARTESIAN_POINT('',(22.51278543,-30.668114681,43.056469266));
#2238=DIRECTION('',(-1.,-0.,-0.));
#2239=VECTOR('',#2238,11.25);
#2240=LINE('',#2237,#2239);
#2241=EDGE_CURVE('',#2228,#2236,#2240,.T.);
#2242=ORIENTED_EDGE('',*,*,#2241,.T.);
#2243=CARTESIAN_POINT('',(11.26278543,-32.368114681,43.056469266));
#2244=VERTEX_POINT('',#2243);
#2245=CARTESIAN_POINT('',(11.26278543,-32.368114681,43.056469266));
#2246=DIRECTION('',(0.,1.,-0.));
#2247=VECTOR('',#2246,1.7);
#2248=LINE('',#2245,#2247);
#2249=EDGE_CURVE('',#2244,#2236,#2248,.T.);
#2250=ORIENTED_EDGE('',*,*,#2249,.F.);
#2251=CARTESIAN_POINT('',(10.26278543,-32.368114681,43.056469266));
#2252=DIRECTION('',(0.,-0.,-1.));
#2253=DIRECTION('',(0.,1.,-0.));
#2254=AXIS2_PLACEMENT_3D('',#2251,#2252,#2253);
#2255=CIRCLE('',#2254,1.);
#2256=EDGE_CURVE('',#2244,#2086,#2255,.T.);
#2257=ORIENTED_EDGE('',*,*,#2256,.T.);
#2258=EDGE_LOOP('',(#2094,#2103,#2109,#2110,#2118,#2126,#2134,#2142,#2150,#2159,#2167,#2176,#2184,#2192,#2200,#2209,#2217,#2226,#2234,#2242,#2250,#2257));
#2259=FACE_BOUND('',#2258,.T.);
#2260=CARTESIAN_POINT('',(40.76278543,-30.578114681,43.056469266));
#2261=VERTEX_POINT('',#2260);
#2262=CARTESIAN_POINT('',(40.76278543,-31.885063834,43.056469266));
#2263=VERTEX_POINT('',#2262);
#2264=CARTESIAN_POINT('',(40.76278543,-30.578114681,43.056469266));
#2265=DIRECTION('',(0.,-1.,0.));
#2266=VECTOR('',#2265,1.306949153);
#2267=LINE('',#2264,#2266);
#2268=EDGE_CURVE('',#2261,#2263,#2267,.T.);
#2269=ORIENTED_EDGE('',*,*,#2268,.T.);
#2270=CARTESIAN_POINT('',(42.76278543,-31.885063834,43.056469266));
#2271=VERTEX_POINT('',#2270);
#2272=CARTESIAN_POINT('',(40.76278543,-31.885063834,43.056469266));
#2273=DIRECTION('',(1.,0.,0.));
#2274=VECTOR('',#2273,2.);
#2275=LINE('',#2272,#2274);
#2276=EDGE_CURVE('',#2263,#2271,#2275,.T.);
#2277=ORIENTED_EDGE('',*,*,#2276,.T.);
#2278=CARTESIAN_POINT('',(42.76278543,-30.578114681,43.056469266));
#2279=VERTEX_POINT('',#2278);
#2280=CARTESIAN_POINT('',(42.76278543,-31.885063834,43.056469266));
#2281=DIRECTION('',(-0.,1.,-0.));
#2282=VECTOR('',#2281,1.306949153);
#2283=LINE('',#2280,#2282);
#2284=EDGE_CURVE('',#2271,#2279,#2283,.T.);
#2285=ORIENTED_EDGE('',*,*,#2284,.T.);
#2286=CARTESIAN_POINT('',(40.76278543,-30.578114681,43.056469266));
#2287=DIRECTION('',(1.,0.,0.));
#2288=VECTOR('',#2287,2.);
#2289=LINE('',#2286,#2288);
#2290=EDGE_CURVE('',#2261,#2279,#2289,.T.);
#2291=ORIENTED_EDGE('',*,*,#2290,.F.);
#2292=EDGE_LOOP('',(#2269,#2277,#2285,#2291));
#2293=FACE_BOUND('',#2292,.T.);
#2294=CARTESIAN_POINT('',(7.26278543,-31.885063834,43.056469266));
#2295=VERTEX_POINT('',#2294);
#2296=CARTESIAN_POINT('',(7.26278543,-30.578114681,43.056469266));
#2297=VERTEX_POINT('',#2296);
#2298=CARTESIAN_POINT('',(7.26278543,-31.885063834,43.056469266));
#2299=DIRECTION('',(0.,1.,-0.));
#2300=VECTOR('',#2299,1.306949153);
#2301=LINE('',#2298,#2300);
#2302=EDGE_CURVE('',#2295,#2297,#2301,.T.);
#2303=ORIENTED_EDGE('',*,*,#2302,.F.);
#2304=CARTESIAN_POINT('',(9.26278543,-31.885063834,43.056469266));
#2305=VERTEX_POINT('',#2304);
#2306=CARTESIAN_POINT('',(9.26278543,-31.885063834,43.056469266));
#2307=DIRECTION('',(-1.,0.,-0.));
#2308=VECTOR('',#2307,2.);
#2309=LINE('',#2306,#2308);
#2310=EDGE_CURVE('',#2305,#2295,#2309,.T.);
#2311=ORIENTED_EDGE('',*,*,#2310,.F.);
#2312=CARTESIAN_POINT('',(9.26278543,-30.578114681,43.056469266));
#2313=VERTEX_POINT('',#2312);
#2314=CARTESIAN_POINT('',(9.26278543,-30.578114681,43.056469266));
#2315=DIRECTION('',(-0.,-1.,0.));
#2316=VECTOR('',#2315,1.306949153);
#2317=LINE('',#2314,#2316);
#2318=EDGE_CURVE('',#2313,#2305,#2317,.T.);
#2319=ORIENTED_EDGE('',*,*,#2318,.F.);
#2320=CARTESIAN_POINT('',(9.26278543,-30.578114681,43.056469266));
#2321=DIRECTION('',(-1.,0.,-0.));
#2322=VECTOR('',#2321,2.);
#2323=LINE('',#2320,#2322);
#2324=EDGE_CURVE('',#2313,#2297,#2323,.T.);
#2325=ORIENTED_EDGE('',*,*,#2324,.T.);
#2326=EDGE_LOOP('',(#2303,#2311,#2319,#2325));
#2327=FACE_BOUND('',#2326,.T.);
#2328=CARTESIAN_POINT('',(24.51278543,-31.885063834,43.056469266));
#2329=VERTEX_POINT('',#2328);
#2330=CARTESIAN_POINT('',(24.51278543,-30.578114681,43.056469266));
#2331=VERTEX_POINT('',#2330);
#2332=CARTESIAN_POINT('',(24.51278543,-31.885063834,43.056469266));
#2333=DIRECTION('',(0.,1.,-0.));
#2334=VECTOR('',#2333,1.306949153);
#2335=LINE('',#2332,#2334);
#2336=EDGE_CURVE('',#2329,#2331,#2335,.T.);
#2337=ORIENTED_EDGE('',*,*,#2336,.F.);
#2338=CARTESIAN_POINT('',(26.51278543,-31.885063834,43.056469266));
#2339=VERTEX_POINT('',#2338);
#2340=CARTESIAN_POINT('',(26.51278543,-31.885063834,43.056469266));
#2341=DIRECTION('',(-1.,0.,-0.));
#2342=VECTOR('',#2341,2.);
#2343=LINE('',#2340,#2342);
#2344=EDGE_CURVE('',#2339,#2329,#2343,.T.);
#2345=ORIENTED_EDGE('',*,*,#2344,.F.);
#2346=CARTESIAN_POINT('',(26.51278543,-30.578114681,43.056469266));
#2347=VERTEX_POINT('',#2346);
#2348=CARTESIAN_POINT('',(26.51278543,-30.578114681,43.056469266));
#2349=DIRECTION('',(-0.,-1.,0.));
#2350=VECTOR('',#2349,1.306949153);
#2351=LINE('',#2348,#2350);
#2352=EDGE_CURVE('',#2347,#2339,#2351,.T.);
#2353=ORIENTED_EDGE('',*,*,#2352,.F.);
#2354=CARTESIAN_POINT('',(26.51278543,-30.578114681,43.056469266));
#2355=DIRECTION('',(-1.,0.,-0.));
#2356=VECTOR('',#2355,2.);
#2357=LINE('',#2354,#2356);
#2358=EDGE_CURVE('',#2347,#2331,#2357,.T.);
#2359=ORIENTED_EDGE('',*,*,#2358,.T.);
#2360=EDGE_LOOP('',(#2337,#2345,#2353,#2359));
#2361=FACE_BOUND('',#2360,.T.);
#2362=ADVANCED_FACE('',(#2259,#2293,#2327,#2361),#2084,.T.);
#2363=CARTESIAN_POINT('',(51.41278543,-30.668114681,29.956468377));
#2364=DIRECTION('',(-1.,-0.,-0.));
#2365=DIRECTION('',(0.,-1.,0.));
#2366=AXIS2_PLACEMENT_3D('',#2363,#2364,#2365);
#2367=PLANE('',#2366);
#2368=CARTESIAN_POINT('',(51.41278543,-33.368114681,31.206468377));
#2369=VERTEX_POINT('',#2368);
#2370=CARTESIAN_POINT('',(51.41278543,-33.368114681,27.206468377));
#2371=VERTEX_POINT('',#2370);
#2372=CARTESIAN_POINT('',(51.41278543,-33.368114681,31.206468377));
#2373=DIRECTION('',(0.,-0.,-1.));
#2374=VECTOR('',#2373,4.);
#2375=LINE('',#2372,#2374);
#2376=EDGE_CURVE('',#2369,#2371,#2375,.T.);
#2377=ORIENTED_EDGE('',*,*,#2376,.F.);
#2378=CARTESIAN_POINT('',(51.41278543,-32.368114681,32.206468377));
#2379=VERTEX_POINT('',#2378);
#2380=CARTESIAN_POINT('',(51.41278543,-32.368114681,31.206468377));
#2381=DIRECTION('',(-1.,-0.,-0.));
#2382=DIRECTION('',(-0.,0.,1.));
#2383=AXIS2_PLACEMENT_3D('',#2380,#2381,#2382);
#2384=CIRCLE('',#2383,1.);
#2385=EDGE_CURVE('',#2369,#2379,#2384,.T.);
#2386=ORIENTED_EDGE('',*,*,#2385,.T.);
#2387=CARTESIAN_POINT('',(51.41278543,-30.668114681,32.206468377));
#2388=VERTEX_POINT('',#2387);
#2389=CARTESIAN_POINT('',(51.41278543,-32.368114681,32.206468377));
#2390=DIRECTION('',(-0.,1.,-0.));
#2391=VECTOR('',#2390,1.7);
#2392=LINE('',#2389,#2391);
#2393=EDGE_CURVE('',#2379,#2388,#2392,.T.);
#2394=ORIENTED_EDGE('',*,*,#2393,.T.);
#2395=CARTESIAN_POINT('',(51.41278543,-30.668114681,41.656469266));
#2396=VERTEX_POINT('',#2395);
#2397=CARTESIAN_POINT('',(51.41278543,-30.668114681,32.206468377));
#2398=DIRECTION('',(-0.,0.,1.));
#2399=VECTOR('',#2398,9.450000889);
#2400=LINE('',#2397,#2399);
#2401=EDGE_CURVE('',#2388,#2396,#2400,.T.);
#2402=ORIENTED_EDGE('',*,*,#2401,.T.);
#2403=CARTESIAN_POINT('',(51.41278543,-29.668114681,41.656469266));
#2404=VERTEX_POINT('',#2403);
#2405=CARTESIAN_POINT('',(51.41278543,-30.668114681,41.656469266));
#2406=DIRECTION('',(-0.,1.,-0.));
#2407=VECTOR('',#2406,1.);
#2408=LINE('',#2405,#2407);
#2409=EDGE_CURVE('',#2396,#2404,#2408,.T.);
#2410=ORIENTED_EDGE('',*,*,#2409,.T.);
#2411=CARTESIAN_POINT('',(51.41278543,-29.668114681,18.256467488));
#2412=VERTEX_POINT('',#2411);
#2413=CARTESIAN_POINT('',(51.41278543,-29.668114681,18.256467488));
#2414=DIRECTION('',(-0.,0.,1.));
#2415=VECTOR('',#2414,23.400001778);
#2416=LINE('',#2413,#2415);
#2417=EDGE_CURVE('',#2412,#2404,#2416,.T.);
#2418=ORIENTED_EDGE('',*,*,#2417,.F.);
#2419=CARTESIAN_POINT('',(51.41278543,-30.668114681,18.256467488));
#2420=VERTEX_POINT('',#2419);
#2421=CARTESIAN_POINT('',(51.41278543,-30.668114681,18.256467488));
#2422=DIRECTION('',(-0.,1.,-0.));
#2423=VECTOR('',#2422,1.);
#2424=LINE('',#2421,#2423);
#2425=EDGE_CURVE('',#2420,#2412,#2424,.T.);
#2426=ORIENTED_EDGE('',*,*,#2425,.F.);
#2427=CARTESIAN_POINT('',(51.41278543,-30.668114681,26.206468377));
#2428=VERTEX_POINT('',#2427);
#2429=CARTESIAN_POINT('',(51.41278543,-30.668114681,18.256467488));
#2430=DIRECTION('',(-0.,0.,1.));
#2431=VECTOR('',#2430,7.950000889);
#2432=LINE('',#2429,#2431);
#2433=EDGE_CURVE('',#2420,#2428,#2432,.T.);
#2434=ORIENTED_EDGE('',*,*,#2433,.T.);
#2435=CARTESIAN_POINT('',(51.41278543,-32.368114681,26.206468377));
#2436=VERTEX_POINT('',#2435);
#2437=CARTESIAN_POINT('',(51.41278543,-32.368114681,26.206468377));
#2438=DIRECTION('',(-0.,1.,-0.));
#2439=VECTOR('',#2438,1.7);
#2440=LINE('',#2437,#2439);
#2441=EDGE_CURVE('',#2436,#2428,#2440,.T.);
#2442=ORIENTED_EDGE('',*,*,#2441,.F.);
#2443=CARTESIAN_POINT('',(51.41278543,-32.368114681,27.206468377));
#2444=DIRECTION('',(-1.,-0.,-0.));
#2445=DIRECTION('',(-0.,0.,1.));
#2446=AXIS2_PLACEMENT_3D('',#2443,#2444,#2445);
#2447=CIRCLE('',#2446,1.);
#2448=EDGE_CURVE('',#2436,#2371,#2447,.T.);
#2449=ORIENTED_EDGE('',*,*,#2448,.T.);
#2450=EDGE_LOOP('',(#2377,#2386,#2394,#2402,#2410,#2418,#2426,#2434,#2442,#2449));
#2451=FACE_BOUND('',#2450,.T.);
#2452=CARTESIAN_POINT('',(51.41278543,-30.578114681,30.206468377));
#2453=VERTEX_POINT('',#2452);
#2454=CARTESIAN_POINT('',(51.41278543,-31.885063834,30.206468377));
#2455=VERTEX_POINT('',#2454);
#2456=CARTESIAN_POINT('',(51.41278543,-30.578114681,30.206468377));
#2457=DIRECTION('',(0.,-1.,0.));
#2458=VECTOR('',#2457,1.306949153);
#2459=LINE('',#2456,#2458);
#2460=EDGE_CURVE('',#2453,#2455,#2459,.T.);
#2461=ORIENTED_EDGE('',*,*,#2460,.T.);
#2462=CARTESIAN_POINT('',(51.41278543,-31.885063834,28.206468377));
#2463=VERTEX_POINT('',#2462);
#2464=CARTESIAN_POINT('',(51.41278543,-31.885063834,30.206468377));
#2465=DIRECTION('',(0.,-0.,-1.));
#2466=VECTOR('',#2465,2.);
#2467=LINE('',#2464,#2466);
#2468=EDGE_CURVE('',#2455,#2463,#2467,.T.);
#2469=ORIENTED_EDGE('',*,*,#2468,.T.);
#2470=CARTESIAN_POINT('',(51.41278543,-30.578114681,28.206468377));
#2471=VERTEX_POINT('',#2470);
#2472=CARTESIAN_POINT('',(51.41278543,-31.885063834,28.206468377));
#2473=DIRECTION('',(-0.,1.,-0.));
#2474=VECTOR('',#2473,1.306949153);
#2475=LINE('',#2472,#2474);
#2476=EDGE_CURVE('',#2463,#2471,#2475,.T.);
#2477=ORIENTED_EDGE('',*,*,#2476,.T.);
#2478=CARTESIAN_POINT('',(51.41278543,-30.578114681,30.206468377));
#2479=DIRECTION('',(0.,-0.,-1.));
#2480=VECTOR('',#2479,2.);
#2481=LINE('',#2478,#2480);
#2482=EDGE_CURVE('',#2453,#2471,#2481,.T.);
#2483=ORIENTED_EDGE('',*,*,#2482,.F.);
#2484=EDGE_LOOP('',(#2461,#2469,#2477,#2483));
#2485=FACE_BOUND('',#2484,.T.);
#2486=ADVANCED_FACE('',(#2451,#2485),#2367,.T.);
#2487=CARTESIAN_POINT('',(25.01278543,-30.668114681,16.856467488));
#2488=DIRECTION('',(0.,-0.,-1.));
#2489=DIRECTION('',(-1.,0.,-0.));
#2490=AXIS2_PLACEMENT_3D('',#2487,#2488,#2489);
#2491=PLANE('',#2490);
#2492=CARTESIAN_POINT('',(40.76278543,-31.885063532,16.856467488));
#2493=VERTEX_POINT('',#2492);
#2494=CARTESIAN_POINT('',(42.76278543,-31.885063532,16.856467488));
#2495=VERTEX_POINT('',#2494);
#2496=CARTESIAN_POINT('',(40.76278543,-31.885063532,16.856467488));
#2497=DIRECTION('',(1.,0.,0.));
#2498=VECTOR('',#2497,2.);
#2499=LINE('',#2496,#2498);
#2500=EDGE_CURVE('',#2493,#2495,#2499,.T.);
#2501=ORIENTED_EDGE('',*,*,#2500,.F.);
#2502=CARTESIAN_POINT('',(40.76278543,-30.578116459,16.856467488));
#2503=VERTEX_POINT('',#2502);
#2504=CARTESIAN_POINT('',(40.76278543,-30.578116459,16.856467488));
#2505=DIRECTION('',(0.,-1.,0.));
#2506=VECTOR('',#2505,1.306947073);
#2507=LINE('',#2504,#2506);
#2508=EDGE_CURVE('',#2503,#2493,#2507,.T.);
#2509=ORIENTED_EDGE('',*,*,#2508,.F.);
#2510=CARTESIAN_POINT('',(42.76278543,-30.578116459,16.856467488));
#2511=VERTEX_POINT('',#2510);
#2512=CARTESIAN_POINT('',(40.76278543,-30.578116459,16.856467488));
#2513=DIRECTION('',(1.,0.,0.));
#2514=VECTOR('',#2513,2.);
#2515=LINE('',#2512,#2514);
#2516=EDGE_CURVE('',#2503,#2511,#2515,.T.);
#2517=ORIENTED_EDGE('',*,*,#2516,.T.);
#2518=CARTESIAN_POINT('',(42.76278543,-31.885063532,16.856467488));
#2519=DIRECTION('',(-0.,1.,-0.));
#2520=VECTOR('',#2519,1.306947073);
#2521=LINE('',#2518,#2520);
#2522=EDGE_CURVE('',#2495,#2511,#2521,.T.);
#2523=ORIENTED_EDGE('',*,*,#2522,.F.);
#2524=EDGE_LOOP('',(#2501,#2509,#2517,#2523));
#2525=FACE_BOUND('',#2524,.T.);
#2526=CARTESIAN_POINT('',(27.51278543,-33.368114681,16.856467488));
#2527=VERTEX_POINT('',#2526);
#2528=CARTESIAN_POINT('',(23.51278543,-33.368114681,16.856467488));
#2529=VERTEX_POINT('',#2528);
#2530=CARTESIAN_POINT('',(27.51278543,-33.368114681,16.856467488));
#2531=DIRECTION('',(-1.,0.,-0.));
#2532=VECTOR('',#2531,4.);
#2533=LINE('',#2530,#2532);
#2534=EDGE_CURVE('',#2527,#2529,#2533,.T.);
#2535=ORIENTED_EDGE('',*,*,#2534,.F.);
#2536=CARTESIAN_POINT('',(28.51278543,-32.368114681,16.856467488));
#2537=VERTEX_POINT('',#2536);
#2538=CARTESIAN_POINT('',(27.51278543,-32.368114681,16.856467488));
#2539=DIRECTION('',(-0.,0.,1.));
#2540=DIRECTION('',(0.,1.,-0.));
#2541=AXIS2_PLACEMENT_3D('',#2538,#2539,#2540);
#2542=CIRCLE('',#2541,1.);
#2543=EDGE_CURVE('',#2527,#2537,#2542,.T.);
#2544=ORIENTED_EDGE('',*,*,#2543,.T.);
#2545=CARTESIAN_POINT('',(28.51278543,-30.668114681,16.856467488));
#2546=VERTEX_POINT('',#2545);
#2547=CARTESIAN_POINT('',(28.51278543,-32.368114681,16.856467488));
#2548=DIRECTION('',(0.,1.,-0.));
#2549=VECTOR('',#2548,1.7);
#2550=LINE('',#2547,#2549);
#2551=EDGE_CURVE('',#2537,#2546,#2550,.T.);
#2552=ORIENTED_EDGE('',*,*,#2551,.T.);
#2553=CARTESIAN_POINT('',(38.76278543,-30.668114681,16.856467488));
#2554=VERTEX_POINT('',#2553);
#2555=CARTESIAN_POINT('',(38.76278543,-30.668114681,16.856467488));
#2556=DIRECTION('',(-1.,-0.,-0.));
#2557=VECTOR('',#2556,10.25);
#2558=LINE('',#2555,#2557);
#2559=EDGE_CURVE('',#2554,#2546,#2558,.T.);
#2560=ORIENTED_EDGE('',*,*,#2559,.F.);
#2561=CARTESIAN_POINT('',(38.76278543,-32.368114681,16.856467488));
#2562=VERTEX_POINT('',#2561);
#2563=CARTESIAN_POINT('',(38.76278543,-32.368114681,16.856467488));
#2564=DIRECTION('',(0.,1.,-0.));
#2565=VECTOR('',#2564,1.7);
#2566=LINE('',#2563,#2565);
#2567=EDGE_CURVE('',#2562,#2554,#2566,.T.);
#2568=ORIENTED_EDGE('',*,*,#2567,.F.);
#2569=CARTESIAN_POINT('',(39.76278543,-33.368114681,16.856467488));
#2570=VERTEX_POINT('',#2569);
#2571=CARTESIAN_POINT('',(39.76278543,-32.368114681,16.856467488));
#2572=DIRECTION('',(-0.,0.,1.));
#2573=DIRECTION('',(0.,1.,-0.));
#2574=AXIS2_PLACEMENT_3D('',#2571,#2572,#2573);
#2575=CIRCLE('',#2574,1.);
#2576=EDGE_CURVE('',#2562,#2570,#2575,.T.);
#2577=ORIENTED_EDGE('',*,*,#2576,.T.);
#2578=CARTESIAN_POINT('',(43.76278543,-33.368114681,16.856467488));
#2579=VERTEX_POINT('',#2578);
#2580=CARTESIAN_POINT('',(39.76278543,-33.368114681,16.856467488));
#2581=DIRECTION('',(1.,0.,0.));
#2582=VECTOR('',#2581,4.);
#2583=LINE('',#2580,#2582);
#2584=EDGE_CURVE('',#2570,#2579,#2583,.T.);
#2585=ORIENTED_EDGE('',*,*,#2584,.T.);
#2586=CARTESIAN_POINT('',(44.76278543,-32.368114681,16.856467488));
#2587=VERTEX_POINT('',#2586);
#2588=CARTESIAN_POINT('',(43.76278543,-32.368114681,16.856467488));
#2589=DIRECTION('',(-0.,0.,1.));
#2590=DIRECTION('',(0.,1.,-0.));
#2591=AXIS2_PLACEMENT_3D('',#2588,#2589,#2590);
#2592=CIRCLE('',#2591,1.);
#2593=EDGE_CURVE('',#2579,#2587,#2592,.T.);
#2594=ORIENTED_EDGE('',*,*,#2593,.T.);
#2595=CARTESIAN_POINT('',(44.76278543,-30.668114681,16.856467488));
#2596=VERTEX_POINT('',#2595);
#2597=CARTESIAN_POINT('',(44.76278543,-32.368114681,16.856467488));
#2598=DIRECTION('',(0.,1.,-0.));
#2599=VECTOR('',#2598,1.7);
#2600=LINE('',#2597,#2599);
#2601=EDGE_CURVE('',#2587,#2596,#2600,.T.);
#2602=ORIENTED_EDGE('',*,*,#2601,.T.);
#2603=CARTESIAN_POINT('',(50.01278543,-30.668114681,16.856467488));
#2604=VERTEX_POINT('',#2603);
#2605=CARTESIAN_POINT('',(50.01278543,-30.668114681,16.856467488));
#2606=DIRECTION('',(-1.,-0.,-0.));
#2607=VECTOR('',#2606,5.25);
#2608=LINE('',#2605,#2607);
#2609=EDGE_CURVE('',#2604,#2596,#2608,.T.);
#2610=ORIENTED_EDGE('',*,*,#2609,.F.);
#2611=CARTESIAN_POINT('',(50.01278543,-29.668114681,16.856467488));
#2612=VERTEX_POINT('',#2611);
#2613=CARTESIAN_POINT('',(50.01278543,-30.668114681,16.856467488));
#2614=DIRECTION('',(-0.,1.,-0.));
#2615=VECTOR('',#2614,1.);
#2616=LINE('',#2613,#2615);
#2617=EDGE_CURVE('',#2604,#2612,#2616,.T.);
#2618=ORIENTED_EDGE('',*,*,#2617,.T.);
#2619=CARTESIAN_POINT('',(0.01278543,-29.668114681,16.856467488));
#2620=VERTEX_POINT('',#2619);
#2621=CARTESIAN_POINT('',(50.01278543,-29.668114681,16.856467488));
#2622=DIRECTION('',(-1.,-0.,-0.));
#2623=VECTOR('',#2622,50.);
#2624=LINE('',#2621,#2623);
#2625=EDGE_CURVE('',#2612,#2620,#2624,.T.);
#2626=ORIENTED_EDGE('',*,*,#2625,.T.);
#2627=CARTESIAN_POINT('',(0.01278543,-30.668114681,16.856467488));
#2628=VERTEX_POINT('',#2627);
#2629=CARTESIAN_POINT('',(0.01278543,-30.668114681,16.856467488));
#2630=DIRECTION('',(-0.,1.,-0.));
#2631=VECTOR('',#2630,1.);
#2632=LINE('',#2629,#2631);
#2633=EDGE_CURVE('',#2628,#2620,#2632,.T.);
#2634=ORIENTED_EDGE('',*,*,#2633,.F.);
#2635=CARTESIAN_POINT('',(5.26278543,-30.668114681,16.856467488));
#2636=VERTEX_POINT('',#2635);
#2637=CARTESIAN_POINT('',(5.26278543,-30.668114681,16.856467488));
#2638=DIRECTION('',(-1.,-0.,-0.));
#2639=VECTOR('',#2638,5.25);
#2640=LINE('',#2637,#2639);
#2641=EDGE_CURVE('',#2636,#2628,#2640,.T.);
#2642=ORIENTED_EDGE('',*,*,#2641,.F.);
#2643=CARTESIAN_POINT('',(5.26278543,-32.368114681,16.856467488));
#2644=VERTEX_POINT('',#2643);
#2645=CARTESIAN_POINT('',(5.26278543,-32.368114681,16.856467488));
#2646=DIRECTION('',(0.,1.,-0.));
#2647=VECTOR('',#2646,1.7);
#2648=LINE('',#2645,#2647);
#2649=EDGE_CURVE('',#2644,#2636,#2648,.T.);
#2650=ORIENTED_EDGE('',*,*,#2649,.F.);
#2651=CARTESIAN_POINT('',(6.26278543,-33.368114681,16.856467488));
#2652=VERTEX_POINT('',#2651);
#2653=CARTESIAN_POINT('',(6.26278543,-32.368114681,16.856467488));
#2654=DIRECTION('',(-0.,0.,1.));
#2655=DIRECTION('',(0.,1.,-0.));
#2656=AXIS2_PLACEMENT_3D('',#2653,#2654,#2655);
#2657=CIRCLE('',#2656,1.);
#2658=EDGE_CURVE('',#2644,#2652,#2657,.T.);
#2659=ORIENTED_EDGE('',*,*,#2658,.T.);
#2660=CARTESIAN_POINT('',(10.26278543,-33.368114681,16.856467488));
#2661=VERTEX_POINT('',#2660);
#2662=CARTESIAN_POINT('',(10.26278543,-33.368114681,16.856467488));
#2663=DIRECTION('',(-1.,0.,-0.));
#2664=VECTOR('',#2663,4.);
#2665=LINE('',#2662,#2664);
#2666=EDGE_CURVE('',#2661,#2652,#2665,.T.);
#2667=ORIENTED_EDGE('',*,*,#2666,.F.);
#2668=CARTESIAN_POINT('',(11.26278543,-32.368114681,16.856467488));
#2669=VERTEX_POINT('',#2668);
#2670=CARTESIAN_POINT('',(10.26278543,-32.368114681,16.856467488));
#2671=DIRECTION('',(-0.,0.,1.));
#2672=DIRECTION('',(0.,1.,-0.));
#2673=AXIS2_PLACEMENT_3D('',#2670,#2671,#2672);
#2674=CIRCLE('',#2673,1.);
#2675=EDGE_CURVE('',#2661,#2669,#2674,.T.);
#2676=ORIENTED_EDGE('',*,*,#2675,.T.);
#2677=CARTESIAN_POINT('',(11.26278543,-30.668114681,16.856467488));
#2678=VERTEX_POINT('',#2677);
#2679=CARTESIAN_POINT('',(11.26278543,-32.368114681,16.856467488));
#2680=DIRECTION('',(0.,1.,-0.));
#2681=VECTOR('',#2680,1.7);
#2682=LINE('',#2679,#2681);
#2683=EDGE_CURVE('',#2669,#2678,#2682,.T.);
#2684=ORIENTED_EDGE('',*,*,#2683,.T.);
#2685=CARTESIAN_POINT('',(22.51278543,-30.668114681,16.856467488));
#2686=VERTEX_POINT('',#2685);
#2687=CARTESIAN_POINT('',(22.51278543,-30.668114681,16.856467488));
#2688=DIRECTION('',(-1.,-0.,-0.));
#2689=VECTOR('',#2688,11.25);
#2690=LINE('',#2687,#2689);
#2691=EDGE_CURVE('',#2686,#2678,#2690,.T.);
#2692=ORIENTED_EDGE('',*,*,#2691,.F.);
#2693=CARTESIAN_POINT('',(22.51278543,-32.368114681,16.856467488));
#2694=VERTEX_POINT('',#2693);
#2695=CARTESIAN_POINT('',(22.51278543,-32.368114681,16.856467488));
#2696=DIRECTION('',(0.,1.,-0.));
#2697=VECTOR('',#2696,1.7);
#2698=LINE('',#2695,#2697);
#2699=EDGE_CURVE('',#2694,#2686,#2698,.T.);
#2700=ORIENTED_EDGE('',*,*,#2699,.F.);
#2701=CARTESIAN_POINT('',(23.51278543,-32.368114681,16.856467488));
#2702=DIRECTION('',(-0.,0.,1.));
#2703=DIRECTION('',(0.,1.,-0.));
#2704=AXIS2_PLACEMENT_3D('',#2701,#2702,#2703);
#2705=CIRCLE('',#2704,1.);
#2706=EDGE_CURVE('',#2694,#2529,#2705,.T.);
#2707=ORIENTED_EDGE('',*,*,#2706,.T.);
#2708=EDGE_LOOP('',(#2535,#2544,#2552,#2560,#2568,#2577,#2585,#2594,#2602,#2610,#2618,#2626,#2634,#2642,#2650,#2659,#2667,#2676,#2684,#2692,#2700,#2707));
#2709=FACE_BOUND('',#2708,.T.);
#2710=CARTESIAN_POINT('',(26.51278543,-31.885063532,16.856467488));
#2711=VERTEX_POINT('',#2710);
#2712=CARTESIAN_POINT('',(24.51278543,-31.885063532,16.856467488));
#2713=VERTEX_POINT('',#2712);
#2714=CARTESIAN_POINT('',(26.51278543,-31.885063532,16.856467488));
#2715=DIRECTION('',(-1.,0.,-0.));
#2716=VECTOR('',#2715,2.);
#2717=LINE('',#2714,#2716);
#2718=EDGE_CURVE('',#2711,#2713,#2717,.T.);
#2719=ORIENTED_EDGE('',*,*,#2718,.T.);
#2720=CARTESIAN_POINT('',(24.51278543,-30.578116459,16.856467488));
#2721=VERTEX_POINT('',#2720);
#2722=CARTESIAN_POINT('',(24.51278543,-31.885063532,16.856467488));
#2723=DIRECTION('',(0.,1.,-0.));
#2724=VECTOR('',#2723,1.306947073);
#2725=LINE('',#2722,#2724);
#2726=EDGE_CURVE('',#2713,#2721,#2725,.T.);
#2727=ORIENTED_EDGE('',*,*,#2726,.T.);
#2728=CARTESIAN_POINT('',(26.51278543,-30.578116459,16.856467488));
#2729=VERTEX_POINT('',#2728);
#2730=CARTESIAN_POINT('',(26.51278543,-30.578116459,16.856467488));
#2731=DIRECTION('',(-1.,0.,-0.));
#2732=VECTOR('',#2731,2.);
#2733=LINE('',#2730,#2732);
#2734=EDGE_CURVE('',#2729,#2721,#2733,.T.);
#2735=ORIENTED_EDGE('',*,*,#2734,.F.);
#2736=CARTESIAN_POINT('',(26.51278543,-30.578116459,16.856467488));
#2737=DIRECTION('',(-0.,-1.,0.));
#2738=VECTOR('',#2737,1.306947073);
#2739=LINE('',#2736,#2738);
#2740=EDGE_CURVE('',#2729,#2711,#2739,.T.);
#2741=ORIENTED_EDGE('',*,*,#2740,.T.);
#2742=EDGE_LOOP('',(#2719,#2727,#2735,#2741));
#2743=FACE_BOUND('',#2742,.T.);
#2744=CARTESIAN_POINT('',(9.26278543,-31.885063532,16.856467488));
#2745=VERTEX_POINT('',#2744);
#2746=CARTESIAN_POINT('',(7.26278543,-31.885063532,16.856467488));
#2747=VERTEX_POINT('',#2746);
#2748=CARTESIAN_POINT('',(9.26278543,-31.885063532,16.856467488));
#2749=DIRECTION('',(-1.,0.,-0.));
#2750=VECTOR('',#2749,2.);
#2751=LINE('',#2748,#2750);
#2752=EDGE_CURVE('',#2745,#2747,#2751,.T.);
#2753=ORIENTED_EDGE('',*,*,#2752,.T.);
#2754=CARTESIAN_POINT('',(7.26278543,-30.578116459,16.856467488));
#2755=VERTEX_POINT('',#2754);
#2756=CARTESIAN_POINT('',(7.26278543,-31.885063532,16.856467488));
#2757=DIRECTION('',(0.,1.,-0.));
#2758=VECTOR('',#2757,1.306947073);
#2759=LINE('',#2756,#2758);
#2760=EDGE_CURVE('',#2747,#2755,#2759,.T.);
#2761=ORIENTED_EDGE('',*,*,#2760,.T.);
#2762=CARTESIAN_POINT('',(9.26278543,-30.578116459,16.856467488));
#2763=VERTEX_POINT('',#2762);
#2764=CARTESIAN_POINT('',(9.26278543,-30.578116459,16.856467488));
#2765=DIRECTION('',(-1.,0.,-0.));
#2766=VECTOR('',#2765,2.);
#2767=LINE('',#2764,#2766);
#2768=EDGE_CURVE('',#2763,#2755,#2767,.T.);
#2769=ORIENTED_EDGE('',*,*,#2768,.F.);
#2770=CARTESIAN_POINT('',(9.26278543,-30.578116459,16.856467488));
#2771=DIRECTION('',(-0.,-1.,0.));
#2772=VECTOR('',#2771,1.306947073);
#2773=LINE('',#2770,#2772);
#2774=EDGE_CURVE('',#2763,#2745,#2773,.T.);
#2775=ORIENTED_EDGE('',*,*,#2774,.T.);
#2776=EDGE_LOOP('',(#2753,#2761,#2769,#2775));
#2777=FACE_BOUND('',#2776,.T.);
#2778=ADVANCED_FACE('',(#2525,#2709,#2743,#2777),#2491,.F.);
#2779=CARTESIAN_POINT('',(38.76278543,-33.668114681,17.10646571));
#2780=DIRECTION('',(1.,0.,0.));
#2781=DIRECTION('',(0.,1.,-0.));
#2782=AXIS2_PLACEMENT_3D('',#2779,#2780,#2781);
#2783=PLANE('',#2782);
#2784=CARTESIAN_POINT('',(38.76278543,-32.368114681,17.25646571));
#2785=VERTEX_POINT('',#2784);
#2786=CARTESIAN_POINT('',(38.76278543,-30.668114681,17.25646571));
#2787=VERTEX_POINT('',#2786);
#2788=CARTESIAN_POINT('',(38.76278543,-32.368114681,17.25646571));
#2789=DIRECTION('',(0.,1.,-0.));
#2790=VECTOR('',#2789,1.7);
#2791=LINE('',#2788,#2790);
#2792=EDGE_CURVE('',#2785,#2787,#2791,.T.);
#2793=ORIENTED_EDGE('',*,*,#2792,.F.);
#2794=CARTESIAN_POINT('',(38.76278543,-32.368114681,17.25646571));
#2795=DIRECTION('',(0.,-0.,-1.));
#2796=VECTOR('',#2795,0.399998222);
#2797=LINE('',#2794,#2796);
#2798=EDGE_CURVE('',#2785,#2562,#2797,.T.);
#2799=ORIENTED_EDGE('',*,*,#2798,.T.);
#2800=ORIENTED_EDGE('',*,*,#2567,.T.);
#2801=CARTESIAN_POINT('',(38.76278543,-30.668114681,17.25646571));
#2802=DIRECTION('',(0.,-0.,-1.));
#2803=VECTOR('',#2802,0.399998222);
#2804=LINE('',#2801,#2803);
#2805=EDGE_CURVE('',#2787,#2554,#2804,.T.);
#2806=ORIENTED_EDGE('',*,*,#2805,.F.);
#2807=EDGE_LOOP('',(#2793,#2799,#2800,#2806));
#2808=FACE_BOUND('',#2807,.T.);
#2809=ADVANCED_FACE('',(#2808),#2783,.T.);
#2810=CARTESIAN_POINT('',(44.76278543,-33.668114681,17.10646571));
#2811=DIRECTION('',(1.,0.,0.));
#2812=DIRECTION('',(0.,1.,-0.));
#2813=AXIS2_PLACEMENT_3D('',#2810,#2811,#2812);
#2814=PLANE('',#2813);
#2815=ORIENTED_EDGE('',*,*,#2601,.F.);
#2816=CARTESIAN_POINT('',(44.76278543,-32.368114681,17.25646571));
#2817=VERTEX_POINT('',#2816);
#2818=CARTESIAN_POINT('',(44.76278543,-32.368114681,16.856467488));
#2819=DIRECTION('',(-0.,0.,1.));
#2820=VECTOR('',#2819,0.399998222);
#2821=LINE('',#2818,#2820);
#2822=EDGE_CURVE('',#2587,#2817,#2821,.T.);
#2823=ORIENTED_EDGE('',*,*,#2822,.T.);
#2824=CARTESIAN_POINT('',(44.76278543,-30.668114681,17.25646571));
#2825=VERTEX_POINT('',#2824);
#2826=CARTESIAN_POINT('',(44.76278543,-32.368114681,17.25646571));
#2827=DIRECTION('',(0.,1.,-0.));
#2828=VECTOR('',#2827,1.7);
#2829=LINE('',#2826,#2828);
#2830=EDGE_CURVE('',#2817,#2825,#2829,.T.);
#2831=ORIENTED_EDGE('',*,*,#2830,.T.);
#2832=CARTESIAN_POINT('',(44.76278543,-30.668114681,17.25646571));
#2833=DIRECTION('',(0.,-0.,-1.));
#2834=VECTOR('',#2833,0.399998222);
#2835=LINE('',#2832,#2834);
#2836=EDGE_CURVE('',#2825,#2596,#2835,.T.);
#2837=ORIENTED_EDGE('',*,*,#2836,.T.);
#2838=EDGE_LOOP('',(#2815,#2823,#2831,#2837));
#2839=FACE_BOUND('',#2838,.T.);
#2840=ADVANCED_FACE('',(#2839),#2814,.F.);
#2841=CARTESIAN_POINT('',(22.51278543,-33.668114681,17.10646571));
#2842=DIRECTION('',(1.,0.,0.));
#2843=DIRECTION('',(0.,1.,-0.));
#2844=AXIS2_PLACEMENT_3D('',#2841,#2842,#2843);
#2845=PLANE('',#2844);
#2846=CARTESIAN_POINT('',(22.51278543,-32.368114681,17.25646571));
#2847=VERTEX_POINT('',#2846);
#2848=CARTESIAN_POINT('',(22.51278543,-30.668114681,17.25646571));
#2849=VERTEX_POINT('',#2848);
#2850=CARTESIAN_POINT('',(22.51278543,-32.368114681,17.25646571));
#2851=DIRECTION('',(0.,1.,-0.));
#2852=VECTOR('',#2851,1.7);
#2853=LINE('',#2850,#2852);
#2854=EDGE_CURVE('',#2847,#2849,#2853,.T.);
#2855=ORIENTED_EDGE('',*,*,#2854,.F.);
#2856=CARTESIAN_POINT('',(22.51278543,-32.368114681,17.25646571));
#2857=DIRECTION('',(0.,-0.,-1.));
#2858=VECTOR('',#2857,0.399998222);
#2859=LINE('',#2856,#2858);
#2860=EDGE_CURVE('',#2847,#2694,#2859,.T.);
#2861=ORIENTED_EDGE('',*,*,#2860,.T.);
#2862=ORIENTED_EDGE('',*,*,#2699,.T.);
#2863=CARTESIAN_POINT('',(22.51278543,-30.668114681,17.25646571));
#2864=DIRECTION('',(0.,-0.,-1.));
#2865=VECTOR('',#2864,0.399998222);
#2866=LINE('',#2863,#2865);
#2867=EDGE_CURVE('',#2849,#2686,#2866,.T.);
#2868=ORIENTED_EDGE('',*,*,#2867,.F.);
#2869=EDGE_LOOP('',(#2855,#2861,#2862,#2868));
#2870=FACE_BOUND('',#2869,.T.);
#2871=ADVANCED_FACE('',(#2870),#2845,.T.);
#2872=CARTESIAN_POINT('',(28.51278543,-33.668114681,17.10646571));
#2873=DIRECTION('',(1.,0.,0.));
#2874=DIRECTION('',(0.,1.,-0.));
#2875=AXIS2_PLACEMENT_3D('',#2872,#2873,#2874);
#2876=PLANE('',#2875);
#2877=ORIENTED_EDGE('',*,*,#2551,.F.);
#2878=CARTESIAN_POINT('',(28.51278543,-32.368114681,17.25646571));
#2879=VERTEX_POINT('',#2878);
#2880=CARTESIAN_POINT('',(28.51278543,-32.368114681,16.856467488));
#2881=DIRECTION('',(-0.,0.,1.));
#2882=VECTOR('',#2881,0.399998222);
#2883=LINE('',#2880,#2882);
#2884=EDGE_CURVE('',#2537,#2879,#2883,.T.);
#2885=ORIENTED_EDGE('',*,*,#2884,.T.);
#2886=CARTESIAN_POINT('',(28.51278543,-30.668114681,17.25646571));
#2887=VERTEX_POINT('',#2886);
#2888=CARTESIAN_POINT('',(28.51278543,-32.368114681,17.25646571));
#2889=DIRECTION('',(0.,1.,-0.));
#2890=VECTOR('',#2889,1.7);
#2891=LINE('',#2888,#2890);
#2892=EDGE_CURVE('',#2879,#2887,#2891,.T.);
#2893=ORIENTED_EDGE('',*,*,#2892,.T.);
#2894=CARTESIAN_POINT('',(28.51278543,-30.668114681,17.25646571));
#2895=DIRECTION('',(0.,-0.,-1.));
#2896=VECTOR('',#2895,0.399998222);
#2897=LINE('',#2894,#2896);
#2898=EDGE_CURVE('',#2887,#2546,#2897,.T.);
#2899=ORIENTED_EDGE('',*,*,#2898,.T.);
#2900=EDGE_LOOP('',(#2877,#2885,#2893,#2899));
#2901=FACE_BOUND('',#2900,.T.);
#2902=ADVANCED_FACE('',(#2901),#2876,.F.);
#2903=CARTESIAN_POINT('',(-1.13721457,-33.668114681,32.206468377));
#2904=DIRECTION('',(0.,-0.,-1.));
#2905=DIRECTION('',(-1.,0.,-0.));
#2906=AXIS2_PLACEMENT_3D('',#2903,#2904,#2905);
#2907=PLANE('',#2906);
#2908=ORIENTED_EDGE('',*,*,#338,.F.);
#2909=CARTESIAN_POINT('',(-0.98721457,-32.368114681,32.206468377));
#2910=DIRECTION('',(-1.,0.,-0.));
#2911=VECTOR('',#2910,0.4);
#2912=LINE('',#2909,#2911);
#2913=EDGE_CURVE('',#324,#1980,#2912,.T.);
#2914=ORIENTED_EDGE('',*,*,#2913,.T.);
#2915=ORIENTED_EDGE('',*,*,#1985,.T.);
#2916=CARTESIAN_POINT('',(-0.98721457,-30.668114681,32.206468377));
#2917=DIRECTION('',(-1.,-0.,-0.));
#2918=VECTOR('',#2917,0.4);
#2919=LINE('',#2916,#2918);
#2920=EDGE_CURVE('',#333,#1972,#2919,.T.);
#2921=ORIENTED_EDGE('',*,*,#2920,.F.);
#2922=EDGE_LOOP('',(#2908,#2914,#2915,#2921));
#2923=FACE_BOUND('',#2922,.T.);
#2924=ADVANCED_FACE('',(#2923),#2907,.T.);
#2925=CARTESIAN_POINT('',(-1.13721457,-33.668114681,26.206468377));
#2926=DIRECTION('',(0.,-0.,-1.));
#2927=DIRECTION('',(-1.,0.,-0.));
#2928=AXIS2_PLACEMENT_3D('',#2925,#2926,#2927);
#2929=PLANE('',#2928);
#2930=ORIENTED_EDGE('',*,*,#2019,.F.);
#2931=CARTESIAN_POINT('',(-1.38721457,-32.368114681,26.206468377));
#2932=DIRECTION('',(1.,-0.,0.));
#2933=VECTOR('',#2932,0.4);
#2934=LINE('',#2931,#2933);
#2935=EDGE_CURVE('',#2005,#299,#2934,.T.);
#2936=ORIENTED_EDGE('',*,*,#2935,.T.);
#2937=ORIENTED_EDGE('',*,*,#304,.T.);
#2938=CARTESIAN_POINT('',(-0.98721457,-30.668114681,26.206468377));
#2939=DIRECTION('',(-1.,-0.,-0.));
#2940=VECTOR('',#2939,0.4);
#2941=LINE('',#2938,#2940);
#2942=EDGE_CURVE('',#291,#2014,#2941,.T.);
#2943=ORIENTED_EDGE('',*,*,#2942,.T.);
#2944=EDGE_LOOP('',(#2930,#2936,#2937,#2943));
#2945=FACE_BOUND('',#2944,.T.);
#2946=ADVANCED_FACE('',(#2945),#2929,.F.);
#2947=CARTESIAN_POINT('',(5.26278543,-33.668114681,17.10646571));
#2948=DIRECTION('',(1.,0.,0.));
#2949=DIRECTION('',(0.,1.,-0.));
#2950=AXIS2_PLACEMENT_3D('',#2947,#2948,#2949);
#2951=PLANE('',#2950);
#2952=CARTESIAN_POINT('',(5.26278543,-32.368114681,17.25646571));
#2953=VERTEX_POINT('',#2952);
#2954=CARTESIAN_POINT('',(5.26278543,-30.668114681,17.25646571));
#2955=VERTEX_POINT('',#2954);
#2956=CARTESIAN_POINT('',(5.26278543,-32.368114681,17.25646571));
#2957=DIRECTION('',(0.,1.,-0.));
#2958=VECTOR('',#2957,1.7);
#2959=LINE('',#2956,#2958);
#2960=EDGE_CURVE('',#2953,#2955,#2959,.T.);
#2961=ORIENTED_EDGE('',*,*,#2960,.F.);
#2962=CARTESIAN_POINT('',(5.26278543,-32.368114681,17.25646571));
#2963=DIRECTION('',(0.,-0.,-1.));
#2964=VECTOR('',#2963,0.399998222);
#2965=LINE('',#2962,#2964);
#2966=EDGE_CURVE('',#2953,#2644,#2965,.T.);
#2967=ORIENTED_EDGE('',*,*,#2966,.T.);
#2968=ORIENTED_EDGE('',*,*,#2649,.T.);
#2969=CARTESIAN_POINT('',(5.26278543,-30.668114681,17.25646571));
#2970=DIRECTION('',(0.,-0.,-1.));
#2971=VECTOR('',#2970,0.399998222);
#2972=LINE('',#2969,#2971);
#2973=EDGE_CURVE('',#2955,#2636,#2972,.T.);
#2974=ORIENTED_EDGE('',*,*,#2973,.F.);
#2975=EDGE_LOOP('',(#2961,#2967,#2968,#2974));
#2976=FACE_BOUND('',#2975,.T.);
#2977=ADVANCED_FACE('',(#2976),#2951,.T.);
#2978=CARTESIAN_POINT('',(11.26278543,-33.668114681,17.10646571));
#2979=DIRECTION('',(1.,0.,0.));
#2980=DIRECTION('',(0.,1.,-0.));
#2981=AXIS2_PLACEMENT_3D('',#2978,#2979,#2980);
#2982=PLANE('',#2981);
#2983=ORIENTED_EDGE('',*,*,#2683,.F.);
#2984=CARTESIAN_POINT('',(11.26278543,-32.368114681,17.25646571));
#2985=VERTEX_POINT('',#2984);
#2986=CARTESIAN_POINT('',(11.26278543,-32.368114681,16.856467488));
#2987=DIRECTION('',(-0.,0.,1.));
#2988=VECTOR('',#2987,0.399998222);
#2989=LINE('',#2986,#2988);
#2990=EDGE_CURVE('',#2669,#2985,#2989,.T.);
#2991=ORIENTED_EDGE('',*,*,#2990,.T.);
#2992=CARTESIAN_POINT('',(11.26278543,-30.668114681,17.25646571));
#2993=VERTEX_POINT('',#2992);
#2994=CARTESIAN_POINT('',(11.26278543,-32.368114681,17.25646571));
#2995=DIRECTION('',(0.,1.,-0.));
#2996=VECTOR('',#2995,1.7);
#2997=LINE('',#2994,#2996);
#2998=EDGE_CURVE('',#2985,#2993,#2997,.T.);
#2999=ORIENTED_EDGE('',*,*,#2998,.T.);
#3000=CARTESIAN_POINT('',(11.26278543,-30.668114681,17.25646571));
#3001=DIRECTION('',(0.,-0.,-1.));
#3002=VECTOR('',#3001,0.399998222);
#3003=LINE('',#3000,#3002);
#3004=EDGE_CURVE('',#2993,#2678,#3003,.T.);
#3005=ORIENTED_EDGE('',*,*,#3004,.T.);
#3006=EDGE_LOOP('',(#2983,#2991,#2999,#3005));
#3007=FACE_BOUND('',#3006,.T.);
#3008=ADVANCED_FACE('',(#3007),#2982,.F.);
#3009=CARTESIAN_POINT('',(0.5,-30.668114681,38.256467488));
#3010=DIRECTION('',(-0.,1.,-0.));
#3011=DIRECTION('',(1.,0.,0.));
#3012=AXIS2_PLACEMENT_3D('',#3009,#3010,#3011);
#3013=PLANE('',#3012);
#3014=ORIENTED_EDGE('',*,*,#296,.T.);
#3015=CARTESIAN_POINT('',(0.01278543,-30.668114681,17.256467488));
#3016=VERTEX_POINT('',#3015);
#3017=CARTESIAN_POINT('',(0.01278543,-30.668114681,18.256467488));
#3018=DIRECTION('',(0.,-1.,0.));
#3019=DIRECTION('',(-1.,-0.,-0.));
#3020=AXIS2_PLACEMENT_3D('',#3017,#3018,#3019);
#3021=CIRCLE('',#3020,1.);
#3022=EDGE_CURVE('',#283,#3016,#3021,.T.);
#3023=ORIENTED_EDGE('',*,*,#3022,.T.);
#3024=CARTESIAN_POINT('',(0.01278543,-30.668114681,17.256467488));
#3025=DIRECTION('',(1.,0.,0.));
#3026=VECTOR('',#3025,5.25);
#3027=LINE('',#3024,#3026);
#3028=EDGE_CURVE('',#3016,#2955,#3027,.T.);
#3029=ORIENTED_EDGE('',*,*,#3028,.T.);
#3030=ORIENTED_EDGE('',*,*,#2973,.T.);
#3031=ORIENTED_EDGE('',*,*,#2641,.T.);
#3032=CARTESIAN_POINT('',(0.01278543,-30.668114681,18.256467488));
#3033=DIRECTION('',(-0.,1.,-0.));
#3034=DIRECTION('',(0.,0.,1.));
#3035=AXIS2_PLACEMENT_3D('',#3032,#3033,#3034);
#3036=CIRCLE('',#3035,1.4);
#3037=EDGE_CURVE('',#2628,#2022,#3036,.T.);
#3038=ORIENTED_EDGE('',*,*,#3037,.T.);
#3039=ORIENTED_EDGE('',*,*,#2027,.F.);
#3040=ORIENTED_EDGE('',*,*,#2942,.F.);
#3041=EDGE_LOOP('',(#3014,#3023,#3029,#3030,#3031,#3038,#3039,#3040));
#3042=FACE_BOUND('',#3041,.T.);
#3043=ADVANCED_FACE('',(#3042),#3013,.T.);
#3044=CARTESIAN_POINT('',(0.5,-30.668114681,38.256467488));
#3045=DIRECTION('',(-0.,1.,-0.));
#3046=DIRECTION('',(1.,0.,0.));
#3047=AXIS2_PLACEMENT_3D('',#3044,#3045,#3046);
#3048=PLANE('',#3047);
#3049=CARTESIAN_POINT('',(-0.98721457,-30.668114681,38.256469266));
#3050=DIRECTION('',(-1.,-0.,-0.));
#3051=VECTOR('',#3050,0.4);
#3052=LINE('',#3049,#3051);
#3053=EDGE_CURVE('',#242,#1962,#3052,.T.);
#3054=ORIENTED_EDGE('',*,*,#3053,.F.);
#3055=ORIENTED_EDGE('',*,*,#344,.T.);
#3056=ORIENTED_EDGE('',*,*,#2920,.T.);
#3057=ORIENTED_EDGE('',*,*,#1977,.F.);
#3058=EDGE_LOOP('',(#3054,#3055,#3056,#3057));
#3059=FACE_BOUND('',#3058,.T.);
#3060=ADVANCED_FACE('',(#3059),#3048,.T.);
#3061=CARTESIAN_POINT('',(0.5,-30.668114681,38.256467488));
#3062=DIRECTION('',(-0.,1.,-0.));
#3063=DIRECTION('',(1.,0.,0.));
#3064=AXIS2_PLACEMENT_3D('',#3061,#3062,#3063);
#3065=PLANE('',#3064);
#3066=ORIENTED_EDGE('',*,*,#1886,.T.);
#3067=CARTESIAN_POINT('',(50.01278543,-30.668114681,41.656469266));
#3068=DIRECTION('',(0.,-1.,0.));
#3069=DIRECTION('',(-1.,-0.,-0.));
#3070=AXIS2_PLACEMENT_3D('',#3067,#3068,#3069);
#3071=CIRCLE('',#3070,1.);
#3072=EDGE_CURVE('',#1873,#1149,#3071,.T.);
#3073=ORIENTED_EDGE('',*,*,#3072,.T.);
#3074=ORIENTED_EDGE('',*,*,#1154,.T.);
#3075=CARTESIAN_POINT('',(44.76278543,-30.668114681,43.056469266));
#3076=DIRECTION('',(0.,-0.,-1.));
#3077=VECTOR('',#3076,0.4);
#3078=LINE('',#3075,#3077);
#3079=EDGE_CURVE('',#2136,#1141,#3078,.T.);
#3080=ORIENTED_EDGE('',*,*,#3079,.F.);
#3081=ORIENTED_EDGE('',*,*,#2141,.F.);
#3082=CARTESIAN_POINT('',(50.01278543,-30.668114681,41.656469266));
#3083=DIRECTION('',(-0.,1.,-0.));
#3084=DIRECTION('',(0.,0.,1.));
#3085=AXIS2_PLACEMENT_3D('',#3082,#3083,#3084);
#3086=CIRCLE('',#3085,1.4);
#3087=EDGE_CURVE('',#2128,#2396,#3086,.T.);
#3088=ORIENTED_EDGE('',*,*,#3087,.T.);
#3089=ORIENTED_EDGE('',*,*,#2401,.F.);
#3090=CARTESIAN_POINT('',(51.41278543,-30.668114681,32.206468377));
#3091=DIRECTION('',(-1.,-0.,-0.));
#3092=VECTOR('',#3091,0.4);
#3093=LINE('',#3090,#3092);
#3094=EDGE_CURVE('',#2388,#1881,#3093,.T.);
#3095=ORIENTED_EDGE('',*,*,#3094,.T.);
#3096=EDGE_LOOP('',(#3066,#3073,#3074,#3080,#3081,#3088,#3089,#3095));
#3097=FACE_BOUND('',#3096,.T.);
#3098=ADVANCED_FACE('',(#3097),#3065,.T.);
#3099=CARTESIAN_POINT('',(0.5,-30.668114681,38.256467488));
#3100=DIRECTION('',(-0.,1.,-0.));
#3101=DIRECTION('',(1.,0.,0.));
#3102=AXIS2_PLACEMENT_3D('',#3099,#3100,#3101);
#3103=PLANE('',#3102);
#3104=ORIENTED_EDGE('',*,*,#1054,.T.);
#3105=CARTESIAN_POINT('',(11.26278543,-30.668114681,43.056469266));
#3106=DIRECTION('',(0.,-0.,-1.));
#3107=VECTOR('',#3106,0.4);
#3108=LINE('',#3105,#3107);
#3109=EDGE_CURVE('',#2236,#1041,#3108,.T.);
#3110=ORIENTED_EDGE('',*,*,#3109,.F.);
#3111=ORIENTED_EDGE('',*,*,#2241,.F.);
#3112=CARTESIAN_POINT('',(22.51278543,-30.668114681,43.056469266));
#3113=DIRECTION('',(0.,-0.,-1.));
#3114=VECTOR('',#3113,0.4);
#3115=LINE('',#3112,#3114);
#3116=EDGE_CURVE('',#2228,#1049,#3115,.T.);
#3117=ORIENTED_EDGE('',*,*,#3116,.T.);
#3118=EDGE_LOOP('',(#3104,#3110,#3111,#3117));
#3119=FACE_BOUND('',#3118,.T.);
#3120=ADVANCED_FACE('',(#3119),#3103,.T.);
#3121=CARTESIAN_POINT('',(0.5,-30.668114681,38.256467488));
#3122=DIRECTION('',(-0.,1.,-0.));
#3123=DIRECTION('',(1.,0.,0.));
#3124=AXIS2_PLACEMENT_3D('',#3121,#3122,#3123);
#3125=PLANE('',#3124);
#3126=CARTESIAN_POINT('',(11.26278543,-30.668114681,17.256467488));
#3127=DIRECTION('',(1.,0.,0.));
#3128=VECTOR('',#3127,11.25);
#3129=LINE('',#3126,#3128);
#3130=EDGE_CURVE('',#2993,#2849,#3129,.T.);
#3131=ORIENTED_EDGE('',*,*,#3130,.T.);
#3132=ORIENTED_EDGE('',*,*,#2867,.T.);
#3133=ORIENTED_EDGE('',*,*,#2691,.T.);
#3134=ORIENTED_EDGE('',*,*,#3004,.F.);
#3135=EDGE_LOOP('',(#3131,#3132,#3133,#3134));
#3136=FACE_BOUND('',#3135,.T.);
#3137=ADVANCED_FACE('',(#3136),#3125,.T.);
#3138=CARTESIAN_POINT('',(0.5,-30.668114681,38.256467488));
#3139=DIRECTION('',(-0.,1.,-0.));
#3140=DIRECTION('',(1.,0.,0.));
#3141=AXIS2_PLACEMENT_3D('',#3138,#3139,#3140);
#3142=PLANE('',#3141);
#3143=CARTESIAN_POINT('',(28.51278543,-30.668114681,17.256467488));
#3144=DIRECTION('',(1.,0.,0.));
#3145=VECTOR('',#3144,10.25);
#3146=LINE('',#3143,#3145);
#3147=EDGE_CURVE('',#2887,#2787,#3146,.T.);
#3148=ORIENTED_EDGE('',*,*,#3147,.T.);
#3149=ORIENTED_EDGE('',*,*,#2805,.T.);
#3150=ORIENTED_EDGE('',*,*,#2559,.T.);
#3151=ORIENTED_EDGE('',*,*,#2898,.F.);
#3152=EDGE_LOOP('',(#3148,#3149,#3150,#3151));
#3153=FACE_BOUND('',#3152,.T.);
#3154=ADVANCED_FACE('',(#3153),#3142,.T.);
#3155=CARTESIAN_POINT('',(0.5,-30.668114681,38.256467488));
#3156=DIRECTION('',(-0.,1.,-0.));
#3157=DIRECTION('',(1.,0.,0.));
#3158=AXIS2_PLACEMENT_3D('',#3155,#3156,#3157);
#3159=PLANE('',#3158);
#3160=ORIENTED_EDGE('',*,*,#1104,.T.);
#3161=CARTESIAN_POINT('',(28.51278543,-30.668114681,43.056469266));
#3162=DIRECTION('',(0.,-0.,-1.));
#3163=VECTOR('',#3162,0.4);
#3164=LINE('',#3161,#3163);
#3165=EDGE_CURVE('',#2186,#1091,#3164,.T.);
#3166=ORIENTED_EDGE('',*,*,#3165,.F.);
#3167=ORIENTED_EDGE('',*,*,#2191,.F.);
#3168=CARTESIAN_POINT('',(38.76278543,-30.668114681,43.056469266));
#3169=DIRECTION('',(0.,-0.,-1.));
#3170=VECTOR('',#3169,0.4);
#3171=LINE('',#3168,#3170);
#3172=EDGE_CURVE('',#2178,#1099,#3171,.T.);
#3173=ORIENTED_EDGE('',*,*,#3172,.T.);
#3174=EDGE_LOOP('',(#3160,#3166,#3167,#3173));
#3175=FACE_BOUND('',#3174,.T.);
#3176=ADVANCED_FACE('',(#3175),#3159,.T.);
#3177=CARTESIAN_POINT('',(0.,-45.468114681,-0.));
#3178=DIRECTION('',(-0.,-1.,0.));
#3179=DIRECTION('',(1.,-0.,0.));
#3180=AXIS2_PLACEMENT_3D('',#3177,#3178,#3179);
#3181=PLANE('',#3180);
#3182=CARTESIAN_POINT('',(17.38598543,-45.468114681,40.386469266));
#3183=VERTEX_POINT('',#3182);
#3184=CARTESIAN_POINT('',(17.38598543,-45.468114681,40.179766183));
#3185=VERTEX_POINT('',#3184);
#3186=CARTESIAN_POINT('',(17.38598543,-45.468114681,40.386469266));
#3187=DIRECTION('',(0.,-0.,-1.));
#3188=VECTOR('',#3187,0.206703083);
#3189=LINE('',#3186,#3188);
#3190=EDGE_CURVE('',#3183,#3185,#3189,.T.);
#3191=ORIENTED_EDGE('',*,*,#3190,.T.);
#3192=CARTESIAN_POINT('',(17.500785749,-45.468114681,40.179766183));
#3193=VERTEX_POINT('',#3192);
#3194=CARTESIAN_POINT('',(17.38598543,-45.468114681,40.179766183));
#3195=DIRECTION('',(1.,-0.,0.));
#3196=VECTOR('',#3195,0.114800319);
#3197=LINE('',#3194,#3196);
#3198=EDGE_CURVE('',#3185,#3193,#3197,.T.);
#3199=ORIENTED_EDGE('',*,*,#3198,.T.);
#3200=CARTESIAN_POINT('',(19.935199455,-45.468114681,43.656469266));
#3201=VERTEX_POINT('',#3200);
#3202=CARTESIAN_POINT('',(19.935199455,-45.468114681,43.656469266));
#3203=DIRECTION('',(-0.573576436,-0.,-0.819152044));
#3204=VECTOR('',#3203,4.244270776);
#3205=LINE('',#3202,#3204);
#3206=EDGE_CURVE('',#3201,#3193,#3205,.T.);
#3207=ORIENTED_EDGE('',*,*,#3206,.F.);
#3208=CARTESIAN_POINT('',(17.935199455,-45.468114681,43.656469266));
#3209=VERTEX_POINT('',#3208);
#3210=CARTESIAN_POINT('',(19.935199455,-45.468114681,43.656469266));
#3211=DIRECTION('',(-1.,0.,-0.));
#3212=VECTOR('',#3211,2.);
#3213=LINE('',#3210,#3212);
#3214=EDGE_CURVE('',#3201,#3209,#3213,.T.);
#3215=ORIENTED_EDGE('',*,*,#3214,.T.);
#3216=CARTESIAN_POINT('',(16.205686836,-45.468114681,41.186469266));
#3217=VERTEX_POINT('',#3216);
#3218=CARTESIAN_POINT('',(16.205686836,-45.468114681,41.186469266));
#3219=DIRECTION('',(0.573576436,0.,0.819152044));
#3220=VECTOR('',#3219,3.015313234);
#3221=LINE('',#3218,#3220);
#3222=EDGE_CURVE('',#3217,#3209,#3221,.T.);
#3223=ORIENTED_EDGE('',*,*,#3222,.F.);
#3224=CARTESIAN_POINT('',(16.58598543,-45.468114681,41.186469266));
#3225=VERTEX_POINT('',#3224);
#3226=CARTESIAN_POINT('',(16.205686836,-45.468114681,41.186469266));
#3227=DIRECTION('',(1.,-0.,0.));
#3228=VECTOR('',#3227,0.380298594);
#3229=LINE('',#3226,#3228);
#3230=EDGE_CURVE('',#3217,#3225,#3229,.T.);
#3231=ORIENTED_EDGE('',*,*,#3230,.T.);
#3232=CARTESIAN_POINT('',(16.58598543,-45.468114681,40.386469266));
#3233=DIRECTION('',(-0.,-1.,0.));
#3234=DIRECTION('',(1.,-0.,0.));
#3235=AXIS2_PLACEMENT_3D('',#3232,#3233,#3234);
#3236=CIRCLE('',#3235,0.8);
#3237=EDGE_CURVE('',#3183,#3225,#3236,.T.);
#3238=ORIENTED_EDGE('',*,*,#3237,.F.);
#3239=EDGE_LOOP('',(#3191,#3199,#3207,#3215,#3223,#3231,#3238));
#3240=FACE_BOUND('',#3239,.T.);
#3241=ADVANCED_FACE('',(#3240),#3181,.T.);
#3242=CARTESIAN_POINT('',(17.38598543,-45.448114681,39.936469244));
#3243=DIRECTION('',(-1.,0.,-0.));
#3244=DIRECTION('',(-0.,-1.,0.));
#3245=AXIS2_PLACEMENT_3D('',#3242,#3243,#3244);
#3246=PLANE('',#3245);
#3247=CARTESIAN_POINT('',(17.38598543,-45.168114681,39.486467488));
#3248=VERTEX_POINT('',#3247);
#3249=CARTESIAN_POINT('',(17.38598543,-45.168114681,40.179766183));
#3250=VERTEX_POINT('',#3249);
#3251=CARTESIAN_POINT('',(17.38598543,-45.168114681,39.486467488));
#3252=DIRECTION('',(-0.,0.,1.));
#3253=VECTOR('',#3252,0.693298695);
#3254=LINE('',#3251,#3253);
#3255=EDGE_CURVE('',#3248,#3250,#3254,.T.);
#3256=ORIENTED_EDGE('',*,*,#3255,.T.);
#3257=CARTESIAN_POINT('',(17.38598543,-45.168114681,40.179766183));
#3258=DIRECTION('',(-0.,-1.,0.));
#3259=VECTOR('',#3258,0.3);
#3260=LINE('',#3257,#3259);
#3261=EDGE_CURVE('',#3250,#3185,#3260,.T.);
#3262=ORIENTED_EDGE('',*,*,#3261,.T.);
#3263=ORIENTED_EDGE('',*,*,#3190,.F.);
#3264=CARTESIAN_POINT('',(17.38598543,-44.768114681,40.386469266));
#3265=VERTEX_POINT('',#3264);
#3266=CARTESIAN_POINT('',(17.38598543,-44.768114681,40.386469266));
#3267=DIRECTION('',(-0.,-1.,0.));
#3268=VECTOR('',#3267,0.7);
#3269=LINE('',#3266,#3268);
#3270=EDGE_CURVE('',#3265,#3183,#3269,.T.);
#3271=ORIENTED_EDGE('',*,*,#3270,.F.);
#3272=CARTESIAN_POINT('',(17.38598543,-44.768114681,39.486467488));
#3273=VERTEX_POINT('',#3272);
#3274=CARTESIAN_POINT('',(17.38598543,-44.768114681,40.386469266));
#3275=DIRECTION('',(0.,-0.,-1.));
#3276=VECTOR('',#3275,0.900001778);
#3277=LINE('',#3274,#3276);
#3278=EDGE_CURVE('',#3265,#3273,#3277,.T.);
#3279=ORIENTED_EDGE('',*,*,#3278,.T.);
#3280=CARTESIAN_POINT('',(17.38598543,-44.768114681,39.486467488));
#3281=DIRECTION('',(-0.,-1.,0.));
#3282=VECTOR('',#3281,0.4);
#3283=LINE('',#3280,#3282);
#3284=EDGE_CURVE('',#3273,#3248,#3283,.T.);
#3285=ORIENTED_EDGE('',*,*,#3284,.T.);
#3286=EDGE_LOOP('',(#3256,#3262,#3263,#3271,#3279,#3285));
#3287=FACE_BOUND('',#3286,.T.);
#3288=ADVANCED_FACE('',(#3287),#3246,.T.);
#3289=CARTESIAN_POINT('',(0.,-45.468114681,-0.));
#3290=DIRECTION('',(-0.,-1.,0.));
#3291=DIRECTION('',(1.,-0.,0.));
#3292=AXIS2_PLACEMENT_3D('',#3289,#3290,#3291);
#3293=PLANE('',#3292);
#3294=CARTESIAN_POINT('',(12.53598543,-45.468114681,39.486467488));
#3295=VERTEX_POINT('',#3294);
#3296=CARTESIAN_POINT('',(12.53598543,-45.468114681,40.084568614));
#3297=VERTEX_POINT('',#3296);
#3298=CARTESIAN_POINT('',(12.53598543,-45.468114681,39.486467488));
#3299=DIRECTION('',(-0.,0.,1.));
#3300=VECTOR('',#3299,0.598101126);
#3301=LINE('',#3298,#3300);
#3302=EDGE_CURVE('',#3295,#3297,#3301,.T.);
#3303=ORIENTED_EDGE('',*,*,#3302,.T.);
#3304=CARTESIAN_POINT('',(12.434127693,-45.468114681,40.084568614));
#3305=VERTEX_POINT('',#3304);
#3306=CARTESIAN_POINT('',(12.53598543,-45.468114681,40.084568614));
#3307=DIRECTION('',(-1.,0.,-0.));
#3308=VECTOR('',#3307,0.101857737);
#3309=LINE('',#3306,#3308);
#3310=EDGE_CURVE('',#3297,#3305,#3309,.T.);
#3311=ORIENTED_EDGE('',*,*,#3310,.T.);
#3312=CARTESIAN_POINT('',(10.663932228,-45.468114681,37.556467488));
#3313=VERTEX_POINT('',#3312);
#3314=CARTESIAN_POINT('',(10.663932228,-45.468114681,37.556467488));
#3315=DIRECTION('',(0.573576436,0.,0.819152044));
#3316=VECTOR('',#3315,3.086241612);
#3317=LINE('',#3314,#3316);
#3318=EDGE_CURVE('',#3313,#3305,#3317,.T.);
#3319=ORIENTED_EDGE('',*,*,#3318,.F.);
#3320=CARTESIAN_POINT('',(12.663932228,-45.468114681,37.556467488));
#3321=VERTEX_POINT('',#3320);
#3322=CARTESIAN_POINT('',(10.663932228,-45.468114681,37.556467488));
#3323=DIRECTION('',(1.,-0.,0.));
#3324=VECTOR('',#3323,2.);
#3325=LINE('',#3322,#3324);
#3326=EDGE_CURVE('',#3313,#3321,#3325,.T.);
#3327=ORIENTED_EDGE('',*,*,#3326,.T.);
#3328=CARTESIAN_POINT('',(13.455166746,-45.468114681,38.686467488));
#3329=VERTEX_POINT('',#3328);
#3330=CARTESIAN_POINT('',(13.455166746,-45.468114681,38.686467488));
#3331=DIRECTION('',(-0.573576436,-0.,-0.819152044));
#3332=VECTOR('',#3331,1.379475285);
#3333=LINE('',#3330,#3332);
#3334=EDGE_CURVE('',#3329,#3321,#3333,.T.);
#3335=ORIENTED_EDGE('',*,*,#3334,.F.);
#3336=CARTESIAN_POINT('',(13.33598543,-45.468114681,38.686467488));
#3337=VERTEX_POINT('',#3336);
#3338=CARTESIAN_POINT('',(13.455166746,-45.468114681,38.686467488));
#3339=DIRECTION('',(-1.,0.,-0.));
#3340=VECTOR('',#3339,0.119181316);
#3341=LINE('',#3338,#3340);
#3342=EDGE_CURVE('',#3329,#3337,#3341,.T.);
#3343=ORIENTED_EDGE('',*,*,#3342,.T.);
#3344=CARTESIAN_POINT('',(13.33598543,-45.468114681,39.486467488));
#3345=DIRECTION('',(-0.,-1.,0.));
#3346=DIRECTION('',(1.,-0.,0.));
#3347=AXIS2_PLACEMENT_3D('',#3344,#3345,#3346);
#3348=CIRCLE('',#3347,0.8);
#3349=EDGE_CURVE('',#3295,#3337,#3348,.T.);
#3350=ORIENTED_EDGE('',*,*,#3349,.F.);
#3351=EDGE_LOOP('',(#3303,#3311,#3319,#3327,#3335,#3343,#3350));
#3352=FACE_BOUND('',#3351,.T.);
#3353=ADVANCED_FACE('',(#3352),#3293,.T.);
#3354=CARTESIAN_POINT('',(12.53598543,-45.578114681,39.936469244));
#3355=DIRECTION('',(1.,-0.,0.));
#3356=DIRECTION('',(0.,1.,-0.));
#3357=AXIS2_PLACEMENT_3D('',#3354,#3355,#3356);
#3358=PLANE('',#3357);
#3359=CARTESIAN_POINT('',(12.53598543,-45.168114681,40.084568614));
#3360=VERTEX_POINT('',#3359);
#3361=CARTESIAN_POINT('',(12.53598543,-45.168114681,40.386469266));
#3362=VERTEX_POINT('',#3361);
#3363=CARTESIAN_POINT('',(12.53598543,-45.168114681,40.084568614));
#3364=DIRECTION('',(-0.,0.,1.));
#3365=VECTOR('',#3364,0.301900652);
#3366=LINE('',#3363,#3365);
#3367=EDGE_CURVE('',#3360,#3362,#3366,.T.);
#3368=ORIENTED_EDGE('',*,*,#3367,.F.);
#3369=CARTESIAN_POINT('',(12.53598543,-45.168114681,40.084568614));
#3370=DIRECTION('',(-0.,-1.,0.));
#3371=VECTOR('',#3370,0.3);
#3372=LINE('',#3369,#3371);
#3373=EDGE_CURVE('',#3360,#3297,#3372,.T.);
#3374=ORIENTED_EDGE('',*,*,#3373,.T.);
#3375=ORIENTED_EDGE('',*,*,#3302,.F.);
#3376=CARTESIAN_POINT('',(12.53598543,-44.768114681,39.486467488));
#3377=VERTEX_POINT('',#3376);
#3378=CARTESIAN_POINT('',(12.53598543,-44.768114681,39.486467488));
#3379=DIRECTION('',(-0.,-1.,0.));
#3380=VECTOR('',#3379,0.7);
#3381=LINE('',#3378,#3380);
#3382=EDGE_CURVE('',#3377,#3295,#3381,.T.);
#3383=ORIENTED_EDGE('',*,*,#3382,.F.);
#3384=CARTESIAN_POINT('',(12.53598543,-44.768114681,40.386469266));
#3385=VERTEX_POINT('',#3384);
#3386=CARTESIAN_POINT('',(12.53598543,-44.768114681,39.486467488));
#3387=DIRECTION('',(-0.,0.,1.));
#3388=VECTOR('',#3387,0.900001778);
#3389=LINE('',#3386,#3388);
#3390=EDGE_CURVE('',#3377,#3385,#3389,.T.);
#3391=ORIENTED_EDGE('',*,*,#3390,.T.);
#3392=CARTESIAN_POINT('',(12.53598543,-44.768114681,40.386469266));
#3393=DIRECTION('',(-0.,-1.,0.));
#3394=VECTOR('',#3393,0.4);
#3395=LINE('',#3392,#3394);
#3396=EDGE_CURVE('',#3385,#3362,#3395,.T.);
#3397=ORIENTED_EDGE('',*,*,#3396,.T.);
#3398=EDGE_LOOP('',(#3368,#3374,#3375,#3383,#3391,#3397));
#3399=FACE_BOUND('',#3398,.T.);
#3400=ADVANCED_FACE('',(#3399),#3358,.T.);
#3401=CARTESIAN_POINT('',(25.01278543,-31.868114681,37.256467488));
#3402=DIRECTION('',(-0.,0.,1.));
#3403=DIRECTION('',(1.,-0.,0.));
#3404=AXIS2_PLACEMENT_3D('',#3401,#3402,#3403);
#3405=PLANE('',#3404);
#3406=ORIENTED_EDGE('',*,*,#1192,.F.);
#3407=CARTESIAN_POINT('',(32.000063309,-31.456207137,37.256467488));
#3408=VERTEX_POINT('',#3407);
#3409=CARTESIAN_POINT('',(31.700063309,-31.456207137,37.256467488));
#3410=DIRECTION('',(0.,-0.,-1.));
#3411=DIRECTION('',(0.,-1.,0.));
#3412=AXIS2_PLACEMENT_3D('',#3409,#3410,#3411);
#3413=CIRCLE('',#3412,0.3);
#3414=EDGE_CURVE('',#1179,#3408,#3413,.T.);
#3415=ORIENTED_EDGE('',*,*,#3414,.T.);
#3416=CARTESIAN_POINT('',(32.000063309,-31.856212683,37.256467488));
#3417=VERTEX_POINT('',#3416);
#3418=CARTESIAN_POINT('',(32.000063309,-31.856212683,37.256467488));
#3419=DIRECTION('',(-0.,1.,0.));
#3420=VECTOR('',#3419,0.400005545);
#3421=LINE('',#3418,#3420);
#3422=EDGE_CURVE('',#3417,#3408,#3421,.T.);
#3423=ORIENTED_EDGE('',*,*,#3422,.F.);
#3424=CARTESIAN_POINT('',(32.300063492,-32.156212683,37.256467488));
#3425=VERTEX_POINT('',#3424);
#3426=CARTESIAN_POINT('',(32.300063309,-31.856212683,37.256467488));
#3427=DIRECTION('',(-0.,0.,1.));
#3428=DIRECTION('',(0.,-1.,0.));
#3429=AXIS2_PLACEMENT_3D('',#3426,#3427,#3428);
#3430=CIRCLE('',#3429,0.3);
#3431=EDGE_CURVE('',#3417,#3425,#3430,.T.);
#3432=ORIENTED_EDGE('',*,*,#3431,.T.);
#3433=CARTESIAN_POINT('',(37.850078962,-32.156209286,37.256467488));
#3434=VERTEX_POINT('',#3433);
#3435=CARTESIAN_POINT('',(32.300063492,-32.156212683,37.256467488));
#3436=DIRECTION('',(1.,0.000000612,0.));
#3437=VECTOR('',#3436,5.550015469);
#3438=LINE('',#3435,#3437);
#3439=EDGE_CURVE('',#3425,#3434,#3438,.T.);
#3440=ORIENTED_EDGE('',*,*,#3439,.T.);
#3441=CARTESIAN_POINT('',(38.150078778,-31.856209286,37.256467488));
#3442=VERTEX_POINT('',#3441);
#3443=CARTESIAN_POINT('',(37.850078778,-31.856209286,37.256467488));
#3444=DIRECTION('',(-0.,0.,1.));
#3445=DIRECTION('',(0.,-1.,0.));
#3446=AXIS2_PLACEMENT_3D('',#3443,#3444,#3445);
#3447=CIRCLE('',#3446,0.3);
#3448=EDGE_CURVE('',#3434,#3442,#3447,.T.);
#3449=ORIENTED_EDGE('',*,*,#3448,.T.);
#3450=CARTESIAN_POINT('',(38.150078778,-31.456207137,37.256467488));
#3451=VERTEX_POINT('',#3450);
#3452=CARTESIAN_POINT('',(38.150078778,-31.856209286,37.256467488));
#3453=DIRECTION('',(-0.,1.,0.));
#3454=VECTOR('',#3453,0.400002148);
#3455=LINE('',#3452,#3454);
#3456=EDGE_CURVE('',#3442,#3451,#3455,.T.);
#3457=ORIENTED_EDGE('',*,*,#3456,.T.);
#3458=CARTESIAN_POINT('',(38.450078778,-31.456207137,37.256467488));
#3459=DIRECTION('',(0.,-0.,-1.));
#3460=DIRECTION('',(0.,-1.,0.));
#3461=AXIS2_PLACEMENT_3D('',#3458,#3459,#3460);
#3462=CIRCLE('',#3461,0.3);
#3463=EDGE_CURVE('',#3451,#1227,#3462,.T.);
#3464=ORIENTED_EDGE('',*,*,#3463,.T.);
#3465=ORIENTED_EDGE('',*,*,#1232,.F.);
#3466=CARTESIAN_POINT('',(49.01278543,-31.468114681,37.256467488));
#3467=VERTEX_POINT('',#3466);
#3468=CARTESIAN_POINT('',(49.01278543,-31.156207137,37.256467488));
#3469=DIRECTION('',(-0.,-1.,0.));
#3470=VECTOR('',#3469,0.311907544);
#3471=LINE('',#3468,#3470);
#3472=EDGE_CURVE('',#1225,#3467,#3471,.T.);
#3473=ORIENTED_EDGE('',*,*,#3472,.T.);
#3474=CARTESIAN_POINT('',(49.51278543,-31.968114681,37.256467488));
#3475=VERTEX_POINT('',#3474);
#3476=CARTESIAN_POINT('',(49.51278543,-31.468114681,37.256467488));
#3477=DIRECTION('',(-0.,0.,1.));
#3478=DIRECTION('',(1.,-0.,0.));
#3479=AXIS2_PLACEMENT_3D('',#3476,#3477,#3478);
#3480=CIRCLE('',#3479,0.5);
#3481=EDGE_CURVE('',#3467,#3475,#3480,.T.);
#3482=ORIENTED_EDGE('',*,*,#3481,.T.);
#3483=CARTESIAN_POINT('',(50.01278543,-31.968114681,37.256467488));
#3484=VERTEX_POINT('',#3483);
#3485=CARTESIAN_POINT('',(49.51278543,-31.968114681,37.256467488));
#3486=DIRECTION('',(1.,-0.,0.));
#3487=VECTOR('',#3486,0.5);
#3488=LINE('',#3485,#3487);
#3489=EDGE_CURVE('',#3475,#3484,#3488,.T.);
#3490=ORIENTED_EDGE('',*,*,#3489,.T.);
#3491=CARTESIAN_POINT('',(50.01278543,-40.368114681,37.256467488));
#3492=VERTEX_POINT('',#3491);
#3493=CARTESIAN_POINT('',(50.01278543,-31.968114681,37.256467488));
#3494=DIRECTION('',(-0.,-1.,0.));
#3495=VECTOR('',#3494,8.4);
#3496=LINE('',#3493,#3495);
#3497=EDGE_CURVE('',#3484,#3492,#3496,.T.);
#3498=ORIENTED_EDGE('',*,*,#3497,.T.);
#3499=CARTESIAN_POINT('',(0.01278543,-40.368114681,37.256467488));
#3500=VERTEX_POINT('',#3499);
#3501=CARTESIAN_POINT('',(50.01278543,-40.368114681,37.256467488));
#3502=DIRECTION('',(-1.,0.,-0.));
#3503=VECTOR('',#3502,50.);
#3504=LINE('',#3501,#3503);
#3505=EDGE_CURVE('',#3492,#3500,#3504,.T.);
#3506=ORIENTED_EDGE('',*,*,#3505,.T.);
#3507=CARTESIAN_POINT('',(0.01278543,-40.368114681,37.256467488));
#3508=DIRECTION('',(0.,1.,-0.));
#3509=VECTOR('',#3508,9.211907544);
#3510=LINE('',#3507,#3509);
#3511=EDGE_CURVE('',#3500,#1187,#3510,.T.);
#3512=ORIENTED_EDGE('',*,*,#3511,.T.);
#3513=EDGE_LOOP('',(#3406,#3415,#3423,#3432,#3440,#3449,#3457,#3464,#3465,#3473,#3482,#3490,#3498,#3506,#3512));
#3514=FACE_BOUND('',#3513,.T.);
#3515=ADVANCED_FACE('',(#3514),#3405,.F.);
#3516=CARTESIAN_POINT('',(0.5,-30.668114681,38.256467488));
#3517=DIRECTION('',(-0.,1.,-0.));
#3518=DIRECTION('',(1.,0.,0.));
#3519=AXIS2_PLACEMENT_3D('',#3516,#3517,#3518);
#3520=PLANE('',#3519);
#3521=CARTESIAN_POINT('',(50.01278543,-30.668114681,17.256467488));
#3522=VERTEX_POINT('',#3521);
#3523=CARTESIAN_POINT('',(44.76278543,-30.668114681,17.256467488));
#3524=DIRECTION('',(1.,0.,0.));
#3525=VECTOR('',#3524,5.25);
#3526=LINE('',#3523,#3525);
#3527=EDGE_CURVE('',#2825,#3522,#3526,.T.);
#3528=ORIENTED_EDGE('',*,*,#3527,.T.);
#3529=CARTESIAN_POINT('',(50.01278543,-30.668114681,18.256467488));
#3530=DIRECTION('',(0.,-1.,0.));
#3531=DIRECTION('',(-1.,-0.,-0.));
#3532=AXIS2_PLACEMENT_3D('',#3529,#3530,#3531);
#3533=CIRCLE('',#3532,1.);
#3534=EDGE_CURVE('',#3522,#1931,#3533,.T.);
#3535=ORIENTED_EDGE('',*,*,#3534,.T.);
#3536=ORIENTED_EDGE('',*,*,#1936,.T.);
#3537=CARTESIAN_POINT('',(51.41278543,-30.668114681,26.206468377));
#3538=DIRECTION('',(-1.,-0.,-0.));
#3539=VECTOR('',#3538,0.4);
#3540=LINE('',#3537,#3539);
#3541=EDGE_CURVE('',#2428,#1923,#3540,.T.);
#3542=ORIENTED_EDGE('',*,*,#3541,.F.);
#3543=ORIENTED_EDGE('',*,*,#2433,.F.);
#3544=CARTESIAN_POINT('',(50.01278543,-30.668114681,18.256467488));
#3545=DIRECTION('',(-0.,1.,-0.));
#3546=DIRECTION('',(0.,0.,1.));
#3547=AXIS2_PLACEMENT_3D('',#3544,#3545,#3546);
#3548=CIRCLE('',#3547,1.4);
#3549=EDGE_CURVE('',#2420,#2604,#3548,.T.);
#3550=ORIENTED_EDGE('',*,*,#3549,.T.);
#3551=ORIENTED_EDGE('',*,*,#2609,.T.);
#3552=ORIENTED_EDGE('',*,*,#2836,.F.);
#3553=EDGE_LOOP('',(#3528,#3535,#3536,#3542,#3543,#3550,#3551,#3552));
#3554=FACE_BOUND('',#3553,.T.);
#3555=ADVANCED_FACE('',(#3554),#3520,.T.);
#3556=CARTESIAN_POINT('',(52.31278543,-55.430832487,30.456468377));
#3557=DIRECTION('',(-1.,0.,-0.));
#3558=DIRECTION('',(-0.,-1.,0.));
#3559=AXIS2_PLACEMENT_3D('',#3556,#3557,#3558);
#3560=PLANE('',#3559);
#3561=CARTESIAN_POINT('',(52.31278543,-33.281788533,40.606469212));
#3562=VERTEX_POINT('',#3561);
#3563=CARTESIAN_POINT('',(52.31278543,-34.573209899,39.315047846));
#3564=VERTEX_POINT('',#3563);
#3565=CARTESIAN_POINT('',(52.31278543,-34.573209899,40.606469212));
#3566=DIRECTION('',(-1.,0.,-0.));
#3567=DIRECTION('',(-0.,-1.,0.));
#3568=AXIS2_PLACEMENT_3D('',#3565,#3566,#3567);
#3569=CIRCLE('',#3568,1.291421366);
#3570=EDGE_CURVE('',#3562,#3564,#3569,.T.);
#3571=ORIENTED_EDGE('',*,*,#3570,.T.);
#3572=CARTESIAN_POINT('',(52.31278543,-40.368114681,39.315047846));
#3573=VERTEX_POINT('',#3572);
#3574=CARTESIAN_POINT('',(52.31278543,-34.573209899,39.315047846));
#3575=DIRECTION('',(-0.,-1.,0.));
#3576=VECTOR('',#3575,5.794904782);
#3577=LINE('',#3574,#3576);
#3578=EDGE_CURVE('',#3564,#3573,#3577,.T.);
#3579=ORIENTED_EDGE('',*,*,#3578,.T.);
#3580=CARTESIAN_POINT('',(52.31278543,-40.368114681,19.256467488));
#3581=VERTEX_POINT('',#3580);
#3582=CARTESIAN_POINT('',(52.31278543,-40.368114681,39.315047846));
#3583=DIRECTION('',(0.,-0.,-1.));
#3584=VECTOR('',#3583,20.058580359);
#3585=LINE('',#3582,#3584);
#3586=EDGE_CURVE('',#3573,#3581,#3585,.T.);
#3587=ORIENTED_EDGE('',*,*,#3586,.T.);
#3588=CARTESIAN_POINT('',(52.31278543,-39.368114681,18.256467488));
#3589=VERTEX_POINT('',#3588);
#3590=CARTESIAN_POINT('',(52.31278543,-39.368114681,19.256467488));
#3591=DIRECTION('',(1.,-0.,0.));
#3592=DIRECTION('',(-0.,-1.,0.));
#3593=AXIS2_PLACEMENT_3D('',#3590,#3591,#3592);
#3594=CIRCLE('',#3593,1.);
#3595=EDGE_CURVE('',#3581,#3589,#3594,.T.);
#3596=ORIENTED_EDGE('',*,*,#3595,.T.);
#3597=CARTESIAN_POINT('',(52.31278543,-29.668114681,18.256467488));
#3598=VERTEX_POINT('',#3597);
#3599=CARTESIAN_POINT('',(52.31278543,-39.368114681,18.256467488));
#3600=DIRECTION('',(0.,1.,-0.));
#3601=VECTOR('',#3600,9.7);
#3602=LINE('',#3599,#3601);
#3603=EDGE_CURVE('',#3589,#3598,#3602,.T.);
#3604=ORIENTED_EDGE('',*,*,#3603,.T.);
#3605=CARTESIAN_POINT('',(52.31278543,-29.668114681,41.656469266));
#3606=VERTEX_POINT('',#3605);
#3607=CARTESIAN_POINT('',(52.31278543,-29.668114681,18.256467488));
#3608=DIRECTION('',(-0.,0.,1.));
#3609=VECTOR('',#3608,23.400001778);
#3610=LINE('',#3607,#3609);
#3611=EDGE_CURVE('',#3598,#3606,#3610,.T.);
#3612=ORIENTED_EDGE('',*,*,#3611,.T.);
#3613=CARTESIAN_POINT('',(52.31278543,-33.342084761,41.656469266));
#3614=VERTEX_POINT('',#3613);
#3615=CARTESIAN_POINT('',(52.31278543,-29.668114681,41.656469266));
#3616=DIRECTION('',(-0.,-1.,0.));
#3617=VECTOR('',#3616,3.67397008);
#3618=LINE('',#3615,#3617);
#3619=EDGE_CURVE('',#3606,#3614,#3618,.T.);
#3620=ORIENTED_EDGE('',*,*,#3619,.T.);
#3621=CARTESIAN_POINT('',(52.31278543,-33.281788534,41.266469219));
#3622=VERTEX_POINT('',#3621);
#3623=CARTESIAN_POINT('',(52.31278543,-34.573209899,41.266469219));
#3624=DIRECTION('',(-1.,0.,-0.));
#3625=DIRECTION('',(-0.,-1.,0.));
#3626=AXIS2_PLACEMENT_3D('',#3623,#3624,#3625);
#3627=CIRCLE('',#3626,1.291421365);
#3628=EDGE_CURVE('',#3614,#3622,#3627,.T.);
#3629=ORIENTED_EDGE('',*,*,#3628,.T.);
#3630=CARTESIAN_POINT('',(52.31278543,-33.281788533,41.266469219));
#3631=DIRECTION('',(0.,-0.,-1.));
#3632=VECTOR('',#3631,0.660000007);
#3633=LINE('',#3630,#3632);
#3634=EDGE_CURVE('',#3622,#3562,#3633,.T.);
#3635=ORIENTED_EDGE('',*,*,#3634,.T.);
#3636=EDGE_LOOP('',(#3571,#3579,#3587,#3596,#3604,#3612,#3620,#3629,#3635));
#3637=FACE_BOUND('',#3636,.T.);
#3638=ADVANCED_FACE('',(#3637),#3560,.F.);
#3639=CARTESIAN_POINT('',(51.01278543,-49.230832487,30.456468377));
#3640=DIRECTION('',(1.,-0.,0.));
#3641=DIRECTION('',(0.,1.,-0.));
#3642=AXIS2_PLACEMENT_3D('',#3639,#3640,#3641);
#3643=PLANE('',#3642);
#3644=CARTESIAN_POINT('',(51.01278543,-42.363209973,40.506469215));
#3645=VERTEX_POINT('',#3644);
#3646=CARTESIAN_POINT('',(51.01278543,-41.113209961,39.256469266));
#3647=VERTEX_POINT('',#3646);
#3648=CARTESIAN_POINT('',(51.01278543,-41.113209961,40.506469215));
#3649=DIRECTION('',(1.,-0.,0.));
#3650=DIRECTION('',(0.,1.,-0.));
#3651=AXIS2_PLACEMENT_3D('',#3648,#3649,#3650);
#3652=CIRCLE('',#3651,1.250000013);
#3653=EDGE_CURVE('',#3645,#3647,#3652,.T.);
#3654=ORIENTED_EDGE('',*,*,#3653,.T.);
#3655=CARTESIAN_POINT('',(51.01278543,-41.113209961,39.256469266));
#3656=DIRECTION('',(-0.,-1.,0.));
#3657=VECTOR('',#3656,3.05490472);
#3658=LINE('',#3655,#3657);
#3659=EDGE_CURVE('',#3647,#783,#3658,.T.);
#3660=ORIENTED_EDGE('',*,*,#3659,.T.);
#3661=ORIENTED_EDGE('',*,*,#788,.T.);
#3662=CARTESIAN_POINT('',(51.01278543,-42.329104694,41.656469266));
#3663=VERTEX_POINT('',#3662);
#3664=CARTESIAN_POINT('',(51.01278543,-44.168114681,41.656469266));
#3665=DIRECTION('',(0.,1.,-0.));
#3666=VECTOR('',#3665,1.839009987);
#3667=LINE('',#3664,#3666);
#3668=EDGE_CURVE('',#774,#3663,#3667,.T.);
#3669=ORIENTED_EDGE('',*,*,#3668,.T.);
#3670=CARTESIAN_POINT('',(51.01278543,-42.363209973,41.366469216));
#3671=VERTEX_POINT('',#3670);
#3672=CARTESIAN_POINT('',(51.01278543,-41.113209961,41.366469216));
#3673=DIRECTION('',(1.,-0.,0.));
#3674=DIRECTION('',(0.,1.,-0.));
#3675=AXIS2_PLACEMENT_3D('',#3672,#3673,#3674);
#3676=CIRCLE('',#3675,1.250000013);
#3677=EDGE_CURVE('',#3663,#3671,#3676,.T.);
#3678=ORIENTED_EDGE('',*,*,#3677,.T.);
#3679=CARTESIAN_POINT('',(51.01278543,-42.363209973,41.366469216));
#3680=DIRECTION('',(0.,-0.,-1.));
#3681=VECTOR('',#3680,0.860000001);
#3682=LINE('',#3679,#3681);
#3683=EDGE_CURVE('',#3671,#3645,#3682,.T.);
#3684=ORIENTED_EDGE('',*,*,#3683,.T.);
#3685=EDGE_LOOP('',(#3654,#3660,#3661,#3669,#3678,#3684));
#3686=FACE_BOUND('',#3685,.T.);
#3687=ADVANCED_FACE('',(#3686),#3643,.F.);
#3688=CARTESIAN_POINT('',(25.01278543,-49.230832487,17.256467488));
#3689=DIRECTION('',(0.,-0.,-1.));
#3690=DIRECTION('',(-1.,0.,-0.));
#3691=AXIS2_PLACEMENT_3D('',#3688,#3689,#3690);
#3692=PLANE('',#3691);
#3693=CARTESIAN_POINT('',(10.26278543,-33.368114681,17.25646571));
#3694=VERTEX_POINT('',#3693);
#3695=CARTESIAN_POINT('',(6.26278543,-33.368114681,17.25646571));
#3696=VERTEX_POINT('',#3695);
#3697=CARTESIAN_POINT('',(10.26278543,-33.368114681,17.25646571));
#3698=DIRECTION('',(-1.,0.,-0.));
#3699=VECTOR('',#3698,4.);
#3700=LINE('',#3697,#3699);
#3701=EDGE_CURVE('',#3694,#3696,#3700,.T.);
#3702=ORIENTED_EDGE('',*,*,#3701,.T.);
#3703=CARTESIAN_POINT('',(6.26278543,-32.368114681,17.256467488));
#3704=DIRECTION('',(0.,-0.,-1.));
#3705=DIRECTION('',(-1.,0.,-0.));
#3706=AXIS2_PLACEMENT_3D('',#3703,#3704,#3705);
#3707=CIRCLE('',#3706,1.);
#3708=EDGE_CURVE('',#3696,#2953,#3707,.T.);
#3709=ORIENTED_EDGE('',*,*,#3708,.T.);
#3710=ORIENTED_EDGE('',*,*,#2960,.T.);
#3711=ORIENTED_EDGE('',*,*,#3028,.F.);
#3712=CARTESIAN_POINT('',(0.01278543,-39.368114681,17.256467488));
#3713=VERTEX_POINT('',#3712);
#3714=CARTESIAN_POINT('',(0.01278543,-30.668114681,17.256467488));
#3715=DIRECTION('',(-0.,-1.,0.));
#3716=VECTOR('',#3715,8.7);
#3717=LINE('',#3714,#3716);
#3718=EDGE_CURVE('',#3016,#3713,#3717,.T.);
#3719=ORIENTED_EDGE('',*,*,#3718,.T.);
#3720=CARTESIAN_POINT('',(50.01278543,-39.368114681,17.256467488));
#3721=VERTEX_POINT('',#3720);
#3722=CARTESIAN_POINT('',(0.01278543,-39.368114681,17.256467488));
#3723=DIRECTION('',(1.,-0.,0.));
#3724=VECTOR('',#3723,50.);
#3725=LINE('',#3722,#3724);
#3726=EDGE_CURVE('',#3713,#3721,#3725,.T.);
#3727=ORIENTED_EDGE('',*,*,#3726,.T.);
#3728=CARTESIAN_POINT('',(50.01278543,-39.368114681,17.256467488));
#3729=DIRECTION('',(0.,1.,-0.));
#3730=VECTOR('',#3729,8.7);
#3731=LINE('',#3728,#3730);
#3732=EDGE_CURVE('',#3721,#3522,#3731,.T.);
#3733=ORIENTED_EDGE('',*,*,#3732,.T.);
#3734=ORIENTED_EDGE('',*,*,#3527,.F.);
#3735=ORIENTED_EDGE('',*,*,#2830,.F.);
#3736=CARTESIAN_POINT('',(43.76278543,-33.368114681,17.25646571));
#3737=VERTEX_POINT('',#3736);
#3738=CARTESIAN_POINT('',(43.76278543,-32.368114681,17.256467488));
#3739=DIRECTION('',(0.,-0.,-1.));
#3740=DIRECTION('',(-1.,0.,-0.));
#3741=AXIS2_PLACEMENT_3D('',#3738,#3739,#3740);
#3742=CIRCLE('',#3741,1.);
#3743=EDGE_CURVE('',#2817,#3737,#3742,.T.);
#3744=ORIENTED_EDGE('',*,*,#3743,.T.);
#3745=CARTESIAN_POINT('',(39.76278543,-33.368114681,17.25646571));
#3746=VERTEX_POINT('',#3745);
#3747=CARTESIAN_POINT('',(39.76278543,-33.368114681,17.25646571));
#3748=DIRECTION('',(1.,0.,0.));
#3749=VECTOR('',#3748,4.);
#3750=LINE('',#3747,#3749);
#3751=EDGE_CURVE('',#3746,#3737,#3750,.T.);
#3752=ORIENTED_EDGE('',*,*,#3751,.F.);
#3753=CARTESIAN_POINT('',(39.76278543,-32.368114681,17.256467488));
#3754=DIRECTION('',(0.,-0.,-1.));
#3755=DIRECTION('',(-1.,0.,-0.));
#3756=AXIS2_PLACEMENT_3D('',#3753,#3754,#3755);
#3757=CIRCLE('',#3756,1.);
#3758=EDGE_CURVE('',#3746,#2785,#3757,.T.);
#3759=ORIENTED_EDGE('',*,*,#3758,.T.);
#3760=ORIENTED_EDGE('',*,*,#2792,.T.);
#3761=ORIENTED_EDGE('',*,*,#3147,.F.);
#3762=ORIENTED_EDGE('',*,*,#2892,.F.);
#3763=CARTESIAN_POINT('',(27.51278543,-33.368114681,17.25646571));
#3764=VERTEX_POINT('',#3763);
#3765=CARTESIAN_POINT('',(27.51278543,-32.368114681,17.256467488));
#3766=DIRECTION('',(0.,-0.,-1.));
#3767=DIRECTION('',(-1.,0.,-0.));
#3768=AXIS2_PLACEMENT_3D('',#3765,#3766,#3767);
#3769=CIRCLE('',#3768,1.);
#3770=EDGE_CURVE('',#2879,#3764,#3769,.T.);
#3771=ORIENTED_EDGE('',*,*,#3770,.T.);
#3772=CARTESIAN_POINT('',(23.51278543,-33.368114681,17.25646571));
#3773=VERTEX_POINT('',#3772);
#3774=CARTESIAN_POINT('',(27.51278543,-33.368114681,17.25646571));
#3775=DIRECTION('',(-1.,0.,-0.));
#3776=VECTOR('',#3775,4.);
#3777=LINE('',#3774,#3776);
#3778=EDGE_CURVE('',#3764,#3773,#3777,.T.);
#3779=ORIENTED_EDGE('',*,*,#3778,.T.);
#3780=CARTESIAN_POINT('',(23.51278543,-32.368114681,17.256467488));
#3781=DIRECTION('',(0.,-0.,-1.));
#3782=DIRECTION('',(-1.,0.,-0.));
#3783=AXIS2_PLACEMENT_3D('',#3780,#3781,#3782);
#3784=CIRCLE('',#3783,1.);
#3785=EDGE_CURVE('',#3773,#2847,#3784,.T.);
#3786=ORIENTED_EDGE('',*,*,#3785,.T.);
#3787=ORIENTED_EDGE('',*,*,#2854,.T.);
#3788=ORIENTED_EDGE('',*,*,#3130,.F.);
#3789=ORIENTED_EDGE('',*,*,#2998,.F.);
#3790=CARTESIAN_POINT('',(10.26278543,-32.368114681,17.256467488));
#3791=DIRECTION('',(0.,-0.,-1.));
#3792=DIRECTION('',(-1.,0.,-0.));
#3793=AXIS2_PLACEMENT_3D('',#3790,#3791,#3792);
#3794=CIRCLE('',#3793,1.);
#3795=EDGE_CURVE('',#2985,#3694,#3794,.T.);
#3796=ORIENTED_EDGE('',*,*,#3795,.T.);
#3797=EDGE_LOOP('',(#3702,#3709,#3710,#3711,#3719,#3727,#3733,#3734,#3735,#3744,#3752,#3759,#3760,#3761,#3762,#3771,#3779,#3786,#3787,#3788,#3789,#3796));
#3798=FACE_BOUND('',#3797,.T.);
#3799=ADVANCED_FACE('',(#3798),#3692,.F.);
#3800=CARTESIAN_POINT('',(0.5,-29.668114681,38.256467488));
#3801=DIRECTION('',(-0.,1.,-0.));
#3802=DIRECTION('',(1.,0.,0.));
#3803=AXIS2_PLACEMENT_3D('',#3800,#3801,#3802);
#3804=PLANE('',#3803);
#3805=ORIENTED_EDGE('',*,*,#492,.T.);
#3806=CARTESIAN_POINT('',(-1.38721457,-29.668114681,40.756469266));
#3807=DIRECTION('',(-1.,-0.,-0.));
#3808=VECTOR('',#3807,0.9);
#3809=LINE('',#3806,#3808);
#3810=EDGE_CURVE('',#477,#454,#3809,.T.);
#3811=ORIENTED_EDGE('',*,*,#3810,.T.);
#3812=ORIENTED_EDGE('',*,*,#459,.F.);
#3813=ORIENTED_EDGE('',*,*,#643,.T.);
#3814=ORIENTED_EDGE('',*,*,#1519,.F.);
#3815=CARTESIAN_POINT('',(8.91278543,-29.668114681,43.656469266));
#3816=VERTEX_POINT('',#3815);
#3817=CARTESIAN_POINT('',(8.91278543,-29.668114681,43.956469266));
#3818=DIRECTION('',(0.,-1.,0.));
#3819=DIRECTION('',(0.,0.,1.));
#3820=AXIS2_PLACEMENT_3D('',#3817,#3818,#3819);
#3821=CIRCLE('',#3820,0.3);
#3822=EDGE_CURVE('',#1508,#3816,#3821,.T.);
#3823=ORIENTED_EDGE('',*,*,#3822,.T.);
#3824=CARTESIAN_POINT('',(9.647100005,-29.668114681,43.656469266));
#3825=VERTEX_POINT('',#3824);
#3826=CARTESIAN_POINT('',(9.647100005,-29.668114681,43.656469266));
#3827=DIRECTION('',(-1.,-0.,-0.));
#3828=VECTOR('',#3827,0.734314575);
#3829=LINE('',#3826,#3828);
#3830=EDGE_CURVE('',#3825,#3816,#3829,.T.);
#3831=ORIENTED_EDGE('',*,*,#3830,.F.);
#3832=CARTESIAN_POINT('',(10.21278543,-29.668114681,44.056469266));
#3833=VERTEX_POINT('',#3832);
#3834=CARTESIAN_POINT('',(9.647100005,-29.668114681,43.656469266));
#3835=CARTESIAN_POINT('',(9.768896977,-29.668114681,43.656469266));
#3836=CARTESIAN_POINT('',(9.885483853,-29.668114681,43.707395166));
#3837=CARTESIAN_POINT('',(9.97878696,-29.668114681,43.783279085));
#3838=CARTESIAN_POINT('',(10.072090068,-29.668114681,43.859163004));
#3839=CARTESIAN_POINT('',(10.1431036,-29.668114681,43.957926742));
#3840=CARTESIAN_POINT('',(10.21278543,-29.668114681,44.056469266));
#3841=B_SPLINE_CURVE_WITH_KNOTS('',3,(#3834,#3835,#3836,#3837,#3838,#3839,#3840),.UNSPECIFIED.,.F.,.F.,(4,3,4),(0.,0.00036049,0.00072098),.UNSPECIFIED.);
#3842=EDGE_CURVE('',#3825,#3833,#3841,.T.);
#3843=ORIENTED_EDGE('',*,*,#3842,.T.);
#3844=CARTESIAN_POINT('',(10.21278543,-29.668114681,44.856469266));
#3845=VERTEX_POINT('',#3844);
#3846=CARTESIAN_POINT('',(10.21278543,-29.668114681,44.056469266));
#3847=DIRECTION('',(-0.,0.,1.));
#3848=VECTOR('',#3847,0.8);
#3849=LINE('',#3846,#3848);
#3850=EDGE_CURVE('',#3833,#3845,#3849,.T.);
#3851=ORIENTED_EDGE('',*,*,#3850,.T.);
#3852=CARTESIAN_POINT('',(39.81278543,-29.668114681,44.856469266));
#3853=VERTEX_POINT('',#3852);
#3854=CARTESIAN_POINT('',(10.21278543,-29.668114681,44.856469266));
#3855=DIRECTION('',(1.,0.,0.));
#3856=VECTOR('',#3855,29.6);
#3857=LINE('',#3854,#3856);
#3858=EDGE_CURVE('',#3845,#3853,#3857,.T.);
#3859=ORIENTED_EDGE('',*,*,#3858,.T.);
#3860=CARTESIAN_POINT('',(39.81278543,-29.668114681,44.056469266));
#3861=VERTEX_POINT('',#3860);
#3862=CARTESIAN_POINT('',(39.81278543,-29.668114681,44.856469266));
#3863=DIRECTION('',(0.,-0.,-1.));
#3864=VECTOR('',#3863,0.8);
#3865=LINE('',#3862,#3864);
#3866=EDGE_CURVE('',#3853,#3861,#3865,.T.);
#3867=ORIENTED_EDGE('',*,*,#3866,.T.);
#3868=CARTESIAN_POINT('',(40.378470855,-29.668114681,43.656469266));
#3869=VERTEX_POINT('',#3868);
#3870=CARTESIAN_POINT('',(39.81278543,-29.668114681,44.056469266));
#3871=CARTESIAN_POINT('',(39.882467259,-29.668114681,43.957926742));
#3872=CARTESIAN_POINT('',(39.953480791,-29.668114681,43.859163004));
#3873=CARTESIAN_POINT('',(40.046783899,-29.668114681,43.783279085));
#3874=CARTESIAN_POINT('',(40.140087006,-29.668114681,43.707395166));
#3875=CARTESIAN_POINT('',(40.256673882,-29.668114681,43.656469266));
#3876=CARTESIAN_POINT('',(40.378470855,-29.668114681,43.656469266));
#3877=B_SPLINE_CURVE_WITH_KNOTS('',3,(#3870,#3871,#3872,#3873,#3874,#3875,#3876),.UNSPECIFIED.,.F.,.F.,(4,3,4),(0.,0.00036049,0.00072098),.UNSPECIFIED.);
#3878=EDGE_CURVE('',#3861,#3869,#3877,.T.);
#3879=ORIENTED_EDGE('',*,*,#3878,.T.);
#3880=CARTESIAN_POINT('',(41.11278543,-29.668114681,43.656469266));
#3881=VERTEX_POINT('',#3880);
#3882=CARTESIAN_POINT('',(41.11278543,-29.668114681,43.656469266));
#3883=DIRECTION('',(-1.,-0.,-0.));
#3884=VECTOR('',#3883,0.734314575);
#3885=LINE('',#3882,#3884);
#3886=EDGE_CURVE('',#3881,#3869,#3885,.T.);
#3887=ORIENTED_EDGE('',*,*,#3886,.F.);
#3888=CARTESIAN_POINT('',(41.11278543,-29.668114681,43.956469266));
#3889=DIRECTION('',(0.,-1.,0.));
#3890=DIRECTION('',(0.,0.,1.));
#3891=AXIS2_PLACEMENT_3D('',#3888,#3889,#3890);
#3892=CIRCLE('',#3891,0.3);
#3893=EDGE_CURVE('',#3881,#1474,#3892,.T.);
#3894=ORIENTED_EDGE('',*,*,#3893,.T.);
#3895=ORIENTED_EDGE('',*,*,#1734,.F.);
#3896=CARTESIAN_POINT('',(50.01278543,-29.668114681,41.656469266));
#3897=DIRECTION('',(-0.,1.,-0.));
#3898=DIRECTION('',(-1.,-0.,-0.));
#3899=AXIS2_PLACEMENT_3D('',#3896,#3897,#3898);
#3900=CIRCLE('',#3899,2.3);
#3901=EDGE_CURVE('',#1723,#3606,#3900,.T.);
#3902=ORIENTED_EDGE('',*,*,#3901,.T.);
#3903=ORIENTED_EDGE('',*,*,#3611,.F.);
#3904=CARTESIAN_POINT('',(50.01278543,-29.668114681,18.256467488));
#3905=DIRECTION('',(-0.,1.,-0.));
#3906=DIRECTION('',(-1.,-0.,-0.));
#3907=AXIS2_PLACEMENT_3D('',#3904,#3905,#3906);
#3908=CIRCLE('',#3907,2.3);
#3909=EDGE_CURVE('',#3598,#1426,#3908,.T.);
#3910=ORIENTED_EDGE('',*,*,#3909,.T.);
#3911=ORIENTED_EDGE('',*,*,#1431,.F.);
#3912=CARTESIAN_POINT('',(41.11278543,-29.668114681,15.956467488));
#3913=DIRECTION('',(0.,-1.,0.));
#3914=DIRECTION('',(0.,0.,1.));
#3915=AXIS2_PLACEMENT_3D('',#3912,#3913,#3914);
#3916=CIRCLE('',#3915,0.3);
#3917=EDGE_CURVE('',#1418,#1275,#3916,.T.);
#3918=ORIENTED_EDGE('',*,*,#3917,.T.);
#3919=ORIENTED_EDGE('',*,*,#1280,.F.);
#3920=CARTESIAN_POINT('',(39.81278543,-29.668114681,15.856467488));
#3921=VERTEX_POINT('',#3920);
#3922=CARTESIAN_POINT('',(40.378470855,-29.668114681,16.256467488));
#3923=CARTESIAN_POINT('',(40.256673882,-29.668114681,16.256467488));
#3924=CARTESIAN_POINT('',(40.140087006,-29.668114681,16.205541588));
#3925=CARTESIAN_POINT('',(40.046783899,-29.668114681,16.129657669));
#3926=CARTESIAN_POINT('',(39.953480791,-29.668114681,16.05377375));
#3927=CARTESIAN_POINT('',(39.882467259,-29.668114681,15.955010012));
#3928=CARTESIAN_POINT('',(39.81278543,-29.668114681,15.856467488));
#3929=B_SPLINE_CURVE_WITH_KNOTS('',3,(#3922,#3923,#3924,#3925,#3926,#3927,#3928),.UNSPECIFIED.,.F.,.F.,(4,3,4),(0.,0.00036049,0.00072098),.UNSPECIFIED.);
#3930=EDGE_CURVE('',#1266,#3921,#3929,.T.);
#3931=ORIENTED_EDGE('',*,*,#3930,.T.);
#3932=CARTESIAN_POINT('',(39.81278543,-29.668114681,15.05646571));
#3933=VERTEX_POINT('',#3932);
#3934=CARTESIAN_POINT('',(39.81278543,-29.668114681,15.856467488));
#3935=DIRECTION('',(0.,-0.,-1.));
#3936=VECTOR('',#3935,0.800001778);
#3937=LINE('',#3934,#3936);
#3938=EDGE_CURVE('',#3921,#3933,#3937,.T.);
#3939=ORIENTED_EDGE('',*,*,#3938,.T.);
#3940=CARTESIAN_POINT('',(10.21278543,-29.668114681,15.05646571));
#3941=VERTEX_POINT('',#3940);
#3942=CARTESIAN_POINT('',(39.81278543,-29.668114681,15.05646571));
#3943=DIRECTION('',(-1.,-0.,-0.));
#3944=VECTOR('',#3943,29.6);
#3945=LINE('',#3942,#3944);
#3946=EDGE_CURVE('',#3933,#3941,#3945,.T.);
#3947=ORIENTED_EDGE('',*,*,#3946,.T.);
#3948=CARTESIAN_POINT('',(10.21278543,-29.668114681,15.856467488));
#3949=VERTEX_POINT('',#3948);
#3950=CARTESIAN_POINT('',(10.21278543,-29.668114681,15.05646571));
#3951=DIRECTION('',(-0.,0.,1.));
#3952=VECTOR('',#3951,0.800001778);
#3953=LINE('',#3950,#3952);
#3954=EDGE_CURVE('',#3941,#3949,#3953,.T.);
#3955=ORIENTED_EDGE('',*,*,#3954,.T.);
#3956=CARTESIAN_POINT('',(10.21278543,-29.668114681,15.856467488));
#3957=CARTESIAN_POINT('',(10.1431036,-29.668114681,15.955010012));
#3958=CARTESIAN_POINT('',(10.072090068,-29.668114681,16.05377375));
#3959=CARTESIAN_POINT('',(9.97878696,-29.668114681,16.129657669));
#3960=CARTESIAN_POINT('',(9.885483853,-29.668114681,16.205541588));
#3961=CARTESIAN_POINT('',(9.768896977,-29.668114681,16.256467488));
#3962=CARTESIAN_POINT('',(9.647100005,-29.668114681,16.256467488));
#3963=B_SPLINE_CURVE_WITH_KNOTS('',3,(#3956,#3957,#3958,#3959,#3960,#3961,#3962),.UNSPECIFIED.,.F.,.F.,(4,3,4),(0.,0.00036049,0.00072098),.UNSPECIFIED.);
#3964=EDGE_CURVE('',#3949,#1325,#3963,.T.);
#3965=ORIENTED_EDGE('',*,*,#3964,.T.);
#3966=ORIENTED_EDGE('',*,*,#1330,.F.);
#3967=CARTESIAN_POINT('',(8.91278543,-29.668114681,15.956467488));
#3968=DIRECTION('',(0.,-1.,0.));
#3969=DIRECTION('',(0.,0.,1.));
#3970=AXIS2_PLACEMENT_3D('',#3967,#3968,#3969);
#3971=CIRCLE('',#3970,0.3);
#3972=EDGE_CURVE('',#1317,#1384,#3971,.T.);
#3973=ORIENTED_EDGE('',*,*,#3972,.T.);
#3974=ORIENTED_EDGE('',*,*,#1461,.F.);
#3975=CARTESIAN_POINT('',(0.01278543,-29.668114681,18.256467488));
#3976=DIRECTION('',(-0.,1.,-0.));
#3977=DIRECTION('',(-1.,-0.,-0.));
#3978=AXIS2_PLACEMENT_3D('',#3975,#3976,#3977);
#3979=CIRCLE('',#3978,2.3);
#3980=EDGE_CURVE('',#1450,#397,#3979,.T.);
#3981=ORIENTED_EDGE('',*,*,#3980,.T.);
#3982=ORIENTED_EDGE('',*,*,#402,.F.);
#3983=CARTESIAN_POINT('',(-1.38721457,-29.668114681,38.256469266));
#3984=DIRECTION('',(-1.,-0.,-0.));
#3985=VECTOR('',#3984,0.9);
#3986=LINE('',#3983,#3985);
#3987=EDGE_CURVE('',#1964,#389,#3986,.T.);
#3988=ORIENTED_EDGE('',*,*,#3987,.F.);
#3989=ORIENTED_EDGE('',*,*,#2041,.T.);
#3990=CARTESIAN_POINT('',(0.01278543,-29.668114681,18.256467488));
#3991=DIRECTION('',(-0.,1.,-0.));
#3992=DIRECTION('',(0.,0.,1.));
#3993=AXIS2_PLACEMENT_3D('',#3990,#3991,#3992);
#3994=CIRCLE('',#3993,1.4);
#3995=EDGE_CURVE('',#2620,#2030,#3994,.T.);
#3996=ORIENTED_EDGE('',*,*,#3995,.F.);
#3997=ORIENTED_EDGE('',*,*,#2625,.F.);
#3998=CARTESIAN_POINT('',(50.01278543,-29.668114681,18.256467488));
#3999=DIRECTION('',(-0.,1.,-0.));
#4000=DIRECTION('',(0.,0.,1.));
#4001=AXIS2_PLACEMENT_3D('',#3998,#3999,#4000);
#4002=CIRCLE('',#4001,1.4);
#4003=EDGE_CURVE('',#2412,#2612,#4002,.T.);
#4004=ORIENTED_EDGE('',*,*,#4003,.F.);
#4005=ORIENTED_EDGE('',*,*,#2417,.T.);
#4006=CARTESIAN_POINT('',(50.01278543,-29.668114681,41.656469266));
#4007=DIRECTION('',(-0.,1.,-0.));
#4008=DIRECTION('',(0.,0.,1.));
#4009=AXIS2_PLACEMENT_3D('',#4006,#4007,#4008);
#4010=CIRCLE('',#4009,1.4);
#4011=EDGE_CURVE('',#2120,#2404,#4010,.T.);
#4012=ORIENTED_EDGE('',*,*,#4011,.F.);
#4013=ORIENTED_EDGE('',*,*,#2125,.T.);
#4014=CARTESIAN_POINT('',(0.01278543,-29.668114681,41.656469266));
#4015=DIRECTION('',(-0.,1.,-0.));
#4016=DIRECTION('',(0.,0.,1.));
#4017=AXIS2_PLACEMENT_3D('',#4014,#4015,#4016);
#4018=CIRCLE('',#4017,1.4);
#4019=EDGE_CURVE('',#487,#2112,#4018,.T.);
#4020=ORIENTED_EDGE('',*,*,#4019,.F.);
#4021=EDGE_LOOP('',(#3805,#3811,#3812,#3813,#3814,#3823,#3831,#3843,#3851,#3859,#3867,#3879,#3887,#3894,#3895,#3902,#3903,#3910,#3911,#3918,#3919,#3931,#3939,#3947,#3955,#3965,
#3966,#3973,#3974,#3981,#3982,#3988,#3989,#3996,#3997,#4004,#4005,#4012,#4013,#4020));
#4022=FACE_BOUND('',#4021,.T.);
#4023=ADVANCED_FACE('',(#4022),#3804,.T.);
#4024=CARTESIAN_POINT('',(50.01278543,-49.230832487,41.656469266));
#4025=DIRECTION('',(0.,1.,-0.));
#4026=DIRECTION('',(-1.,0.,-0.));
#4027=AXIS2_PLACEMENT_3D('',#4024,#4025,#4026);
#4028=CYLINDRICAL_SURFACE('',#4027,1.);
#4029=ORIENTED_EDGE('',*,*,#1878,.F.);
#4030=CARTESIAN_POINT('',(50.40278543,-34.162682458,42.577284122));
#4031=VERTEX_POINT('',#4030);
#4032=CARTESIAN_POINT('',(51.01278543,-33.257315169,41.656469266));
#4033=CARTESIAN_POINT('',(51.01278543,-33.272085502,41.71839743));
#4034=CARTESIAN_POINT('',(51.00709621,-33.291223652,41.777831438));
#4035=CARTESIAN_POINT('',(50.996709341,-33.314363448,41.835057443));
#4036=CARTESIAN_POINT('',(50.986322471,-33.337503243,41.892283448));
#4037=CARTESIAN_POINT('',(50.970995117,-33.36498927,41.947818291));
#4038=CARTESIAN_POINT('',(50.952040095,-33.395466381,41.999690294));
#4039=CARTESIAN_POINT('',(50.914130051,-33.456420601,42.1034343));
#4040=CARTESIAN_POINT('',(50.86150087,-33.529935445,42.194075823));
#4041=CARTESIAN_POINT('',(50.802175844,-33.609798008,42.270360765));
#4042=CARTESIAN_POINT('',(50.742850818,-33.689660571,42.346645708));
#4043=CARTESIAN_POINT('',(50.676721891,-33.775776383,42.409194218));
#4044=CARTESIAN_POINT('',(50.607536623,-33.868345288,42.460379098));
#4045=CARTESIAN_POINT('',(50.538351355,-33.960914193,42.511563977));
#4046=CARTESIAN_POINT('',(50.466837019,-34.056903333,42.550155846));
#4047=CARTESIAN_POINT('',(50.40278543,-34.162682458,42.577284122));
#4048=B_SPLINE_CURVE_WITH_KNOTS('',3,(#4032,#4033,#4034,#4035,#4036,#4037,#4038,#4039,#4040,#4041,#4042,#4043,#4044,#4045,#4046,#4047),.UNSPECIFIED.,.F.,.F.,(4,3,3,3,3,4),(0.,0.000187659,0.000375318,0.000750636,0.001125955,0.001501273),.UNSPECIFIED.);
#4049=EDGE_CURVE('',#1864,#4031,#4048,.T.);
#4050=ORIENTED_EDGE('',*,*,#4049,.T.);
#4051=CARTESIAN_POINT('',(50.40278543,-41.423737405,42.577284122));
#4052=VERTEX_POINT('',#4051);
#4053=CARTESIAN_POINT('',(50.40278543,-41.423737405,42.577284122));
#4054=DIRECTION('',(0.,1.,-0.));
#4055=VECTOR('',#4054,7.261054947);
#4056=LINE('',#4053,#4055);
#4057=EDGE_CURVE('',#4052,#4031,#4056,.T.);
#4058=ORIENTED_EDGE('',*,*,#4057,.F.);
#4059=CARTESIAN_POINT('',(50.40278543,-41.423737405,42.577284122));
#4060=CARTESIAN_POINT('',(50.466858382,-41.52955181,42.550146798));
#4061=CARTESIAN_POINT('',(50.53811849,-41.625168206,42.511642835));
#4062=CARTESIAN_POINT('',(50.6068187,-41.717113905,42.460909739));
#4063=CARTESIAN_POINT('',(50.67551891,-41.809059604,42.410176642));
#4064=CARTESIAN_POINT('',(50.742755258,-41.896636878,42.346714628));
#4065=CARTESIAN_POINT('',(50.8019649,-41.976337899,42.270631919));
#4066=CARTESIAN_POINT('',(50.861174541,-42.056038921,42.19454921));
#4067=CARTESIAN_POINT('',(50.913958933,-42.12978688,42.103602533));
#4068=CARTESIAN_POINT('',(50.951719034,-42.190437526,42.000567634));
#4069=CARTESIAN_POINT('',(50.989479134,-42.251088172,41.897532736));
#4070=CARTESIAN_POINT('',(51.01278543,-42.299581604,41.780251898));
#4071=CARTESIAN_POINT('',(51.01278543,-42.329104694,41.656469266));
#4072=B_SPLINE_CURVE_WITH_KNOTS('',3,(#4059,#4060,#4061,#4062,#4063,#4064,#4065,#4066,#4067,#4068,#4069,#4070,#4071),.UNSPECIFIED.,.F.,.F.,(4,3,3,3,4),(0.,0.000375565,0.000751129,0.001126694,0.001502258),.UNSPECIFIED.);
#4073=EDGE_CURVE('',#4052,#3663,#4072,.T.);
#4074=ORIENTED_EDGE('',*,*,#4073,.T.);
#4075=ORIENTED_EDGE('',*,*,#3668,.F.);
#4076=ORIENTED_EDGE('',*,*,#780,.F.);
#4077=ORIENTED_EDGE('',*,*,#1160,.F.);
#4078=ORIENTED_EDGE('',*,*,#3072,.F.);
#4079=EDGE_LOOP('',(#4029,#4050,#4058,#4074,#4075,#4076,#4077,#4078));
#4080=FACE_BOUND('',#4079,.T.);
#4081=ADVANCED_FACE('',(#4080),#4028,.F.);
#4082=CARTESIAN_POINT('',(0.01278543,-49.230832487,41.656469266));
#4083=DIRECTION('',(0.,1.,-0.));
#4084=DIRECTION('',(-1.,0.,-0.));
#4085=AXIS2_PLACEMENT_3D('',#4082,#4083,#4084);
#4086=CYLINDRICAL_SURFACE('',#4085,1.);
#4087=ORIENTED_EDGE('',*,*,#565,.F.);
#4088=ORIENTED_EDGE('',*,*,#1003,.F.);
#4089=ORIENTED_EDGE('',*,*,#886,.F.);
#4090=ORIENTED_EDGE('',*,*,#612,.F.);
#4091=EDGE_LOOP('',(#4087,#4088,#4089,#4090));
#4092=FACE_BOUND('',#4091,.T.);
#4093=ADVANCED_FACE('',(#4092),#4086,.F.);
#4094=CARTESIAN_POINT('',(50.01278543,-49.230832487,18.256467488));
#4095=DIRECTION('',(0.,1.,-0.));
#4096=DIRECTION('',(-1.,0.,-0.));
#4097=AXIS2_PLACEMENT_3D('',#4094,#4095,#4096);
#4098=CYLINDRICAL_SURFACE('',#4097,1.);
#4099=ORIENTED_EDGE('',*,*,#3534,.F.);
#4100=ORIENTED_EDGE('',*,*,#3732,.F.);
#4101=CARTESIAN_POINT('',(50.01278543,-39.368114681,18.256467488));
#4102=DIRECTION('',(0.,1.,-0.));
#4103=DIRECTION('',(-0.,0.,1.));
#4104=AXIS2_PLACEMENT_3D('',#4101,#4102,#4103);
#4105=CIRCLE('',#4104,1.);
#4106=EDGE_CURVE('',#1939,#3721,#4105,.T.);
#4107=ORIENTED_EDGE('',*,*,#4106,.F.);
#4108=ORIENTED_EDGE('',*,*,#1944,.F.);
#4109=EDGE_LOOP('',(#4099,#4100,#4107,#4108));
#4110=FACE_BOUND('',#4109,.T.);
#4111=ADVANCED_FACE('',(#4110),#4098,.F.);
#4112=CARTESIAN_POINT('',(0.01278543,-49.230832487,18.256467488));
#4113=DIRECTION('',(0.,1.,-0.));
#4114=DIRECTION('',(-1.,0.,-0.));
#4115=AXIS2_PLACEMENT_3D('',#4112,#4113,#4114);
#4116=CYLINDRICAL_SURFACE('',#4115,1.);
#4117=ORIENTED_EDGE('',*,*,#3022,.F.);
#4118=ORIENTED_EDGE('',*,*,#288,.F.);
#4119=CARTESIAN_POINT('',(0.01278543,-39.368114681,18.256467488));
#4120=DIRECTION('',(-0.,-1.,0.));
#4121=DIRECTION('',(0.,-0.,-1.));
#4122=AXIS2_PLACEMENT_3D('',#4119,#4120,#4121);
#4123=CIRCLE('',#4122,1.);
#4124=EDGE_CURVE('',#274,#3713,#4123,.T.);
#4125=ORIENTED_EDGE('',*,*,#4124,.T.);
#4126=ORIENTED_EDGE('',*,*,#3718,.F.);
#4127=EDGE_LOOP('',(#4117,#4118,#4125,#4126));
#4128=FACE_BOUND('',#4127,.T.);
#4129=ADVANCED_FACE('',(#4128),#4116,.F.);
#4130=CARTESIAN_POINT('',(0.,-45.468114681,-0.));
#4131=DIRECTION('',(-0.,-1.,0.));
#4132=DIRECTION('',(1.,-0.,0.));
#4133=AXIS2_PLACEMENT_3D('',#4130,#4131,#4132);
#4134=PLANE('',#4133);
#4135=CARTESIAN_POINT('',(51.931047955,-45.468114681,42.222392303));
#4136=VERTEX_POINT('',#4135);
#4137=CARTESIAN_POINT('',(48.663932228,-45.468114681,37.556467488));
#4138=VERTEX_POINT('',#4137);
#4139=CARTESIAN_POINT('',(51.931047955,-45.468114681,42.222392303));
#4140=DIRECTION('',(-0.573576436,-0.,-0.819152044));
#4141=VECTOR('',#4140,5.696042446);
#4142=LINE('',#4139,#4141);
#4143=EDGE_CURVE('',#4136,#4138,#4142,.T.);
#4144=ORIENTED_EDGE('',*,*,#4143,.F.);
#4145=CARTESIAN_POINT('',(50.816995411,-45.468114681,43.487656396));
#4146=VERTEX_POINT('',#4145);
#4147=CARTESIAN_POINT('',(50.01278543,-45.468114681,41.656469266));
#4148=DIRECTION('',(-0.,-1.,0.));
#4149=DIRECTION('',(1.,-0.,0.));
#4150=AXIS2_PLACEMENT_3D('',#4147,#4148,#4149);
#4151=CIRCLE('',#4150,2.);
#4152=EDGE_CURVE('',#4136,#4146,#4151,.T.);
#4153=ORIENTED_EDGE('',*,*,#4152,.T.);
#4154=CARTESIAN_POINT('',(46.663932228,-45.468114681,37.556467488));
#4155=VERTEX_POINT('',#4154);
#4156=CARTESIAN_POINT('',(46.663932228,-45.468114681,37.556467488));
#4157=DIRECTION('',(0.573576436,0.,0.819152044));
#4158=VECTOR('',#4157,7.2406447);
#4159=LINE('',#4156,#4158);
#4160=EDGE_CURVE('',#4155,#4146,#4159,.T.);
#4161=ORIENTED_EDGE('',*,*,#4160,.F.);
#4162=CARTESIAN_POINT('',(46.663932228,-45.468114681,37.556467488));
#4163=DIRECTION('',(1.,-0.,0.));
#4164=VECTOR('',#4163,2.);
#4165=LINE('',#4162,#4164);
#4166=EDGE_CURVE('',#4155,#4138,#4165,.T.);
#4167=ORIENTED_EDGE('',*,*,#4166,.T.);
#4168=EDGE_LOOP('',(#4144,#4153,#4161,#4167));
#4169=FACE_BOUND('',#4168,.T.);
#4170=ADVANCED_FACE('',(#4169),#4134,.T.);
#4171=CARTESIAN_POINT('',(25.01278543,-45.168114681,37.256467488));
#4172=DIRECTION('',(0.,-0.707106781,-0.707106781));
#4173=DIRECTION('',(1.,-0.,0.));
#4174=AXIS2_PLACEMENT_3D('',#4171,#4172,#4173);
#4175=PLANE('',#4174);
#4176=CARTESIAN_POINT('',(48.453869966,-45.168114681,37.256467488));
#4177=VERTEX_POINT('',#4176);
#4178=CARTESIAN_POINT('',(48.663932228,-45.468114681,37.556467488));
#4179=DIRECTION('',(-0.443712606,0.633687274,-0.633687274));
#4180=VECTOR('',#4179,0.473419638);
#4181=LINE('',#4178,#4180);
#4182=EDGE_CURVE('',#4138,#4177,#4181,.T.);
#4183=ORIENTED_EDGE('',*,*,#4182,.F.);
#4184=ORIENTED_EDGE('',*,*,#4166,.F.);
#4185=CARTESIAN_POINT('',(46.453869966,-45.168114681,37.256467488));
#4186=VERTEX_POINT('',#4185);
#4187=CARTESIAN_POINT('',(46.453869966,-45.168114681,37.256467488));
#4188=DIRECTION('',(0.443712606,-0.633687274,0.633687274));
#4189=VECTOR('',#4188,0.473419638);
#4190=LINE('',#4187,#4189);
#4191=EDGE_CURVE('',#4186,#4155,#4190,.T.);
#4192=ORIENTED_EDGE('',*,*,#4191,.F.);
#4193=CARTESIAN_POINT('',(48.453869966,-45.168114681,37.256467488));
#4194=DIRECTION('',(-1.,0.,-0.));
#4195=VECTOR('',#4194,2.);
#4196=LINE('',#4193,#4195);
#4197=EDGE_CURVE('',#4177,#4186,#4196,.T.);
#4198=ORIENTED_EDGE('',*,*,#4197,.F.);
#4199=EDGE_LOOP('',(#4183,#4184,#4192,#4198));
#4200=FACE_BOUND('',#4199,.T.);
#4201=ADVANCED_FACE('',(#4200),#4175,.T.);
#4202=CARTESIAN_POINT('',(0.,-45.468114681,-0.));
#4203=DIRECTION('',(-0.,-1.,0.));
#4204=DIRECTION('',(1.,-0.,0.));
#4205=AXIS2_PLACEMENT_3D('',#4202,#4203,#4204);
#4206=PLANE('',#4205);
#4207=CARTESIAN_POINT('',(49.935199455,-45.468114681,43.656469266));
#4208=VERTEX_POINT('',#4207);
#4209=CARTESIAN_POINT('',(45.663932228,-45.468114681,37.556467488));
#4210=VERTEX_POINT('',#4209);
#4211=CARTESIAN_POINT('',(49.935199455,-45.468114681,43.656469266));
#4212=DIRECTION('',(-0.573576436,-0.,-0.819152044));
#4213=VECTOR('',#4212,7.446727161);
#4214=LINE('',#4211,#4213);
#4215=EDGE_CURVE('',#4208,#4210,#4214,.T.);
#4216=ORIENTED_EDGE('',*,*,#4215,.F.);
#4217=CARTESIAN_POINT('',(47.935199455,-45.468114681,43.656469266));
#4218=VERTEX_POINT('',#4217);
#4219=CARTESIAN_POINT('',(49.935199455,-45.468114681,43.656469266));
#4220=DIRECTION('',(-1.,0.,-0.));
#4221=VECTOR('',#4220,2.);
#4222=LINE('',#4219,#4221);
#4223=EDGE_CURVE('',#4208,#4218,#4222,.T.);
#4224=ORIENTED_EDGE('',*,*,#4223,.T.);
#4225=CARTESIAN_POINT('',(43.663932228,-45.468114681,37.556467488));
#4226=VERTEX_POINT('',#4225);
#4227=CARTESIAN_POINT('',(43.663932228,-45.468114681,37.556467488));
#4228=DIRECTION('',(0.573576436,0.,0.819152044));
#4229=VECTOR('',#4228,7.446727161);
#4230=LINE('',#4227,#4229);
#4231=EDGE_CURVE('',#4226,#4218,#4230,.T.);
#4232=ORIENTED_EDGE('',*,*,#4231,.F.);
#4233=CARTESIAN_POINT('',(43.663932228,-45.468114681,37.556467488));
#4234=DIRECTION('',(1.,-0.,0.));
#4235=VECTOR('',#4234,2.);
#4236=LINE('',#4233,#4235);
#4237=EDGE_CURVE('',#4226,#4210,#4236,.T.);
#4238=ORIENTED_EDGE('',*,*,#4237,.T.);
#4239=EDGE_LOOP('',(#4216,#4224,#4232,#4238));
#4240=FACE_BOUND('',#4239,.T.);
#4241=ADVANCED_FACE('',(#4240),#4206,.T.);
#4242=CARTESIAN_POINT('',(50.01278543,-45.468114681,41.656469266));
#4243=DIRECTION('',(0.,1.,-0.));
#4244=DIRECTION('',(-0.,0.,1.));
#4245=AXIS2_PLACEMENT_3D('',#4242,#4243,#4244);
#4246=CONICAL_SURFACE('',#4245,2.,45.);
#4247=CARTESIAN_POINT('',(50.142690902,-45.168114681,43.952797763));
#4248=VERTEX_POINT('',#4247);
#4249=CARTESIAN_POINT('',(50.01278543,-45.357310426,43.767273521));
#4250=VERTEX_POINT('',#4249);
#4251=CARTESIAN_POINT('',(50.142690902,-45.168114681,43.952797763));
#4252=CARTESIAN_POINT('',(50.099689442,-45.231857848,43.891385313));
#4253=CARTESIAN_POINT('',(50.056419354,-45.294994724,43.829589223));
#4254=CARTESIAN_POINT('',(50.01278543,-45.357310426,43.767273521));
#4255=B_SPLINE_CURVE_WITH_KNOTS('',3,(#4251,#4252,#4253,#4254),.UNSPECIFIED.,.F.,.F.,(4,4),(0.000001079,0.000295974),.UNSPECIFIED.);
#4256=EDGE_CURVE('',#4248,#4250,#4255,.T.);
#4257=ORIENTED_EDGE('',*,*,#4256,.F.);
#4258=CARTESIAN_POINT('',(50.01278543,-45.168114681,41.656469266));
#4259=DIRECTION('',(0.,1.,-0.));
#4260=DIRECTION('',(0.,-0.,-1.));
#4261=AXIS2_PLACEMENT_3D('',#4258,#4259,#4260);
#4262=CIRCLE('',#4261,2.3);
#4263=EDGE_CURVE('',#1715,#4248,#4262,.T.);
#4264=ORIENTED_EDGE('',*,*,#4263,.F.);
#4265=CARTESIAN_POINT('',(50.01278543,-45.357310426,43.767273521));
#4266=DIRECTION('',(-0.,0.707106781,0.707106781));
#4267=VECTOR('',#4266,0.267563188);
#4268=LINE('',#4265,#4267);
#4269=EDGE_CURVE('',#4250,#1715,#4268,.T.);
#4270=ORIENTED_EDGE('',*,*,#4269,.F.);
#4271=EDGE_LOOP('',(#4257,#4264,#4270));
#4272=FACE_BOUND('',#4271,.T.);
#4273=ADVANCED_FACE('',(#4272),#4246,.T.);
#4274=CARTESIAN_POINT('',(25.01278543,-45.168114681,37.256467488));
#4275=DIRECTION('',(0.,-0.707106781,-0.707106781));
#4276=DIRECTION('',(1.,-0.,0.));
#4277=AXIS2_PLACEMENT_3D('',#4274,#4275,#4276);
#4278=PLANE('',#4277);
#4279=CARTESIAN_POINT('',(45.453869966,-45.168114681,37.256467488));
#4280=VERTEX_POINT('',#4279);
#4281=CARTESIAN_POINT('',(45.663932228,-45.468114681,37.556467488));
#4282=DIRECTION('',(-0.443712606,0.633687274,-0.633687274));
#4283=VECTOR('',#4282,0.473419638);
#4284=LINE('',#4281,#4283);
#4285=EDGE_CURVE('',#4210,#4280,#4284,.T.);
#4286=ORIENTED_EDGE('',*,*,#4285,.F.);
#4287=ORIENTED_EDGE('',*,*,#4237,.F.);
#4288=CARTESIAN_POINT('',(43.453869966,-45.168114681,37.256467488));
#4289=VERTEX_POINT('',#4288);
#4290=CARTESIAN_POINT('',(43.453869966,-45.168114681,37.256467488));
#4291=DIRECTION('',(0.443712606,-0.633687274,0.633687274));
#4292=VECTOR('',#4291,0.473419638);
#4293=LINE('',#4290,#4292);
#4294=EDGE_CURVE('',#4289,#4226,#4293,.T.);
#4295=ORIENTED_EDGE('',*,*,#4294,.F.);
#4296=CARTESIAN_POINT('',(45.453869966,-45.168114681,37.256467488));
#4297=DIRECTION('',(-1.,0.,-0.));
#4298=VECTOR('',#4297,2.);
#4299=LINE('',#4296,#4298);
#4300=EDGE_CURVE('',#4280,#4289,#4299,.T.);
#4301=ORIENTED_EDGE('',*,*,#4300,.F.);
#4302=EDGE_LOOP('',(#4286,#4287,#4295,#4301));
#4303=FACE_BOUND('',#4302,.T.);
#4304=ADVANCED_FACE('',(#4303),#4278,.T.);
#4305=CARTESIAN_POINT('',(0.,-45.468114681,-0.));
#4306=DIRECTION('',(-0.,-1.,0.));
#4307=DIRECTION('',(1.,-0.,0.));
#4308=AXIS2_PLACEMENT_3D('',#4305,#4306,#4307);
#4309=PLANE('',#4308);
#4310=CARTESIAN_POINT('',(46.935199455,-45.468114681,43.656469266));
#4311=VERTEX_POINT('',#4310);
#4312=CARTESIAN_POINT('',(42.663932228,-45.468114681,37.556467488));
#4313=VERTEX_POINT('',#4312);
#4314=CARTESIAN_POINT('',(46.935199455,-45.468114681,43.656469266));
#4315=DIRECTION('',(-0.573576436,-0.,-0.819152044));
#4316=VECTOR('',#4315,7.446727161);
#4317=LINE('',#4314,#4316);
#4318=EDGE_CURVE('',#4311,#4313,#4317,.T.);
#4319=ORIENTED_EDGE('',*,*,#4318,.F.);
#4320=CARTESIAN_POINT('',(44.935199455,-45.468114681,43.656469266));
#4321=VERTEX_POINT('',#4320);
#4322=CARTESIAN_POINT('',(46.935199455,-45.468114681,43.656469266));
#4323=DIRECTION('',(-1.,0.,-0.));
#4324=VECTOR('',#4323,2.);
#4325=LINE('',#4322,#4324);
#4326=EDGE_CURVE('',#4311,#4321,#4325,.T.);
#4327=ORIENTED_EDGE('',*,*,#4326,.T.);
#4328=CARTESIAN_POINT('',(40.663932228,-45.468114681,37.556467488));
#4329=VERTEX_POINT('',#4328);
#4330=CARTESIAN_POINT('',(40.663932228,-45.468114681,37.556467488));
#4331=DIRECTION('',(0.573576436,0.,0.819152044));
#4332=VECTOR('',#4331,7.446727161);
#4333=LINE('',#4330,#4332);
#4334=EDGE_CURVE('',#4329,#4321,#4333,.T.);
#4335=ORIENTED_EDGE('',*,*,#4334,.F.);
#4336=CARTESIAN_POINT('',(40.663932228,-45.468114681,37.556467488));
#4337=DIRECTION('',(1.,-0.,0.));
#4338=VECTOR('',#4337,2.);
#4339=LINE('',#4336,#4338);
#4340=EDGE_CURVE('',#4329,#4313,#4339,.T.);
#4341=ORIENTED_EDGE('',*,*,#4340,.T.);
#4342=EDGE_LOOP('',(#4319,#4327,#4335,#4341));
#4343=FACE_BOUND('',#4342,.T.);
#4344=ADVANCED_FACE('',(#4343),#4309,.T.);
#4345=CARTESIAN_POINT('',(25.01278543,-45.168114681,37.256467488));
#4346=DIRECTION('',(0.,-0.707106781,-0.707106781));
#4347=DIRECTION('',(1.,-0.,0.));
#4348=AXIS2_PLACEMENT_3D('',#4345,#4346,#4347);
#4349=PLANE('',#4348);
#4350=CARTESIAN_POINT('',(42.453869966,-45.168114681,37.256467488));
#4351=VERTEX_POINT('',#4350);
#4352=CARTESIAN_POINT('',(42.663932228,-45.468114681,37.556467488));
#4353=DIRECTION('',(-0.443712606,0.633687274,-0.633687274));
#4354=VECTOR('',#4353,0.473419638);
#4355=LINE('',#4352,#4354);
#4356=EDGE_CURVE('',#4313,#4351,#4355,.T.);
#4357=ORIENTED_EDGE('',*,*,#4356,.F.);
#4358=ORIENTED_EDGE('',*,*,#4340,.F.);
#4359=CARTESIAN_POINT('',(40.453869966,-45.168114681,37.256467488));
#4360=VERTEX_POINT('',#4359);
#4361=CARTESIAN_POINT('',(40.453869966,-45.168114681,37.256467488));
#4362=DIRECTION('',(0.443712606,-0.633687274,0.633687274));
#4363=VECTOR('',#4362,0.473419638);
#4364=LINE('',#4361,#4363);
#4365=EDGE_CURVE('',#4360,#4329,#4364,.T.);
#4366=ORIENTED_EDGE('',*,*,#4365,.F.);
#4367=CARTESIAN_POINT('',(42.453869966,-45.168114681,37.256467488));
#4368=DIRECTION('',(-1.,0.,-0.));
#4369=VECTOR('',#4368,2.);
#4370=LINE('',#4367,#4369);
#4371=EDGE_CURVE('',#4351,#4360,#4370,.T.);
#4372=ORIENTED_EDGE('',*,*,#4371,.F.);
#4373=EDGE_LOOP('',(#4357,#4358,#4366,#4372));
#4374=FACE_BOUND('',#4373,.T.);
#4375=ADVANCED_FACE('',(#4374),#4349,.T.);
#4376=CARTESIAN_POINT('',(25.01278543,-45.168114681,43.956469266));
#4377=DIRECTION('',(-0.,-0.707106781,0.707106781));
#4378=DIRECTION('',(-1.,0.,-0.));
#4379=AXIS2_PLACEMENT_3D('',#4376,#4377,#4378);
#4380=PLANE('',#4379);
#4381=CARTESIAN_POINT('',(47.145261716,-45.168114681,43.956469266));
#4382=DIRECTION('',(-0.443712606,-0.633687274,-0.633687274));
#4383=VECTOR('',#4382,0.473419638);
#4384=LINE('',#4381,#4383);
#4385=EDGE_CURVE('',#1699,#4311,#4384,.T.);
#4386=ORIENTED_EDGE('',*,*,#4385,.F.);
#4387=ORIENTED_EDGE('',*,*,#1704,.F.);
#4388=CARTESIAN_POINT('',(44.935199455,-45.468114681,43.656469266));
#4389=DIRECTION('',(0.443712606,0.633687274,0.633687274));
#4390=VECTOR('',#4389,0.473419638);
#4391=LINE('',#4388,#4390);
#4392=EDGE_CURVE('',#4321,#1691,#4391,.T.);
#4393=ORIENTED_EDGE('',*,*,#4392,.F.);
#4394=ORIENTED_EDGE('',*,*,#4326,.F.);
#4395=EDGE_LOOP('',(#4386,#4387,#4393,#4394));
#4396=FACE_BOUND('',#4395,.T.);
#4397=ADVANCED_FACE('',(#4396),#4380,.T.);
#4398=CARTESIAN_POINT('',(0.,-45.468114681,-0.));
#4399=DIRECTION('',(-0.,-1.,0.));
#4400=DIRECTION('',(1.,-0.,0.));
#4401=AXIS2_PLACEMENT_3D('',#4398,#4399,#4400);
#4402=PLANE('',#4401);
#4403=CARTESIAN_POINT('',(43.935199455,-45.468114681,43.656469266));
#4404=VERTEX_POINT('',#4403);
#4405=CARTESIAN_POINT('',(39.663932228,-45.468114681,37.556467488));
#4406=VERTEX_POINT('',#4405);
#4407=CARTESIAN_POINT('',(43.935199455,-45.468114681,43.656469266));
#4408=DIRECTION('',(-0.573576436,-0.,-0.819152044));
#4409=VECTOR('',#4408,7.446727161);
#4410=LINE('',#4407,#4409);
#4411=EDGE_CURVE('',#4404,#4406,#4410,.T.);
#4412=ORIENTED_EDGE('',*,*,#4411,.F.);
#4413=CARTESIAN_POINT('',(41.935199455,-45.468114681,43.656469266));
#4414=VERTEX_POINT('',#4413);
#4415=CARTESIAN_POINT('',(43.935199455,-45.468114681,43.656469266));
#4416=DIRECTION('',(-1.,0.,-0.));
#4417=VECTOR('',#4416,2.);
#4418=LINE('',#4415,#4417);
#4419=EDGE_CURVE('',#4404,#4414,#4418,.T.);
#4420=ORIENTED_EDGE('',*,*,#4419,.T.);
#4421=CARTESIAN_POINT('',(37.663932228,-45.468114681,37.556467488));
#4422=VERTEX_POINT('',#4421);
#4423=CARTESIAN_POINT('',(37.663932228,-45.468114681,37.556467488));
#4424=DIRECTION('',(0.573576436,0.,0.819152044));
#4425=VECTOR('',#4424,7.446727161);
#4426=LINE('',#4423,#4425);
#4427=EDGE_CURVE('',#4422,#4414,#4426,.T.);
#4428=ORIENTED_EDGE('',*,*,#4427,.F.);
#4429=CARTESIAN_POINT('',(37.663932228,-45.468114681,37.556467488));
#4430=DIRECTION('',(1.,-0.,0.));
#4431=VECTOR('',#4430,2.);
#4432=LINE('',#4429,#4431);
#4433=EDGE_CURVE('',#4422,#4406,#4432,.T.);
#4434=ORIENTED_EDGE('',*,*,#4433,.T.);
#4435=EDGE_LOOP('',(#4412,#4420,#4428,#4434));
#4436=FACE_BOUND('',#4435,.T.);
#4437=ADVANCED_FACE('',(#4436),#4402,.T.);
#4438=CARTESIAN_POINT('',(25.01278543,-45.168114681,37.256467488));
#4439=DIRECTION('',(0.,-0.707106781,-0.707106781));
#4440=DIRECTION('',(1.,-0.,0.));
#4441=AXIS2_PLACEMENT_3D('',#4438,#4439,#4440);
#4442=PLANE('',#4441);
#4443=CARTESIAN_POINT('',(39.453869966,-45.168114681,37.256467488));
#4444=VERTEX_POINT('',#4443);
#4445=CARTESIAN_POINT('',(39.663932228,-45.468114681,37.556467488));
#4446=DIRECTION('',(-0.443712606,0.633687274,-0.633687274));
#4447=VECTOR('',#4446,0.473419638);
#4448=LINE('',#4445,#4447);
#4449=EDGE_CURVE('',#4406,#4444,#4448,.T.);
#4450=ORIENTED_EDGE('',*,*,#4449,.F.);
#4451=ORIENTED_EDGE('',*,*,#4433,.F.);
#4452=CARTESIAN_POINT('',(37.453869966,-45.168114681,37.256467488));
#4453=VERTEX_POINT('',#4452);
#4454=CARTESIAN_POINT('',(37.453869966,-45.168114681,37.256467488));
#4455=DIRECTION('',(0.443712606,-0.633687274,0.633687274));
#4456=VECTOR('',#4455,0.473419638);
#4457=LINE('',#4454,#4456);
#4458=EDGE_CURVE('',#4453,#4422,#4457,.T.);
#4459=ORIENTED_EDGE('',*,*,#4458,.F.);
#4460=CARTESIAN_POINT('',(39.453869966,-45.168114681,37.256467488));
#4461=DIRECTION('',(-1.,0.,-0.));
#4462=VECTOR('',#4461,2.);
#4463=LINE('',#4460,#4462);
#4464=EDGE_CURVE('',#4444,#4453,#4463,.T.);
#4465=ORIENTED_EDGE('',*,*,#4464,.F.);
#4466=EDGE_LOOP('',(#4450,#4451,#4459,#4465));
#4467=FACE_BOUND('',#4466,.T.);
#4468=ADVANCED_FACE('',(#4467),#4442,.T.);
#4469=CARTESIAN_POINT('',(25.01278543,-45.168114681,43.956469266));
#4470=DIRECTION('',(-0.,-0.707106781,0.707106781));
#4471=DIRECTION('',(-1.,0.,-0.));
#4472=AXIS2_PLACEMENT_3D('',#4469,#4470,#4471);
#4473=PLANE('',#4472);
#4474=CARTESIAN_POINT('',(44.145261716,-45.168114681,43.956469266));
#4475=DIRECTION('',(-0.443712606,-0.633687274,-0.633687274));
#4476=VECTOR('',#4475,0.473419638);
#4477=LINE('',#4474,#4476);
#4478=EDGE_CURVE('',#1683,#4404,#4477,.T.);
#4479=ORIENTED_EDGE('',*,*,#4478,.F.);
#4480=ORIENTED_EDGE('',*,*,#1688,.F.);
#4481=CARTESIAN_POINT('',(41.935199455,-45.468114681,43.656469266));
#4482=DIRECTION('',(0.443712606,0.633687274,0.633687274));
#4483=VECTOR('',#4482,0.473419638);
#4484=LINE('',#4481,#4483);
#4485=EDGE_CURVE('',#4414,#1675,#4484,.T.);
#4486=ORIENTED_EDGE('',*,*,#4485,.F.);
#4487=ORIENTED_EDGE('',*,*,#4419,.F.);
#4488=EDGE_LOOP('',(#4479,#4480,#4486,#4487));
#4489=FACE_BOUND('',#4488,.T.);
#4490=ADVANCED_FACE('',(#4489),#4473,.T.);
#4491=CARTESIAN_POINT('',(0.,-45.468114681,-0.));
#4492=DIRECTION('',(-0.,-1.,0.));
#4493=DIRECTION('',(1.,-0.,0.));
#4494=AXIS2_PLACEMENT_3D('',#4491,#4492,#4493);
#4495=PLANE('',#4494);
#4496=CARTESIAN_POINT('',(40.935199455,-45.468114681,43.656469266));
#4497=VERTEX_POINT('',#4496);
#4498=CARTESIAN_POINT('',(36.663932228,-45.468114681,37.556467488));
#4499=VERTEX_POINT('',#4498);
#4500=CARTESIAN_POINT('',(40.935199455,-45.468114681,43.656469266));
#4501=DIRECTION('',(-0.573576436,-0.,-0.819152044));
#4502=VECTOR('',#4501,7.446727161);
#4503=LINE('',#4500,#4502);
#4504=EDGE_CURVE('',#4497,#4499,#4503,.T.);
#4505=ORIENTED_EDGE('',*,*,#4504,.F.);
#4506=CARTESIAN_POINT('',(38.935199455,-45.468114681,43.656469266));
#4507=VERTEX_POINT('',#4506);
#4508=CARTESIAN_POINT('',(40.935199455,-45.468114681,43.656469266));
#4509=DIRECTION('',(-1.,0.,-0.));
#4510=VECTOR('',#4509,2.);
#4511=LINE('',#4508,#4510);
#4512=EDGE_CURVE('',#4497,#4507,#4511,.T.);
#4513=ORIENTED_EDGE('',*,*,#4512,.T.);
#4514=CARTESIAN_POINT('',(34.663932228,-45.468114681,37.556467488));
#4515=VERTEX_POINT('',#4514);
#4516=CARTESIAN_POINT('',(34.663932228,-45.468114681,37.556467488));
#4517=DIRECTION('',(0.573576436,0.,0.819152044));
#4518=VECTOR('',#4517,7.446727161);
#4519=LINE('',#4516,#4518);
#4520=EDGE_CURVE('',#4515,#4507,#4519,.T.);
#4521=ORIENTED_EDGE('',*,*,#4520,.F.);
#4522=CARTESIAN_POINT('',(34.663932228,-45.468114681,37.556467488));
#4523=DIRECTION('',(1.,-0.,0.));
#4524=VECTOR('',#4523,2.);
#4525=LINE('',#4522,#4524);
#4526=EDGE_CURVE('',#4515,#4499,#4525,.T.);
#4527=ORIENTED_EDGE('',*,*,#4526,.T.);
#4528=EDGE_LOOP('',(#4505,#4513,#4521,#4527));
#4529=FACE_BOUND('',#4528,.T.);
#4530=ADVANCED_FACE('',(#4529),#4495,.T.);
#4531=CARTESIAN_POINT('',(25.01278543,-45.168114681,37.256467488));
#4532=DIRECTION('',(0.,-0.707106781,-0.707106781));
#4533=DIRECTION('',(1.,-0.,0.));
#4534=AXIS2_PLACEMENT_3D('',#4531,#4532,#4533);
#4535=PLANE('',#4534);
#4536=CARTESIAN_POINT('',(36.453869966,-45.168114681,37.256467488));
#4537=VERTEX_POINT('',#4536);
#4538=CARTESIAN_POINT('',(36.663932228,-45.468114681,37.556467488));
#4539=DIRECTION('',(-0.443712606,0.633687274,-0.633687274));
#4540=VECTOR('',#4539,0.473419638);
#4541=LINE('',#4538,#4540);
#4542=EDGE_CURVE('',#4499,#4537,#4541,.T.);
#4543=ORIENTED_EDGE('',*,*,#4542,.F.);
#4544=ORIENTED_EDGE('',*,*,#4526,.F.);
#4545=CARTESIAN_POINT('',(34.453869966,-45.168114681,37.256467488));
#4546=VERTEX_POINT('',#4545);
#4547=CARTESIAN_POINT('',(34.453869966,-45.168114681,37.256467488));
#4548=DIRECTION('',(0.443712606,-0.633687274,0.633687274));
#4549=VECTOR('',#4548,0.473419638);
#4550=LINE('',#4547,#4549);
#4551=EDGE_CURVE('',#4546,#4515,#4550,.T.);
#4552=ORIENTED_EDGE('',*,*,#4551,.F.);
#4553=CARTESIAN_POINT('',(36.453869966,-45.168114681,37.256467488));
#4554=DIRECTION('',(-1.,0.,-0.));
#4555=VECTOR('',#4554,2.);
#4556=LINE('',#4553,#4555);
#4557=EDGE_CURVE('',#4537,#4546,#4556,.T.);
#4558=ORIENTED_EDGE('',*,*,#4557,.F.);
#4559=EDGE_LOOP('',(#4543,#4544,#4552,#4558));
#4560=FACE_BOUND('',#4559,.T.);
#4561=ADVANCED_FACE('',(#4560),#4535,.T.);
#4562=CARTESIAN_POINT('',(25.01278543,-45.168114681,43.956469266));
#4563=DIRECTION('',(-0.,-0.707106781,0.707106781));
#4564=DIRECTION('',(-1.,0.,-0.));
#4565=AXIS2_PLACEMENT_3D('',#4562,#4563,#4564);
#4566=PLANE('',#4565);
#4567=CARTESIAN_POINT('',(41.145261716,-45.168114681,43.956469266));
#4568=DIRECTION('',(-0.443712606,-0.633687274,-0.633687274));
#4569=VECTOR('',#4568,0.473419638);
#4570=LINE('',#4567,#4569);
#4571=EDGE_CURVE('',#1667,#4497,#4570,.T.);
#4572=ORIENTED_EDGE('',*,*,#4571,.F.);
#4573=ORIENTED_EDGE('',*,*,#1672,.F.);
#4574=CARTESIAN_POINT('',(38.935199455,-45.468114681,43.656469266));
#4575=DIRECTION('',(0.443712606,0.633687274,0.633687274));
#4576=VECTOR('',#4575,0.473419638);
#4577=LINE('',#4574,#4576);
#4578=EDGE_CURVE('',#4507,#1659,#4577,.T.);
#4579=ORIENTED_EDGE('',*,*,#4578,.F.);
#4580=ORIENTED_EDGE('',*,*,#4512,.F.);
#4581=EDGE_LOOP('',(#4572,#4573,#4579,#4580));
#4582=FACE_BOUND('',#4581,.T.);
#4583=ADVANCED_FACE('',(#4582),#4566,.T.);
#4584=CARTESIAN_POINT('',(0.,-45.468114681,-0.));
#4585=DIRECTION('',(-0.,-1.,0.));
#4586=DIRECTION('',(1.,-0.,0.));
#4587=AXIS2_PLACEMENT_3D('',#4584,#4585,#4586);
#4588=PLANE('',#4587);
#4589=CARTESIAN_POINT('',(37.935199455,-45.468114681,43.656469266));
#4590=VERTEX_POINT('',#4589);
#4591=CARTESIAN_POINT('',(33.663932228,-45.468114681,37.556467488));
#4592=VERTEX_POINT('',#4591);
#4593=CARTESIAN_POINT('',(37.935199455,-45.468114681,43.656469266));
#4594=DIRECTION('',(-0.573576436,-0.,-0.819152044));
#4595=VECTOR('',#4594,7.446727161);
#4596=LINE('',#4593,#4595);
#4597=EDGE_CURVE('',#4590,#4592,#4596,.T.);
#4598=ORIENTED_EDGE('',*,*,#4597,.F.);
#4599=CARTESIAN_POINT('',(35.935199455,-45.468114681,43.656469266));
#4600=VERTEX_POINT('',#4599);
#4601=CARTESIAN_POINT('',(37.935199455,-45.468114681,43.656469266));
#4602=DIRECTION('',(-1.,0.,-0.));
#4603=VECTOR('',#4602,2.);
#4604=LINE('',#4601,#4603);
#4605=EDGE_CURVE('',#4590,#4600,#4604,.T.);
#4606=ORIENTED_EDGE('',*,*,#4605,.T.);
#4607=CARTESIAN_POINT('',(31.663932228,-45.468114681,37.556467488));
#4608=VERTEX_POINT('',#4607);
#4609=CARTESIAN_POINT('',(31.663932228,-45.468114681,37.556467488));
#4610=DIRECTION('',(0.573576436,0.,0.819152044));
#4611=VECTOR('',#4610,7.446727161);
#4612=LINE('',#4609,#4611);
#4613=EDGE_CURVE('',#4608,#4600,#4612,.T.);
#4614=ORIENTED_EDGE('',*,*,#4613,.F.);
#4615=CARTESIAN_POINT('',(31.663932228,-45.468114681,37.556467488));
#4616=DIRECTION('',(1.,-0.,0.));
#4617=VECTOR('',#4616,2.);
#4618=LINE('',#4615,#4617);
#4619=EDGE_CURVE('',#4608,#4592,#4618,.T.);
#4620=ORIENTED_EDGE('',*,*,#4619,.T.);
#4621=EDGE_LOOP('',(#4598,#4606,#4614,#4620));
#4622=FACE_BOUND('',#4621,.T.);
#4623=ADVANCED_FACE('',(#4622),#4588,.T.);
#4624=CARTESIAN_POINT('',(25.01278543,-45.168114681,37.256467488));
#4625=DIRECTION('',(0.,-0.707106781,-0.707106781));
#4626=DIRECTION('',(1.,-0.,0.));
#4627=AXIS2_PLACEMENT_3D('',#4624,#4625,#4626);
#4628=PLANE('',#4627);
#4629=CARTESIAN_POINT('',(33.453869966,-45.168114681,37.256467488));
#4630=VERTEX_POINT('',#4629);
#4631=CARTESIAN_POINT('',(33.663932228,-45.468114681,37.556467488));
#4632=DIRECTION('',(-0.443712606,0.633687274,-0.633687274));
#4633=VECTOR('',#4632,0.473419638);
#4634=LINE('',#4631,#4633);
#4635=EDGE_CURVE('',#4592,#4630,#4634,.T.);
#4636=ORIENTED_EDGE('',*,*,#4635,.F.);
#4637=ORIENTED_EDGE('',*,*,#4619,.F.);
#4638=CARTESIAN_POINT('',(31.453869966,-45.168114681,37.256467488));
#4639=VERTEX_POINT('',#4638);
#4640=CARTESIAN_POINT('',(31.453869966,-45.168114681,37.256467488));
#4641=DIRECTION('',(0.443712606,-0.633687274,0.633687274));
#4642=VECTOR('',#4641,0.473419638);
#4643=LINE('',#4640,#4642);
#4644=EDGE_CURVE('',#4639,#4608,#4643,.T.);
#4645=ORIENTED_EDGE('',*,*,#4644,.F.);
#4646=CARTESIAN_POINT('',(33.453869966,-45.168114681,37.256467488));
#4647=DIRECTION('',(-1.,0.,-0.));
#4648=VECTOR('',#4647,2.);
#4649=LINE('',#4646,#4648);
#4650=EDGE_CURVE('',#4630,#4639,#4649,.T.);
#4651=ORIENTED_EDGE('',*,*,#4650,.F.);
#4652=EDGE_LOOP('',(#4636,#4637,#4645,#4651));
#4653=FACE_BOUND('',#4652,.T.);
#4654=ADVANCED_FACE('',(#4653),#4628,.T.);
#4655=CARTESIAN_POINT('',(25.01278543,-45.168114681,43.956469266));
#4656=DIRECTION('',(-0.,-0.707106781,0.707106781));
#4657=DIRECTION('',(-1.,0.,-0.));
#4658=AXIS2_PLACEMENT_3D('',#4655,#4656,#4657);
#4659=PLANE('',#4658);
#4660=CARTESIAN_POINT('',(38.145261716,-45.168114681,43.956469266));
#4661=DIRECTION('',(-0.443712606,-0.633687274,-0.633687274));
#4662=VECTOR('',#4661,0.473419638);
#4663=LINE('',#4660,#4662);
#4664=EDGE_CURVE('',#1651,#4590,#4663,.T.);
#4665=ORIENTED_EDGE('',*,*,#4664,.F.);
#4666=ORIENTED_EDGE('',*,*,#1656,.F.);
#4667=CARTESIAN_POINT('',(35.935199455,-45.468114681,43.656469266));
#4668=DIRECTION('',(0.443712606,0.633687274,0.633687274));
#4669=VECTOR('',#4668,0.473419638);
#4670=LINE('',#4667,#4669);
#4671=EDGE_CURVE('',#4600,#1643,#4670,.T.);
#4672=ORIENTED_EDGE('',*,*,#4671,.F.);
#4673=ORIENTED_EDGE('',*,*,#4605,.F.);
#4674=EDGE_LOOP('',(#4665,#4666,#4672,#4673));
#4675=FACE_BOUND('',#4674,.T.);
#4676=ADVANCED_FACE('',(#4675),#4659,.T.);
#4677=CARTESIAN_POINT('',(0.,-45.468114681,-0.));
#4678=DIRECTION('',(-0.,-1.,0.));
#4679=DIRECTION('',(1.,-0.,0.));
#4680=AXIS2_PLACEMENT_3D('',#4677,#4678,#4679);
#4681=PLANE('',#4680);
#4682=CARTESIAN_POINT('',(34.935199455,-45.468114681,43.656469266));
#4683=VERTEX_POINT('',#4682);
#4684=CARTESIAN_POINT('',(30.663932228,-45.468114681,37.556467488));
#4685=VERTEX_POINT('',#4684);
#4686=CARTESIAN_POINT('',(34.935199455,-45.468114681,43.656469266));
#4687=DIRECTION('',(-0.573576436,-0.,-0.819152044));
#4688=VECTOR('',#4687,7.446727161);
#4689=LINE('',#4686,#4688);
#4690=EDGE_CURVE('',#4683,#4685,#4689,.T.);
#4691=ORIENTED_EDGE('',*,*,#4690,.F.);
#4692=CARTESIAN_POINT('',(32.935199455,-45.468114681,43.656469266));
#4693=VERTEX_POINT('',#4692);
#4694=CARTESIAN_POINT('',(34.935199455,-45.468114681,43.656469266));
#4695=DIRECTION('',(-1.,0.,-0.));
#4696=VECTOR('',#4695,2.);
#4697=LINE('',#4694,#4696);
#4698=EDGE_CURVE('',#4683,#4693,#4697,.T.);
#4699=ORIENTED_EDGE('',*,*,#4698,.T.);
#4700=CARTESIAN_POINT('',(28.663932228,-45.468114681,37.556467488));
#4701=VERTEX_POINT('',#4700);
#4702=CARTESIAN_POINT('',(28.663932228,-45.468114681,37.556467488));
#4703=DIRECTION('',(0.573576436,0.,0.819152044));
#4704=VECTOR('',#4703,7.446727161);
#4705=LINE('',#4702,#4704);
#4706=EDGE_CURVE('',#4701,#4693,#4705,.T.);
#4707=ORIENTED_EDGE('',*,*,#4706,.F.);
#4708=CARTESIAN_POINT('',(28.663932228,-45.468114681,37.556467488));
#4709=DIRECTION('',(1.,-0.,0.));
#4710=VECTOR('',#4709,2.);
#4711=LINE('',#4708,#4710);
#4712=EDGE_CURVE('',#4701,#4685,#4711,.T.);
#4713=ORIENTED_EDGE('',*,*,#4712,.T.);
#4714=EDGE_LOOP('',(#4691,#4699,#4707,#4713));
#4715=FACE_BOUND('',#4714,.T.);
#4716=CARTESIAN_POINT('',(32.066480823,-45.468114681,40.076469264));
#4717=VERTEX_POINT('',#4716);
#4718=CARTESIAN_POINT('',(31.391480823,-45.468114681,39.401469264));
#4719=VERTEX_POINT('',#4718);
#4720=CARTESIAN_POINT('',(31.391480823,-45.468114681,40.076469264));
#4721=DIRECTION('',(-0.,-1.,0.));
#4722=DIRECTION('',(0.,-0.,-1.));
#4723=AXIS2_PLACEMENT_3D('',#4720,#4721,#4722);
#4724=CIRCLE('',#4723,0.675);
#4725=EDGE_CURVE('',#4717,#4719,#4724,.T.);
#4726=ORIENTED_EDGE('',*,*,#4725,.F.);
#4727=CARTESIAN_POINT('',(31.391480823,-45.468114681,40.076469264));
#4728=DIRECTION('',(-0.,-1.,0.));
#4729=DIRECTION('',(0.,-0.,-1.));
#4730=AXIS2_PLACEMENT_3D('',#4727,#4728,#4729);
#4731=CIRCLE('',#4730,0.675);
#4732=EDGE_CURVE('',#4719,#4717,#4731,.T.);
#4733=ORIENTED_EDGE('',*,*,#4732,.F.);
#4734=EDGE_LOOP('',(#4726,#4733));
#4735=FACE_BOUND('',#4734,.T.);
#4736=ADVANCED_FACE('',(#4715,#4735),#4681,.T.);
#4737=CARTESIAN_POINT('',(25.01278543,-45.168114681,37.256467488));
#4738=DIRECTION('',(0.,-0.707106781,-0.707106781));
#4739=DIRECTION('',(1.,-0.,0.));
#4740=AXIS2_PLACEMENT_3D('',#4737,#4738,#4739);
#4741=PLANE('',#4740);
#4742=CARTESIAN_POINT('',(30.453869966,-45.168114681,37.256467488));
#4743=VERTEX_POINT('',#4742);
#4744=CARTESIAN_POINT('',(30.663932228,-45.468114681,37.556467488));
#4745=DIRECTION('',(-0.443712606,0.633687274,-0.633687274));
#4746=VECTOR('',#4745,0.473419638);
#4747=LINE('',#4744,#4746);
#4748=EDGE_CURVE('',#4685,#4743,#4747,.T.);
#4749=ORIENTED_EDGE('',*,*,#4748,.F.);
#4750=ORIENTED_EDGE('',*,*,#4712,.F.);
#4751=CARTESIAN_POINT('',(28.453869966,-45.168114681,37.256467488));
#4752=VERTEX_POINT('',#4751);
#4753=CARTESIAN_POINT('',(28.453869966,-45.168114681,37.256467488));
#4754=DIRECTION('',(0.443712606,-0.633687274,0.633687274));
#4755=VECTOR('',#4754,0.473419638);
#4756=LINE('',#4753,#4755);
#4757=EDGE_CURVE('',#4752,#4701,#4756,.T.);
#4758=ORIENTED_EDGE('',*,*,#4757,.F.);
#4759=CARTESIAN_POINT('',(30.453869966,-45.168114681,37.256467488));
#4760=DIRECTION('',(-1.,0.,-0.));
#4761=VECTOR('',#4760,2.);
#4762=LINE('',#4759,#4761);
#4763=EDGE_CURVE('',#4743,#4752,#4762,.T.);
#4764=ORIENTED_EDGE('',*,*,#4763,.F.);
#4765=EDGE_LOOP('',(#4749,#4750,#4758,#4764));
#4766=FACE_BOUND('',#4765,.T.);
#4767=ADVANCED_FACE('',(#4766),#4741,.T.);
#4768=CARTESIAN_POINT('',(25.01278543,-45.168114681,43.956469266));
#4769=DIRECTION('',(-0.,-0.707106781,0.707106781));
#4770=DIRECTION('',(-1.,0.,-0.));
#4771=AXIS2_PLACEMENT_3D('',#4768,#4769,#4770);
#4772=PLANE('',#4771);
#4773=CARTESIAN_POINT('',(35.145261716,-45.168114681,43.956469266));
#4774=DIRECTION('',(-0.443712606,-0.633687274,-0.633687274));
#4775=VECTOR('',#4774,0.473419638);
#4776=LINE('',#4773,#4775);
#4777=EDGE_CURVE('',#1635,#4683,#4776,.T.);
#4778=ORIENTED_EDGE('',*,*,#4777,.F.);
#4779=ORIENTED_EDGE('',*,*,#1640,.F.);
#4780=CARTESIAN_POINT('',(32.935199455,-45.468114681,43.656469266));
#4781=DIRECTION('',(0.443712606,0.633687274,0.633687274));
#4782=VECTOR('',#4781,0.473419638);
#4783=LINE('',#4780,#4782);
#4784=EDGE_CURVE('',#4693,#1627,#4783,.T.);
#4785=ORIENTED_EDGE('',*,*,#4784,.F.);
#4786=ORIENTED_EDGE('',*,*,#4698,.F.);
#4787=EDGE_LOOP('',(#4778,#4779,#4785,#4786));
#4788=FACE_BOUND('',#4787,.T.);
#4789=ADVANCED_FACE('',(#4788),#4772,.T.);
#4790=CARTESIAN_POINT('',(0.,-45.468114681,-0.));
#4791=DIRECTION('',(-0.,-1.,0.));
#4792=DIRECTION('',(1.,-0.,0.));
#4793=AXIS2_PLACEMENT_3D('',#4790,#4791,#4792);
#4794=PLANE('',#4793);
#4795=CARTESIAN_POINT('',(31.935199455,-45.468114681,43.656469266));
#4796=VERTEX_POINT('',#4795);
#4797=CARTESIAN_POINT('',(27.663932228,-45.468114681,37.556467488));
#4798=VERTEX_POINT('',#4797);
#4799=CARTESIAN_POINT('',(31.935199455,-45.468114681,43.656469266));
#4800=DIRECTION('',(-0.573576436,-0.,-0.819152044));
#4801=VECTOR('',#4800,7.446727161);
#4802=LINE('',#4799,#4801);
#4803=EDGE_CURVE('',#4796,#4798,#4802,.T.);
#4804=ORIENTED_EDGE('',*,*,#4803,.F.);
#4805=CARTESIAN_POINT('',(29.935199455,-45.468114681,43.656469266));
#4806=VERTEX_POINT('',#4805);
#4807=CARTESIAN_POINT('',(31.935199455,-45.468114681,43.656469266));
#4808=DIRECTION('',(-1.,0.,-0.));
#4809=VECTOR('',#4808,2.);
#4810=LINE('',#4807,#4809);
#4811=EDGE_CURVE('',#4796,#4806,#4810,.T.);
#4812=ORIENTED_EDGE('',*,*,#4811,.T.);
#4813=CARTESIAN_POINT('',(25.663932228,-45.468114681,37.556467488));
#4814=VERTEX_POINT('',#4813);
#4815=CARTESIAN_POINT('',(25.663932228,-45.468114681,37.556467488));
#4816=DIRECTION('',(0.573576436,0.,0.819152044));
#4817=VECTOR('',#4816,7.446727161);
#4818=LINE('',#4815,#4817);
#4819=EDGE_CURVE('',#4814,#4806,#4818,.T.);
#4820=ORIENTED_EDGE('',*,*,#4819,.F.);
#4821=CARTESIAN_POINT('',(25.663932228,-45.468114681,37.556467488));
#4822=DIRECTION('',(1.,-0.,0.));
#4823=VECTOR('',#4822,2.);
#4824=LINE('',#4821,#4823);
#4825=EDGE_CURVE('',#4814,#4798,#4824,.T.);
#4826=ORIENTED_EDGE('',*,*,#4825,.T.);
#4827=EDGE_LOOP('',(#4804,#4812,#4820,#4826));
#4828=FACE_BOUND('',#4827,.T.);
#4829=ADVANCED_FACE('',(#4828),#4794,.T.);
#4830=CARTESIAN_POINT('',(25.01278543,-45.168114681,37.256467488));
#4831=DIRECTION('',(0.,-0.707106781,-0.707106781));
#4832=DIRECTION('',(1.,-0.,0.));
#4833=AXIS2_PLACEMENT_3D('',#4830,#4831,#4832);
#4834=PLANE('',#4833);
#4835=CARTESIAN_POINT('',(27.453869966,-45.168114681,37.256467488));
#4836=VERTEX_POINT('',#4835);
#4837=CARTESIAN_POINT('',(27.663932228,-45.468114681,37.556467488));
#4838=DIRECTION('',(-0.443712606,0.633687274,-0.633687274));
#4839=VECTOR('',#4838,0.473419638);
#4840=LINE('',#4837,#4839);
#4841=EDGE_CURVE('',#4798,#4836,#4840,.T.);
#4842=ORIENTED_EDGE('',*,*,#4841,.F.);
#4843=ORIENTED_EDGE('',*,*,#4825,.F.);
#4844=CARTESIAN_POINT('',(25.453869966,-45.168114681,37.256467488));
#4845=VERTEX_POINT('',#4844);
#4846=CARTESIAN_POINT('',(25.453869966,-45.168114681,37.256467488));
#4847=DIRECTION('',(0.443712606,-0.633687274,0.633687274));
#4848=VECTOR('',#4847,0.473419638);
#4849=LINE('',#4846,#4848);
#4850=EDGE_CURVE('',#4845,#4814,#4849,.T.);
#4851=ORIENTED_EDGE('',*,*,#4850,.F.);
#4852=CARTESIAN_POINT('',(27.453869966,-45.168114681,37.256467488));
#4853=DIRECTION('',(-1.,0.,-0.));
#4854=VECTOR('',#4853,2.);
#4855=LINE('',#4852,#4854);
#4856=EDGE_CURVE('',#4836,#4845,#4855,.T.);
#4857=ORIENTED_EDGE('',*,*,#4856,.F.);
#4858=EDGE_LOOP('',(#4842,#4843,#4851,#4857));
#4859=FACE_BOUND('',#4858,.T.);
#4860=ADVANCED_FACE('',(#4859),#4834,.T.);
#4861=CARTESIAN_POINT('',(25.01278543,-45.168114681,43.956469266));
#4862=DIRECTION('',(-0.,-0.707106781,0.707106781));
#4863=DIRECTION('',(-1.,0.,-0.));
#4864=AXIS2_PLACEMENT_3D('',#4861,#4862,#4863);
#4865=PLANE('',#4864);
#4866=CARTESIAN_POINT('',(32.145261716,-45.168114681,43.956469266));
#4867=DIRECTION('',(-0.443712606,-0.633687274,-0.633687274));
#4868=VECTOR('',#4867,0.473419638);
#4869=LINE('',#4866,#4868);
#4870=EDGE_CURVE('',#1619,#4796,#4869,.T.);
#4871=ORIENTED_EDGE('',*,*,#4870,.F.);
#4872=ORIENTED_EDGE('',*,*,#1624,.F.);
#4873=CARTESIAN_POINT('',(29.935199455,-45.468114681,43.656469266));
#4874=DIRECTION('',(0.443712606,0.633687274,0.633687274));
#4875=VECTOR('',#4874,0.473419638);
#4876=LINE('',#4873,#4875);
#4877=EDGE_CURVE('',#4806,#1611,#4876,.T.);
#4878=ORIENTED_EDGE('',*,*,#4877,.F.);
#4879=ORIENTED_EDGE('',*,*,#4811,.F.);
#4880=EDGE_LOOP('',(#4871,#4872,#4878,#4879));
#4881=FACE_BOUND('',#4880,.T.);
#4882=ADVANCED_FACE('',(#4881),#4865,.T.);
#4883=CARTESIAN_POINT('',(0.,-45.468114681,-0.));
#4884=DIRECTION('',(-0.,-1.,0.));
#4885=DIRECTION('',(1.,-0.,0.));
#4886=AXIS2_PLACEMENT_3D('',#4883,#4884,#4885);
#4887=PLANE('',#4886);
#4888=CARTESIAN_POINT('',(28.935199455,-45.468114681,43.656469266));
#4889=VERTEX_POINT('',#4888);
#4890=CARTESIAN_POINT('',(24.663932228,-45.468114681,37.556467488));
#4891=VERTEX_POINT('',#4890);
#4892=CARTESIAN_POINT('',(28.935199455,-45.468114681,43.656469266));
#4893=DIRECTION('',(-0.573576436,-0.,-0.819152044));
#4894=VECTOR('',#4893,7.446727161);
#4895=LINE('',#4892,#4894);
#4896=EDGE_CURVE('',#4889,#4891,#4895,.T.);
#4897=ORIENTED_EDGE('',*,*,#4896,.F.);
#4898=CARTESIAN_POINT('',(26.935199455,-45.468114681,43.656469266));
#4899=VERTEX_POINT('',#4898);
#4900=CARTESIAN_POINT('',(28.935199455,-45.468114681,43.656469266));
#4901=DIRECTION('',(-1.,0.,-0.));
#4902=VECTOR('',#4901,2.);
#4903=LINE('',#4900,#4902);
#4904=EDGE_CURVE('',#4889,#4899,#4903,.T.);
#4905=ORIENTED_EDGE('',*,*,#4904,.T.);
#4906=CARTESIAN_POINT('',(22.663932228,-45.468114681,37.556467488));
#4907=VERTEX_POINT('',#4906);
#4908=CARTESIAN_POINT('',(22.663932228,-45.468114681,37.556467488));
#4909=DIRECTION('',(0.573576436,0.,0.819152044));
#4910=VECTOR('',#4909,7.446727161);
#4911=LINE('',#4908,#4910);
#4912=EDGE_CURVE('',#4907,#4899,#4911,.T.);
#4913=ORIENTED_EDGE('',*,*,#4912,.F.);
#4914=CARTESIAN_POINT('',(22.663932228,-45.468114681,37.556467488));
#4915=DIRECTION('',(1.,-0.,0.));
#4916=VECTOR('',#4915,2.);
#4917=LINE('',#4914,#4916);
#4918=EDGE_CURVE('',#4907,#4891,#4917,.T.);
#4919=ORIENTED_EDGE('',*,*,#4918,.T.);
#4920=EDGE_LOOP('',(#4897,#4905,#4913,#4919));
#4921=FACE_BOUND('',#4920,.T.);
#4922=CARTESIAN_POINT('',(25.974423419,-45.468114681,40.076469239));
#4923=VERTEX_POINT('',#4922);
#4924=CARTESIAN_POINT('',(25.299423419,-45.468114681,39.401469239));
#4925=VERTEX_POINT('',#4924);
#4926=CARTESIAN_POINT('',(25.299423419,-45.468114681,40.076469239));
#4927=DIRECTION('',(-0.,-1.,0.));
#4928=DIRECTION('',(0.,-0.,-1.));
#4929=AXIS2_PLACEMENT_3D('',#4926,#4927,#4928);
#4930=CIRCLE('',#4929,0.675);
#4931=EDGE_CURVE('',#4923,#4925,#4930,.T.);
#4932=ORIENTED_EDGE('',*,*,#4931,.F.);
#4933=CARTESIAN_POINT('',(25.299423419,-45.468114681,40.076469239));
#4934=DIRECTION('',(-0.,-1.,0.));
#4935=DIRECTION('',(0.,-0.,-1.));
#4936=AXIS2_PLACEMENT_3D('',#4933,#4934,#4935);
#4937=CIRCLE('',#4936,0.675);
#4938=EDGE_CURVE('',#4925,#4923,#4937,.T.);
#4939=ORIENTED_EDGE('',*,*,#4938,.F.);
#4940=EDGE_LOOP('',(#4932,#4939));
#4941=FACE_BOUND('',#4940,.T.);
#4942=ADVANCED_FACE('',(#4921,#4941),#4887,.T.);
#4943=CARTESIAN_POINT('',(25.01278543,-45.168114681,37.256467488));
#4944=DIRECTION('',(0.,-0.707106781,-0.707106781));
#4945=DIRECTION('',(1.,-0.,0.));
#4946=AXIS2_PLACEMENT_3D('',#4943,#4944,#4945);
#4947=PLANE('',#4946);
#4948=CARTESIAN_POINT('',(24.453869966,-45.168114681,37.256467488));
#4949=VERTEX_POINT('',#4948);
#4950=CARTESIAN_POINT('',(24.663932228,-45.468114681,37.556467488));
#4951=DIRECTION('',(-0.443712606,0.633687274,-0.633687274));
#4952=VECTOR('',#4951,0.473419638);
#4953=LINE('',#4950,#4952);
#4954=EDGE_CURVE('',#4891,#4949,#4953,.T.);
#4955=ORIENTED_EDGE('',*,*,#4954,.F.);
#4956=ORIENTED_EDGE('',*,*,#4918,.F.);
#4957=CARTESIAN_POINT('',(22.453869966,-45.168114681,37.256467488));
#4958=VERTEX_POINT('',#4957);
#4959=CARTESIAN_POINT('',(22.453869966,-45.168114681,37.256467488));
#4960=DIRECTION('',(0.443712606,-0.633687274,0.633687274));
#4961=VECTOR('',#4960,0.473419638);
#4962=LINE('',#4959,#4961);
#4963=EDGE_CURVE('',#4958,#4907,#4962,.T.);
#4964=ORIENTED_EDGE('',*,*,#4963,.F.);
#4965=CARTESIAN_POINT('',(24.453869966,-45.168114681,37.256467488));
#4966=DIRECTION('',(-1.,0.,-0.));
#4967=VECTOR('',#4966,2.);
#4968=LINE('',#4965,#4967);
#4969=EDGE_CURVE('',#4949,#4958,#4968,.T.);
#4970=ORIENTED_EDGE('',*,*,#4969,.F.);
#4971=EDGE_LOOP('',(#4955,#4956,#4964,#4970));
#4972=FACE_BOUND('',#4971,.T.);
#4973=ADVANCED_FACE('',(#4972),#4947,.T.);
#4974=CARTESIAN_POINT('',(25.01278543,-45.168114681,43.956469266));
#4975=DIRECTION('',(-0.,-0.707106781,0.707106781));
#4976=DIRECTION('',(-1.,0.,-0.));
#4977=AXIS2_PLACEMENT_3D('',#4974,#4975,#4976);
#4978=PLANE('',#4977);
#4979=CARTESIAN_POINT('',(29.145261716,-45.168114681,43.956469266));
#4980=DIRECTION('',(-0.443712606,-0.633687274,-0.633687274));
#4981=VECTOR('',#4980,0.473419638);
#4982=LINE('',#4979,#4981);
#4983=EDGE_CURVE('',#1603,#4889,#4982,.T.);
#4984=ORIENTED_EDGE('',*,*,#4983,.F.);
#4985=ORIENTED_EDGE('',*,*,#1608,.F.);
#4986=CARTESIAN_POINT('',(26.935199455,-45.468114681,43.656469266));
#4987=DIRECTION('',(0.443712606,0.633687274,0.633687274));
#4988=VECTOR('',#4987,0.473419638);
#4989=LINE('',#4986,#4988);
#4990=EDGE_CURVE('',#4899,#1595,#4989,.T.);
#4991=ORIENTED_EDGE('',*,*,#4990,.F.);
#4992=ORIENTED_EDGE('',*,*,#4904,.F.);
#4993=EDGE_LOOP('',(#4984,#4985,#4991,#4992));
#4994=FACE_BOUND('',#4993,.T.);
#4995=ADVANCED_FACE('',(#4994),#4978,.T.);
#4996=CARTESIAN_POINT('',(0.,-45.468114681,-0.));
#4997=DIRECTION('',(-0.,-1.,0.));
#4998=DIRECTION('',(1.,-0.,0.));
#4999=AXIS2_PLACEMENT_3D('',#4996,#4997,#4998);
#5000=PLANE('',#4999);
#5001=CARTESIAN_POINT('',(25.935199455,-45.468114681,43.656469266));
#5002=VERTEX_POINT('',#5001);
#5003=CARTESIAN_POINT('',(21.663932228,-45.468114681,37.556467488));
#5004=VERTEX_POINT('',#5003);
#5005=CARTESIAN_POINT('',(25.935199455,-45.468114681,43.656469266));
#5006=DIRECTION('',(-0.573576436,-0.,-0.819152044));
#5007=VECTOR('',#5006,7.446727161);
#5008=LINE('',#5005,#5007);
#5009=EDGE_CURVE('',#5002,#5004,#5008,.T.);
#5010=ORIENTED_EDGE('',*,*,#5009,.F.);
#5011=CARTESIAN_POINT('',(23.935199455,-45.468114681,43.656469266));
#5012=VERTEX_POINT('',#5011);
#5013=CARTESIAN_POINT('',(25.935199455,-45.468114681,43.656469266));
#5014=DIRECTION('',(-1.,0.,-0.));
#5015=VECTOR('',#5014,2.);
#5016=LINE('',#5013,#5015);
#5017=EDGE_CURVE('',#5002,#5012,#5016,.T.);
#5018=ORIENTED_EDGE('',*,*,#5017,.T.);
#5019=CARTESIAN_POINT('',(19.663932228,-45.468114681,37.556467488));
#5020=VERTEX_POINT('',#5019);
#5021=CARTESIAN_POINT('',(19.663932228,-45.468114681,37.556467488));
#5022=DIRECTION('',(0.573576436,0.,0.819152044));
#5023=VECTOR('',#5022,7.446727161);
#5024=LINE('',#5021,#5023);
#5025=EDGE_CURVE('',#5020,#5012,#5024,.T.);
#5026=ORIENTED_EDGE('',*,*,#5025,.F.);
#5027=CARTESIAN_POINT('',(19.663932228,-45.468114681,37.556467488));
#5028=DIRECTION('',(1.,-0.,0.));
#5029=VECTOR('',#5028,2.);
#5030=LINE('',#5027,#5029);
#5031=EDGE_CURVE('',#5020,#5004,#5030,.T.);
#5032=ORIENTED_EDGE('',*,*,#5031,.T.);
#5033=EDGE_LOOP('',(#5010,#5018,#5026,#5032));
#5034=FACE_BOUND('',#5033,.T.);
#5035=ADVANCED_FACE('',(#5034),#5000,.T.);
#5036=CARTESIAN_POINT('',(25.01278543,-45.168114681,37.256467488));
#5037=DIRECTION('',(0.,-0.707106781,-0.707106781));
#5038=DIRECTION('',(1.,-0.,0.));
#5039=AXIS2_PLACEMENT_3D('',#5036,#5037,#5038);
#5040=PLANE('',#5039);
#5041=CARTESIAN_POINT('',(21.453869966,-45.168114681,37.256467488));
#5042=VERTEX_POINT('',#5041);
#5043=CARTESIAN_POINT('',(21.663932228,-45.468114681,37.556467488));
#5044=DIRECTION('',(-0.443712606,0.633687274,-0.633687274));
#5045=VECTOR('',#5044,0.473419638);
#5046=LINE('',#5043,#5045);
#5047=EDGE_CURVE('',#5004,#5042,#5046,.T.);
#5048=ORIENTED_EDGE('',*,*,#5047,.F.);
#5049=ORIENTED_EDGE('',*,*,#5031,.F.);
#5050=CARTESIAN_POINT('',(19.453869966,-45.168114681,37.256467488));
#5051=VERTEX_POINT('',#5050);
#5052=CARTESIAN_POINT('',(19.453869966,-45.168114681,37.256467488));
#5053=DIRECTION('',(0.443712606,-0.633687274,0.633687274));
#5054=VECTOR('',#5053,0.473419638);
#5055=LINE('',#5052,#5054);
#5056=EDGE_CURVE('',#5051,#5020,#5055,.T.);
#5057=ORIENTED_EDGE('',*,*,#5056,.F.);
#5058=CARTESIAN_POINT('',(21.453869966,-45.168114681,37.256467488));
#5059=DIRECTION('',(-1.,0.,-0.));
#5060=VECTOR('',#5059,2.);
#5061=LINE('',#5058,#5060);
#5062=EDGE_CURVE('',#5042,#5051,#5061,.T.);
#5063=ORIENTED_EDGE('',*,*,#5062,.F.);
#5064=EDGE_LOOP('',(#5048,#5049,#5057,#5063));
#5065=FACE_BOUND('',#5064,.T.);
#5066=ADVANCED_FACE('',(#5065),#5040,.T.);
#5067=CARTESIAN_POINT('',(25.01278543,-45.168114681,43.956469266));
#5068=DIRECTION('',(-0.,-0.707106781,0.707106781));
#5069=DIRECTION('',(-1.,0.,-0.));
#5070=AXIS2_PLACEMENT_3D('',#5067,#5068,#5069);
#5071=PLANE('',#5070);
#5072=CARTESIAN_POINT('',(26.145261716,-45.168114681,43.956469266));
#5073=DIRECTION('',(-0.443712606,-0.633687274,-0.633687274));
#5074=VECTOR('',#5073,0.473419638);
#5075=LINE('',#5072,#5074);
#5076=EDGE_CURVE('',#1587,#5002,#5075,.T.);
#5077=ORIENTED_EDGE('',*,*,#5076,.F.);
#5078=ORIENTED_EDGE('',*,*,#1592,.F.);
#5079=CARTESIAN_POINT('',(23.935199455,-45.468114681,43.656469266));
#5080=DIRECTION('',(0.443712606,0.633687274,0.633687274));
#5081=VECTOR('',#5080,0.473419638);
#5082=LINE('',#5079,#5081);
#5083=EDGE_CURVE('',#5012,#1579,#5082,.T.);
#5084=ORIENTED_EDGE('',*,*,#5083,.F.);
#5085=ORIENTED_EDGE('',*,*,#5017,.F.);
#5086=EDGE_LOOP('',(#5077,#5078,#5084,#5085));
#5087=FACE_BOUND('',#5086,.T.);
#5088=ADVANCED_FACE('',(#5087),#5071,.T.);
#5089=CARTESIAN_POINT('',(0.,-45.468114681,-0.));
#5090=DIRECTION('',(-0.,-1.,0.));
#5091=DIRECTION('',(1.,-0.,0.));
#5092=AXIS2_PLACEMENT_3D('',#5089,#5090,#5091);
#5093=PLANE('',#5092);
#5094=CARTESIAN_POINT('',(22.935199455,-45.468114681,43.656469266));
#5095=VERTEX_POINT('',#5094);
#5096=CARTESIAN_POINT('',(18.663932228,-45.468114681,37.556467488));
#5097=VERTEX_POINT('',#5096);
#5098=CARTESIAN_POINT('',(22.935199455,-45.468114681,43.656469266));
#5099=DIRECTION('',(-0.573576436,-0.,-0.819152044));
#5100=VECTOR('',#5099,7.446727161);
#5101=LINE('',#5098,#5100);
#5102=EDGE_CURVE('',#5095,#5097,#5101,.T.);
#5103=ORIENTED_EDGE('',*,*,#5102,.F.);
#5104=CARTESIAN_POINT('',(20.935199455,-45.468114681,43.656469266));
#5105=VERTEX_POINT('',#5104);
#5106=CARTESIAN_POINT('',(22.935199455,-45.468114681,43.656469266));
#5107=DIRECTION('',(-1.,0.,-0.));
#5108=VECTOR('',#5107,2.);
#5109=LINE('',#5106,#5108);
#5110=EDGE_CURVE('',#5095,#5105,#5109,.T.);
#5111=ORIENTED_EDGE('',*,*,#5110,.T.);
#5112=CARTESIAN_POINT('',(16.663932228,-45.468114681,37.556467488));
#5113=VERTEX_POINT('',#5112);
#5114=CARTESIAN_POINT('',(16.663932228,-45.468114681,37.556467488));
#5115=DIRECTION('',(0.573576436,0.,0.819152044));
#5116=VECTOR('',#5115,7.446727161);
#5117=LINE('',#5114,#5116);
#5118=EDGE_CURVE('',#5113,#5105,#5117,.T.);
#5119=ORIENTED_EDGE('',*,*,#5118,.F.);
#5120=CARTESIAN_POINT('',(16.663932228,-45.468114681,37.556467488));
#5121=DIRECTION('',(1.,-0.,0.));
#5122=VECTOR('',#5121,2.);
#5123=LINE('',#5120,#5122);
#5124=EDGE_CURVE('',#5113,#5097,#5123,.T.);
#5125=ORIENTED_EDGE('',*,*,#5124,.T.);
#5126=EDGE_LOOP('',(#5103,#5111,#5119,#5125));
#5127=FACE_BOUND('',#5126,.T.);
#5128=ADVANCED_FACE('',(#5127),#5093,.T.);
#5129=CARTESIAN_POINT('',(25.01278543,-45.168114681,37.256467488));
#5130=DIRECTION('',(0.,-0.707106781,-0.707106781));
#5131=DIRECTION('',(1.,-0.,0.));
#5132=AXIS2_PLACEMENT_3D('',#5129,#5130,#5131);
#5133=PLANE('',#5132);
#5134=CARTESIAN_POINT('',(18.453869966,-45.168114681,37.256467488));
#5135=VERTEX_POINT('',#5134);
#5136=CARTESIAN_POINT('',(18.663932228,-45.468114681,37.556467488));
#5137=DIRECTION('',(-0.443712606,0.633687274,-0.633687274));
#5138=VECTOR('',#5137,0.473419638);
#5139=LINE('',#5136,#5138);
#5140=EDGE_CURVE('',#5097,#5135,#5139,.T.);
#5141=ORIENTED_EDGE('',*,*,#5140,.F.);
#5142=ORIENTED_EDGE('',*,*,#5124,.F.);
#5143=CARTESIAN_POINT('',(16.453869966,-45.168114681,37.256467488));
#5144=VERTEX_POINT('',#5143);
#5145=CARTESIAN_POINT('',(16.453869966,-45.168114681,37.256467488));
#5146=DIRECTION('',(0.443712606,-0.633687274,0.633687274));
#5147=VECTOR('',#5146,0.473419638);
#5148=LINE('',#5145,#5147);
#5149=EDGE_CURVE('',#5144,#5113,#5148,.T.);
#5150=ORIENTED_EDGE('',*,*,#5149,.F.);
#5151=CARTESIAN_POINT('',(18.453869966,-45.168114681,37.256467488));
#5152=DIRECTION('',(-1.,0.,-0.));
#5153=VECTOR('',#5152,2.);
#5154=LINE('',#5151,#5153);
#5155=EDGE_CURVE('',#5135,#5144,#5154,.T.);
#5156=ORIENTED_EDGE('',*,*,#5155,.F.);
#5157=EDGE_LOOP('',(#5141,#5142,#5150,#5156));
#5158=FACE_BOUND('',#5157,.T.);
#5159=ADVANCED_FACE('',(#5158),#5133,.T.);
#5160=CARTESIAN_POINT('',(25.01278543,-45.168114681,43.956469266));
#5161=DIRECTION('',(-0.,-0.707106781,0.707106781));
#5162=DIRECTION('',(-1.,0.,-0.));
#5163=AXIS2_PLACEMENT_3D('',#5160,#5161,#5162);
#5164=PLANE('',#5163);
#5165=CARTESIAN_POINT('',(23.145261716,-45.168114681,43.956469266));
#5166=DIRECTION('',(-0.443712606,-0.633687274,-0.633687274));
#5167=VECTOR('',#5166,0.473419638);
#5168=LINE('',#5165,#5167);
#5169=EDGE_CURVE('',#1571,#5095,#5168,.T.);
#5170=ORIENTED_EDGE('',*,*,#5169,.F.);
#5171=ORIENTED_EDGE('',*,*,#1576,.F.);
#5172=CARTESIAN_POINT('',(20.935199455,-45.468114681,43.656469266));
#5173=DIRECTION('',(0.443712606,0.633687274,0.633687274));
#5174=VECTOR('',#5173,0.473419638);
#5175=LINE('',#5172,#5174);
#5176=EDGE_CURVE('',#5105,#1563,#5175,.T.);
#5177=ORIENTED_EDGE('',*,*,#5176,.F.);
#5178=ORIENTED_EDGE('',*,*,#5110,.F.);
#5179=EDGE_LOOP('',(#5170,#5171,#5177,#5178));
#5180=FACE_BOUND('',#5179,.T.);
#5181=ADVANCED_FACE('',(#5180),#5164,.T.);
#5182=CARTESIAN_POINT('',(0.,-45.468114681,-0.));
#5183=DIRECTION('',(-0.,-1.,0.));
#5184=DIRECTION('',(1.,-0.,0.));
#5185=AXIS2_PLACEMENT_3D('',#5182,#5183,#5184);
#5186=PLANE('',#5185);
#5187=CARTESIAN_POINT('',(16.455166746,-45.468114681,38.686467488));
#5188=VERTEX_POINT('',#5187);
#5189=CARTESIAN_POINT('',(15.663932228,-45.468114681,37.556467488));
#5190=VERTEX_POINT('',#5189);
#5191=CARTESIAN_POINT('',(16.455166746,-45.468114681,38.686467488));
#5192=DIRECTION('',(-0.573576436,-0.,-0.819152044));
#5193=VECTOR('',#5192,1.379475285);
#5194=LINE('',#5191,#5193);
#5195=EDGE_CURVE('',#5188,#5190,#5194,.T.);
#5196=ORIENTED_EDGE('',*,*,#5195,.F.);
#5197=CARTESIAN_POINT('',(14.455166746,-45.468114681,38.686467488));
#5198=VERTEX_POINT('',#5197);
#5199=CARTESIAN_POINT('',(16.455166746,-45.468114681,38.686467488));
#5200=DIRECTION('',(-1.,0.,-0.));
#5201=VECTOR('',#5200,2.);
#5202=LINE('',#5199,#5201);
#5203=EDGE_CURVE('',#5188,#5198,#5202,.T.);
#5204=ORIENTED_EDGE('',*,*,#5203,.T.);
#5205=CARTESIAN_POINT('',(13.663932228,-45.468114681,37.556467488));
#5206=VERTEX_POINT('',#5205);
#5207=CARTESIAN_POINT('',(13.663932228,-45.468114681,37.556467488));
#5208=DIRECTION('',(0.573576436,0.,0.819152044));
#5209=VECTOR('',#5208,1.379475285);
#5210=LINE('',#5207,#5209);
#5211=EDGE_CURVE('',#5206,#5198,#5210,.T.);
#5212=ORIENTED_EDGE('',*,*,#5211,.F.);
#5213=CARTESIAN_POINT('',(13.663932228,-45.468114681,37.556467488));
#5214=DIRECTION('',(1.,-0.,0.));
#5215=VECTOR('',#5214,2.);
#5216=LINE('',#5213,#5215);
#5217=EDGE_CURVE('',#5206,#5190,#5216,.T.);
#5218=ORIENTED_EDGE('',*,*,#5217,.T.);
#5219=EDGE_LOOP('',(#5196,#5204,#5212,#5218));
#5220=FACE_BOUND('',#5219,.T.);
#5221=ADVANCED_FACE('',(#5220),#5186,.T.);
#5222=CARTESIAN_POINT('',(25.01278543,-45.168114681,37.256467488));
#5223=DIRECTION('',(0.,-0.707106781,-0.707106781));
#5224=DIRECTION('',(1.,-0.,0.));
#5225=AXIS2_PLACEMENT_3D('',#5222,#5223,#5224);
#5226=PLANE('',#5225);
#5227=CARTESIAN_POINT('',(15.453869966,-45.168114681,37.256467488));
#5228=VERTEX_POINT('',#5227);
#5229=CARTESIAN_POINT('',(15.663932228,-45.468114681,37.556467488));
#5230=DIRECTION('',(-0.443712606,0.633687274,-0.633687274));
#5231=VECTOR('',#5230,0.473419638);
#5232=LINE('',#5229,#5231);
#5233=EDGE_CURVE('',#5190,#5228,#5232,.T.);
#5234=ORIENTED_EDGE('',*,*,#5233,.F.);
#5235=ORIENTED_EDGE('',*,*,#5217,.F.);
#5236=CARTESIAN_POINT('',(13.453869966,-45.168114681,37.256467488));
#5237=VERTEX_POINT('',#5236);
#5238=CARTESIAN_POINT('',(13.453869966,-45.168114681,37.256467488));
#5239=DIRECTION('',(0.443712606,-0.633687274,0.633687274));
#5240=VECTOR('',#5239,0.473419638);
#5241=LINE('',#5238,#5240);
#5242=EDGE_CURVE('',#5237,#5206,#5241,.T.);
#5243=ORIENTED_EDGE('',*,*,#5242,.F.);
#5244=CARTESIAN_POINT('',(15.453869966,-45.168114681,37.256467488));
#5245=DIRECTION('',(-1.,0.,-0.));
#5246=VECTOR('',#5245,2.);
#5247=LINE('',#5244,#5246);
#5248=EDGE_CURVE('',#5228,#5237,#5247,.T.);
#5249=ORIENTED_EDGE('',*,*,#5248,.F.);
#5250=EDGE_LOOP('',(#5234,#5235,#5243,#5249));
#5251=FACE_BOUND('',#5250,.T.);
#5252=ADVANCED_FACE('',(#5251),#5226,.T.);
#5253=CARTESIAN_POINT('',(25.01278543,-45.168114681,43.956469266));
#5254=DIRECTION('',(-0.,-0.707106781,0.707106781));
#5255=DIRECTION('',(-1.,0.,-0.));
#5256=AXIS2_PLACEMENT_3D('',#5253,#5254,#5255);
#5257=PLANE('',#5256);
#5258=CARTESIAN_POINT('',(20.145261716,-45.168114681,43.956469266));
#5259=DIRECTION('',(-0.443712606,-0.633687274,-0.633687274));
#5260=VECTOR('',#5259,0.473419638);
#5261=LINE('',#5258,#5260);
#5262=EDGE_CURVE('',#1555,#3201,#5261,.T.);
#5263=ORIENTED_EDGE('',*,*,#5262,.F.);
#5264=ORIENTED_EDGE('',*,*,#1560,.F.);
#5265=CARTESIAN_POINT('',(17.935199455,-45.468114681,43.656469266));
#5266=DIRECTION('',(0.443712606,0.633687274,0.633687274));
#5267=VECTOR('',#5266,0.473419638);
#5268=LINE('',#5265,#5267);
#5269=EDGE_CURVE('',#3209,#1547,#5268,.T.);
#5270=ORIENTED_EDGE('',*,*,#5269,.F.);
#5271=ORIENTED_EDGE('',*,*,#3214,.F.);
#5272=EDGE_LOOP('',(#5263,#5264,#5270,#5271));
#5273=FACE_BOUND('',#5272,.T.);
#5274=ADVANCED_FACE('',(#5273),#5257,.T.);
#5275=CARTESIAN_POINT('',(0.,-45.468114681,-0.));
#5276=DIRECTION('',(-0.,-1.,0.));
#5277=DIRECTION('',(1.,-0.,0.));
#5278=AXIS2_PLACEMENT_3D('',#5275,#5276,#5277);
#5279=PLANE('',#5278);
#5280=CARTESIAN_POINT('',(13.205686836,-45.468114681,41.186469266));
#5281=VERTEX_POINT('',#5280);
#5282=CARTESIAN_POINT('',(14.935199455,-45.468114681,43.656469266));
#5283=VERTEX_POINT('',#5282);
#5284=CARTESIAN_POINT('',(13.205686836,-45.468114681,41.186469266));
#5285=DIRECTION('',(0.573576436,0.,0.819152044));
#5286=VECTOR('',#5285,3.015313234);
#5287=LINE('',#5284,#5286);
#5288=EDGE_CURVE('',#5281,#5283,#5287,.T.);
#5289=ORIENTED_EDGE('',*,*,#5288,.F.);
#5290=CARTESIAN_POINT('',(15.205686836,-45.468114681,41.186469266));
#5291=VERTEX_POINT('',#5290);
#5292=CARTESIAN_POINT('',(13.205686836,-45.468114681,41.186469266));
#5293=DIRECTION('',(1.,-0.,0.));
#5294=VECTOR('',#5293,2.);
#5295=LINE('',#5292,#5294);
#5296=EDGE_CURVE('',#5281,#5291,#5295,.T.);
#5297=ORIENTED_EDGE('',*,*,#5296,.T.);
#5298=CARTESIAN_POINT('',(16.935199455,-45.468114681,43.656469266));
#5299=VERTEX_POINT('',#5298);
#5300=CARTESIAN_POINT('',(16.935199455,-45.468114681,43.656469266));
#5301=DIRECTION('',(-0.573576436,-0.,-0.819152044));
#5302=VECTOR('',#5301,3.015313234);
#5303=LINE('',#5300,#5302);
#5304=EDGE_CURVE('',#5299,#5291,#5303,.T.);
#5305=ORIENTED_EDGE('',*,*,#5304,.F.);
#5306=CARTESIAN_POINT('',(16.935199455,-45.468114681,43.656469266));
#5307=DIRECTION('',(-1.,0.,-0.));
#5308=VECTOR('',#5307,2.);
#5309=LINE('',#5306,#5308);
#5310=EDGE_CURVE('',#5299,#5283,#5309,.T.);
#5311=ORIENTED_EDGE('',*,*,#5310,.T.);
#5312=EDGE_LOOP('',(#5289,#5297,#5305,#5311));
#5313=FACE_BOUND('',#5312,.T.);
#5314=ADVANCED_FACE('',(#5313),#5279,.T.);
#5315=CARTESIAN_POINT('',(25.01278543,-45.168114681,37.256467488));
#5316=DIRECTION('',(0.,-0.707106781,-0.707106781));
#5317=DIRECTION('',(1.,-0.,0.));
#5318=AXIS2_PLACEMENT_3D('',#5315,#5316,#5317);
#5319=PLANE('',#5318);
#5320=CARTESIAN_POINT('',(12.453869966,-45.168114681,37.256467488));
#5321=VERTEX_POINT('',#5320);
#5322=CARTESIAN_POINT('',(12.663932228,-45.468114681,37.556467488));
#5323=DIRECTION('',(-0.443712606,0.633687274,-0.633687274));
#5324=VECTOR('',#5323,0.473419638);
#5325=LINE('',#5322,#5324);
#5326=EDGE_CURVE('',#3321,#5321,#5325,.T.);
#5327=ORIENTED_EDGE('',*,*,#5326,.F.);
#5328=ORIENTED_EDGE('',*,*,#3326,.F.);
#5329=CARTESIAN_POINT('',(10.453869966,-45.168114681,37.256467488));
#5330=VERTEX_POINT('',#5329);
#5331=CARTESIAN_POINT('',(10.453869966,-45.168114681,37.256467488));
#5332=DIRECTION('',(0.443712606,-0.633687274,0.633687274));
#5333=VECTOR('',#5332,0.473419638);
#5334=LINE('',#5331,#5333);
#5335=EDGE_CURVE('',#5330,#3313,#5334,.T.);
#5336=ORIENTED_EDGE('',*,*,#5335,.F.);
#5337=CARTESIAN_POINT('',(12.453869966,-45.168114681,37.256467488));
#5338=DIRECTION('',(-1.,0.,-0.));
#5339=VECTOR('',#5338,2.);
#5340=LINE('',#5337,#5339);
#5341=EDGE_CURVE('',#5321,#5330,#5340,.T.);
#5342=ORIENTED_EDGE('',*,*,#5341,.F.);
#5343=EDGE_LOOP('',(#5327,#5328,#5336,#5342));
#5344=FACE_BOUND('',#5343,.T.);
#5345=ADVANCED_FACE('',(#5344),#5319,.T.);
#5346=CARTESIAN_POINT('',(25.01278543,-45.168114681,43.956469266));
#5347=DIRECTION('',(-0.,-0.707106781,0.707106781));
#5348=DIRECTION('',(-1.,0.,-0.));
#5349=AXIS2_PLACEMENT_3D('',#5346,#5347,#5348);
#5350=PLANE('',#5349);
#5351=CARTESIAN_POINT('',(17.145261716,-45.168114681,43.956469266));
#5352=DIRECTION('',(-0.443712606,-0.633687274,-0.633687274));
#5353=VECTOR('',#5352,0.473419638);
#5354=LINE('',#5351,#5353);
#5355=EDGE_CURVE('',#1539,#5299,#5354,.T.);
#5356=ORIENTED_EDGE('',*,*,#5355,.F.);
#5357=ORIENTED_EDGE('',*,*,#1544,.F.);
#5358=CARTESIAN_POINT('',(14.935199455,-45.468114681,43.656469266));
#5359=DIRECTION('',(0.443712606,0.633687274,0.633687274));
#5360=VECTOR('',#5359,0.473419638);
#5361=LINE('',#5358,#5360);
#5362=EDGE_CURVE('',#5283,#1531,#5361,.T.);
#5363=ORIENTED_EDGE('',*,*,#5362,.F.);
#5364=ORIENTED_EDGE('',*,*,#5310,.F.);
#5365=EDGE_LOOP('',(#5356,#5357,#5363,#5364));
#5366=FACE_BOUND('',#5365,.T.);
#5367=ADVANCED_FACE('',(#5366),#5350,.T.);
#5368=CARTESIAN_POINT('',(0.,-45.468114681,-0.));
#5369=DIRECTION('',(-0.,-1.,0.));
#5370=DIRECTION('',(1.,-0.,0.));
#5371=AXIS2_PLACEMENT_3D('',#5368,#5369,#5370);
#5372=PLANE('',#5371);
#5373=CARTESIAN_POINT('',(13.935199455,-45.468114681,43.656469266));
#5374=VERTEX_POINT('',#5373);
#5375=CARTESIAN_POINT('',(9.663932228,-45.468114681,37.556467488));
#5376=VERTEX_POINT('',#5375);
#5377=CARTESIAN_POINT('',(13.935199455,-45.468114681,43.656469266));
#5378=DIRECTION('',(-0.573576436,-0.,-0.819152044));
#5379=VECTOR('',#5378,7.446727161);
#5380=LINE('',#5377,#5379);
#5381=EDGE_CURVE('',#5374,#5376,#5380,.T.);
#5382=ORIENTED_EDGE('',*,*,#5381,.F.);
#5383=CARTESIAN_POINT('',(0.01278543,-45.468114681,43.656469266));
#5384=VERTEX_POINT('',#5383);
#5385=CARTESIAN_POINT('',(13.935199455,-45.468114681,43.656469266));
#5386=DIRECTION('',(-1.,0.,-0.));
#5387=VECTOR('',#5386,13.922414025);
#5388=LINE('',#5385,#5387);
#5389=EDGE_CURVE('',#5374,#5384,#5388,.T.);
#5390=ORIENTED_EDGE('',*,*,#5389,.T.);
#5391=CARTESIAN_POINT('',(-1.98721457,-45.468114681,41.656469266));
#5392=VERTEX_POINT('',#5391);
#5393=CARTESIAN_POINT('',(0.01278543,-45.468114681,41.656469266));
#5394=DIRECTION('',(-0.,-1.,0.));
#5395=DIRECTION('',(1.,-0.,0.));
#5396=AXIS2_PLACEMENT_3D('',#5393,#5394,#5395);
#5397=CIRCLE('',#5396,2.);
#5398=EDGE_CURVE('',#5384,#5392,#5397,.T.);
#5399=ORIENTED_EDGE('',*,*,#5398,.T.);
#5400=CARTESIAN_POINT('',(-1.98721457,-45.468114681,39.556467488));
#5401=VERTEX_POINT('',#5400);
#5402=CARTESIAN_POINT('',(-1.98721457,-45.468114681,41.656469266));
#5403=DIRECTION('',(0.,-0.,-1.));
#5404=VECTOR('',#5403,2.100001778);
#5405=LINE('',#5402,#5404);
#5406=EDGE_CURVE('',#5392,#5401,#5405,.T.);
#5407=ORIENTED_EDGE('',*,*,#5406,.T.);
#5408=CARTESIAN_POINT('',(0.01278543,-45.468114681,37.556467488));
#5409=VERTEX_POINT('',#5408);
#5410=CARTESIAN_POINT('',(0.01278543,-45.468114681,39.556467488));
#5411=DIRECTION('',(-0.,-1.,0.));
#5412=DIRECTION('',(1.,-0.,0.));
#5413=AXIS2_PLACEMENT_3D('',#5410,#5411,#5412);
#5414=CIRCLE('',#5413,2.);
#5415=EDGE_CURVE('',#5401,#5409,#5414,.T.);
#5416=ORIENTED_EDGE('',*,*,#5415,.T.);
#5417=CARTESIAN_POINT('',(0.01278543,-45.468114681,37.556467488));
#5418=DIRECTION('',(1.,-0.,0.));
#5419=VECTOR('',#5418,9.651146798);
#5420=LINE('',#5417,#5419);
#5421=EDGE_CURVE('',#5409,#5376,#5420,.T.);
#5422=ORIENTED_EDGE('',*,*,#5421,.T.);
#5423=EDGE_LOOP('',(#5382,#5390,#5399,#5407,#5416,#5422));
#5424=FACE_BOUND('',#5423,.T.);
#5425=CARTESIAN_POINT('',(0.430010118,-45.468114681,41.266469228));
#5426=VERTEX_POINT('',#5425);
#5427=CARTESIAN_POINT('',(2.280010118,-45.468114681,43.116469228));
#5428=VERTEX_POINT('',#5427);
#5429=CARTESIAN_POINT('',(2.280010118,-45.468114681,41.266469228));
#5430=DIRECTION('',(0.,1.,-0.));
#5431=DIRECTION('',(1.,-0.,0.));
#5432=AXIS2_PLACEMENT_3D('',#5429,#5430,#5431);
#5433=CIRCLE('',#5432,1.85);
#5434=EDGE_CURVE('',#5426,#5428,#5433,.T.);
#5435=ORIENTED_EDGE('',*,*,#5434,.T.);
#5436=CARTESIAN_POINT('',(8.720010202,-45.468114681,43.116469228));
#5437=VERTEX_POINT('',#5436);
#5438=CARTESIAN_POINT('',(2.280010118,-45.468114681,43.116469228));
#5439=DIRECTION('',(1.,-0.,0.));
#5440=VECTOR('',#5439,6.440000084);
#5441=LINE('',#5438,#5440);
#5442=EDGE_CURVE('',#5428,#5437,#5441,.T.);
#5443=ORIENTED_EDGE('',*,*,#5442,.T.);
#5444=CARTESIAN_POINT('',(10.570010202,-45.468114681,41.266469228));
#5445=VERTEX_POINT('',#5444);
#5446=CARTESIAN_POINT('',(8.720010202,-45.468114681,41.266469228));
#5447=DIRECTION('',(0.,1.,-0.));
#5448=DIRECTION('',(1.,-0.,0.));
#5449=AXIS2_PLACEMENT_3D('',#5446,#5447,#5448);
#5450=CIRCLE('',#5449,1.85);
#5451=EDGE_CURVE('',#5437,#5445,#5450,.T.);
#5452=ORIENTED_EDGE('',*,*,#5451,.T.);
#5453=CARTESIAN_POINT('',(10.570010202,-45.468114681,40.606469203));
#5454=VERTEX_POINT('',#5453);
#5455=CARTESIAN_POINT('',(10.570010202,-45.468114681,41.266469228));
#5456=DIRECTION('',(0.,-0.,-1.));
#5457=VECTOR('',#5456,0.660000026);
#5458=LINE('',#5455,#5457);
#5459=EDGE_CURVE('',#5445,#5454,#5458,.T.);
#5460=ORIENTED_EDGE('',*,*,#5459,.T.);
#5461=CARTESIAN_POINT('',(8.720010202,-45.468114681,38.756469203));
#5462=VERTEX_POINT('',#5461);
#5463=CARTESIAN_POINT('',(8.720010202,-45.468114681,40.606469203));
#5464=DIRECTION('',(0.,1.,-0.));
#5465=DIRECTION('',(1.,-0.,0.));
#5466=AXIS2_PLACEMENT_3D('',#5463,#5464,#5465);
#5467=CIRCLE('',#5466,1.85);
#5468=EDGE_CURVE('',#5454,#5462,#5467,.T.);
#5469=ORIENTED_EDGE('',*,*,#5468,.T.);
#5470=CARTESIAN_POINT('',(2.280010118,-45.468114681,38.756469203));
#5471=VERTEX_POINT('',#5470);
#5472=CARTESIAN_POINT('',(8.720010202,-45.468114681,38.756469203));
#5473=DIRECTION('',(-1.,0.,-0.));
#5474=VECTOR('',#5473,6.440000084);
#5475=LINE('',#5472,#5474);
#5476=EDGE_CURVE('',#5462,#5471,#5475,.T.);
#5477=ORIENTED_EDGE('',*,*,#5476,.T.);
#5478=CARTESIAN_POINT('',(0.430010118,-45.468114681,40.606469203));
#5479=VERTEX_POINT('',#5478);
#5480=CARTESIAN_POINT('',(2.280010118,-45.468114681,40.606469203));
#5481=DIRECTION('',(0.,1.,-0.));
#5482=DIRECTION('',(1.,-0.,0.));
#5483=AXIS2_PLACEMENT_3D('',#5480,#5481,#5482);
#5484=CIRCLE('',#5483,1.85);
#5485=EDGE_CURVE('',#5471,#5479,#5484,.T.);
#5486=ORIENTED_EDGE('',*,*,#5485,.T.);
#5487=CARTESIAN_POINT('',(0.430010118,-45.468114681,40.606469203));
#5488=DIRECTION('',(-0.,0.,1.));
#5489=VECTOR('',#5488,0.660000026);
#5490=LINE('',#5487,#5489);
#5491=EDGE_CURVE('',#5479,#5426,#5490,.T.);
#5492=ORIENTED_EDGE('',*,*,#5491,.T.);
#5493=EDGE_LOOP('',(#5435,#5443,#5452,#5460,#5469,#5477,#5486,#5492));
#5494=FACE_BOUND('',#5493,.T.);
#5495=ADVANCED_FACE('',(#5424,#5494),#5372,.T.);
#5496=CARTESIAN_POINT('',(25.01278543,-45.168114681,37.256467488));
#5497=DIRECTION('',(0.,-0.707106781,-0.707106781));
#5498=DIRECTION('',(1.,-0.,0.));
#5499=AXIS2_PLACEMENT_3D('',#5496,#5497,#5498);
#5500=PLANE('',#5499);
#5501=CARTESIAN_POINT('',(9.453869966,-45.168114681,37.256467488));
#5502=VERTEX_POINT('',#5501);
#5503=CARTESIAN_POINT('',(9.663932228,-45.468114681,37.556467488));
#5504=DIRECTION('',(-0.443712606,0.633687274,-0.633687274));
#5505=VECTOR('',#5504,0.473419638);
#5506=LINE('',#5503,#5505);
#5507=EDGE_CURVE('',#5376,#5502,#5506,.T.);
#5508=ORIENTED_EDGE('',*,*,#5507,.F.);
#5509=ORIENTED_EDGE('',*,*,#5421,.F.);
#5510=CARTESIAN_POINT('',(0.01278543,-45.168114681,37.256467488));
#5511=VERTEX_POINT('',#5510);
#5512=CARTESIAN_POINT('',(0.01278543,-45.168114681,37.256467488));
#5513=DIRECTION('',(-0.,-0.707106781,0.707106781));
#5514=VECTOR('',#5513,0.424264069);
#5515=LINE('',#5512,#5514);
#5516=EDGE_CURVE('',#5511,#5409,#5515,.T.);
#5517=ORIENTED_EDGE('',*,*,#5516,.F.);
#5518=CARTESIAN_POINT('',(9.453869966,-45.168114681,37.256467488));
#5519=DIRECTION('',(-1.,0.,-0.));
#5520=VECTOR('',#5519,9.441084537);
#5521=LINE('',#5518,#5520);
#5522=EDGE_CURVE('',#5502,#5511,#5521,.T.);
#5523=ORIENTED_EDGE('',*,*,#5522,.F.);
#5524=EDGE_LOOP('',(#5508,#5509,#5517,#5523));
#5525=FACE_BOUND('',#5524,.T.);
#5526=ADVANCED_FACE('',(#5525),#5500,.T.);
#5527=CARTESIAN_POINT('',(25.01278543,-45.168114681,43.956469266));
#5528=DIRECTION('',(-0.,-0.707106781,0.707106781));
#5529=DIRECTION('',(-1.,0.,-0.));
#5530=AXIS2_PLACEMENT_3D('',#5527,#5528,#5529);
#5531=PLANE('',#5530);
#5532=CARTESIAN_POINT('',(14.145261716,-45.168114681,43.956469266));
#5533=DIRECTION('',(-0.443712606,-0.633687274,-0.633687274));
#5534=VECTOR('',#5533,0.473419638);
#5535=LINE('',#5532,#5534);
#5536=EDGE_CURVE('',#1523,#5374,#5535,.T.);
#5537=ORIENTED_EDGE('',*,*,#5536,.F.);
#5538=ORIENTED_EDGE('',*,*,#1528,.F.);
#5539=CARTESIAN_POINT('',(0.01278543,-45.468114681,43.656469266));
#5540=DIRECTION('',(-0.,0.707106781,0.707106781));
#5541=VECTOR('',#5540,0.424264069);
#5542=LINE('',#5539,#5541);
#5543=EDGE_CURVE('',#5384,#647,#5542,.T.);
#5544=ORIENTED_EDGE('',*,*,#5543,.F.);
#5545=ORIENTED_EDGE('',*,*,#5389,.F.);
#5546=EDGE_LOOP('',(#5537,#5538,#5544,#5545));
#5547=FACE_BOUND('',#5546,.T.);
#5548=ADVANCED_FACE('',(#5547),#5531,.T.);
#5549=CARTESIAN_POINT('',(0.,-45.468114681,-0.));
#5550=DIRECTION('',(-0.,-1.,0.));
#5551=DIRECTION('',(1.,-0.,0.));
#5552=AXIS2_PLACEMENT_3D('',#5549,#5550,#5551);
#5553=PLANE('',#5552);
#5554=CARTESIAN_POINT('',(49.663932228,-45.468114681,37.556467488));
#5555=VERTEX_POINT('',#5554);
#5556=CARTESIAN_POINT('',(52.01278543,-45.468114681,40.910977507));
#5557=VERTEX_POINT('',#5556);
#5558=CARTESIAN_POINT('',(49.663932228,-45.468114681,37.556467488));
#5559=DIRECTION('',(0.573576436,0.,0.819152044));
#5560=VECTOR('',#5559,4.095100589);
#5561=LINE('',#5558,#5560);
#5562=EDGE_CURVE('',#5555,#5557,#5561,.T.);
#5563=ORIENTED_EDGE('',*,*,#5562,.F.);
#5564=CARTESIAN_POINT('',(50.01278543,-45.468114681,37.556467488));
#5565=VERTEX_POINT('',#5564);
#5566=CARTESIAN_POINT('',(49.663932228,-45.468114681,37.556467488));
#5567=DIRECTION('',(1.,-0.,0.));
#5568=VECTOR('',#5567,0.348853202);
#5569=LINE('',#5566,#5568);
#5570=EDGE_CURVE('',#5555,#5565,#5569,.T.);
#5571=ORIENTED_EDGE('',*,*,#5570,.T.);
#5572=CARTESIAN_POINT('',(52.01278543,-45.468114681,39.556467488));
#5573=VERTEX_POINT('',#5572);
#5574=CARTESIAN_POINT('',(50.01278543,-45.468114681,39.556467488));
#5575=DIRECTION('',(-0.,-1.,0.));
#5576=DIRECTION('',(1.,-0.,0.));
#5577=AXIS2_PLACEMENT_3D('',#5574,#5575,#5576);
#5578=CIRCLE('',#5577,2.);
#5579=EDGE_CURVE('',#5565,#5573,#5578,.T.);
#5580=ORIENTED_EDGE('',*,*,#5579,.T.);
#5581=CARTESIAN_POINT('',(52.01278543,-45.468114681,39.556467488));
#5582=DIRECTION('',(-0.,0.,1.));
#5583=VECTOR('',#5582,1.354510019);
#5584=LINE('',#5581,#5583);
#5585=EDGE_CURVE('',#5573,#5557,#5584,.T.);
#5586=ORIENTED_EDGE('',*,*,#5585,.T.);
#5587=EDGE_LOOP('',(#5563,#5571,#5580,#5586));
#5588=FACE_BOUND('',#5587,.T.);
#5589=ADVANCED_FACE('',(#5588),#5553,.T.);
#5590=CARTESIAN_POINT('',(52.31278543,-55.430832487,30.456468377));
#5591=DIRECTION('',(-1.,0.,-0.));
#5592=DIRECTION('',(-0.,-1.,0.));
#5593=AXIS2_PLACEMENT_3D('',#5590,#5591,#5592);
#5594=PLANE('',#5593);
#5595=CARTESIAN_POINT('',(52.31278543,-42.30463133,40.606469212));
#5596=VERTEX_POINT('',#5595);
#5597=CARTESIAN_POINT('',(52.31278543,-42.30463133,41.266469219));
#5598=VERTEX_POINT('',#5597);
#5599=CARTESIAN_POINT('',(52.31278543,-42.30463133,40.606469212));
#5600=DIRECTION('',(-0.,0.,1.));
#5601=VECTOR('',#5600,0.660000007);
#5602=LINE('',#5599,#5601);
#5603=EDGE_CURVE('',#5596,#5598,#5602,.T.);
#5604=ORIENTED_EDGE('',*,*,#5603,.T.);
#5605=CARTESIAN_POINT('',(52.31278543,-42.244335103,41.656469266));
#5606=VERTEX_POINT('',#5605);
#5607=CARTESIAN_POINT('',(52.31278543,-41.013209964,41.266469219));
#5608=DIRECTION('',(-1.,0.,-0.));
#5609=DIRECTION('',(-0.,-1.,0.));
#5610=AXIS2_PLACEMENT_3D('',#5607,#5608,#5609);
#5611=CIRCLE('',#5610,1.291421366);
#5612=EDGE_CURVE('',#5598,#5606,#5611,.T.);
#5613=ORIENTED_EDGE('',*,*,#5612,.T.);
#5614=CARTESIAN_POINT('',(52.31278543,-45.168114681,41.656469266));
#5615=VERTEX_POINT('',#5614);
#5616=CARTESIAN_POINT('',(52.31278543,-42.244335103,41.656469266));
#5617=DIRECTION('',(-0.,-1.,0.));
#5618=VECTOR('',#5617,2.923779579);
#5619=LINE('',#5616,#5618);
#5620=EDGE_CURVE('',#5606,#5615,#5619,.T.);
#5621=ORIENTED_EDGE('',*,*,#5620,.T.);
#5622=CARTESIAN_POINT('',(52.31278543,-45.168114681,41.339421909));
#5623=VERTEX_POINT('',#5622);
#5624=CARTESIAN_POINT('',(52.31278543,-45.168114681,41.656469266));
#5625=DIRECTION('',(0.,-0.,-1.));
#5626=VECTOR('',#5625,0.317047357);
#5627=LINE('',#5624,#5626);
#5628=EDGE_CURVE('',#5615,#5623,#5627,.T.);
#5629=ORIENTED_EDGE('',*,*,#5628,.T.);
#5630=CARTESIAN_POINT('',(52.31278543,-45.168114681,39.556467488));
#5631=VERTEX_POINT('',#5630);
#5632=CARTESIAN_POINT('',(52.31278543,-45.168114681,41.339421909));
#5633=DIRECTION('',(0.,-0.,-1.));
#5634=VECTOR('',#5633,1.782954421);
#5635=LINE('',#5632,#5634);
#5636=EDGE_CURVE('',#5623,#5631,#5635,.T.);
#5637=ORIENTED_EDGE('',*,*,#5636,.T.);
#5638=CARTESIAN_POINT('',(52.31278543,-41.765049252,39.55646596));
#5639=VERTEX_POINT('',#5638);
#5640=CARTESIAN_POINT('',(52.31278543,-45.168114681,39.556467488));
#5641=DIRECTION('',(0.,1.,-0.));
#5642=VECTOR('',#5641,3.40306543);
#5643=LINE('',#5640,#5642);
#5644=EDGE_CURVE('',#5631,#5639,#5643,.T.);
#5645=ORIENTED_EDGE('',*,*,#5644,.T.);
#5646=CARTESIAN_POINT('',(52.31278543,-41.013209964,40.606469212));
#5647=DIRECTION('',(-1.,0.,-0.));
#5648=DIRECTION('',(-0.,-1.,0.));
#5649=AXIS2_PLACEMENT_3D('',#5646,#5647,#5648);
#5650=CIRCLE('',#5649,1.291421366);
#5651=EDGE_CURVE('',#5639,#5596,#5650,.T.);
#5652=ORIENTED_EDGE('',*,*,#5651,.T.);
#5653=EDGE_LOOP('',(#5604,#5613,#5621,#5629,#5637,#5645,#5652));
#5654=FACE_BOUND('',#5653,.T.);
#5655=ADVANCED_FACE('',(#5654),#5594,.F.);
#5656=CARTESIAN_POINT('',(25.01278543,-59.130832487,37.256467488));
#5657=DIRECTION('',(-0.,0.,1.));
#5658=DIRECTION('',(1.,-0.,0.));
#5659=AXIS2_PLACEMENT_3D('',#5656,#5657,#5658);
#5660=PLANE('',#5659);
#5661=CARTESIAN_POINT('',(0.01278543,-43.168114681,37.256467488));
#5662=VERTEX_POINT('',#5661);
#5663=CARTESIAN_POINT('',(0.01278543,-45.168114681,37.256467488));
#5664=DIRECTION('',(0.,1.,-0.));
#5665=VECTOR('',#5664,2.);
#5666=LINE('',#5663,#5665);
#5667=EDGE_CURVE('',#5511,#5662,#5666,.T.);
#5668=ORIENTED_EDGE('',*,*,#5667,.T.);
#5669=CARTESIAN_POINT('',(50.01278543,-43.168114681,37.256467488));
#5670=VERTEX_POINT('',#5669);
#5671=CARTESIAN_POINT('',(0.01278543,-43.168114681,37.256467488));
#5672=DIRECTION('',(1.,-0.,0.));
#5673=VECTOR('',#5672,50.);
#5674=LINE('',#5671,#5673);
#5675=EDGE_CURVE('',#5662,#5670,#5674,.T.);
#5676=ORIENTED_EDGE('',*,*,#5675,.T.);
#5677=CARTESIAN_POINT('',(50.01278543,-45.168114681,37.256467488));
#5678=VERTEX_POINT('',#5677);
#5679=CARTESIAN_POINT('',(50.01278543,-43.168114681,37.256467488));
#5680=DIRECTION('',(-0.,-1.,0.));
#5681=VECTOR('',#5680,2.);
#5682=LINE('',#5679,#5681);
#5683=EDGE_CURVE('',#5670,#5678,#5682,.T.);
#5684=ORIENTED_EDGE('',*,*,#5683,.T.);
#5685=CARTESIAN_POINT('',(49.453869966,-45.168114681,37.256467488));
#5686=VERTEX_POINT('',#5685);
#5687=CARTESIAN_POINT('',(50.01278543,-45.168114681,37.256467488));
#5688=DIRECTION('',(-1.,0.,-0.));
#5689=VECTOR('',#5688,0.558915463);
#5690=LINE('',#5687,#5689);
#5691=EDGE_CURVE('',#5678,#5686,#5690,.T.);
#5692=ORIENTED_EDGE('',*,*,#5691,.T.);
#5693=CARTESIAN_POINT('',(49.453869966,-45.168114681,37.256467488));
#5694=DIRECTION('',(-1.,0.,-0.));
#5695=VECTOR('',#5694,1.);
#5696=LINE('',#5693,#5695);
#5697=EDGE_CURVE('',#5686,#4177,#5696,.T.);
#5698=ORIENTED_EDGE('',*,*,#5697,.T.);
#5699=ORIENTED_EDGE('',*,*,#4197,.T.);
#5700=CARTESIAN_POINT('',(46.453869966,-45.168114681,37.256467488));
#5701=DIRECTION('',(-1.,0.,-0.));
#5702=VECTOR('',#5701,1.);
#5703=LINE('',#5700,#5702);
#5704=EDGE_CURVE('',#4186,#4280,#5703,.T.);
#5705=ORIENTED_EDGE('',*,*,#5704,.T.);
#5706=ORIENTED_EDGE('',*,*,#4300,.T.);
#5707=CARTESIAN_POINT('',(43.453869966,-45.168114681,37.256467488));
#5708=DIRECTION('',(-1.,0.,-0.));
#5709=VECTOR('',#5708,1.);
#5710=LINE('',#5707,#5709);
#5711=EDGE_CURVE('',#4289,#4351,#5710,.T.);
#5712=ORIENTED_EDGE('',*,*,#5711,.T.);
#5713=ORIENTED_EDGE('',*,*,#4371,.T.);
#5714=CARTESIAN_POINT('',(40.453869966,-45.168114681,37.256467488));
#5715=DIRECTION('',(-1.,0.,-0.));
#5716=VECTOR('',#5715,1.);
#5717=LINE('',#5714,#5716);
#5718=EDGE_CURVE('',#4360,#4444,#5717,.T.);
#5719=ORIENTED_EDGE('',*,*,#5718,.T.);
#5720=ORIENTED_EDGE('',*,*,#4464,.T.);
#5721=CARTESIAN_POINT('',(37.453869966,-45.168114681,37.256467488));
#5722=DIRECTION('',(-1.,0.,-0.));
#5723=VECTOR('',#5722,1.);
#5724=LINE('',#5721,#5723);
#5725=EDGE_CURVE('',#4453,#4537,#5724,.T.);
#5726=ORIENTED_EDGE('',*,*,#5725,.T.);
#5727=ORIENTED_EDGE('',*,*,#4557,.T.);
#5728=CARTESIAN_POINT('',(34.453869966,-45.168114681,37.256467488));
#5729=DIRECTION('',(-1.,0.,-0.));
#5730=VECTOR('',#5729,1.);
#5731=LINE('',#5728,#5730);
#5732=EDGE_CURVE('',#4546,#4630,#5731,.T.);
#5733=ORIENTED_EDGE('',*,*,#5732,.T.);
#5734=ORIENTED_EDGE('',*,*,#4650,.T.);
#5735=CARTESIAN_POINT('',(31.453869966,-45.168114681,37.256467488));
#5736=DIRECTION('',(-1.,0.,-0.));
#5737=VECTOR('',#5736,1.);
#5738=LINE('',#5735,#5737);
#5739=EDGE_CURVE('',#4639,#4743,#5738,.T.);
#5740=ORIENTED_EDGE('',*,*,#5739,.T.);
#5741=ORIENTED_EDGE('',*,*,#4763,.T.);
#5742=CARTESIAN_POINT('',(28.453869966,-45.168114681,37.256467488));
#5743=DIRECTION('',(-1.,0.,-0.));
#5744=VECTOR('',#5743,1.);
#5745=LINE('',#5742,#5744);
#5746=EDGE_CURVE('',#4752,#4836,#5745,.T.);
#5747=ORIENTED_EDGE('',*,*,#5746,.T.);
#5748=ORIENTED_EDGE('',*,*,#4856,.T.);
#5749=CARTESIAN_POINT('',(25.453869966,-45.168114681,37.256467488));
#5750=DIRECTION('',(-1.,0.,-0.));
#5751=VECTOR('',#5750,1.);
#5752=LINE('',#5749,#5751);
#5753=EDGE_CURVE('',#4845,#4949,#5752,.T.);
#5754=ORIENTED_EDGE('',*,*,#5753,.T.);
#5755=ORIENTED_EDGE('',*,*,#4969,.T.);
#5756=CARTESIAN_POINT('',(22.453869966,-45.168114681,37.256467488));
#5757=DIRECTION('',(-1.,0.,-0.));
#5758=VECTOR('',#5757,1.);
#5759=LINE('',#5756,#5758);
#5760=EDGE_CURVE('',#4958,#5042,#5759,.T.);
#5761=ORIENTED_EDGE('',*,*,#5760,.T.);
#5762=ORIENTED_EDGE('',*,*,#5062,.T.);
#5763=CARTESIAN_POINT('',(19.453869966,-45.168114681,37.256467488));
#5764=DIRECTION('',(-1.,0.,-0.));
#5765=VECTOR('',#5764,1.);
#5766=LINE('',#5763,#5765);
#5767=EDGE_CURVE('',#5051,#5135,#5766,.T.);
#5768=ORIENTED_EDGE('',*,*,#5767,.T.);
#5769=ORIENTED_EDGE('',*,*,#5155,.T.);
#5770=CARTESIAN_POINT('',(16.453869966,-45.168114681,37.256467488));
#5771=DIRECTION('',(-1.,0.,-0.));
#5772=VECTOR('',#5771,1.);
#5773=LINE('',#5770,#5772);
#5774=EDGE_CURVE('',#5144,#5228,#5773,.T.);
#5775=ORIENTED_EDGE('',*,*,#5774,.T.);
#5776=ORIENTED_EDGE('',*,*,#5248,.T.);
#5777=CARTESIAN_POINT('',(13.453869966,-45.168114681,37.256467488));
#5778=DIRECTION('',(-1.,0.,-0.));
#5779=VECTOR('',#5778,1.);
#5780=LINE('',#5777,#5779);
#5781=EDGE_CURVE('',#5237,#5321,#5780,.T.);
#5782=ORIENTED_EDGE('',*,*,#5781,.T.);
#5783=ORIENTED_EDGE('',*,*,#5341,.T.);
#5784=CARTESIAN_POINT('',(10.453869966,-45.168114681,37.256467488));
#5785=DIRECTION('',(-1.,0.,-0.));
#5786=VECTOR('',#5785,1.);
#5787=LINE('',#5784,#5786);
#5788=EDGE_CURVE('',#5330,#5502,#5787,.T.);
#5789=ORIENTED_EDGE('',*,*,#5788,.T.);
#5790=ORIENTED_EDGE('',*,*,#5522,.T.);
#5791=EDGE_LOOP('',(#5668,#5676,#5684,#5692,#5698,#5699,#5705,#5706,#5712,#5713,#5719,#5720,#5726,#5727,#5733,#5734,#5740,#5741,#5747,#5748,#5754,#5755,#5761,#5762,#5768,#5769,
#5775,#5776,#5782,#5783,#5789,#5790));
#5792=FACE_BOUND('',#5791,.T.);
#5793=ADVANCED_FACE('',(#5792),#5660,.F.);
#5794=CARTESIAN_POINT('',(49.51288449,-41.368114681,38.856467488));
#5795=DIRECTION('',(-0.,-1.,0.));
#5796=DIRECTION('',(-1.,0.,-0.));
#5797=AXIS2_PLACEMENT_3D('',#5794,#5795,#5796);
#5798=PLANE('',#5797);
#5799=CARTESIAN_POINT('',(0.01278543,-41.368114681,19.256467488));
#5800=VERTEX_POINT('',#5799);
#5801=CARTESIAN_POINT('',(0.01278543,-41.368114681,36.256467488));
#5802=VERTEX_POINT('',#5801);
#5803=CARTESIAN_POINT('',(0.01278543,-41.368114681,19.256467488));
#5804=DIRECTION('',(-0.,0.,1.));
#5805=VECTOR('',#5804,17.);
#5806=LINE('',#5803,#5805);
#5807=EDGE_CURVE('',#5800,#5802,#5806,.T.);
#5808=ORIENTED_EDGE('',*,*,#5807,.T.);
#5809=CARTESIAN_POINT('',(50.01278543,-41.368114681,36.256467488));
#5810=VERTEX_POINT('',#5809);
#5811=CARTESIAN_POINT('',(0.01278543,-41.368114681,36.256467488));
#5812=DIRECTION('',(1.,-0.,0.));
#5813=VECTOR('',#5812,50.);
#5814=LINE('',#5811,#5813);
#5815=EDGE_CURVE('',#5802,#5810,#5814,.T.);
#5816=ORIENTED_EDGE('',*,*,#5815,.T.);
#5817=CARTESIAN_POINT('',(50.01278543,-41.368114681,19.256467488));
#5818=VERTEX_POINT('',#5817);
#5819=CARTESIAN_POINT('',(50.01278543,-41.368114681,36.256467488));
#5820=DIRECTION('',(0.,-0.,-1.));
#5821=VECTOR('',#5820,17.);
#5822=LINE('',#5819,#5821);
#5823=EDGE_CURVE('',#5810,#5818,#5822,.T.);
#5824=ORIENTED_EDGE('',*,*,#5823,.T.);
#5825=CARTESIAN_POINT('',(50.01278543,-41.368114681,19.256467488));
#5826=DIRECTION('',(-1.,0.,-0.));
#5827=VECTOR('',#5826,50.);
#5828=LINE('',#5825,#5827);
#5829=EDGE_CURVE('',#5818,#5800,#5828,.T.);
#5830=ORIENTED_EDGE('',*,*,#5829,.T.);
#5831=EDGE_LOOP('',(#5808,#5816,#5824,#5830));
#5832=FACE_BOUND('',#5831,.T.);
#5833=ADVANCED_FACE('',(#5832),#5798,.F.);
#5834=CARTESIAN_POINT('',(0.,-46.13352493,-0.));
#5835=DIRECTION('',(-0.,-1.,0.));
#5836=DIRECTION('',(1.,-0.,0.));
#5837=AXIS2_PLACEMENT_3D('',#5834,#5835,#5836);
#5838=PLANE('',#5837);
#5839=CARTESIAN_POINT('',(2.280010118,-46.13352493,42.716469228));
#5840=VERTEX_POINT('',#5839);
#5841=CARTESIAN_POINT('',(0.830010118,-46.13352493,41.266469228));
#5842=VERTEX_POINT('',#5841);
#5843=CARTESIAN_POINT('',(2.280010118,-46.13352493,41.266469228));
#5844=DIRECTION('',(-0.,-1.,0.));
#5845=DIRECTION('',(1.,-0.,0.));
#5846=AXIS2_PLACEMENT_3D('',#5843,#5844,#5845);
#5847=CIRCLE('',#5846,1.45);
#5848=EDGE_CURVE('',#5840,#5842,#5847,.T.);
#5849=ORIENTED_EDGE('',*,*,#5848,.T.);
#5850=CARTESIAN_POINT('',(0.830010118,-46.13352493,40.606469203));
#5851=VERTEX_POINT('',#5850);
#5852=CARTESIAN_POINT('',(0.830010118,-46.13352493,41.266469228));
#5853=DIRECTION('',(0.,-0.,-1.));
#5854=VECTOR('',#5853,0.660000026);
#5855=LINE('',#5852,#5854);
#5856=EDGE_CURVE('',#5842,#5851,#5855,.T.);
#5857=ORIENTED_EDGE('',*,*,#5856,.T.);
#5858=CARTESIAN_POINT('',(2.280010118,-46.13352493,39.156469203));
#5859=VERTEX_POINT('',#5858);
#5860=CARTESIAN_POINT('',(2.280010118,-46.13352493,40.606469203));
#5861=DIRECTION('',(-0.,-1.,0.));
#5862=DIRECTION('',(1.,-0.,0.));
#5863=AXIS2_PLACEMENT_3D('',#5860,#5861,#5862);
#5864=CIRCLE('',#5863,1.45);
#5865=EDGE_CURVE('',#5851,#5859,#5864,.T.);
#5866=ORIENTED_EDGE('',*,*,#5865,.T.);
#5867=CARTESIAN_POINT('',(8.720010202,-46.13352493,39.156469203));
#5868=VERTEX_POINT('',#5867);
#5869=CARTESIAN_POINT('',(2.280010118,-46.13352493,39.156469203));
#5870=DIRECTION('',(1.,-0.,0.));
#5871=VECTOR('',#5870,6.440000084);
#5872=LINE('',#5869,#5871);
#5873=EDGE_CURVE('',#5859,#5868,#5872,.T.);
#5874=ORIENTED_EDGE('',*,*,#5873,.T.);
#5875=CARTESIAN_POINT('',(10.170010202,-46.13352493,40.606469203));
#5876=VERTEX_POINT('',#5875);
#5877=CARTESIAN_POINT('',(8.720010202,-46.13352493,40.606469203));
#5878=DIRECTION('',(-0.,-1.,0.));
#5879=DIRECTION('',(1.,-0.,0.));
#5880=AXIS2_PLACEMENT_3D('',#5877,#5878,#5879);
#5881=CIRCLE('',#5880,1.45);
#5882=EDGE_CURVE('',#5868,#5876,#5881,.T.);
#5883=ORIENTED_EDGE('',*,*,#5882,.T.);
#5884=CARTESIAN_POINT('',(10.170010202,-46.13352493,41.266469228));
#5885=VERTEX_POINT('',#5884);
#5886=CARTESIAN_POINT('',(10.170010202,-46.13352493,40.606469203));
#5887=DIRECTION('',(-0.,0.,1.));
#5888=VECTOR('',#5887,0.660000026);
#5889=LINE('',#5886,#5888);
#5890=EDGE_CURVE('',#5876,#5885,#5889,.T.);
#5891=ORIENTED_EDGE('',*,*,#5890,.T.);
#5892=CARTESIAN_POINT('',(8.720010202,-46.13352493,42.716469228));
#5893=VERTEX_POINT('',#5892);
#5894=CARTESIAN_POINT('',(8.720010202,-46.13352493,41.266469228));
#5895=DIRECTION('',(-0.,-1.,0.));
#5896=DIRECTION('',(1.,-0.,0.));
#5897=AXIS2_PLACEMENT_3D('',#5894,#5895,#5896);
#5898=CIRCLE('',#5897,1.45);
#5899=EDGE_CURVE('',#5885,#5893,#5898,.T.);
#5900=ORIENTED_EDGE('',*,*,#5899,.T.);
#5901=CARTESIAN_POINT('',(8.720010202,-46.13352493,42.716469228));
#5902=DIRECTION('',(-1.,0.,-0.));
#5903=VECTOR('',#5902,6.440000084);
#5904=LINE('',#5901,#5903);
#5905=EDGE_CURVE('',#5893,#5840,#5904,.T.);
#5906=ORIENTED_EDGE('',*,*,#5905,.T.);
#5907=EDGE_LOOP('',(#5849,#5857,#5866,#5874,#5883,#5891,#5900,#5906));
#5908=FACE_BOUND('',#5907,.T.);
#5909=CARTESIAN_POINT('',(9.670010202,-46.13352493,40.606469212));
#5910=VERTEX_POINT('',#5909);
#5911=CARTESIAN_POINT('',(9.670010202,-46.13352493,41.266469219));
#5912=VERTEX_POINT('',#5911);
#5913=CARTESIAN_POINT('',(9.670010202,-46.13352493,40.606469212));
#5914=DIRECTION('',(-0.,0.,1.));
#5915=VECTOR('',#5914,0.660000007);
#5916=LINE('',#5913,#5915);
#5917=EDGE_CURVE('',#5910,#5912,#5916,.T.);
#5918=ORIENTED_EDGE('',*,*,#5917,.F.);
#5919=CARTESIAN_POINT('',(8.720010192,-46.13352493,39.656469203));
#5920=VERTEX_POINT('',#5919);
#5921=CARTESIAN_POINT('',(8.720010192,-46.13352493,40.606469212));
#5922=DIRECTION('',(-0.,-1.,0.));
#5923=DIRECTION('',(1.,-0.,0.));
#5924=AXIS2_PLACEMENT_3D('',#5921,#5922,#5923);
#5925=CIRCLE('',#5924,0.95000001);
#5926=EDGE_CURVE('',#5920,#5910,#5925,.T.);
#5927=ORIENTED_EDGE('',*,*,#5926,.F.);
#5928=CARTESIAN_POINT('',(2.280010128,-46.13352493,39.656469203));
#5929=VERTEX_POINT('',#5928);
#5930=CARTESIAN_POINT('',(2.280010128,-46.13352493,39.656469203));
#5931=DIRECTION('',(1.,-0.,0.));
#5932=VECTOR('',#5931,6.440000065);
#5933=LINE('',#5930,#5932);
#5934=EDGE_CURVE('',#5929,#5920,#5933,.T.);
#5935=ORIENTED_EDGE('',*,*,#5934,.F.);
#5936=CARTESIAN_POINT('',(1.330010118,-46.13352493,40.606469212));
#5937=VERTEX_POINT('',#5936);
#5938=CARTESIAN_POINT('',(2.280010128,-46.13352493,40.606469212));
#5939=DIRECTION('',(-0.,-1.,0.));
#5940=DIRECTION('',(1.,-0.,0.));
#5941=AXIS2_PLACEMENT_3D('',#5938,#5939,#5940);
#5942=CIRCLE('',#5941,0.95000001);
#5943=EDGE_CURVE('',#5937,#5929,#5942,.T.);
#5944=ORIENTED_EDGE('',*,*,#5943,.F.);
#5945=CARTESIAN_POINT('',(1.330010118,-46.13352493,41.266469219));
#5946=VERTEX_POINT('',#5945);
#5947=CARTESIAN_POINT('',(1.330010118,-46.13352493,40.606469212));
#5948=DIRECTION('',(-0.,0.,1.));
#5949=VECTOR('',#5948,0.660000007);
#5950=LINE('',#5947,#5949);
#5951=EDGE_CURVE('',#5937,#5946,#5950,.T.);
#5952=ORIENTED_EDGE('',*,*,#5951,.T.);
#5953=CARTESIAN_POINT('',(2.280010128,-46.13352493,42.216469228));
#5954=VERTEX_POINT('',#5953);
#5955=CARTESIAN_POINT('',(2.280010128,-46.13352493,41.266469219));
#5956=DIRECTION('',(-0.,-1.,0.));
#5957=DIRECTION('',(1.,-0.,0.));
#5958=AXIS2_PLACEMENT_3D('',#5955,#5956,#5957);
#5959=CIRCLE('',#5958,0.95000001);
#5960=EDGE_CURVE('',#5954,#5946,#5959,.T.);
#5961=ORIENTED_EDGE('',*,*,#5960,.F.);
#5962=CARTESIAN_POINT('',(8.720010192,-46.13352493,42.216469228));
#5963=VERTEX_POINT('',#5962);
#5964=CARTESIAN_POINT('',(2.280010128,-46.13352493,42.216469228));
#5965=DIRECTION('',(1.,-0.,0.));
#5966=VECTOR('',#5965,6.440000065);
#5967=LINE('',#5964,#5966);
#5968=EDGE_CURVE('',#5954,#5963,#5967,.T.);
#5969=ORIENTED_EDGE('',*,*,#5968,.T.);
#5970=CARTESIAN_POINT('',(8.720010192,-46.13352493,41.266469219));
#5971=DIRECTION('',(-0.,-1.,0.));
#5972=DIRECTION('',(1.,-0.,0.));
#5973=AXIS2_PLACEMENT_3D('',#5970,#5971,#5972);
#5974=CIRCLE('',#5973,0.95000001);
#5975=EDGE_CURVE('',#5912,#5963,#5974,.T.);
#5976=ORIENTED_EDGE('',*,*,#5975,.F.);
#5977=EDGE_LOOP('',(#5918,#5927,#5935,#5944,#5952,#5961,#5969,#5976));
#5978=FACE_BOUND('',#5977,.T.);
#5979=ADVANCED_FACE('',(#5908,#5978),#5838,.T.);
#5980=CARTESIAN_POINT('',(8.720010192,-45.368114681,40.606469212));
#5981=DIRECTION('',(-0.,-1.,0.));
#5982=DIRECTION('',(1.,-0.,0.));
#5983=AXIS2_PLACEMENT_3D('',#5980,#5981,#5982);
#5984=CYLINDRICAL_SURFACE('',#5983,0.95000001);
#5985=CARTESIAN_POINT('',(9.670010202,-45.23352493,40.606469212));
#5986=VERTEX_POINT('',#5985);
#5987=CARTESIAN_POINT('',(8.720010192,-45.23352493,39.656469203));
#5988=VERTEX_POINT('',#5987);
#5989=CARTESIAN_POINT('',(8.720010192,-45.23352493,40.606469212));
#5990=DIRECTION('',(0.,1.,0.));
#5991=DIRECTION('',(0.,0.,-1.));
#5992=AXIS2_PLACEMENT_3D('',#5989,#5990,#5991);
#5993=CIRCLE('',#5992,0.95000001);
#5994=EDGE_CURVE('',#5986,#5988,#5993,.T.);
#5995=ORIENTED_EDGE('',*,*,#5994,.T.);
#5996=CARTESIAN_POINT('',(8.720010192,-45.23352493,39.656469203));
#5997=DIRECTION('',(-0.,-1.,0.));
#5998=VECTOR('',#5997,0.9);
#5999=LINE('',#5996,#5998);
#6000=EDGE_CURVE('',#5988,#5920,#5999,.T.);
#6001=ORIENTED_EDGE('',*,*,#6000,.T.);
#6002=ORIENTED_EDGE('',*,*,#5926,.T.);
#6003=CARTESIAN_POINT('',(9.670010202,-45.23352493,40.606469212));
#6004=DIRECTION('',(-0.,-1.,0.));
#6005=VECTOR('',#6004,0.9);
#6006=LINE('',#6003,#6005);
#6007=EDGE_CURVE('',#5986,#5910,#6006,.T.);
#6008=ORIENTED_EDGE('',*,*,#6007,.F.);
#6009=EDGE_LOOP('',(#5995,#6001,#6002,#6008));
#6010=FACE_BOUND('',#6009,.T.);
#6011=ADVANCED_FACE('',(#6010),#5984,.F.);
#6012=CARTESIAN_POINT('',(9.670010202,-45.368114681,40.936469216));
#6013=DIRECTION('',(1.,-0.,0.));
#6014=DIRECTION('',(0.,1.,-0.));
#6015=AXIS2_PLACEMENT_3D('',#6012,#6013,#6014);
#6016=PLANE('',#6015);
#6017=CARTESIAN_POINT('',(9.670010202,-45.23352493,41.266469219));
#6018=VERTEX_POINT('',#6017);
#6019=CARTESIAN_POINT('',(9.670010202,-45.23352493,40.606469212));
#6020=DIRECTION('',(-0.,-0.,1.));
#6021=VECTOR('',#6020,0.660000007);
#6022=LINE('',#6019,#6021);
#6023=EDGE_CURVE('',#5986,#6018,#6022,.T.);
#6024=ORIENTED_EDGE('',*,*,#6023,.F.);
#6025=ORIENTED_EDGE('',*,*,#6007,.T.);
#6026=ORIENTED_EDGE('',*,*,#5917,.T.);
#6027=CARTESIAN_POINT('',(9.670010202,-45.23352493,41.266469219));
#6028=DIRECTION('',(-0.,-1.,0.));
#6029=VECTOR('',#6028,0.9);
#6030=LINE('',#6027,#6029);
#6031=EDGE_CURVE('',#6018,#5912,#6030,.T.);
#6032=ORIENTED_EDGE('',*,*,#6031,.F.);
#6033=EDGE_LOOP('',(#6024,#6025,#6026,#6032));
#6034=FACE_BOUND('',#6033,.T.);
#6035=ADVANCED_FACE('',(#6034),#6016,.F.);
#6036=CARTESIAN_POINT('',(8.720010192,-45.368114681,41.266469219));
#6037=DIRECTION('',(-0.,-1.,0.));
#6038=DIRECTION('',(1.,-0.,0.));
#6039=AXIS2_PLACEMENT_3D('',#6036,#6037,#6038);
#6040=CYLINDRICAL_SURFACE('',#6039,0.95000001);
#6041=CARTESIAN_POINT('',(8.720010192,-45.23352493,42.216469228));
#6042=VERTEX_POINT('',#6041);
#6043=CARTESIAN_POINT('',(8.720010192,-45.23352493,41.266469219));
#6044=DIRECTION('',(0.,1.,0.));
#6045=DIRECTION('',(0.,0.,-1.));
#6046=AXIS2_PLACEMENT_3D('',#6043,#6044,#6045);
#6047=CIRCLE('',#6046,0.95000001);
#6048=EDGE_CURVE('',#6042,#6018,#6047,.T.);
#6049=ORIENTED_EDGE('',*,*,#6048,.T.);
#6050=ORIENTED_EDGE('',*,*,#6031,.T.);
#6051=ORIENTED_EDGE('',*,*,#5975,.T.);
#6052=CARTESIAN_POINT('',(8.720010192,-45.23352493,42.216469228));
#6053=DIRECTION('',(-0.,-1.,0.));
#6054=VECTOR('',#6053,0.9);
#6055=LINE('',#6052,#6054);
#6056=EDGE_CURVE('',#6042,#5963,#6055,.T.);
#6057=ORIENTED_EDGE('',*,*,#6056,.F.);
#6058=EDGE_LOOP('',(#6049,#6050,#6051,#6057));
#6059=FACE_BOUND('',#6058,.T.);
#6060=ADVANCED_FACE('',(#6059),#6040,.F.);
#6061=CARTESIAN_POINT('',(5.50001016,-45.368114681,42.216469228));
#6062=DIRECTION('',(0.,-0.,-1.));
#6063=DIRECTION('',(-1.,0.,-0.));
#6064=AXIS2_PLACEMENT_3D('',#6061,#6062,#6063);
#6065=PLANE('',#6064);
#6066=CARTESIAN_POINT('',(2.280010128,-45.23352493,42.216469228));
#6067=VERTEX_POINT('',#6066);
#6068=CARTESIAN_POINT('',(2.280010128,-45.23352493,42.216469228));
#6069=DIRECTION('',(-0.,-1.,0.));
#6070=VECTOR('',#6069,0.9);
#6071=LINE('',#6068,#6070);
#6072=EDGE_CURVE('',#6067,#5954,#6071,.T.);
#6073=ORIENTED_EDGE('',*,*,#6072,.F.);
#6074=CARTESIAN_POINT('',(2.280010128,-45.23352493,42.216469228));
#6075=DIRECTION('',(1.,-0.,0.));
#6076=VECTOR('',#6075,6.440000065);
#6077=LINE('',#6074,#6076);
#6078=EDGE_CURVE('',#6067,#6042,#6077,.T.);
#6079=ORIENTED_EDGE('',*,*,#6078,.T.);
#6080=ORIENTED_EDGE('',*,*,#6056,.T.);
#6081=ORIENTED_EDGE('',*,*,#5968,.F.);
#6082=EDGE_LOOP('',(#6073,#6079,#6080,#6081));
#6083=FACE_BOUND('',#6082,.T.);
#6084=ADVANCED_FACE('',(#6083),#6065,.T.);
#6085=CARTESIAN_POINT('',(2.280010128,-45.368114681,41.266469219));
#6086=DIRECTION('',(-0.,-1.,0.));
#6087=DIRECTION('',(1.,-0.,0.));
#6088=AXIS2_PLACEMENT_3D('',#6085,#6086,#6087);
#6089=CYLINDRICAL_SURFACE('',#6088,0.95000001);
#6090=CARTESIAN_POINT('',(1.330010118,-45.23352493,41.266469219));
#6091=VERTEX_POINT('',#6090);
#6092=CARTESIAN_POINT('',(2.280010128,-45.23352493,41.266469219));
#6093=DIRECTION('',(0.,1.,0.));
#6094=DIRECTION('',(0.,0.,-1.));
#6095=AXIS2_PLACEMENT_3D('',#6092,#6093,#6094);
#6096=CIRCLE('',#6095,0.95000001);
#6097=EDGE_CURVE('',#6091,#6067,#6096,.T.);
#6098=ORIENTED_EDGE('',*,*,#6097,.T.);
#6099=ORIENTED_EDGE('',*,*,#6072,.T.);
#6100=ORIENTED_EDGE('',*,*,#5960,.T.);
#6101=CARTESIAN_POINT('',(1.330010118,-45.23352493,41.266469219));
#6102=DIRECTION('',(-0.,-1.,0.));
#6103=VECTOR('',#6102,0.9);
#6104=LINE('',#6101,#6103);
#6105=EDGE_CURVE('',#6091,#5946,#6104,.T.);
#6106=ORIENTED_EDGE('',*,*,#6105,.F.);
#6107=EDGE_LOOP('',(#6098,#6099,#6100,#6106));
#6108=FACE_BOUND('',#6107,.T.);
#6109=ADVANCED_FACE('',(#6108),#6089,.F.);
#6110=CARTESIAN_POINT('',(1.330010118,-45.368114681,40.936469216));
#6111=DIRECTION('',(1.,-0.,0.));
#6112=DIRECTION('',(0.,1.,-0.));
#6113=AXIS2_PLACEMENT_3D('',#6110,#6111,#6112);
#6114=PLANE('',#6113);
#6115=CARTESIAN_POINT('',(1.330010118,-45.23352493,40.606469212));
#6116=VERTEX_POINT('',#6115);
#6117=CARTESIAN_POINT('',(1.330010118,-45.23352493,40.606469212));
#6118=DIRECTION('',(-0.,-1.,0.));
#6119=VECTOR('',#6118,0.9);
#6120=LINE('',#6117,#6119);
#6121=EDGE_CURVE('',#6116,#5937,#6120,.T.);
#6122=ORIENTED_EDGE('',*,*,#6121,.F.);
#6123=CARTESIAN_POINT('',(1.330010118,-45.23352493,40.606469212));
#6124=DIRECTION('',(-0.,-0.,1.));
#6125=VECTOR('',#6124,0.660000007);
#6126=LINE('',#6123,#6125);
#6127=EDGE_CURVE('',#6116,#6091,#6126,.T.);
#6128=ORIENTED_EDGE('',*,*,#6127,.T.);
#6129=ORIENTED_EDGE('',*,*,#6105,.T.);
#6130=ORIENTED_EDGE('',*,*,#5951,.F.);
#6131=EDGE_LOOP('',(#6122,#6128,#6129,#6130));
#6132=FACE_BOUND('',#6131,.T.);
#6133=ADVANCED_FACE('',(#6132),#6114,.T.);
#6134=CARTESIAN_POINT('',(2.280010128,-45.368114681,40.606469212));
#6135=DIRECTION('',(-0.,-1.,0.));
#6136=DIRECTION('',(1.,-0.,0.));
#6137=AXIS2_PLACEMENT_3D('',#6134,#6135,#6136);
#6138=CYLINDRICAL_SURFACE('',#6137,0.95000001);
#6139=CARTESIAN_POINT('',(2.280010128,-45.23352493,39.656469203));
#6140=VERTEX_POINT('',#6139);
#6141=CARTESIAN_POINT('',(2.280010128,-45.23352493,40.606469212));
#6142=DIRECTION('',(0.,1.,0.));
#6143=DIRECTION('',(0.,0.,-1.));
#6144=AXIS2_PLACEMENT_3D('',#6141,#6142,#6143);
#6145=CIRCLE('',#6144,0.95000001);
#6146=EDGE_CURVE('',#6140,#6116,#6145,.T.);
#6147=ORIENTED_EDGE('',*,*,#6146,.T.);
#6148=ORIENTED_EDGE('',*,*,#6121,.T.);
#6149=ORIENTED_EDGE('',*,*,#5943,.T.);
#6150=CARTESIAN_POINT('',(2.280010128,-45.23352493,39.656469203));
#6151=DIRECTION('',(-0.,-1.,0.));
#6152=VECTOR('',#6151,0.9);
#6153=LINE('',#6150,#6152);
#6154=EDGE_CURVE('',#6140,#5929,#6153,.T.);
#6155=ORIENTED_EDGE('',*,*,#6154,.F.);
#6156=EDGE_LOOP('',(#6147,#6148,#6149,#6155));
#6157=FACE_BOUND('',#6156,.T.);
#6158=ADVANCED_FACE('',(#6157),#6138,.F.);
#6159=CARTESIAN_POINT('',(5.50001016,-45.368114681,39.656469203));
#6160=DIRECTION('',(0.,-0.,-1.));
#6161=DIRECTION('',(-1.,0.,-0.));
#6162=AXIS2_PLACEMENT_3D('',#6159,#6160,#6161);
#6163=PLANE('',#6162);
#6164=CARTESIAN_POINT('',(2.280010128,-45.23352493,39.656469203));
#6165=DIRECTION('',(1.,-0.,0.));
#6166=VECTOR('',#6165,6.440000065);
#6167=LINE('',#6164,#6166);
#6168=EDGE_CURVE('',#6140,#5988,#6167,.T.);
#6169=ORIENTED_EDGE('',*,*,#6168,.F.);
#6170=ORIENTED_EDGE('',*,*,#6154,.T.);
#6171=ORIENTED_EDGE('',*,*,#5934,.T.);
#6172=ORIENTED_EDGE('',*,*,#6000,.F.);
#6173=EDGE_LOOP('',(#6169,#6170,#6171,#6172));
#6174=FACE_BOUND('',#6173,.T.);
#6175=ADVANCED_FACE('',(#6174),#6163,.F.);
#6176=CARTESIAN_POINT('',(14.28602996,-45.578114681,41.186469266));
#6177=DIRECTION('',(0.,-0.,-1.));
#6178=DIRECTION('',(-1.,0.,-0.));
#6179=AXIS2_PLACEMENT_3D('',#6176,#6177,#6178);
#6180=PLANE('',#6179);
#6181=CARTESIAN_POINT('',(15.205686836,-45.168114681,41.186469266));
#6182=VERTEX_POINT('',#6181);
#6183=CARTESIAN_POINT('',(15.205686836,-45.468114681,41.186469266));
#6184=DIRECTION('',(0.,1.,-0.));
#6185=VECTOR('',#6184,0.3);
#6186=LINE('',#6183,#6185);
#6187=EDGE_CURVE('',#5291,#6182,#6186,.T.);
#6188=ORIENTED_EDGE('',*,*,#6187,.F.);
#6189=ORIENTED_EDGE('',*,*,#5296,.F.);
#6190=CARTESIAN_POINT('',(13.205686836,-45.168114681,41.186469266));
#6191=VERTEX_POINT('',#6190);
#6192=CARTESIAN_POINT('',(13.205686836,-45.168114681,41.186469266));
#6193=DIRECTION('',(-0.,-1.,0.));
#6194=VECTOR('',#6193,0.3);
#6195=LINE('',#6192,#6194);
#6196=EDGE_CURVE('',#6191,#5281,#6195,.T.);
#6197=ORIENTED_EDGE('',*,*,#6196,.F.);
#6198=CARTESIAN_POINT('',(13.33598543,-45.168114681,41.186469266));
#6199=VERTEX_POINT('',#6198);
#6200=CARTESIAN_POINT('',(13.33598543,-45.168114681,41.186469266));
#6201=DIRECTION('',(-1.,0.,-0.));
#6202=VECTOR('',#6201,0.130298594);
#6203=LINE('',#6200,#6202);
#6204=EDGE_CURVE('',#6199,#6191,#6203,.T.);
#6205=ORIENTED_EDGE('',*,*,#6204,.F.);
#6206=CARTESIAN_POINT('',(13.33598543,-44.768114681,41.186469266));
#6207=VERTEX_POINT('',#6206);
#6208=CARTESIAN_POINT('',(13.33598543,-44.768114681,41.186469266));
#6209=DIRECTION('',(-0.,-1.,0.));
#6210=VECTOR('',#6209,0.4);
#6211=LINE('',#6208,#6210);
#6212=EDGE_CURVE('',#6207,#6199,#6211,.T.);
#6213=ORIENTED_EDGE('',*,*,#6212,.F.);
#6214=CARTESIAN_POINT('',(16.58598543,-44.768114681,41.186469266));
#6215=VERTEX_POINT('',#6214);
#6216=CARTESIAN_POINT('',(13.33598543,-44.768114681,41.186469266));
#6217=DIRECTION('',(1.,-0.,0.));
#6218=VECTOR('',#6217,3.25);
#6219=LINE('',#6216,#6218);
#6220=EDGE_CURVE('',#6207,#6215,#6219,.T.);
#6221=ORIENTED_EDGE('',*,*,#6220,.T.);
#6222=CARTESIAN_POINT('',(16.58598543,-44.768114681,41.186469266));
#6223=DIRECTION('',(-0.,-1.,0.));
#6224=VECTOR('',#6223,0.7);
#6225=LINE('',#6222,#6224);
#6226=EDGE_CURVE('',#6215,#3225,#6225,.T.);
#6227=ORIENTED_EDGE('',*,*,#6226,.T.);
#6228=ORIENTED_EDGE('',*,*,#3230,.F.);
#6229=CARTESIAN_POINT('',(16.205686836,-45.168114681,41.186469266));
#6230=VERTEX_POINT('',#6229);
#6231=CARTESIAN_POINT('',(16.205686836,-45.168114681,41.186469266));
#6232=DIRECTION('',(-0.,-1.,0.));
#6233=VECTOR('',#6232,0.3);
#6234=LINE('',#6231,#6233);
#6235=EDGE_CURVE('',#6230,#3217,#6234,.T.);
#6236=ORIENTED_EDGE('',*,*,#6235,.F.);
#6237=CARTESIAN_POINT('',(16.205686836,-45.168114681,41.186469266));
#6238=DIRECTION('',(-1.,0.,-0.));
#6239=VECTOR('',#6238,1.);
#6240=LINE('',#6237,#6239);
#6241=EDGE_CURVE('',#6230,#6182,#6240,.T.);
#6242=ORIENTED_EDGE('',*,*,#6241,.T.);
#6243=EDGE_LOOP('',(#6188,#6189,#6197,#6205,#6213,#6221,#6227,#6228,#6236,#6242));
#6244=FACE_BOUND('',#6243,.T.);
#6245=ADVANCED_FACE('',(#6244),#6180,.T.);
#6246=CARTESIAN_POINT('',(13.33598543,-45.578114681,40.386469266));
#6247=DIRECTION('',(-0.,-1.,0.));
#6248=DIRECTION('',(1.,-0.,0.));
#6249=AXIS2_PLACEMENT_3D('',#6246,#6247,#6248);
#6250=CYLINDRICAL_SURFACE('',#6249,0.8);
#6251=ORIENTED_EDGE('',*,*,#6212,.T.);
#6252=CARTESIAN_POINT('',(13.33598543,-45.168114681,40.386469266));
#6253=DIRECTION('',(0.,1.,-0.));
#6254=DIRECTION('',(1.,-0.,0.));
#6255=AXIS2_PLACEMENT_3D('',#6252,#6253,#6254);
#6256=CIRCLE('',#6255,0.8);
#6257=EDGE_CURVE('',#3362,#6199,#6256,.T.);
#6258=ORIENTED_EDGE('',*,*,#6257,.F.);
#6259=ORIENTED_EDGE('',*,*,#3396,.F.);
#6260=CARTESIAN_POINT('',(13.33598543,-44.768114681,40.386469266));
#6261=DIRECTION('',(-0.,-1.,0.));
#6262=DIRECTION('',(-1.,0.,-0.));
#6263=AXIS2_PLACEMENT_3D('',#6260,#6261,#6262);
#6264=CIRCLE('',#6263,0.8);
#6265=EDGE_CURVE('',#6207,#3385,#6264,.T.);
#6266=ORIENTED_EDGE('',*,*,#6265,.F.);
#6267=EDGE_LOOP('',(#6251,#6258,#6259,#6266));
#6268=FACE_BOUND('',#6267,.T.);
#6269=ADVANCED_FACE('',(#6268),#6250,.F.);
#6270=CARTESIAN_POINT('',(13.33598543,-45.578114681,39.486467488));
#6271=DIRECTION('',(-0.,-1.,0.));
#6272=DIRECTION('',(1.,-0.,0.));
#6273=AXIS2_PLACEMENT_3D('',#6270,#6271,#6272);
#6274=CYLINDRICAL_SURFACE('',#6273,0.8);
#6275=CARTESIAN_POINT('',(13.33598543,-44.768114681,38.686467488));
#6276=VERTEX_POINT('',#6275);
#6277=CARTESIAN_POINT('',(13.33598543,-44.768114681,39.486467488));
#6278=DIRECTION('',(-0.,-1.,0.));
#6279=DIRECTION('',(-1.,0.,-0.));
#6280=AXIS2_PLACEMENT_3D('',#6277,#6278,#6279);
#6281=CIRCLE('',#6280,0.8);
#6282=EDGE_CURVE('',#3377,#6276,#6281,.T.);
#6283=ORIENTED_EDGE('',*,*,#6282,.F.);
#6284=ORIENTED_EDGE('',*,*,#3382,.T.);
#6285=ORIENTED_EDGE('',*,*,#3349,.T.);
#6286=CARTESIAN_POINT('',(13.33598543,-44.768114681,38.686467488));
#6287=DIRECTION('',(-0.,-1.,0.));
#6288=VECTOR('',#6287,0.7);
#6289=LINE('',#6286,#6288);
#6290=EDGE_CURVE('',#6276,#3337,#6289,.T.);
#6291=ORIENTED_EDGE('',*,*,#6290,.F.);
#6292=EDGE_LOOP('',(#6283,#6284,#6285,#6291));
#6293=FACE_BOUND('',#6292,.T.);
#6294=ADVANCED_FACE('',(#6293),#6274,.F.);
#6295=CARTESIAN_POINT('',(14.28602996,-45.578114681,38.686467488));
#6296=DIRECTION('',(-0.,0.,1.));
#6297=DIRECTION('',(1.,-0.,0.));
#6298=AXIS2_PLACEMENT_3D('',#6295,#6296,#6297);
#6299=PLANE('',#6298);
#6300=CARTESIAN_POINT('',(13.455166746,-45.168114681,38.686467488));
#6301=VERTEX_POINT('',#6300);
#6302=CARTESIAN_POINT('',(13.455166746,-45.168114681,38.686467488));
#6303=DIRECTION('',(-0.,-1.,0.));
#6304=VECTOR('',#6303,0.3);
#6305=LINE('',#6302,#6304);
#6306=EDGE_CURVE('',#6301,#3329,#6305,.T.);
#6307=ORIENTED_EDGE('',*,*,#6306,.F.);
#6308=CARTESIAN_POINT('',(14.455166746,-45.168114681,38.686467488));
#6309=VERTEX_POINT('',#6308);
#6310=CARTESIAN_POINT('',(13.455166746,-45.168114681,38.686467488));
#6311=DIRECTION('',(1.,-0.,0.));
#6312=VECTOR('',#6311,1.);
#6313=LINE('',#6310,#6312);
#6314=EDGE_CURVE('',#6301,#6309,#6313,.T.);
#6315=ORIENTED_EDGE('',*,*,#6314,.T.);
#6316=CARTESIAN_POINT('',(14.455166746,-45.468114681,38.686467488));
#6317=DIRECTION('',(0.,1.,-0.));
#6318=VECTOR('',#6317,0.3);
#6319=LINE('',#6316,#6318);
#6320=EDGE_CURVE('',#5198,#6309,#6319,.T.);
#6321=ORIENTED_EDGE('',*,*,#6320,.F.);
#6322=ORIENTED_EDGE('',*,*,#5203,.F.);
#6323=CARTESIAN_POINT('',(16.455166746,-45.168114681,38.686467488));
#6324=VERTEX_POINT('',#6323);
#6325=CARTESIAN_POINT('',(16.455166746,-45.168114681,38.686467488));
#6326=DIRECTION('',(-0.,-1.,0.));
#6327=VECTOR('',#6326,0.3);
#6328=LINE('',#6325,#6327);
#6329=EDGE_CURVE('',#6324,#5188,#6328,.T.);
#6330=ORIENTED_EDGE('',*,*,#6329,.F.);
#6331=CARTESIAN_POINT('',(16.58598543,-45.168114681,38.686467488));
#6332=VERTEX_POINT('',#6331);
#6333=CARTESIAN_POINT('',(16.58598543,-45.168114681,38.686467488));
#6334=DIRECTION('',(-1.,0.,-0.));
#6335=VECTOR('',#6334,0.130818684);
#6336=LINE('',#6333,#6335);
#6337=EDGE_CURVE('',#6332,#6324,#6336,.T.);
#6338=ORIENTED_EDGE('',*,*,#6337,.F.);
#6339=CARTESIAN_POINT('',(16.58598543,-44.768114681,38.686467488));
#6340=VERTEX_POINT('',#6339);
#6341=CARTESIAN_POINT('',(16.58598543,-44.768114681,38.686467488));
#6342=DIRECTION('',(-0.,-1.,0.));
#6343=VECTOR('',#6342,0.4);
#6344=LINE('',#6341,#6343);
#6345=EDGE_CURVE('',#6340,#6332,#6344,.T.);
#6346=ORIENTED_EDGE('',*,*,#6345,.F.);
#6347=CARTESIAN_POINT('',(16.58598543,-44.768114681,38.686467488));
#6348=DIRECTION('',(-1.,0.,-0.));
#6349=VECTOR('',#6348,3.25);
#6350=LINE('',#6347,#6349);
#6351=EDGE_CURVE('',#6340,#6276,#6350,.T.);
#6352=ORIENTED_EDGE('',*,*,#6351,.T.);
#6353=ORIENTED_EDGE('',*,*,#6290,.T.);
#6354=ORIENTED_EDGE('',*,*,#3342,.F.);
#6355=EDGE_LOOP('',(#6307,#6315,#6321,#6322,#6330,#6338,#6346,#6352,#6353,#6354));
#6356=FACE_BOUND('',#6355,.T.);
#6357=ADVANCED_FACE('',(#6356),#6299,.T.);
#6358=CARTESIAN_POINT('',(16.58598543,-45.448114681,39.486467488));
#6359=DIRECTION('',(-0.,-1.,0.));
#6360=DIRECTION('',(1.,-0.,0.));
#6361=AXIS2_PLACEMENT_3D('',#6358,#6359,#6360);
#6362=CYLINDRICAL_SURFACE('',#6361,0.8);
#6363=ORIENTED_EDGE('',*,*,#6345,.T.);
#6364=CARTESIAN_POINT('',(16.58598543,-45.168114681,39.486467488));
#6365=DIRECTION('',(0.,1.,-0.));
#6366=DIRECTION('',(1.,-0.,0.));
#6367=AXIS2_PLACEMENT_3D('',#6364,#6365,#6366);
#6368=CIRCLE('',#6367,0.8);
#6369=EDGE_CURVE('',#3248,#6332,#6368,.T.);
#6370=ORIENTED_EDGE('',*,*,#6369,.F.);
#6371=ORIENTED_EDGE('',*,*,#3284,.F.);
#6372=CARTESIAN_POINT('',(16.58598543,-44.768114681,39.486467488));
#6373=DIRECTION('',(-0.,-1.,0.));
#6374=DIRECTION('',(-1.,0.,-0.));
#6375=AXIS2_PLACEMENT_3D('',#6372,#6373,#6374);
#6376=CIRCLE('',#6375,0.8);
#6377=EDGE_CURVE('',#6340,#3273,#6376,.T.);
#6378=ORIENTED_EDGE('',*,*,#6377,.F.);
#6379=EDGE_LOOP('',(#6363,#6370,#6371,#6378));
#6380=FACE_BOUND('',#6379,.T.);
#6381=ADVANCED_FACE('',(#6380),#6362,.F.);
#6382=CARTESIAN_POINT('',(16.58598543,-45.448114681,40.386469266));
#6383=DIRECTION('',(-0.,-1.,0.));
#6384=DIRECTION('',(1.,-0.,0.));
#6385=AXIS2_PLACEMENT_3D('',#6382,#6383,#6384);
#6386=CYLINDRICAL_SURFACE('',#6385,0.8);
#6387=CARTESIAN_POINT('',(16.58598543,-44.768114681,40.386469266));
#6388=DIRECTION('',(-0.,-1.,0.));
#6389=DIRECTION('',(-1.,0.,-0.));
#6390=AXIS2_PLACEMENT_3D('',#6387,#6388,#6389);
#6391=CIRCLE('',#6390,0.8);
#6392=EDGE_CURVE('',#3265,#6215,#6391,.T.);
#6393=ORIENTED_EDGE('',*,*,#6392,.F.);
#6394=ORIENTED_EDGE('',*,*,#3270,.T.);
#6395=ORIENTED_EDGE('',*,*,#3237,.T.);
#6396=ORIENTED_EDGE('',*,*,#6226,.F.);
#6397=EDGE_LOOP('',(#6393,#6394,#6395,#6396));
#6398=FACE_BOUND('',#6397,.T.);
#6399=ADVANCED_FACE('',(#6398),#6386,.F.);
#6400=CARTESIAN_POINT('',(0.,-42.668114681,-0.));
#6401=DIRECTION('',(-0.,-1.,0.));
#6402=DIRECTION('',(1.,-0.,0.));
#6403=AXIS2_PLACEMENT_3D('',#6400,#6401,#6402);
#6404=PLANE('',#6403);
#6405=CARTESIAN_POINT('',(50.01278543,-42.668114681,19.256467488));
#6406=VERTEX_POINT('',#6405);
#6407=CARTESIAN_POINT('',(50.01278543,-42.668114681,36.756467488));
#6408=VERTEX_POINT('',#6407);
#6409=CARTESIAN_POINT('',(50.01278543,-42.668114681,19.256467488));
#6410=DIRECTION('',(-0.,0.,1.));
#6411=VECTOR('',#6410,17.5);
#6412=LINE('',#6409,#6411);
#6413=EDGE_CURVE('',#6406,#6408,#6412,.T.);
#6414=ORIENTED_EDGE('',*,*,#6413,.T.);
#6415=CARTESIAN_POINT('',(0.01278543,-42.668114681,36.756467488));
#6416=VERTEX_POINT('',#6415);
#6417=CARTESIAN_POINT('',(50.01278543,-42.668114681,36.756467488));
#6418=DIRECTION('',(-1.,0.,-0.));
#6419=VECTOR('',#6418,50.);
#6420=LINE('',#6417,#6419);
#6421=EDGE_CURVE('',#6408,#6416,#6420,.T.);
#6422=ORIENTED_EDGE('',*,*,#6421,.T.);
#6423=CARTESIAN_POINT('',(0.01278543,-42.668114681,19.256467488));
#6424=VERTEX_POINT('',#6423);
#6425=CARTESIAN_POINT('',(0.01278543,-42.668114681,36.756467488));
#6426=DIRECTION('',(0.,-0.,-1.));
#6427=VECTOR('',#6426,17.5);
#6428=LINE('',#6425,#6427);
#6429=EDGE_CURVE('',#6416,#6424,#6428,.T.);
#6430=ORIENTED_EDGE('',*,*,#6429,.T.);
#6431=CARTESIAN_POINT('',(0.01278543,-42.668114681,19.256467488));
#6432=DIRECTION('',(1.,-0.,0.));
#6433=VECTOR('',#6432,50.);
#6434=LINE('',#6431,#6433);
#6435=EDGE_CURVE('',#6424,#6406,#6434,.T.);
#6436=ORIENTED_EDGE('',*,*,#6435,.T.);
#6437=EDGE_LOOP('',(#6414,#6422,#6430,#6436));
#6438=FACE_BOUND('',#6437,.T.);
#6439=ADVANCED_FACE('',(#6438),#6404,.T.);
#6440=CARTESIAN_POINT('',(18.88598543,-44.388114681,39.936469244));
#6441=DIRECTION('',(1.,-0.,0.));
#6442=DIRECTION('',(0.,1.,-0.));
#6443=AXIS2_PLACEMENT_3D('',#6440,#6441,#6442);
#6444=PLANE('',#6443);
#6445=ORIENTED_EDGE('',*,*,#820,.T.);
#6446=CARTESIAN_POINT('',(18.88598543,-44.768114681,39.556467488));
#6447=VERTEX_POINT('',#6446);
#6448=CARTESIAN_POINT('',(18.88598543,-44.768114681,39.556467488));
#6449=DIRECTION('',(0.,1.,-0.));
#6450=VECTOR('',#6449,0.6);
#6451=LINE('',#6448,#6450);
#6452=EDGE_CURVE('',#6447,#806,#6451,.T.);
#6453=ORIENTED_EDGE('',*,*,#6452,.F.);
#6454=CARTESIAN_POINT('',(18.88598543,-44.768114681,40.186469266));
#6455=VERTEX_POINT('',#6454);
#6456=CARTESIAN_POINT('',(18.88598543,-44.768114681,40.186469266));
#6457=DIRECTION('',(0.,-0.,-1.));
#6458=VECTOR('',#6457,0.630001778);
#6459=LINE('',#6456,#6458);
#6460=EDGE_CURVE('',#6455,#6447,#6459,.T.);
#6461=ORIENTED_EDGE('',*,*,#6460,.F.);
#6462=CARTESIAN_POINT('',(18.88598543,-44.768114681,40.186469266));
#6463=DIRECTION('',(0.,1.,-0.));
#6464=VECTOR('',#6463,0.6);
#6465=LINE('',#6462,#6464);
#6466=EDGE_CURVE('',#6455,#815,#6465,.T.);
#6467=ORIENTED_EDGE('',*,*,#6466,.T.);
#6468=EDGE_LOOP('',(#6445,#6453,#6461,#6467));
#6469=FACE_BOUND('',#6468,.T.);
#6470=ADVANCED_FACE('',(#6469),#6444,.F.);
#6471=CARTESIAN_POINT('',(17.38598543,-44.388114681,39.556467488));
#6472=DIRECTION('',(0.,1.,-0.));
#6473=DIRECTION('',(-1.,0.,-0.));
#6474=AXIS2_PLACEMENT_3D('',#6471,#6472,#6473);
#6475=CYLINDRICAL_SURFACE('',#6474,1.5);
#6476=ORIENTED_EDGE('',*,*,#812,.T.);
#6477=ORIENTED_EDGE('',*,*,#122,.F.);
#6478=CARTESIAN_POINT('',(17.38598543,-44.768114681,39.556467488));
#6479=DIRECTION('',(0.,1.,-0.));
#6480=DIRECTION('',(-1.,0.,-0.));
#6481=AXIS2_PLACEMENT_3D('',#6478,#6479,#6480);
#6482=CIRCLE('',#6481,1.5);
#6483=EDGE_CURVE('',#6447,#109,#6482,.T.);
#6484=ORIENTED_EDGE('',*,*,#6483,.F.);
#6485=ORIENTED_EDGE('',*,*,#6452,.T.);
#6486=EDGE_LOOP('',(#6476,#6477,#6484,#6485));
#6487=FACE_BOUND('',#6486,.T.);
#6488=ADVANCED_FACE('',(#6487),#6475,.F.);
#6489=CARTESIAN_POINT('',(12.53598543,-44.388114681,39.556467488));
#6490=DIRECTION('',(0.,1.,-0.));
#6491=DIRECTION('',(-1.,0.,-0.));
#6492=AXIS2_PLACEMENT_3D('',#6489,#6490,#6491);
#6493=CYLINDRICAL_SURFACE('',#6492,1.5);
#6494=ORIENTED_EDGE('',*,*,#861,.T.);
#6495=CARTESIAN_POINT('',(11.03598543,-44.768114681,39.556467488));
#6496=VERTEX_POINT('',#6495);
#6497=CARTESIAN_POINT('',(11.03598543,-44.768114681,39.556467488));
#6498=DIRECTION('',(0.,1.,-0.));
#6499=VECTOR('',#6498,0.6);
#6500=LINE('',#6497,#6499);
#6501=EDGE_CURVE('',#6496,#849,#6500,.T.);
#6502=ORIENTED_EDGE('',*,*,#6501,.F.);
#6503=CARTESIAN_POINT('',(12.53598543,-44.768114681,39.556467488));
#6504=DIRECTION('',(0.,1.,-0.));
#6505=DIRECTION('',(-1.,0.,-0.));
#6506=AXIS2_PLACEMENT_3D('',#6503,#6504,#6505);
#6507=CIRCLE('',#6506,1.5);
#6508=EDGE_CURVE('',#101,#6496,#6507,.T.);
#6509=ORIENTED_EDGE('',*,*,#6508,.F.);
#6510=ORIENTED_EDGE('',*,*,#106,.T.);
#6511=EDGE_LOOP('',(#6494,#6502,#6509,#6510));
#6512=FACE_BOUND('',#6511,.T.);
#6513=ADVANCED_FACE('',(#6512),#6493,.F.);
#6514=CARTESIAN_POINT('',(11.03598543,-44.388114681,39.936469244));
#6515=DIRECTION('',(-1.,0.,-0.));
#6516=DIRECTION('',(-0.,-1.,0.));
#6517=AXIS2_PLACEMENT_3D('',#6514,#6515,#6516);
#6518=PLANE('',#6517);
#6519=ORIENTED_EDGE('',*,*,#854,.T.);
#6520=CARTESIAN_POINT('',(11.03598543,-44.768114681,40.186469266));
#6521=VERTEX_POINT('',#6520);
#6522=CARTESIAN_POINT('',(11.03598543,-44.768114681,40.186469266));
#6523=DIRECTION('',(0.,1.,-0.));
#6524=VECTOR('',#6523,0.6);
#6525=LINE('',#6522,#6524);
#6526=EDGE_CURVE('',#6521,#840,#6525,.T.);
#6527=ORIENTED_EDGE('',*,*,#6526,.F.);
#6528=CARTESIAN_POINT('',(11.03598543,-44.768114681,39.556467488));
#6529=DIRECTION('',(-0.,0.,1.));
#6530=VECTOR('',#6529,0.630001778);
#6531=LINE('',#6528,#6530);
#6532=EDGE_CURVE('',#6496,#6521,#6531,.T.);
#6533=ORIENTED_EDGE('',*,*,#6532,.F.);
#6534=ORIENTED_EDGE('',*,*,#6501,.T.);
#6535=EDGE_LOOP('',(#6519,#6527,#6533,#6534));
#6536=FACE_BOUND('',#6535,.T.);
#6537=ADVANCED_FACE('',(#6536),#6518,.F.);
#6538=CARTESIAN_POINT('',(12.53598543,-44.388114681,40.186469266));
#6539=DIRECTION('',(0.,1.,-0.));
#6540=DIRECTION('',(-1.,0.,-0.));
#6541=AXIS2_PLACEMENT_3D('',#6538,#6539,#6540);
#6542=CYLINDRICAL_SURFACE('',#6541,1.5);
#6543=ORIENTED_EDGE('',*,*,#846,.T.);
#6544=CARTESIAN_POINT('',(12.53598543,-44.768114681,41.686469266));
#6545=VERTEX_POINT('',#6544);
#6546=CARTESIAN_POINT('',(12.53598543,-44.768114681,41.686469266));
#6547=DIRECTION('',(0.,1.,-0.));
#6548=VECTOR('',#6547,0.6);
#6549=LINE('',#6546,#6548);
#6550=EDGE_CURVE('',#6545,#832,#6549,.T.);
#6551=ORIENTED_EDGE('',*,*,#6550,.F.);
#6552=CARTESIAN_POINT('',(12.53598543,-44.768114681,40.186469266));
#6553=DIRECTION('',(0.,1.,-0.));
#6554=DIRECTION('',(-1.,0.,-0.));
#6555=AXIS2_PLACEMENT_3D('',#6552,#6553,#6554);
#6556=CIRCLE('',#6555,1.5);
#6557=EDGE_CURVE('',#6521,#6545,#6556,.T.);
#6558=ORIENTED_EDGE('',*,*,#6557,.F.);
#6559=ORIENTED_EDGE('',*,*,#6526,.T.);
#6560=EDGE_LOOP('',(#6543,#6551,#6558,#6559));
#6561=FACE_BOUND('',#6560,.T.);
#6562=ADVANCED_FACE('',(#6561),#6542,.F.);
#6563=CARTESIAN_POINT('',(13.31102996,-44.388114681,41.686469266));
#6564=DIRECTION('',(-0.,0.,1.));
#6565=DIRECTION('',(1.,-0.,0.));
#6566=AXIS2_PLACEMENT_3D('',#6563,#6564,#6565);
#6567=PLANE('',#6566);
#6568=ORIENTED_EDGE('',*,*,#837,.T.);
#6569=CARTESIAN_POINT('',(17.38598543,-44.768114681,41.686469266));
#6570=VERTEX_POINT('',#6569);
#6571=CARTESIAN_POINT('',(17.38598543,-44.768114681,41.686469266));
#6572=DIRECTION('',(0.,1.,-0.));
#6573=VECTOR('',#6572,0.6);
#6574=LINE('',#6571,#6573);
#6575=EDGE_CURVE('',#6570,#823,#6574,.T.);
#6576=ORIENTED_EDGE('',*,*,#6575,.F.);
#6577=CARTESIAN_POINT('',(12.53598543,-44.768114681,41.686469266));
#6578=DIRECTION('',(1.,-0.,0.));
#6579=VECTOR('',#6578,4.85);
#6580=LINE('',#6577,#6579);
#6581=EDGE_CURVE('',#6545,#6570,#6580,.T.);
#6582=ORIENTED_EDGE('',*,*,#6581,.F.);
#6583=ORIENTED_EDGE('',*,*,#6550,.T.);
#6584=EDGE_LOOP('',(#6568,#6576,#6582,#6583));
#6585=FACE_BOUND('',#6584,.T.);
#6586=ADVANCED_FACE('',(#6585),#6567,.F.);
#6587=CARTESIAN_POINT('',(17.38598543,-44.388114681,40.186469266));
#6588=DIRECTION('',(0.,1.,-0.));
#6589=DIRECTION('',(-1.,0.,-0.));
#6590=AXIS2_PLACEMENT_3D('',#6587,#6588,#6589);
#6591=CYLINDRICAL_SURFACE('',#6590,1.5);
#6592=ORIENTED_EDGE('',*,*,#829,.T.);
#6593=ORIENTED_EDGE('',*,*,#6466,.F.);
#6594=CARTESIAN_POINT('',(17.38598543,-44.768114681,40.186469266));
#6595=DIRECTION('',(0.,1.,-0.));
#6596=DIRECTION('',(-1.,0.,-0.));
#6597=AXIS2_PLACEMENT_3D('',#6594,#6595,#6596);
#6598=CIRCLE('',#6597,1.5);
#6599=EDGE_CURVE('',#6570,#6455,#6598,.T.);
#6600=ORIENTED_EDGE('',*,*,#6599,.F.);
#6601=ORIENTED_EDGE('',*,*,#6575,.T.);
#6602=EDGE_LOOP('',(#6592,#6593,#6600,#6601));
#6603=FACE_BOUND('',#6602,.T.);
#6604=ADVANCED_FACE('',(#6603),#6591,.F.);
#6605=CARTESIAN_POINT('',(49.50009906,-44.768114681,38.256467488));
#6606=DIRECTION('',(0.,1.,-0.));
#6607=DIRECTION('',(1.,-0.,0.));
#6608=AXIS2_PLACEMENT_3D('',#6605,#6606,#6607);
#6609=PLANE('',#6608);
#6610=ORIENTED_EDGE('',*,*,#3278,.F.);
#6611=ORIENTED_EDGE('',*,*,#6392,.T.);
#6612=ORIENTED_EDGE('',*,*,#6220,.F.);
#6613=ORIENTED_EDGE('',*,*,#6265,.T.);
#6614=ORIENTED_EDGE('',*,*,#3390,.F.);
#6615=ORIENTED_EDGE('',*,*,#6282,.T.);
#6616=ORIENTED_EDGE('',*,*,#6351,.F.);
#6617=ORIENTED_EDGE('',*,*,#6377,.T.);
#6618=EDGE_LOOP('',(#6610,#6611,#6612,#6613,#6614,#6615,#6616,#6617));
#6619=FACE_BOUND('',#6618,.T.);
#6620=ORIENTED_EDGE('',*,*,#6460,.T.);
#6621=ORIENTED_EDGE('',*,*,#6483,.T.);
#6622=ORIENTED_EDGE('',*,*,#114,.T.);
#6623=ORIENTED_EDGE('',*,*,#6508,.T.);
#6624=ORIENTED_EDGE('',*,*,#6532,.T.);
#6625=ORIENTED_EDGE('',*,*,#6557,.T.);
#6626=ORIENTED_EDGE('',*,*,#6581,.T.);
#6627=ORIENTED_EDGE('',*,*,#6599,.T.);
#6628=EDGE_LOOP('',(#6620,#6621,#6622,#6623,#6624,#6625,#6626,#6627));
#6629=FACE_BOUND('',#6628,.T.);
#6630=ADVANCED_FACE('',(#6619,#6629),#6609,.T.);
#6631=CARTESIAN_POINT('',(10.06998543,-44.538114681,40.936469216));
#6632=DIRECTION('',(-1.,0.,-0.));
#6633=DIRECTION('',(-0.,-1.,0.));
#6634=AXIS2_PLACEMENT_3D('',#6631,#6632,#6633);
#6635=PLANE('',#6634);
#6636=ORIENTED_EDGE('',*,*,#677,.F.);
#6637=CARTESIAN_POINT('',(10.06998543,-45.23352493,40.506467501));
#6638=VERTEX_POINT('',#6637);
#6639=CARTESIAN_POINT('',(10.06998543,-45.23352493,40.506467501));
#6640=DIRECTION('',(0.,1.,-0.));
#6641=VECTOR('',#6640,1.065410249);
#6642=LINE('',#6639,#6641);
#6643=EDGE_CURVE('',#6638,#670,#6642,.T.);
#6644=ORIENTED_EDGE('',*,*,#6643,.F.);
#6645=CARTESIAN_POINT('',(10.06998543,-45.23352493,41.366469253));
#6646=VERTEX_POINT('',#6645);
#6647=CARTESIAN_POINT('',(10.06998543,-45.23352493,40.506467501));
#6648=DIRECTION('',(-0.,-0.,1.));
#6649=VECTOR('',#6648,0.860001753);
#6650=LINE('',#6647,#6649);
#6651=EDGE_CURVE('',#6638,#6646,#6650,.T.);
#6652=ORIENTED_EDGE('',*,*,#6651,.T.);
#6653=CARTESIAN_POINT('',(10.06998543,-45.23352493,41.366469253));
#6654=DIRECTION('',(0.,1.,-0.));
#6655=VECTOR('',#6654,1.065410249);
#6656=LINE('',#6653,#6655);
#6657=EDGE_CURVE('',#6646,#672,#6656,.T.);
#6658=ORIENTED_EDGE('',*,*,#6657,.T.);
#6659=EDGE_LOOP('',(#6636,#6644,#6652,#6658));
#6660=FACE_BOUND('',#6659,.T.);
#6661=ADVANCED_FACE('',(#6660),#6635,.T.);
#6662=CARTESIAN_POINT('',(8.819985417,-44.538114681,40.506467501));
#6663=DIRECTION('',(0.,1.,-0.));
#6664=DIRECTION('',(-1.,0.,-0.));
#6665=AXIS2_PLACEMENT_3D('',#6662,#6663,#6664);
#6666=CYLINDRICAL_SURFACE('',#6665,1.250000013);
#6667=ORIENTED_EDGE('',*,*,#735,.T.);
#6668=CARTESIAN_POINT('',(8.819985417,-45.23352493,39.256467488));
#6669=VERTEX_POINT('',#6668);
#6670=CARTESIAN_POINT('',(8.819985417,-45.23352493,39.256467488));
#6671=DIRECTION('',(0.,1.,-0.));
#6672=VECTOR('',#6671,1.065410249);
#6673=LINE('',#6670,#6672);
#6674=EDGE_CURVE('',#6669,#723,#6673,.T.);
#6675=ORIENTED_EDGE('',*,*,#6674,.F.);
#6676=CARTESIAN_POINT('',(8.819985417,-45.23352493,40.506467501));
#6677=DIRECTION('',(0.,1.,0.));
#6678=DIRECTION('',(0.,0.,-1.));
#6679=AXIS2_PLACEMENT_3D('',#6676,#6677,#6678);
#6680=CIRCLE('',#6679,1.250000013);
#6681=EDGE_CURVE('',#6638,#6669,#6680,.T.);
#6682=ORIENTED_EDGE('',*,*,#6681,.F.);
#6683=ORIENTED_EDGE('',*,*,#6643,.T.);
#6684=EDGE_LOOP('',(#6667,#6675,#6682,#6683));
#6685=FACE_BOUND('',#6684,.T.);
#6686=ADVANCED_FACE('',(#6685),#6666,.F.);
#6687=CARTESIAN_POINT('',(5.50001016,-44.538114681,39.256467488));
#6688=DIRECTION('',(-0.,0.,1.));
#6689=DIRECTION('',(1.,-0.,0.));
#6690=AXIS2_PLACEMENT_3D('',#6687,#6688,#6689);
#6691=PLANE('',#6690);
#6692=ORIENTED_EDGE('',*,*,#728,.F.);
#6693=CARTESIAN_POINT('',(2.179985442,-45.23352493,39.256467488));
#6694=VERTEX_POINT('',#6693);
#6695=CARTESIAN_POINT('',(2.179985442,-45.23352493,39.256467488));
#6696=DIRECTION('',(0.,1.,-0.));
#6697=VECTOR('',#6696,1.065410249);
#6698=LINE('',#6695,#6697);
#6699=EDGE_CURVE('',#6694,#714,#6698,.T.);
#6700=ORIENTED_EDGE('',*,*,#6699,.F.);
#6701=CARTESIAN_POINT('',(2.179985442,-45.23352493,39.256467488));
#6702=DIRECTION('',(1.,-0.,0.));
#6703=VECTOR('',#6702,6.639999975);
#6704=LINE('',#6701,#6703);
#6705=EDGE_CURVE('',#6694,#6669,#6704,.T.);
#6706=ORIENTED_EDGE('',*,*,#6705,.T.);
#6707=ORIENTED_EDGE('',*,*,#6674,.T.);
#6708=EDGE_LOOP('',(#6692,#6700,#6706,#6707));
#6709=FACE_BOUND('',#6708,.T.);
#6710=ADVANCED_FACE('',(#6709),#6691,.T.);
#6711=CARTESIAN_POINT('',(2.179985442,-44.538114681,40.506467501));
#6712=DIRECTION('',(0.,1.,-0.));
#6713=DIRECTION('',(-1.,0.,-0.));
#6714=AXIS2_PLACEMENT_3D('',#6711,#6712,#6713);
#6715=CYLINDRICAL_SURFACE('',#6714,1.250000013);
#6716=ORIENTED_EDGE('',*,*,#720,.T.);
#6717=CARTESIAN_POINT('',(0.92998543,-45.23352493,40.506467501));
#6718=VERTEX_POINT('',#6717);
#6719=CARTESIAN_POINT('',(0.92998543,-45.23352493,40.506467501));
#6720=DIRECTION('',(0.,1.,-0.));
#6721=VECTOR('',#6720,1.065410249);
#6722=LINE('',#6719,#6721);
#6723=EDGE_CURVE('',#6718,#706,#6722,.T.);
#6724=ORIENTED_EDGE('',*,*,#6723,.F.);
#6725=CARTESIAN_POINT('',(2.179985442,-45.23352493,40.506467501));
#6726=DIRECTION('',(0.,1.,0.));
#6727=DIRECTION('',(0.,0.,-1.));
#6728=AXIS2_PLACEMENT_3D('',#6725,#6726,#6727);
#6729=CIRCLE('',#6728,1.250000013);
#6730=EDGE_CURVE('',#6694,#6718,#6729,.T.);
#6731=ORIENTED_EDGE('',*,*,#6730,.F.);
#6732=ORIENTED_EDGE('',*,*,#6699,.T.);
#6733=EDGE_LOOP('',(#6716,#6724,#6731,#6732));
#6734=FACE_BOUND('',#6733,.T.);
#6735=ADVANCED_FACE('',(#6734),#6715,.F.);
#6736=CARTESIAN_POINT('',(0.92998543,-44.538114681,40.936469216));
#6737=DIRECTION('',(1.,-0.,0.));
#6738=DIRECTION('',(0.,1.,-0.));
#6739=AXIS2_PLACEMENT_3D('',#6736,#6737,#6738);
#6740=PLANE('',#6739);
#6741=ORIENTED_EDGE('',*,*,#711,.F.);
#6742=CARTESIAN_POINT('',(0.92998543,-45.23352493,41.366469253));
#6743=VERTEX_POINT('',#6742);
#6744=CARTESIAN_POINT('',(0.92998543,-45.23352493,41.366469253));
#6745=DIRECTION('',(0.,1.,-0.));
#6746=VECTOR('',#6745,1.065410249);
#6747=LINE('',#6744,#6746);
#6748=EDGE_CURVE('',#6743,#697,#6747,.T.);
#6749=ORIENTED_EDGE('',*,*,#6748,.F.);
#6750=CARTESIAN_POINT('',(0.92998543,-45.23352493,41.366469253));
#6751=DIRECTION('',(0.,0.,-1.));
#6752=VECTOR('',#6751,0.860001753);
#6753=LINE('',#6750,#6752);
#6754=EDGE_CURVE('',#6743,#6718,#6753,.T.);
#6755=ORIENTED_EDGE('',*,*,#6754,.T.);
#6756=ORIENTED_EDGE('',*,*,#6723,.T.);
#6757=EDGE_LOOP('',(#6741,#6749,#6755,#6756));
#6758=FACE_BOUND('',#6757,.T.);
#6759=ADVANCED_FACE('',(#6758),#6740,.T.);
#6760=CARTESIAN_POINT('',(2.179985442,-44.538114681,41.366469253));
#6761=DIRECTION('',(0.,1.,-0.));
#6762=DIRECTION('',(-1.,0.,-0.));
#6763=AXIS2_PLACEMENT_3D('',#6760,#6761,#6762);
#6764=CYLINDRICAL_SURFACE('',#6763,1.250000013);
#6765=ORIENTED_EDGE('',*,*,#703,.T.);
#6766=CARTESIAN_POINT('',(2.179985442,-45.23352493,42.616469266));
#6767=VERTEX_POINT('',#6766);
#6768=CARTESIAN_POINT('',(2.179985442,-45.23352493,42.616469266));
#6769=DIRECTION('',(0.,1.,-0.));
#6770=VECTOR('',#6769,1.065410249);
#6771=LINE('',#6768,#6770);
#6772=EDGE_CURVE('',#6767,#689,#6771,.T.);
#6773=ORIENTED_EDGE('',*,*,#6772,.F.);
#6774=CARTESIAN_POINT('',(2.179985442,-45.23352493,41.366469253));
#6775=DIRECTION('',(0.,1.,0.));
#6776=DIRECTION('',(0.,0.,-1.));
#6777=AXIS2_PLACEMENT_3D('',#6774,#6775,#6776);
#6778=CIRCLE('',#6777,1.250000013);
#6779=EDGE_CURVE('',#6743,#6767,#6778,.T.);
#6780=ORIENTED_EDGE('',*,*,#6779,.F.);
#6781=ORIENTED_EDGE('',*,*,#6748,.T.);
#6782=EDGE_LOOP('',(#6765,#6773,#6780,#6781));
#6783=FACE_BOUND('',#6782,.T.);
#6784=ADVANCED_FACE('',(#6783),#6764,.F.);
#6785=CARTESIAN_POINT('',(5.50001016,-44.538114681,42.616469266));
#6786=DIRECTION('',(-0.,0.,1.));
#6787=DIRECTION('',(1.,-0.,0.));
#6788=AXIS2_PLACEMENT_3D('',#6785,#6786,#6787);
#6789=PLANE('',#6788);
#6790=ORIENTED_EDGE('',*,*,#694,.T.);
#6791=CARTESIAN_POINT('',(8.819985417,-45.23352493,42.616469266));
#6792=VERTEX_POINT('',#6791);
#6793=CARTESIAN_POINT('',(8.819985417,-45.23352493,42.616469266));
#6794=DIRECTION('',(0.,1.,-0.));
#6795=VECTOR('',#6794,1.065410249);
#6796=LINE('',#6793,#6795);
#6797=EDGE_CURVE('',#6792,#680,#6796,.T.);
#6798=ORIENTED_EDGE('',*,*,#6797,.F.);
#6799=CARTESIAN_POINT('',(2.179985442,-45.23352493,42.616469266));
#6800=DIRECTION('',(1.,-0.,0.));
#6801=VECTOR('',#6800,6.639999975);
#6802=LINE('',#6799,#6801);
#6803=EDGE_CURVE('',#6767,#6792,#6802,.T.);
#6804=ORIENTED_EDGE('',*,*,#6803,.F.);
#6805=ORIENTED_EDGE('',*,*,#6772,.T.);
#6806=EDGE_LOOP('',(#6790,#6798,#6804,#6805));
#6807=FACE_BOUND('',#6806,.T.);
#6808=ADVANCED_FACE('',(#6807),#6789,.F.);
#6809=CARTESIAN_POINT('',(8.819985417,-44.538114681,41.366469253));
#6810=DIRECTION('',(0.,1.,-0.));
#6811=DIRECTION('',(-1.,0.,-0.));
#6812=AXIS2_PLACEMENT_3D('',#6809,#6810,#6811);
#6813=CYLINDRICAL_SURFACE('',#6812,1.250000013);
#6814=ORIENTED_EDGE('',*,*,#686,.T.);
#6815=ORIENTED_EDGE('',*,*,#6657,.F.);
#6816=CARTESIAN_POINT('',(8.819985417,-45.23352493,41.366469253));
#6817=DIRECTION('',(0.,1.,0.));
#6818=DIRECTION('',(0.,0.,-1.));
#6819=AXIS2_PLACEMENT_3D('',#6816,#6817,#6818);
#6820=CIRCLE('',#6819,1.250000013);
#6821=EDGE_CURVE('',#6792,#6646,#6820,.T.);
#6822=ORIENTED_EDGE('',*,*,#6821,.F.);
#6823=ORIENTED_EDGE('',*,*,#6797,.T.);
#6824=EDGE_LOOP('',(#6814,#6815,#6822,#6823));
#6825=FACE_BOUND('',#6824,.T.);
#6826=ADVANCED_FACE('',(#6825),#6813,.F.);
#6827=CARTESIAN_POINT('',(8.720010192,-45.23352493,40.606469212));
#6828=DIRECTION('',(-0.,-1.,-0.));
#6829=DIRECTION('',(1.,-0.,0.));
#6830=AXIS2_PLACEMENT_3D('',#6827,#6828,#6829);
#6831=PLANE('',#6830);
#6832=ORIENTED_EDGE('',*,*,#6651,.F.);
#6833=ORIENTED_EDGE('',*,*,#6681,.T.);
#6834=ORIENTED_EDGE('',*,*,#6705,.F.);
#6835=ORIENTED_EDGE('',*,*,#6730,.T.);
#6836=ORIENTED_EDGE('',*,*,#6754,.F.);
#6837=ORIENTED_EDGE('',*,*,#6779,.T.);
#6838=ORIENTED_EDGE('',*,*,#6803,.T.);
#6839=ORIENTED_EDGE('',*,*,#6821,.T.);
#6840=EDGE_LOOP('',(#6832,#6833,#6834,#6835,#6836,#6837,#6838,#6839));
#6841=FACE_BOUND('',#6840,.T.);
#6842=ORIENTED_EDGE('',*,*,#5994,.F.);
#6843=ORIENTED_EDGE('',*,*,#6023,.T.);
#6844=ORIENTED_EDGE('',*,*,#6048,.F.);
#6845=ORIENTED_EDGE('',*,*,#6078,.F.);
#6846=ORIENTED_EDGE('',*,*,#6097,.F.);
#6847=ORIENTED_EDGE('',*,*,#6127,.F.);
#6848=ORIENTED_EDGE('',*,*,#6146,.F.);
#6849=ORIENTED_EDGE('',*,*,#6168,.T.);
#6850=EDGE_LOOP('',(#6842,#6843,#6844,#6845,#6846,#6847,#6848,#6849));
#6851=FACE_BOUND('',#6850,.T.);
#6852=ADVANCED_FACE('',(#6841,#6851),#6831,.F.);
#6853=CARTESIAN_POINT('',(8.720010202,-46.018114681,40.606469203));
#6854=DIRECTION('',(0.,1.,-0.));
#6855=DIRECTION('',(-1.,0.,-0.));
#6856=AXIS2_PLACEMENT_3D('',#6853,#6854,#6855);
#6857=CYLINDRICAL_SURFACE('',#6856,1.55);
#6858=CARTESIAN_POINT('',(10.270010202,-46.03352493,40.606469203));
#6859=VERTEX_POINT('',#6858);
#6860=CARTESIAN_POINT('',(10.270010202,-45.768114681,40.606469203));
#6861=VERTEX_POINT('',#6860);
#6862=CARTESIAN_POINT('',(10.270010202,-46.03352493,40.606469203));
#6863=DIRECTION('',(0.,1.,-0.));
#6864=VECTOR('',#6863,0.265410249);
#6865=LINE('',#6862,#6864);
#6866=EDGE_CURVE('',#6859,#6861,#6865,.T.);
#6867=ORIENTED_EDGE('',*,*,#6866,.F.);
#6868=CARTESIAN_POINT('',(8.720010202,-46.03352493,39.056469203));
#6869=VERTEX_POINT('',#6868);
#6870=CARTESIAN_POINT('',(8.720010202,-46.03352493,40.606469203));
#6871=DIRECTION('',(0.,1.,-0.));
#6872=DIRECTION('',(0.,-0.,-1.));
#6873=AXIS2_PLACEMENT_3D('',#6870,#6871,#6872);
#6874=CIRCLE('',#6873,1.55);
#6875=EDGE_CURVE('',#6859,#6869,#6874,.T.);
#6876=ORIENTED_EDGE('',*,*,#6875,.T.);
#6877=CARTESIAN_POINT('',(8.720010202,-45.768114681,39.056469203));
#6878=VERTEX_POINT('',#6877);
#6879=CARTESIAN_POINT('',(8.720010202,-46.03352493,39.056469203));
#6880=DIRECTION('',(0.,1.,-0.));
#6881=VECTOR('',#6880,0.265410249);
#6882=LINE('',#6879,#6881);
#6883=EDGE_CURVE('',#6869,#6878,#6882,.T.);
#6884=ORIENTED_EDGE('',*,*,#6883,.T.);
#6885=CARTESIAN_POINT('',(8.720010202,-45.768114681,40.606469203));
#6886=DIRECTION('',(-0.,-1.,0.));
#6887=DIRECTION('',(1.,-0.,0.));
#6888=AXIS2_PLACEMENT_3D('',#6885,#6886,#6887);
#6889=CIRCLE('',#6888,1.55);
#6890=EDGE_CURVE('',#6878,#6861,#6889,.T.);
#6891=ORIENTED_EDGE('',*,*,#6890,.T.);
#6892=EDGE_LOOP('',(#6867,#6876,#6884,#6891));
#6893=FACE_BOUND('',#6892,.T.);
#6894=ADVANCED_FACE('',(#6893),#6857,.T.);
#6895=CARTESIAN_POINT('',(10.270010202,-46.018114681,40.936469216));
#6896=DIRECTION('',(-1.,0.,-0.));
#6897=DIRECTION('',(-0.,-1.,0.));
#6898=AXIS2_PLACEMENT_3D('',#6895,#6896,#6897);
#6899=PLANE('',#6898);
#6900=CARTESIAN_POINT('',(10.270010202,-46.03352493,41.266469228));
#6901=VERTEX_POINT('',#6900);
#6902=CARTESIAN_POINT('',(10.270010202,-45.768114681,41.266469228));
#6903=VERTEX_POINT('',#6902);
#6904=CARTESIAN_POINT('',(10.270010202,-46.03352493,41.266469228));
#6905=DIRECTION('',(0.,1.,-0.));
#6906=VECTOR('',#6905,0.265410249);
#6907=LINE('',#6904,#6906);
#6908=EDGE_CURVE('',#6901,#6903,#6907,.T.);
#6909=ORIENTED_EDGE('',*,*,#6908,.F.);
#6910=CARTESIAN_POINT('',(10.270010202,-46.03352493,41.266469228));
#6911=DIRECTION('',(0.,-0.,-1.));
#6912=VECTOR('',#6911,0.660000026);
#6913=LINE('',#6910,#6912);
#6914=EDGE_CURVE('',#6901,#6859,#6913,.T.);
#6915=ORIENTED_EDGE('',*,*,#6914,.T.);
#6916=ORIENTED_EDGE('',*,*,#6866,.T.);
#6917=CARTESIAN_POINT('',(10.270010202,-45.768114681,40.606469203));
#6918=DIRECTION('',(-0.,0.,1.));
#6919=VECTOR('',#6918,0.660000026);
#6920=LINE('',#6917,#6919);
#6921=EDGE_CURVE('',#6861,#6903,#6920,.T.);
#6922=ORIENTED_EDGE('',*,*,#6921,.T.);
#6923=EDGE_LOOP('',(#6909,#6915,#6916,#6922));
#6924=FACE_BOUND('',#6923,.T.);
#6925=ADVANCED_FACE('',(#6924),#6899,.F.);
#6926=CARTESIAN_POINT('',(8.720010202,-46.018114681,41.266469228));
#6927=DIRECTION('',(-0.,-1.,0.));
#6928=DIRECTION('',(1.,-0.,0.));
#6929=AXIS2_PLACEMENT_3D('',#6926,#6927,#6928);
#6930=CYLINDRICAL_SURFACE('',#6929,1.55);
#6931=CARTESIAN_POINT('',(8.720010202,-46.03352493,42.816469228));
#6932=VERTEX_POINT('',#6931);
#6933=CARTESIAN_POINT('',(8.720010202,-45.768114681,42.816469228));
#6934=VERTEX_POINT('',#6933);
#6935=CARTESIAN_POINT('',(8.720010202,-46.03352493,42.816469228));
#6936=DIRECTION('',(0.,1.,-0.));
#6937=VECTOR('',#6936,0.265410249);
#6938=LINE('',#6935,#6937);
#6939=EDGE_CURVE('',#6932,#6934,#6938,.T.);
#6940=ORIENTED_EDGE('',*,*,#6939,.F.);
#6941=CARTESIAN_POINT('',(8.720010202,-46.03352493,41.266469228));
#6942=DIRECTION('',(0.,1.,-0.));
#6943=DIRECTION('',(0.,-0.,-1.));
#6944=AXIS2_PLACEMENT_3D('',#6941,#6942,#6943);
#6945=CIRCLE('',#6944,1.55);
#6946=EDGE_CURVE('',#6932,#6901,#6945,.T.);
#6947=ORIENTED_EDGE('',*,*,#6946,.T.);
#6948=ORIENTED_EDGE('',*,*,#6908,.T.);
#6949=CARTESIAN_POINT('',(8.720010202,-45.768114681,41.266469228));
#6950=DIRECTION('',(-0.,-1.,0.));
#6951=DIRECTION('',(1.,-0.,0.));
#6952=AXIS2_PLACEMENT_3D('',#6949,#6950,#6951);
#6953=CIRCLE('',#6952,1.55);
#6954=EDGE_CURVE('',#6903,#6934,#6953,.T.);
#6955=ORIENTED_EDGE('',*,*,#6954,.T.);
#6956=EDGE_LOOP('',(#6940,#6947,#6948,#6955));
#6957=FACE_BOUND('',#6956,.T.);
#6958=ADVANCED_FACE('',(#6957),#6930,.T.);
#6959=CARTESIAN_POINT('',(5.50001016,-46.018114681,42.816469228));
#6960=DIRECTION('',(-0.,0.,1.));
#6961=DIRECTION('',(1.,-0.,0.));
#6962=AXIS2_PLACEMENT_3D('',#6959,#6960,#6961);
#6963=PLANE('',#6962);
#6964=CARTESIAN_POINT('',(2.280010118,-46.03352493,42.816469228));
#6965=VERTEX_POINT('',#6964);
#6966=CARTESIAN_POINT('',(2.280010118,-45.768114681,42.816469228));
#6967=VERTEX_POINT('',#6966);
#6968=CARTESIAN_POINT('',(2.280010118,-46.03352493,42.816469228));
#6969=DIRECTION('',(0.,1.,-0.));
#6970=VECTOR('',#6969,0.265410249);
#6971=LINE('',#6968,#6970);
#6972=EDGE_CURVE('',#6965,#6967,#6971,.T.);
#6973=ORIENTED_EDGE('',*,*,#6972,.F.);
#6974=CARTESIAN_POINT('',(2.280010118,-46.03352493,42.816469228));
#6975=DIRECTION('',(1.,-0.,0.));
#6976=VECTOR('',#6975,6.440000084);
#6977=LINE('',#6974,#6976);
#6978=EDGE_CURVE('',#6965,#6932,#6977,.T.);
#6979=ORIENTED_EDGE('',*,*,#6978,.T.);
#6980=ORIENTED_EDGE('',*,*,#6939,.T.);
#6981=CARTESIAN_POINT('',(8.720010202,-45.768114681,42.816469228));
#6982=DIRECTION('',(-1.,0.,-0.));
#6983=VECTOR('',#6982,6.440000084);
#6984=LINE('',#6981,#6983);
#6985=EDGE_CURVE('',#6934,#6967,#6984,.T.);
#6986=ORIENTED_EDGE('',*,*,#6985,.T.);
#6987=EDGE_LOOP('',(#6973,#6979,#6980,#6986));
#6988=FACE_BOUND('',#6987,.T.);
#6989=ADVANCED_FACE('',(#6988),#6963,.T.);
#6990=CARTESIAN_POINT('',(2.280010118,-46.018114681,41.266469228));
#6991=DIRECTION('',(-0.,-1.,0.));
#6992=DIRECTION('',(1.,-0.,0.));
#6993=AXIS2_PLACEMENT_3D('',#6990,#6991,#6992);
#6994=CYLINDRICAL_SURFACE('',#6993,1.55);
#6995=CARTESIAN_POINT('',(0.730010118,-46.03352493,41.266469228));
#6996=VERTEX_POINT('',#6995);
#6997=CARTESIAN_POINT('',(0.730010118,-45.768114681,41.266469228));
#6998=VERTEX_POINT('',#6997);
#6999=CARTESIAN_POINT('',(0.730010118,-46.03352493,41.266469228));
#7000=DIRECTION('',(0.,1.,-0.));
#7001=VECTOR('',#7000,0.265410249);
#7002=LINE('',#6999,#7001);
#7003=EDGE_CURVE('',#6996,#6998,#7002,.T.);
#7004=ORIENTED_EDGE('',*,*,#7003,.F.);
#7005=CARTESIAN_POINT('',(2.280010118,-46.03352493,41.266469228));
#7006=DIRECTION('',(0.,1.,-0.));
#7007=DIRECTION('',(0.,-0.,-1.));
#7008=AXIS2_PLACEMENT_3D('',#7005,#7006,#7007);
#7009=CIRCLE('',#7008,1.55);
#7010=EDGE_CURVE('',#6996,#6965,#7009,.T.);
#7011=ORIENTED_EDGE('',*,*,#7010,.T.);
#7012=ORIENTED_EDGE('',*,*,#6972,.T.);
#7013=CARTESIAN_POINT('',(2.280010118,-45.768114681,41.266469228));
#7014=DIRECTION('',(-0.,-1.,0.));
#7015=DIRECTION('',(1.,-0.,0.));
#7016=AXIS2_PLACEMENT_3D('',#7013,#7014,#7015);
#7017=CIRCLE('',#7016,1.55);
#7018=EDGE_CURVE('',#6967,#6998,#7017,.T.);
#7019=ORIENTED_EDGE('',*,*,#7018,.T.);
#7020=EDGE_LOOP('',(#7004,#7011,#7012,#7019));
#7021=FACE_BOUND('',#7020,.T.);
#7022=ADVANCED_FACE('',(#7021),#6994,.T.);
#7023=CARTESIAN_POINT('',(0.730010118,-46.018114681,40.936469216));
#7024=DIRECTION('',(1.,-0.,0.));
#7025=DIRECTION('',(0.,1.,-0.));
#7026=AXIS2_PLACEMENT_3D('',#7023,#7024,#7025);
#7027=PLANE('',#7026);
#7028=CARTESIAN_POINT('',(0.730010118,-46.03352493,40.606469203));
#7029=VERTEX_POINT('',#7028);
#7030=CARTESIAN_POINT('',(0.730010118,-45.768114681,40.606469203));
#7031=VERTEX_POINT('',#7030);
#7032=CARTESIAN_POINT('',(0.730010118,-46.03352493,40.606469203));
#7033=DIRECTION('',(0.,1.,-0.));
#7034=VECTOR('',#7033,0.265410249);
#7035=LINE('',#7032,#7034);
#7036=EDGE_CURVE('',#7029,#7031,#7035,.T.);
#7037=ORIENTED_EDGE('',*,*,#7036,.F.);
#7038=CARTESIAN_POINT('',(0.730010118,-46.03352493,40.606469203));
#7039=DIRECTION('',(-0.,0.,1.));
#7040=VECTOR('',#7039,0.660000026);
#7041=LINE('',#7038,#7040);
#7042=EDGE_CURVE('',#7029,#6996,#7041,.T.);
#7043=ORIENTED_EDGE('',*,*,#7042,.T.);
#7044=ORIENTED_EDGE('',*,*,#7003,.T.);
#7045=CARTESIAN_POINT('',(0.730010118,-45.768114681,41.266469228));
#7046=DIRECTION('',(0.,-0.,-1.));
#7047=VECTOR('',#7046,0.660000026);
#7048=LINE('',#7045,#7047);
#7049=EDGE_CURVE('',#6998,#7031,#7048,.T.);
#7050=ORIENTED_EDGE('',*,*,#7049,.T.);
#7051=EDGE_LOOP('',(#7037,#7043,#7044,#7050));
#7052=FACE_BOUND('',#7051,.T.);
#7053=ADVANCED_FACE('',(#7052),#7027,.F.);
#7054=CARTESIAN_POINT('',(2.280010118,-46.018114681,40.606469203));
#7055=DIRECTION('',(0.,1.,-0.));
#7056=DIRECTION('',(-1.,0.,-0.));
#7057=AXIS2_PLACEMENT_3D('',#7054,#7055,#7056);
#7058=CYLINDRICAL_SURFACE('',#7057,1.55);
#7059=CARTESIAN_POINT('',(2.280010118,-46.03352493,39.056469203));
#7060=VERTEX_POINT('',#7059);
#7061=CARTESIAN_POINT('',(2.280010118,-45.768114681,39.056469203));
#7062=VERTEX_POINT('',#7061);
#7063=CARTESIAN_POINT('',(2.280010118,-46.03352493,39.056469203));
#7064=DIRECTION('',(0.,1.,-0.));
#7065=VECTOR('',#7064,0.265410249);
#7066=LINE('',#7063,#7065);
#7067=EDGE_CURVE('',#7060,#7062,#7066,.T.);
#7068=ORIENTED_EDGE('',*,*,#7067,.F.);
#7069=CARTESIAN_POINT('',(2.280010118,-46.03352493,40.606469203));
#7070=DIRECTION('',(0.,1.,-0.));
#7071=DIRECTION('',(0.,-0.,-1.));
#7072=AXIS2_PLACEMENT_3D('',#7069,#7070,#7071);
#7073=CIRCLE('',#7072,1.55);
#7074=EDGE_CURVE('',#7060,#7029,#7073,.T.);
#7075=ORIENTED_EDGE('',*,*,#7074,.T.);
#7076=ORIENTED_EDGE('',*,*,#7036,.T.);
#7077=CARTESIAN_POINT('',(2.280010118,-45.768114681,40.606469203));
#7078=DIRECTION('',(-0.,-1.,0.));
#7079=DIRECTION('',(1.,-0.,0.));
#7080=AXIS2_PLACEMENT_3D('',#7077,#7078,#7079);
#7081=CIRCLE('',#7080,1.55);
#7082=EDGE_CURVE('',#7031,#7062,#7081,.T.);
#7083=ORIENTED_EDGE('',*,*,#7082,.T.);
#7084=EDGE_LOOP('',(#7068,#7075,#7076,#7083));
#7085=FACE_BOUND('',#7084,.T.);
#7086=ADVANCED_FACE('',(#7085),#7058,.T.);
#7087=CARTESIAN_POINT('',(5.50001016,-46.018114681,39.056469203));
#7088=DIRECTION('',(-0.,0.,1.));
#7089=DIRECTION('',(1.,-0.,0.));
#7090=AXIS2_PLACEMENT_3D('',#7087,#7088,#7089);
#7091=PLANE('',#7090);
#7092=ORIENTED_EDGE('',*,*,#6883,.F.);
#7093=CARTESIAN_POINT('',(8.720010202,-46.03352493,39.056469203));
#7094=DIRECTION('',(-1.,0.,-0.));
#7095=VECTOR('',#7094,6.440000084);
#7096=LINE('',#7093,#7095);
#7097=EDGE_CURVE('',#6869,#7060,#7096,.T.);
#7098=ORIENTED_EDGE('',*,*,#7097,.T.);
#7099=ORIENTED_EDGE('',*,*,#7067,.T.);
#7100=CARTESIAN_POINT('',(2.280010118,-45.768114681,39.056469203));
#7101=DIRECTION('',(1.,-0.,0.));
#7102=VECTOR('',#7101,6.440000084);
#7103=LINE('',#7100,#7102);
#7104=EDGE_CURVE('',#7062,#6878,#7103,.T.);
#7105=ORIENTED_EDGE('',*,*,#7104,.T.);
#7106=EDGE_LOOP('',(#7092,#7098,#7099,#7105));
#7107=FACE_BOUND('',#7106,.T.);
#7108=ADVANCED_FACE('',(#7107),#7091,.F.);
#7109=CARTESIAN_POINT('',(5.50001016,-45.768114681,38.756469203));
#7110=DIRECTION('',(1.,-0.,0.));
#7111=DIRECTION('',(0.,1.,-0.));
#7112=AXIS2_PLACEMENT_3D('',#7109,#7110,#7111);
#7113=CYLINDRICAL_SURFACE('',#7112,0.3);
#7114=CARTESIAN_POINT('',(8.720010202,-45.768114681,38.756469203));
#7115=DIRECTION('',(-1.,0.,-0.));
#7116=DIRECTION('',(-0.,0.,1.));
#7117=AXIS2_PLACEMENT_3D('',#7114,#7115,#7116);
#7118=CIRCLE('',#7117,0.3);
#7119=EDGE_CURVE('',#6878,#5462,#7118,.T.);
#7120=ORIENTED_EDGE('',*,*,#7119,.F.);
#7121=ORIENTED_EDGE('',*,*,#7104,.F.);
#7122=CARTESIAN_POINT('',(2.280010118,-45.768114681,38.756469203));
#7123=DIRECTION('',(1.,-0.,0.));
#7124=DIRECTION('',(0.,-0.,-1.));
#7125=AXIS2_PLACEMENT_3D('',#7122,#7123,#7124);
#7126=CIRCLE('',#7125,0.3);
#7127=EDGE_CURVE('',#5471,#7062,#7126,.T.);
#7128=ORIENTED_EDGE('',*,*,#7127,.F.);
#7129=ORIENTED_EDGE('',*,*,#5476,.F.);
#7130=EDGE_LOOP('',(#7120,#7121,#7128,#7129));
#7131=FACE_BOUND('',#7130,.T.);
#7132=ADVANCED_FACE('',(#7131),#7113,.F.);
#7133=CARTESIAN_POINT('',(2.280010118,-45.768114681,40.606469203));
#7134=DIRECTION('',(-0.,-1.,0.));
#7135=DIRECTION('',(1.,-0.,0.));
#7136=AXIS2_PLACEMENT_3D('',#7133,#7134,#7135);
#7137=TOROIDAL_SURFACE('',#7136,1.85,0.3);
#7138=ORIENTED_EDGE('',*,*,#7127,.T.);
#7139=ORIENTED_EDGE('',*,*,#7082,.F.);
#7140=CARTESIAN_POINT('',(0.430010118,-45.768114681,40.606469203));
#7141=DIRECTION('',(0.,-0.,-1.));
#7142=DIRECTION('',(-1.,0.,-0.));
#7143=AXIS2_PLACEMENT_3D('',#7140,#7141,#7142);
#7144=CIRCLE('',#7143,0.3);
#7145=EDGE_CURVE('',#5479,#7031,#7144,.T.);
#7146=ORIENTED_EDGE('',*,*,#7145,.F.);
#7147=ORIENTED_EDGE('',*,*,#5485,.F.);
#7148=EDGE_LOOP('',(#7138,#7139,#7146,#7147));
#7149=FACE_BOUND('',#7148,.T.);
#7150=ADVANCED_FACE('',(#7149),#7137,.F.);
#7151=CARTESIAN_POINT('',(8.720010202,-45.768114681,40.606469203));
#7152=DIRECTION('',(-0.,-1.,0.));
#7153=DIRECTION('',(1.,-0.,0.));
#7154=AXIS2_PLACEMENT_3D('',#7151,#7152,#7153);
#7155=TOROIDAL_SURFACE('',#7154,1.85,0.3);
#7156=ORIENTED_EDGE('',*,*,#7119,.T.);
#7157=ORIENTED_EDGE('',*,*,#5468,.F.);
#7158=CARTESIAN_POINT('',(10.570010202,-45.768114681,40.606469203));
#7159=DIRECTION('',(0.,-0.,-1.));
#7160=DIRECTION('',(-1.,0.,-0.));
#7161=AXIS2_PLACEMENT_3D('',#7158,#7159,#7160);
#7162=CIRCLE('',#7161,0.3);
#7163=EDGE_CURVE('',#6861,#5454,#7162,.T.);
#7164=ORIENTED_EDGE('',*,*,#7163,.F.);
#7165=ORIENTED_EDGE('',*,*,#6890,.F.);
#7166=EDGE_LOOP('',(#7156,#7157,#7164,#7165));
#7167=FACE_BOUND('',#7166,.T.);
#7168=ADVANCED_FACE('',(#7167),#7155,.F.);
#7169=CARTESIAN_POINT('',(0.430010118,-45.768114681,40.936469216));
#7170=DIRECTION('',(0.,-0.,-1.));
#7171=DIRECTION('',(-1.,0.,-0.));
#7172=AXIS2_PLACEMENT_3D('',#7169,#7170,#7171);
#7173=CYLINDRICAL_SURFACE('',#7172,0.3);
#7174=ORIENTED_EDGE('',*,*,#7145,.T.);
#7175=ORIENTED_EDGE('',*,*,#7049,.F.);
#7176=CARTESIAN_POINT('',(0.430010118,-45.768114681,41.266469228));
#7177=DIRECTION('',(0.,-0.,-1.));
#7178=DIRECTION('',(-1.,0.,-0.));
#7179=AXIS2_PLACEMENT_3D('',#7176,#7177,#7178);
#7180=CIRCLE('',#7179,0.3);
#7181=EDGE_CURVE('',#5426,#6998,#7180,.T.);
#7182=ORIENTED_EDGE('',*,*,#7181,.F.);
#7183=ORIENTED_EDGE('',*,*,#5491,.F.);
#7184=EDGE_LOOP('',(#7174,#7175,#7182,#7183));
#7185=FACE_BOUND('',#7184,.T.);
#7186=ADVANCED_FACE('',(#7185),#7173,.F.);
#7187=CARTESIAN_POINT('',(10.570010202,-45.768114681,40.936469216));
#7188=DIRECTION('',(-0.,0.,1.));
#7189=DIRECTION('',(1.,-0.,0.));
#7190=AXIS2_PLACEMENT_3D('',#7187,#7188,#7189);
#7191=CYLINDRICAL_SURFACE('',#7190,0.3);
#7192=ORIENTED_EDGE('',*,*,#7163,.T.);
#7193=ORIENTED_EDGE('',*,*,#5459,.F.);
#7194=CARTESIAN_POINT('',(10.570010202,-45.768114681,41.266469228));
#7195=DIRECTION('',(0.,-0.,-1.));
#7196=DIRECTION('',(-1.,0.,-0.));
#7197=AXIS2_PLACEMENT_3D('',#7194,#7195,#7196);
#7198=CIRCLE('',#7197,0.3);
#7199=EDGE_CURVE('',#6903,#5445,#7198,.T.);
#7200=ORIENTED_EDGE('',*,*,#7199,.F.);
#7201=ORIENTED_EDGE('',*,*,#6921,.F.);
#7202=EDGE_LOOP('',(#7192,#7193,#7200,#7201));
#7203=FACE_BOUND('',#7202,.T.);
#7204=ADVANCED_FACE('',(#7203),#7191,.F.);
#7205=CARTESIAN_POINT('',(2.280010118,-45.768114681,41.266469228));
#7206=DIRECTION('',(-0.,-1.,0.));
#7207=DIRECTION('',(1.,-0.,0.));
#7208=AXIS2_PLACEMENT_3D('',#7205,#7206,#7207);
#7209=TOROIDAL_SURFACE('',#7208,1.85,0.3);
#7210=ORIENTED_EDGE('',*,*,#7181,.T.);
#7211=ORIENTED_EDGE('',*,*,#7018,.F.);
#7212=CARTESIAN_POINT('',(2.280010118,-45.768114681,43.116469228));
#7213=DIRECTION('',(-1.,0.,-0.));
#7214=DIRECTION('',(-0.,0.,1.));
#7215=AXIS2_PLACEMENT_3D('',#7212,#7213,#7214);
#7216=CIRCLE('',#7215,0.3);
#7217=EDGE_CURVE('',#5428,#6967,#7216,.T.);
#7218=ORIENTED_EDGE('',*,*,#7217,.F.);
#7219=ORIENTED_EDGE('',*,*,#5434,.F.);
#7220=EDGE_LOOP('',(#7210,#7211,#7218,#7219));
#7221=FACE_BOUND('',#7220,.T.);
#7222=ADVANCED_FACE('',(#7221),#7209,.F.);
#7223=CARTESIAN_POINT('',(8.720010202,-45.768114681,41.266469228));
#7224=DIRECTION('',(-0.,-1.,0.));
#7225=DIRECTION('',(1.,-0.,0.));
#7226=AXIS2_PLACEMENT_3D('',#7223,#7224,#7225);
#7227=TOROIDAL_SURFACE('',#7226,1.85,0.3);
#7228=ORIENTED_EDGE('',*,*,#7199,.T.);
#7229=ORIENTED_EDGE('',*,*,#5451,.F.);
#7230=CARTESIAN_POINT('',(8.720010202,-45.768114681,43.116469228));
#7231=DIRECTION('',(1.,-0.,0.));
#7232=DIRECTION('',(0.,-0.,-1.));
#7233=AXIS2_PLACEMENT_3D('',#7230,#7231,#7232);
#7234=CIRCLE('',#7233,0.3);
#7235=EDGE_CURVE('',#6934,#5437,#7234,.T.);
#7236=ORIENTED_EDGE('',*,*,#7235,.F.);
#7237=ORIENTED_EDGE('',*,*,#6954,.F.);
#7238=EDGE_LOOP('',(#7228,#7229,#7236,#7237));
#7239=FACE_BOUND('',#7238,.T.);
#7240=ADVANCED_FACE('',(#7239),#7227,.F.);
#7241=CARTESIAN_POINT('',(-0.,-45.768114681,43.116469228));
#7242=DIRECTION('',(-1.,0.,-0.));
#7243=DIRECTION('',(-0.,-1.,0.));
#7244=AXIS2_PLACEMENT_3D('',#7241,#7242,#7243);
#7245=CYLINDRICAL_SURFACE('',#7244,0.3);
#7246=ORIENTED_EDGE('',*,*,#7217,.T.);
#7247=ORIENTED_EDGE('',*,*,#6985,.F.);
#7248=ORIENTED_EDGE('',*,*,#7235,.T.);
#7249=ORIENTED_EDGE('',*,*,#5442,.F.);
#7250=EDGE_LOOP('',(#7246,#7247,#7248,#7249));
#7251=FACE_BOUND('',#7250,.T.);
#7252=ADVANCED_FACE('',(#7251),#7245,.F.);
#7253=CARTESIAN_POINT('',(49.01278543,-31.168114681,38.056467488));
#7254=DIRECTION('',(-1.,0.,-0.));
#7255=DIRECTION('',(-0.,0.,1.));
#7256=AXIS2_PLACEMENT_3D('',#7253,#7254,#7255);
#7257=PLANE('',#7256);
#7258=ORIENTED_EDGE('',*,*,#3472,.F.);
#7259=ORIENTED_EDGE('',*,*,#1245,.T.);
#7260=ORIENTED_EDGE('',*,*,#163,.T.);
#7261=CARTESIAN_POINT('',(49.01278543,-31.468114681,38.056467488));
#7262=DIRECTION('',(0.,-0.,-1.));
#7263=VECTOR('',#7262,0.8);
#7264=LINE('',#7261,#7263);
#7265=EDGE_CURVE('',#149,#3467,#7264,.T.);
#7266=ORIENTED_EDGE('',*,*,#7265,.T.);
#7267=EDGE_LOOP('',(#7258,#7259,#7260,#7266));
#7268=FACE_BOUND('',#7267,.T.);
#7269=ADVANCED_FACE('',(#7268),#7257,.F.);
#7270=CARTESIAN_POINT('',(50.51278543,-31.968114681,38.056467488));
#7271=DIRECTION('',(-0.,-1.,0.));
#7272=DIRECTION('',(0.,-0.,-1.));
#7273=AXIS2_PLACEMENT_3D('',#7270,#7271,#7272);
#7274=PLANE('',#7273);
#7275=ORIENTED_EDGE('',*,*,#3489,.F.);
#7276=CARTESIAN_POINT('',(49.51278543,-31.968114681,37.256467488));
#7277=DIRECTION('',(-0.,0.,1.));
#7278=VECTOR('',#7277,0.8);
#7279=LINE('',#7276,#7278);
#7280=EDGE_CURVE('',#3475,#141,#7279,.T.);
#7281=ORIENTED_EDGE('',*,*,#7280,.T.);
#7282=ORIENTED_EDGE('',*,*,#146,.T.);
#7283=CARTESIAN_POINT('',(50.11278543,-31.968114681,39.256469203));
#7284=VERTEX_POINT('',#7283);
#7285=CARTESIAN_POINT('',(50.11278543,-31.968114681,39.256469203));
#7286=DIRECTION('',(0.,-0.,-1.));
#7287=VECTOR('',#7286,1.200001715);
#7288=LINE('',#7285,#7287);
#7289=EDGE_CURVE('',#7284,#133,#7288,.T.);
#7290=ORIENTED_EDGE('',*,*,#7289,.F.);
#7291=CARTESIAN_POINT('',(51.01278543,-31.968114681,39.256469203));
#7292=DIRECTION('',(-1.,0.,0.));
#7293=VECTOR('',#7292,0.9);
#7294=LINE('',#7291,#7293);
#7295=EDGE_CURVE('',#1831,#7284,#7294,.T.);
#7296=ORIENTED_EDGE('',*,*,#7295,.F.);
#7297=ORIENTED_EDGE('',*,*,#1836,.F.);
#7298=CARTESIAN_POINT('',(50.01278543,-31.968114681,36.256467488));
#7299=DIRECTION('',(-0.,-1.,0.));
#7300=DIRECTION('',(0.,-0.,-1.));
#7301=AXIS2_PLACEMENT_3D('',#7298,#7299,#7300);
#7302=CIRCLE('',#7301,1.);
#7303=EDGE_CURVE('',#1823,#3484,#7302,.T.);
#7304=ORIENTED_EDGE('',*,*,#7303,.T.);
#7305=EDGE_LOOP('',(#7275,#7281,#7282,#7290,#7296,#7297,#7304));
#7306=FACE_BOUND('',#7305,.T.);
#7307=ADVANCED_FACE('',(#7306),#7274,.F.);
#7308=CARTESIAN_POINT('',(49.51278543,-31.468114681,38.056467488));
#7309=DIRECTION('',(0.,-0.,-1.));
#7310=DIRECTION('',(-1.,0.,-0.));
#7311=AXIS2_PLACEMENT_3D('',#7308,#7309,#7310);
#7312=CYLINDRICAL_SURFACE('',#7311,0.5);
#7313=ORIENTED_EDGE('',*,*,#3481,.F.);
#7314=ORIENTED_EDGE('',*,*,#7265,.F.);
#7315=ORIENTED_EDGE('',*,*,#155,.F.);
#7316=ORIENTED_EDGE('',*,*,#7280,.F.);
#7317=EDGE_LOOP('',(#7313,#7314,#7315,#7316));
#7318=FACE_BOUND('',#7317,.T.);
#7319=ADVANCED_FACE('',(#7318),#7312,.F.);
#7320=CARTESIAN_POINT('',(31.391480823,-45.208114681,40.076469264));
#7321=DIRECTION('',(-0.,-1.,0.));
#7322=DIRECTION('',(1.,-0.,0.));
#7323=AXIS2_PLACEMENT_3D('',#7320,#7321,#7322);
#7324=CYLINDRICAL_SURFACE('',#7323,0.675);
#7325=CARTESIAN_POINT('',(32.066480823,-45.268114681,40.076469264));
#7326=VERTEX_POINT('',#7325);
#7327=CARTESIAN_POINT('',(32.066480823,-45.468114681,40.076469264));
#7328=DIRECTION('',(0.,1.,-0.));
#7329=VECTOR('',#7328,0.2);
#7330=LINE('',#7327,#7329);
#7331=EDGE_CURVE('',#4717,#7326,#7330,.T.);
#7332=ORIENTED_EDGE('',*,*,#7331,.F.);
#7333=ORIENTED_EDGE('',*,*,#4725,.T.);
#7334=ORIENTED_EDGE('',*,*,#4732,.T.);
#7335=ORIENTED_EDGE('',*,*,#7331,.T.);
#7336=CARTESIAN_POINT('',(31.391480823,-45.268114681,39.401469264));
#7337=VERTEX_POINT('',#7336);
#7338=CARTESIAN_POINT('',(31.391480823,-45.268114681,40.076469264));
#7339=DIRECTION('',(-0.,-1.,0.));
#7340=DIRECTION('',(0.,-0.,-1.));
#7341=AXIS2_PLACEMENT_3D('',#7338,#7339,#7340);
#7342=CIRCLE('',#7341,0.675);
#7343=EDGE_CURVE('',#7337,#7326,#7342,.T.);
#7344=ORIENTED_EDGE('',*,*,#7343,.F.);
#7345=CARTESIAN_POINT('',(31.391480823,-45.268114681,40.076469264));
#7346=DIRECTION('',(-0.,-1.,0.));
#7347=DIRECTION('',(0.,-0.,-1.));
#7348=AXIS2_PLACEMENT_3D('',#7345,#7346,#7347);
#7349=CIRCLE('',#7348,0.675);
#7350=EDGE_CURVE('',#7326,#7337,#7349,.T.);
#7351=ORIENTED_EDGE('',*,*,#7350,.F.);
#7352=EDGE_LOOP('',(#7332,#7333,#7334,#7335,#7344,#7351));
#7353=FACE_BOUND('',#7352,.T.);
#7354=ADVANCED_FACE('',(#7353),#7324,.F.);
#7355=CARTESIAN_POINT('',(0.,-45.268114681,-0.));
#7356=DIRECTION('',(-0.,-1.,0.));
#7357=DIRECTION('',(1.,-0.,0.));
#7358=AXIS2_PLACEMENT_3D('',#7355,#7356,#7357);
#7359=PLANE('',#7358);
#7360=CARTESIAN_POINT('',(31.941480823,-45.268114681,40.076469264));
#7361=VERTEX_POINT('',#7360);
#7362=CARTESIAN_POINT('',(31.391480823,-45.268114681,39.526469264));
#7363=VERTEX_POINT('',#7362);
#7364=CARTESIAN_POINT('',(31.391480823,-45.268114681,40.076469264));
#7365=DIRECTION('',(-0.,-1.,0.));
#7366=DIRECTION('',(0.,-0.,-1.));
#7367=AXIS2_PLACEMENT_3D('',#7364,#7365,#7366);
#7368=CIRCLE('',#7367,0.55);
#7369=EDGE_CURVE('',#7361,#7363,#7368,.T.);
#7370=ORIENTED_EDGE('',*,*,#7369,.F.);
#7371=CARTESIAN_POINT('',(31.391480823,-45.268114681,40.076469264));
#7372=DIRECTION('',(-0.,-1.,0.));
#7373=DIRECTION('',(0.,-0.,-1.));
#7374=AXIS2_PLACEMENT_3D('',#7371,#7372,#7373);
#7375=CIRCLE('',#7374,0.55);
#7376=EDGE_CURVE('',#7363,#7361,#7375,.T.);
#7377=ORIENTED_EDGE('',*,*,#7376,.F.);
#7378=EDGE_LOOP('',(#7370,#7377));
#7379=FACE_BOUND('',#7378,.T.);
#7380=ORIENTED_EDGE('',*,*,#7343,.T.);
#7381=ORIENTED_EDGE('',*,*,#7350,.T.);
#7382=EDGE_LOOP('',(#7380,#7381));
#7383=FACE_BOUND('',#7382,.T.);
#7384=ADVANCED_FACE('',(#7379,#7383),#7359,.T.);
#7385=CARTESIAN_POINT('',(25.299423419,-45.208114681,40.076469239));
#7386=DIRECTION('',(-0.,-1.,0.));
#7387=DIRECTION('',(1.,-0.,0.));
#7388=AXIS2_PLACEMENT_3D('',#7385,#7386,#7387);
#7389=CYLINDRICAL_SURFACE('',#7388,0.675);
#7390=CARTESIAN_POINT('',(25.974423419,-45.268114681,40.076469239));
#7391=VERTEX_POINT('',#7390);
#7392=CARTESIAN_POINT('',(25.974423419,-45.468114681,40.076469239));
#7393=DIRECTION('',(0.,1.,-0.));
#7394=VECTOR('',#7393,0.2);
#7395=LINE('',#7392,#7394);
#7396=EDGE_CURVE('',#4923,#7391,#7395,.T.);
#7397=ORIENTED_EDGE('',*,*,#7396,.F.);
#7398=ORIENTED_EDGE('',*,*,#4931,.T.);
#7399=ORIENTED_EDGE('',*,*,#4938,.T.);
#7400=ORIENTED_EDGE('',*,*,#7396,.T.);
#7401=CARTESIAN_POINT('',(25.299423419,-45.268114681,39.401469239));
#7402=VERTEX_POINT('',#7401);
#7403=CARTESIAN_POINT('',(25.299423419,-45.268114681,40.076469239));
#7404=DIRECTION('',(-0.,-1.,0.));
#7405=DIRECTION('',(0.,-0.,-1.));
#7406=AXIS2_PLACEMENT_3D('',#7403,#7404,#7405);
#7407=CIRCLE('',#7406,0.675);
#7408=EDGE_CURVE('',#7402,#7391,#7407,.T.);
#7409=ORIENTED_EDGE('',*,*,#7408,.F.);
#7410=CARTESIAN_POINT('',(25.299423419,-45.268114681,40.076469239));
#7411=DIRECTION('',(-0.,-1.,0.));
#7412=DIRECTION('',(0.,-0.,-1.));
#7413=AXIS2_PLACEMENT_3D('',#7410,#7411,#7412);
#7414=CIRCLE('',#7413,0.675);
#7415=EDGE_CURVE('',#7391,#7402,#7414,.T.);
#7416=ORIENTED_EDGE('',*,*,#7415,.F.);
#7417=EDGE_LOOP('',(#7397,#7398,#7399,#7400,#7409,#7416));
#7418=FACE_BOUND('',#7417,.T.);
#7419=ADVANCED_FACE('',(#7418),#7389,.F.);
#7420=CARTESIAN_POINT('',(47.700230376,-45.268114681,53.04790743));
#7421=DIRECTION('',(-0.,-1.,0.));
#7422=DIRECTION('',(1.,-0.,0.));
#7423=AXIS2_PLACEMENT_3D('',#7420,#7421,#7422);
#7424=PLANE('',#7423);
#7425=CARTESIAN_POINT('',(25.849423419,-45.268114681,40.076469239));
#7426=VERTEX_POINT('',#7425);
#7427=CARTESIAN_POINT('',(25.299423419,-45.268114681,39.526469239));
#7428=VERTEX_POINT('',#7427);
#7429=CARTESIAN_POINT('',(25.299423419,-45.268114681,40.076469239));
#7430=DIRECTION('',(-0.,-1.,0.));
#7431=DIRECTION('',(0.,-0.,-1.));
#7432=AXIS2_PLACEMENT_3D('',#7429,#7430,#7431);
#7433=CIRCLE('',#7432,0.55);
#7434=EDGE_CURVE('',#7426,#7428,#7433,.T.);
#7435=ORIENTED_EDGE('',*,*,#7434,.F.);
#7436=CARTESIAN_POINT('',(25.299423419,-45.268114681,40.076469239));
#7437=DIRECTION('',(-0.,-1.,0.));
#7438=DIRECTION('',(0.,-0.,-1.));
#7439=AXIS2_PLACEMENT_3D('',#7436,#7437,#7438);
#7440=CIRCLE('',#7439,0.55);
#7441=EDGE_CURVE('',#7428,#7426,#7440,.T.);
#7442=ORIENTED_EDGE('',*,*,#7441,.F.);
#7443=EDGE_LOOP('',(#7435,#7442));
#7444=FACE_BOUND('',#7443,.T.);
#7445=ORIENTED_EDGE('',*,*,#7408,.T.);
#7446=ORIENTED_EDGE('',*,*,#7415,.T.);
#7447=EDGE_LOOP('',(#7445,#7446));
#7448=FACE_BOUND('',#7447,.T.);
#7449=ADVANCED_FACE('',(#7444,#7448),#7424,.T.);
#7450=CARTESIAN_POINT('',(31.391480823,-44.668114681,40.076469264));
#7451=DIRECTION('',(-0.,-1.,0.));
#7452=DIRECTION('',(1.,-0.,0.));
#7453=AXIS2_PLACEMENT_3D('',#7450,#7451,#7452);
#7454=CYLINDRICAL_SURFACE('',#7453,0.55);
#7455=CARTESIAN_POINT('',(31.941480823,-43.468114681,40.076469264));
#7456=VERTEX_POINT('',#7455);
#7457=CARTESIAN_POINT('',(31.941480823,-45.268114681,40.076469264));
#7458=DIRECTION('',(0.,1.,-0.));
#7459=VECTOR('',#7458,1.8);
#7460=LINE('',#7457,#7459);
#7461=EDGE_CURVE('',#7361,#7456,#7460,.T.);
#7462=ORIENTED_EDGE('',*,*,#7461,.F.);
#7463=ORIENTED_EDGE('',*,*,#7369,.T.);
#7464=ORIENTED_EDGE('',*,*,#7376,.T.);
#7465=ORIENTED_EDGE('',*,*,#7461,.T.);
#7466=CARTESIAN_POINT('',(30.841480823,-43.468114681,40.076469264));
#7467=VERTEX_POINT('',#7466);
#7468=CARTESIAN_POINT('',(31.391480823,-43.468114681,40.076469264));
#7469=DIRECTION('',(0.,-1.,-0.));
#7470=DIRECTION('',(-1.,-0.,0.));
#7471=AXIS2_PLACEMENT_3D('',#7468,#7469,#7470);
#7472=CIRCLE('',#7471,0.55);
#7473=EDGE_CURVE('',#7467,#7456,#7472,.T.);
#7474=ORIENTED_EDGE('',*,*,#7473,.F.);
#7475=CARTESIAN_POINT('',(31.391480823,-43.468114681,40.076469264));
#7476=DIRECTION('',(0.,-1.,-0.));
#7477=DIRECTION('',(-1.,-0.,0.));
#7478=AXIS2_PLACEMENT_3D('',#7475,#7476,#7477);
#7479=CIRCLE('',#7478,0.55);
#7480=EDGE_CURVE('',#7456,#7467,#7479,.T.);
#7481=ORIENTED_EDGE('',*,*,#7480,.F.);
#7482=EDGE_LOOP('',(#7462,#7463,#7464,#7465,#7474,#7481));
#7483=FACE_BOUND('',#7482,.T.);
#7484=ADVANCED_FACE('',(#7483),#7454,.F.);
#7485=CARTESIAN_POINT('',(25.299423419,-44.668114681,40.076469239));
#7486=DIRECTION('',(-0.,-1.,0.));
#7487=DIRECTION('',(1.,-0.,0.));
#7488=AXIS2_PLACEMENT_3D('',#7485,#7486,#7487);
#7489=CYLINDRICAL_SURFACE('',#7488,0.55);
#7490=CARTESIAN_POINT('',(25.849423419,-43.468114681,40.076469239));
#7491=VERTEX_POINT('',#7490);
#7492=CARTESIAN_POINT('',(25.849423419,-45.268114681,40.076469239));
#7493=DIRECTION('',(0.,1.,-0.));
#7494=VECTOR('',#7493,1.8);
#7495=LINE('',#7492,#7494);
#7496=EDGE_CURVE('',#7426,#7491,#7495,.T.);
#7497=ORIENTED_EDGE('',*,*,#7496,.F.);
#7498=ORIENTED_EDGE('',*,*,#7434,.T.);
#7499=ORIENTED_EDGE('',*,*,#7441,.T.);
#7500=ORIENTED_EDGE('',*,*,#7496,.T.);
#7501=CARTESIAN_POINT('',(24.749423419,-43.468114681,40.076469239));
#7502=VERTEX_POINT('',#7501);
#7503=CARTESIAN_POINT('',(25.299423419,-43.468114681,40.076469239));
#7504=DIRECTION('',(0.,-1.,-0.));
#7505=DIRECTION('',(-1.,-0.,0.));
#7506=AXIS2_PLACEMENT_3D('',#7503,#7504,#7505);
#7507=CIRCLE('',#7506,0.55);
#7508=EDGE_CURVE('',#7502,#7491,#7507,.T.);
#7509=ORIENTED_EDGE('',*,*,#7508,.F.);
#7510=CARTESIAN_POINT('',(25.299423419,-43.468114681,40.076469239));
#7511=DIRECTION('',(0.,-1.,-0.));
#7512=DIRECTION('',(-1.,-0.,0.));
#7513=AXIS2_PLACEMENT_3D('',#7510,#7511,#7512);
#7514=CIRCLE('',#7513,0.55);
#7515=EDGE_CURVE('',#7491,#7502,#7514,.T.);
#7516=ORIENTED_EDGE('',*,*,#7515,.F.);
#7517=EDGE_LOOP('',(#7497,#7498,#7499,#7500,#7509,#7516));
#7518=FACE_BOUND('',#7517,.T.);
#7519=ADVANCED_FACE('',(#7518),#7489,.F.);
#7520=CARTESIAN_POINT('',(10.270010202,-46.03352493,40.936469216));
#7521=DIRECTION('',(0.707106781,-0.707106781,0.));
#7522=DIRECTION('',(-0.,0.,1.));
#7523=AXIS2_PLACEMENT_3D('',#7520,#7521,#7522);
#7524=PLANE('',#7523);
#7525=CARTESIAN_POINT('',(10.170010202,-46.13352493,41.266469228));
#7526=DIRECTION('',(0.707106781,0.707106781,-0.));
#7527=VECTOR('',#7526,0.141421356);
#7528=LINE('',#7525,#7527);
#7529=EDGE_CURVE('',#5885,#6901,#7528,.T.);
#7530=ORIENTED_EDGE('',*,*,#7529,.F.);
#7531=ORIENTED_EDGE('',*,*,#5890,.F.);
#7532=CARTESIAN_POINT('',(10.270010202,-46.03352493,40.606469203));
#7533=DIRECTION('',(-0.707106781,-0.707106781,0.));
#7534=VECTOR('',#7533,0.141421356);
#7535=LINE('',#7532,#7534);
#7536=EDGE_CURVE('',#6859,#5876,#7535,.T.);
#7537=ORIENTED_EDGE('',*,*,#7536,.F.);
#7538=ORIENTED_EDGE('',*,*,#6914,.F.);
#7539=EDGE_LOOP('',(#7530,#7531,#7537,#7538));
#7540=FACE_BOUND('',#7539,.T.);
#7541=ADVANCED_FACE('',(#7540),#7524,.T.);
#7542=CARTESIAN_POINT('',(8.720010202,-46.03352493,40.606469203));
#7543=DIRECTION('',(0.,1.,-0.));
#7544=DIRECTION('',(-0.,0.,1.));
#7545=AXIS2_PLACEMENT_3D('',#7542,#7543,#7544);
#7546=CONICAL_SURFACE('',#7545,1.55,45.);
#7547=ORIENTED_EDGE('',*,*,#7536,.T.);
#7548=ORIENTED_EDGE('',*,*,#5882,.F.);
#7549=CARTESIAN_POINT('',(8.720010202,-46.03352493,39.056469203));
#7550=DIRECTION('',(-0.,-0.707106781,0.707106781));
#7551=VECTOR('',#7550,0.141421356);
#7552=LINE('',#7549,#7551);
#7553=EDGE_CURVE('',#6869,#5868,#7552,.T.);
#7554=ORIENTED_EDGE('',*,*,#7553,.F.);
#7555=ORIENTED_EDGE('',*,*,#6875,.F.);
#7556=EDGE_LOOP('',(#7547,#7548,#7554,#7555));
#7557=FACE_BOUND('',#7556,.T.);
#7558=ADVANCED_FACE('',(#7557),#7546,.T.);
#7559=CARTESIAN_POINT('',(8.720010202,-46.03352493,41.266469228));
#7560=DIRECTION('',(0.,1.,-0.));
#7561=DIRECTION('',(-0.,0.,1.));
#7562=AXIS2_PLACEMENT_3D('',#7559,#7560,#7561);
#7563=CONICAL_SURFACE('',#7562,1.55,45.);
#7564=ORIENTED_EDGE('',*,*,#7529,.T.);
#7565=ORIENTED_EDGE('',*,*,#6946,.F.);
#7566=CARTESIAN_POINT('',(8.720010202,-46.13352493,42.716469228));
#7567=DIRECTION('',(-0.,0.707106781,0.707106781));
#7568=VECTOR('',#7567,0.141421356);
#7569=LINE('',#7566,#7568);
#7570=EDGE_CURVE('',#5893,#6932,#7569,.T.);
#7571=ORIENTED_EDGE('',*,*,#7570,.F.);
#7572=ORIENTED_EDGE('',*,*,#5899,.F.);
#7573=EDGE_LOOP('',(#7564,#7565,#7571,#7572));
#7574=FACE_BOUND('',#7573,.T.);
#7575=ADVANCED_FACE('',(#7574),#7563,.T.);
#7576=CARTESIAN_POINT('',(5.50001016,-46.03352493,39.056469203));
#7577=DIRECTION('',(0.,-0.707106781,-0.707106781));
#7578=DIRECTION('',(1.,-0.,0.));
#7579=AXIS2_PLACEMENT_3D('',#7576,#7577,#7578);
#7580=PLANE('',#7579);
#7581=ORIENTED_EDGE('',*,*,#7553,.T.);
#7582=ORIENTED_EDGE('',*,*,#5873,.F.);
#7583=CARTESIAN_POINT('',(2.280010118,-46.03352493,39.056469203));
#7584=DIRECTION('',(-0.,-0.707106781,0.707106781));
#7585=VECTOR('',#7584,0.141421356);
#7586=LINE('',#7583,#7585);
#7587=EDGE_CURVE('',#7060,#5859,#7586,.T.);
#7588=ORIENTED_EDGE('',*,*,#7587,.F.);
#7589=ORIENTED_EDGE('',*,*,#7097,.F.);
#7590=EDGE_LOOP('',(#7581,#7582,#7588,#7589));
#7591=FACE_BOUND('',#7590,.T.);
#7592=ADVANCED_FACE('',(#7591),#7580,.T.);
#7593=CARTESIAN_POINT('',(-0.,-46.13352493,42.716469228));
#7594=DIRECTION('',(0.,0.707106781,-0.707106781));
#7595=DIRECTION('',(-1.,0.,-0.));
#7596=AXIS2_PLACEMENT_3D('',#7593,#7594,#7595);
#7597=PLANE('',#7596);
#7598=ORIENTED_EDGE('',*,*,#7570,.T.);
#7599=ORIENTED_EDGE('',*,*,#6978,.F.);
#7600=CARTESIAN_POINT('',(2.280010118,-46.13352493,42.716469228));
#7601=DIRECTION('',(-0.,0.707106781,0.707106781));
#7602=VECTOR('',#7601,0.141421356);
#7603=LINE('',#7600,#7602);
#7604=EDGE_CURVE('',#5840,#6965,#7603,.T.);
#7605=ORIENTED_EDGE('',*,*,#7604,.F.);
#7606=ORIENTED_EDGE('',*,*,#5905,.F.);
#7607=EDGE_LOOP('',(#7598,#7599,#7605,#7606));
#7608=FACE_BOUND('',#7607,.T.);
#7609=ADVANCED_FACE('',(#7608),#7597,.F.);
#7610=CARTESIAN_POINT('',(2.280010118,-46.03352493,40.606469203));
#7611=DIRECTION('',(0.,1.,-0.));
#7612=DIRECTION('',(-0.,0.,1.));
#7613=AXIS2_PLACEMENT_3D('',#7610,#7611,#7612);
#7614=CONICAL_SURFACE('',#7613,1.55,45.);
#7615=ORIENTED_EDGE('',*,*,#7587,.T.);
#7616=ORIENTED_EDGE('',*,*,#5865,.F.);
#7617=CARTESIAN_POINT('',(0.730010118,-46.03352493,40.606469203));
#7618=DIRECTION('',(0.707106781,-0.707106781,0.));
#7619=VECTOR('',#7618,0.141421356);
#7620=LINE('',#7617,#7619);
#7621=EDGE_CURVE('',#7029,#5851,#7620,.T.);
#7622=ORIENTED_EDGE('',*,*,#7621,.F.);
#7623=ORIENTED_EDGE('',*,*,#7074,.F.);
#7624=EDGE_LOOP('',(#7615,#7616,#7622,#7623));
#7625=FACE_BOUND('',#7624,.T.);
#7626=ADVANCED_FACE('',(#7625),#7614,.T.);
#7627=CARTESIAN_POINT('',(2.280010118,-46.03352493,41.266469228));
#7628=DIRECTION('',(0.,1.,-0.));
#7629=DIRECTION('',(-0.,0.,1.));
#7630=AXIS2_PLACEMENT_3D('',#7627,#7628,#7629);
#7631=CONICAL_SURFACE('',#7630,1.55,45.);
#7632=ORIENTED_EDGE('',*,*,#7604,.T.);
#7633=ORIENTED_EDGE('',*,*,#7010,.F.);
#7634=CARTESIAN_POINT('',(0.830010118,-46.13352493,41.266469228));
#7635=DIRECTION('',(-0.707106781,0.707106781,-0.));
#7636=VECTOR('',#7635,0.141421356);
#7637=LINE('',#7634,#7636);
#7638=EDGE_CURVE('',#5842,#6996,#7637,.T.);
#7639=ORIENTED_EDGE('',*,*,#7638,.F.);
#7640=ORIENTED_EDGE('',*,*,#5848,.F.);
#7641=EDGE_LOOP('',(#7632,#7633,#7639,#7640));
#7642=FACE_BOUND('',#7641,.T.);
#7643=ADVANCED_FACE('',(#7642),#7631,.T.);
#7644=CARTESIAN_POINT('',(0.730010118,-46.03352493,40.936469216));
#7645=DIRECTION('',(-0.707106781,-0.707106781,0.));
#7646=DIRECTION('',(0.,-0.,-1.));
#7647=AXIS2_PLACEMENT_3D('',#7644,#7645,#7646);
#7648=PLANE('',#7647);
#7649=ORIENTED_EDGE('',*,*,#7621,.T.);
#7650=ORIENTED_EDGE('',*,*,#5856,.F.);
#7651=ORIENTED_EDGE('',*,*,#7638,.T.);
#7652=ORIENTED_EDGE('',*,*,#7042,.F.);
#7653=EDGE_LOOP('',(#7649,#7650,#7651,#7652));
#7654=FACE_BOUND('',#7653,.T.);
#7655=ADVANCED_FACE('',(#7654),#7648,.T.);
#7656=CARTESIAN_POINT('',(50.01278543,-55.430832487,41.656469266));
#7657=DIRECTION('',(0.,1.,-0.));
#7658=DIRECTION('',(-1.,0.,-0.));
#7659=AXIS2_PLACEMENT_3D('',#7656,#7657,#7658);
#7660=CYLINDRICAL_SURFACE('',#7659,2.3);
#7661=CARTESIAN_POINT('',(52.145119481,-41.013209974,42.518531615));
#7662=VERTEX_POINT('',#7661);
#7663=CARTESIAN_POINT('',(52.145119481,-34.573209893,42.518531615));
#7664=VERTEX_POINT('',#7663);
#7665=CARTESIAN_POINT('',(52.145119481,-41.013209974,42.518531615));
#7666=DIRECTION('',(0.,1.,-0.));
#7667=VECTOR('',#7666,6.440000081);
#7668=LINE('',#7665,#7667);
#7669=EDGE_CURVE('',#7662,#7664,#7668,.T.);
#7670=ORIENTED_EDGE('',*,*,#7669,.T.);
#7671=CARTESIAN_POINT('',(52.312288818,-33.358783683,41.704262232));
#7672=VERTEX_POINT('',#7671);
#7673=CARTESIAN_POINT('',(52.145119481,-34.573209893,42.518531615));
#7674=CARTESIAN_POINT('',(52.145119484,-34.441265249,42.518531606));
#7675=CARTESIAN_POINT('',(52.153082452,-34.312823391,42.499468996));
#7676=CARTESIAN_POINT('',(52.166754341,-34.187491761,42.462954188));
#7677=CARTESIAN_POINT('',(52.180426229,-34.06216013,42.42643938));
#7678=CARTESIAN_POINT('',(52.199515972,-33.943770356,42.373176182));
#7679=CARTESIAN_POINT('',(52.22026641,-33.835991302,42.302246101));
#7680=CARTESIAN_POINT('',(52.230641629,-33.782101775,42.26678106));
#7681=CARTESIAN_POINT('',(52.241450476,-33.730387224,42.226589794));
#7682=CARTESIAN_POINT('',(52.251657218,-33.682774685,42.183207452));
#7683=CARTESIAN_POINT('',(52.26186396,-33.635162146,42.13982511));
#7684=CARTESIAN_POINT('',(52.271558372,-33.591178571,42.092995689));
#7685=CARTESIAN_POINT('',(52.280139081,-33.550811519,42.042613566));
#7686=CARTESIAN_POINT('',(52.288719789,-33.510444466,41.992231443));
#7687=CARTESIAN_POINT('',(52.296238188,-33.473396181,41.93770766));
#7688=CARTESIAN_POINT('',(52.301803852,-33.441195651,41.880956818));
#7689=CARTESIAN_POINT('',(52.307369516,-33.408995122,41.824205976));
#7690=CARTESIAN_POINT('',(52.311020001,-33.381540928,41.765306696));
#7691=CARTESIAN_POINT('',(52.312288818,-33.358783683,41.704262232));
#7692=B_SPLINE_CURVE_WITH_KNOTS('',3,(#7673,#7674,#7675,#7676,#7677,#7678,#7679,#7680,#7681,#7682,#7683,#7684,#7685,#7686,#7687,#7688,#7689,#7690,#7691),.UNSPECIFIED.,.F.,.F.,(4,3,3,3,3,3,4),(0.005795541,0.006191375,0.006587209,0.006785126,0.006983042,0.007180959,0.007378876),.UNSPECIFIED.);
#7693=EDGE_CURVE('',#7664,#7672,#7692,.T.);
#7694=ORIENTED_EDGE('',*,*,#7693,.T.);
#7695=CARTESIAN_POINT('',(52.312288838,-33.358786211,41.704261266));
#7696=CARTESIAN_POINT('',(52.312616523,-33.352754155,41.688494751));
#7697=CARTESIAN_POINT('',(52.31278543,-33.347183709,41.672565271));
#7698=CARTESIAN_POINT('',(52.31278543,-33.342084761,41.656469266));
#7699=B_SPLINE_CURVE_WITH_KNOTS('',3,(#7695,#7696,#7697,#7698),.UNSPECIFIED.,.F.,.F.,(4,4),(0.,0.000050629),.UNSPECIFIED.);
#7700=EDGE_CURVE('',#7672,#3614,#7699,.T.);
#7701=ORIENTED_EDGE('',*,*,#7700,.T.);
#7702=ORIENTED_EDGE('',*,*,#3619,.F.);
#7703=ORIENTED_EDGE('',*,*,#3901,.F.);
#7704=ORIENTED_EDGE('',*,*,#1728,.F.);
#7705=ORIENTED_EDGE('',*,*,#4263,.T.);
#7706=CARTESIAN_POINT('',(50.992010135,-45.168114681,43.737603326));
#7707=VERTEX_POINT('',#7706);
#7708=CARTESIAN_POINT('',(50.01278543,-45.168114681,41.656469266));
#7709=DIRECTION('',(0.,1.,-0.));
#7710=DIRECTION('',(1.,-0.,0.));
#7711=AXIS2_PLACEMENT_3D('',#7708,#7709,#7710);
#7712=CIRCLE('',#7711,2.3);
#7713=EDGE_CURVE('',#4248,#7707,#7712,.T.);
#7714=ORIENTED_EDGE('',*,*,#7713,.T.);
#7715=CARTESIAN_POINT('',(52.14265608,-45.168114681,42.524600024));
#7716=VERTEX_POINT('',#7715);
#7717=CARTESIAN_POINT('',(50.01278543,-45.168114681,41.656469266));
#7718=DIRECTION('',(0.,1.,-0.));
#7719=DIRECTION('',(0.,-0.,-1.));
#7720=AXIS2_PLACEMENT_3D('',#7717,#7718,#7719);
#7721=CIRCLE('',#7720,2.3);
#7722=EDGE_CURVE('',#7707,#7716,#7721,.T.);
#7723=ORIENTED_EDGE('',*,*,#7722,.T.);
#7724=CARTESIAN_POINT('',(50.01278543,-45.168114681,41.656469266));
#7725=DIRECTION('',(0.,1.,-0.));
#7726=DIRECTION('',(1.,-0.,0.));
#7727=AXIS2_PLACEMENT_3D('',#7724,#7725,#7726);
#7728=CIRCLE('',#7727,2.3);
#7729=EDGE_CURVE('',#7716,#5615,#7728,.T.);
#7730=ORIENTED_EDGE('',*,*,#7729,.T.);
#7731=ORIENTED_EDGE('',*,*,#5620,.F.);
#7732=CARTESIAN_POINT('',(52.31228884,-42.227633697,41.704261149));
#7733=VERTEX_POINT('',#7732);
#7734=CARTESIAN_POINT('',(52.31228884,-42.227633697,41.704261149));
#7735=CARTESIAN_POINT('',(52.312616524,-42.233665736,41.688494672));
#7736=CARTESIAN_POINT('',(52.31278543,-42.239236168,41.672565231));
#7737=CARTESIAN_POINT('',(52.31278543,-42.244335103,41.656469266));
#7738=B_SPLINE_CURVE_WITH_KNOTS('',3,(#7734,#7735,#7736,#7737),.UNSPECIFIED.,.F.,.F.,(4,4),(0.,0.000050629),.UNSPECIFIED.);
#7739=EDGE_CURVE('',#7733,#5606,#7738,.T.);
#7740=ORIENTED_EDGE('',*,*,#7739,.F.);
#7741=CARTESIAN_POINT('',(52.312288818,-42.227636179,41.704262229));
#7742=CARTESIAN_POINT('',(52.311020127,-42.204880472,41.765303818));
#7743=CARTESIAN_POINT('',(52.307370112,-42.177407265,41.824198024));
#7744=CARTESIAN_POINT('',(52.30180457,-42.145185963,41.880949501));
#7745=CARTESIAN_POINT('',(52.296239027,-42.112964661,41.937700979));
#7746=CARTESIAN_POINT('',(52.288723393,-42.075909586,41.992206602));
#7747=CARTESIAN_POINT('',(52.28014376,-42.035541891,42.042586088));
#7748=CARTESIAN_POINT('',(52.271564127,-41.995174196,42.092965574));
#7749=CARTESIAN_POINT('',(52.261868455,-41.951195339,42.13980582));
#7750=CARTESIAN_POINT('',(52.251657662,-41.903585783,42.183205565));
#7751=CARTESIAN_POINT('',(52.241446868,-41.855976228,42.226605311));
#7752=CARTESIAN_POINT('',(52.230632112,-41.804268484,42.266815415));
#7753=CARTESIAN_POINT('',(52.220257537,-41.75038236,42.302276433));
#7754=CARTESIAN_POINT('',(52.199508386,-41.642610111,42.37319847));
#7755=CARTESIAN_POINT('',(52.180344457,-41.524248799,42.426669372));
#7756=CARTESIAN_POINT('',(52.166670165,-41.398931648,42.463178971));
#7757=CARTESIAN_POINT('',(52.152995872,-41.273614498,42.499688571));
#7758=CARTESIAN_POINT('',(52.145119487,-41.145145078,42.5185316));
#7759=CARTESIAN_POINT('',(52.145119481,-41.013209974,42.518531615));
#7760=B_SPLINE_CURVE_WITH_KNOTS('',3,(#7741,#7742,#7743,#7744,#7745,#7746,#7747,#7748,#7749,#7750,#7751,#7752,#7753,#7754,#7755,#7756,#7757,#7758,#7759),.UNSPECIFIED.,.F.,.F.,(4,3,3,3,3,3,4),(0.005850013,0.006047916,0.006245818,0.006443721,0.006641624,0.007037429,0.007433234),.UNSPECIFIED.);
#7761=EDGE_CURVE('',#7733,#7662,#7760,.T.);
#7762=ORIENTED_EDGE('',*,*,#7761,.T.);
#7763=EDGE_LOOP('',(#7670,#7694,#7701,#7702,#7703,#7704,#7705,#7714,#7723,#7730,#7731,#7740,#7762));
#7764=FACE_BOUND('',#7763,.T.);
#7765=ADVANCED_FACE('',(#7764),#7660,.T.);
#7766=CARTESIAN_POINT('',(0.01278543,-59.130832487,39.556467488));
#7767=DIRECTION('',(0.,1.,-0.));
#7768=DIRECTION('',(-1.,0.,-0.));
#7769=AXIS2_PLACEMENT_3D('',#7766,#7767,#7768);
#7770=CYLINDRICAL_SURFACE('',#7769,2.3);
#7771=ORIENTED_EDGE('',*,*,#435,.F.);
#7772=CARTESIAN_POINT('',(0.01278543,-40.368114681,39.556467488));
#7773=DIRECTION('',(-0.,-0.634739423,0.772726255));
#7774=DIRECTION('',(-0.,0.772726255,0.634739423));
#7775=AXIS2_PLACEMENT_3D('',#7772,#7773,#7774);
#7776=ELLIPSE('',#7775,3.623534186,2.3);
#7777=EDGE_CURVE('',#422,#5662,#7776,.T.);
#7778=ORIENTED_EDGE('',*,*,#7777,.T.);
#7779=ORIENTED_EDGE('',*,*,#5667,.F.);
#7780=CARTESIAN_POINT('',(0.01278543,-45.168114681,39.556467488));
#7781=DIRECTION('',(0.,1.,-0.));
#7782=DIRECTION('',(0.,-0.,-1.));
#7783=AXIS2_PLACEMENT_3D('',#7780,#7781,#7782);
#7784=CIRCLE('',#7783,2.3);
#7785=EDGE_CURVE('',#5511,#430,#7784,.T.);
#7786=ORIENTED_EDGE('',*,*,#7785,.T.);
#7787=EDGE_LOOP('',(#7771,#7778,#7779,#7786));
#7788=FACE_BOUND('',#7787,.T.);
#7789=ADVANCED_FACE('',(#7788),#7770,.T.);
#7790=CARTESIAN_POINT('',(50.01278543,-55.430832487,39.556467488));
#7791=DIRECTION('',(0.,1.,-0.));
#7792=DIRECTION('',(-1.,0.,-0.));
#7793=AXIS2_PLACEMENT_3D('',#7790,#7791,#7792);
#7794=CYLINDRICAL_SURFACE('',#7793,2.3);
#7795=ORIENTED_EDGE('',*,*,#5683,.F.);
#7796=CARTESIAN_POINT('',(52.301266511,-40.647993822,39.326566766));
#7797=VERTEX_POINT('',#7796);
#7798=CARTESIAN_POINT('',(50.01278543,-40.368114681,39.556467488));
#7799=DIRECTION('',(-0.,-0.634739423,0.772726255));
#7800=DIRECTION('',(0.,0.772726255,0.634739423));
#7801=AXIS2_PLACEMENT_3D('',#7798,#7799,#7800);
#7802=ELLIPSE('',#7801,3.623534186,2.3);
#7803=EDGE_CURVE('',#5670,#7797,#7802,.T.);
#7804=ORIENTED_EDGE('',*,*,#7803,.T.);
#7805=CARTESIAN_POINT('',(52.301266511,-41.013209964,39.326566766));
#7806=VERTEX_POINT('',#7805);
#7807=CARTESIAN_POINT('',(52.301266511,-40.647993822,39.326566766));
#7808=DIRECTION('',(-0.,-1.,0.));
#7809=VECTOR('',#7808,0.365216142);
#7810=LINE('',#7807,#7809);
#7811=EDGE_CURVE('',#7797,#7806,#7810,.T.);
#7812=ORIENTED_EDGE('',*,*,#7811,.T.);
#7813=CARTESIAN_POINT('',(52.301266511,-41.013209964,39.326566766));
#7814=CARTESIAN_POINT('',(52.301266511,-41.147375549,39.326566766));
#7815=CARTESIAN_POINT('',(52.303372094,-41.278375466,39.345130459));
#7816=CARTESIAN_POINT('',(52.30624412,-41.406081936,39.383126099));
#7817=CARTESIAN_POINT('',(52.307680132,-41.469935171,39.402123919));
#7818=CARTESIAN_POINT('',(52.309273912,-41.532925829,39.426201716));
#7819=CARTESIAN_POINT('',(52.310545069,-41.592907901,39.454975415));
#7820=CARTESIAN_POINT('',(52.311816225,-41.652889974,39.483749114));
#7821=CARTESIAN_POINT('',(52.312785404,-41.710394616,39.517331349));
#7822=CARTESIAN_POINT('',(52.31278543,-41.765049252,39.55646596));
#7823=B_SPLINE_CURVE_WITH_KNOTS('',3,(#7813,#7814,#7815,#7816,#7817,#7818,#7819,#7820,#7821,#7822),.UNSPECIFIED.,.F.,.F.,(4,3,3,4),(0.,0.000396835,0.000595253,0.000793671),.UNSPECIFIED.);
#7824=EDGE_CURVE('',#7806,#5639,#7823,.T.);
#7825=ORIENTED_EDGE('',*,*,#7824,.T.);
#7826=ORIENTED_EDGE('',*,*,#5644,.F.);
#7827=CARTESIAN_POINT('',(50.01278543,-45.168114681,39.556467488));
#7828=DIRECTION('',(0.,1.,-0.));
#7829=DIRECTION('',(0.,-0.,-1.));
#7830=AXIS2_PLACEMENT_3D('',#7827,#7828,#7829);
#7831=CIRCLE('',#7830,2.3);
#7832=EDGE_CURVE('',#5631,#5678,#7831,.T.);
#7833=ORIENTED_EDGE('',*,*,#7832,.T.);
#7834=EDGE_LOOP('',(#7795,#7804,#7812,#7825,#7826,#7833));
#7835=FACE_BOUND('',#7834,.T.);
#7836=ADVANCED_FACE('',(#7835),#7794,.T.);
#7837=CARTESIAN_POINT('',(0.,-39.368114681,19.256467488));
#7838=DIRECTION('',(-1.,0.,-0.));
#7839=DIRECTION('',(-0.,-1.,0.));
#7840=AXIS2_PLACEMENT_3D('',#7837,#7838,#7839);
#7841=CYLINDRICAL_SURFACE('',#7840,3.3);
#7842=ORIENTED_EDGE('',*,*,#6435,.F.);
#7843=CARTESIAN_POINT('',(0.01278543,-39.368114681,19.256467488));
#7844=DIRECTION('',(1.,-0.,0.));
#7845=DIRECTION('',(0.,-0.,-1.));
#7846=AXIS2_PLACEMENT_3D('',#7843,#7844,#7845);
#7847=CIRCLE('',#7846,3.3);
#7848=EDGE_CURVE('',#6424,#1442,#7847,.T.);
#7849=ORIENTED_EDGE('',*,*,#7848,.T.);
#7850=ORIENTED_EDGE('',*,*,#1447,.F.);
#7851=CARTESIAN_POINT('',(50.01278543,-39.368114681,19.256467488));
#7852=DIRECTION('',(-1.,0.,-0.));
#7853=DIRECTION('',(-0.,-1.,0.));
#7854=AXIS2_PLACEMENT_3D('',#7851,#7852,#7853);
#7855=CIRCLE('',#7854,3.3);
#7856=EDGE_CURVE('',#1434,#6406,#7855,.T.);
#7857=ORIENTED_EDGE('',*,*,#7856,.T.);
#7858=EDGE_LOOP('',(#7842,#7849,#7850,#7857));
#7859=FACE_BOUND('',#7858,.T.);
#7860=ADVANCED_FACE('',(#7859),#7841,.T.);
#7861=CARTESIAN_POINT('',(50.01278543,-55.430832487,18.256467488));
#7862=DIRECTION('',(0.,1.,-0.));
#7863=DIRECTION('',(-1.,0.,-0.));
#7864=AXIS2_PLACEMENT_3D('',#7861,#7862,#7863);
#7865=CYLINDRICAL_SURFACE('',#7864,2.3);
#7866=ORIENTED_EDGE('',*,*,#3909,.F.);
#7867=ORIENTED_EDGE('',*,*,#3603,.F.);
#7868=CARTESIAN_POINT('',(50.01278543,-39.368114681,18.256467488));
#7869=DIRECTION('',(-0.,-1.,0.));
#7870=DIRECTION('',(1.,-0.,0.));
#7871=AXIS2_PLACEMENT_3D('',#7868,#7869,#7870);
#7872=CIRCLE('',#7871,2.3);
#7873=EDGE_CURVE('',#1434,#3589,#7872,.T.);
#7874=ORIENTED_EDGE('',*,*,#7873,.F.);
#7875=ORIENTED_EDGE('',*,*,#1439,.F.);
#7876=EDGE_LOOP('',(#7866,#7867,#7874,#7875));
#7877=FACE_BOUND('',#7876,.T.);
#7878=ADVANCED_FACE('',(#7877),#7865,.T.);
#7879=CARTESIAN_POINT('',(50.01278543,-39.368114681,19.256467488));
#7880=DIRECTION('',(-1.,0.,-0.));
#7881=DIRECTION('',(-0.,-1.,0.));
#7882=AXIS2_PLACEMENT_3D('',#7879,#7880,#7881);
#7883=DEGENERATE_TOROIDAL_SURFACE('',#7882,1.,2.3,.T.);
#7884=ORIENTED_EDGE('',*,*,#7873,.T.);
#7885=ORIENTED_EDGE('',*,*,#3595,.F.);
#7886=CARTESIAN_POINT('',(50.01278543,-40.368114681,19.256467488));
#7887=DIRECTION('',(-0.,0.,1.));
#7888=DIRECTION('',(1.,-0.,0.));
#7889=AXIS2_PLACEMENT_3D('',#7886,#7887,#7888);
#7890=CIRCLE('',#7889,2.3);
#7891=EDGE_CURVE('',#6406,#3581,#7890,.T.);
#7892=ORIENTED_EDGE('',*,*,#7891,.F.);
#7893=ORIENTED_EDGE('',*,*,#7856,.F.);
#7894=EDGE_LOOP('',(#7884,#7885,#7892,#7893));
#7895=FACE_BOUND('',#7894,.T.);
#7896=ADVANCED_FACE('',(#7895),#7883,.T.);
#7897=CARTESIAN_POINT('',(50.01278543,-40.368114681,30.456468377));
#7898=DIRECTION('',(-0.,0.,1.));
#7899=DIRECTION('',(1.,-0.,0.));
#7900=AXIS2_PLACEMENT_3D('',#7897,#7898,#7899);
#7901=CYLINDRICAL_SURFACE('',#7900,2.3);
#7902=CARTESIAN_POINT('',(52.304779858,-40.559847668,39.323053418));
#7903=VERTEX_POINT('',#7902);
#7904=CARTESIAN_POINT('',(50.01278543,-40.368114681,41.615047846));
#7905=DIRECTION('',(-0.707106781,-0.,-0.707106781));
#7906=DIRECTION('',(-0.707106781,0.,0.707106781));
#7907=AXIS2_PLACEMENT_3D('',#7904,#7905,#7906);
#7908=ELLIPSE('',#7907,3.252691193,2.3);
#7909=EDGE_CURVE('',#3573,#7903,#7908,.T.);
#7910=ORIENTED_EDGE('',*,*,#7909,.T.);
#7911=CARTESIAN_POINT('',(50.01278543,-40.368114681,39.556467488));
#7912=DIRECTION('',(0.,0.772726255,-0.634739423));
#7913=DIRECTION('',(-0.,0.634739423,0.772726255));
#7914=AXIS2_PLACEMENT_3D('',#7911,#7912,#7913);
#7915=ELLIPSE('',#7914,3.623534186,2.3);
#7916=EDGE_CURVE('',#7903,#6408,#7915,.T.);
#7917=ORIENTED_EDGE('',*,*,#7916,.T.);
#7918=ORIENTED_EDGE('',*,*,#6413,.F.);
#7919=ORIENTED_EDGE('',*,*,#7891,.T.);
#7920=ORIENTED_EDGE('',*,*,#3586,.F.);
#7921=EDGE_LOOP('',(#7910,#7917,#7918,#7919,#7920));
#7922=FACE_BOUND('',#7921,.T.);
#7923=ADVANCED_FACE('',(#7922),#7901,.T.);
#7924=CARTESIAN_POINT('',(0.01278543,-40.368114681,30.456468377));
#7925=DIRECTION('',(0.,-0.,-1.));
#7926=DIRECTION('',(-1.,0.,-0.));
#7927=AXIS2_PLACEMENT_3D('',#7924,#7925,#7926);
#7928=CYLINDRICAL_SURFACE('',#7927,2.3);
#7929=ORIENTED_EDGE('',*,*,#6429,.F.);
#7930=CARTESIAN_POINT('',(0.01278543,-40.368114681,39.556467488));
#7931=DIRECTION('',(0.,0.772726255,-0.634739423));
#7932=DIRECTION('',(-0.,0.634739423,0.772726255));
#7933=AXIS2_PLACEMENT_3D('',#7930,#7931,#7932);
#7934=ELLIPSE('',#7933,3.623534186,2.3);
#7935=EDGE_CURVE('',#6416,#422,#7934,.T.);
#7936=ORIENTED_EDGE('',*,*,#7935,.T.);
#7937=ORIENTED_EDGE('',*,*,#427,.F.);
#7938=CARTESIAN_POINT('',(0.01278543,-40.368114681,19.256467488));
#7939=DIRECTION('',(0.,-0.,-1.));
#7940=DIRECTION('',(-1.,0.,-0.));
#7941=AXIS2_PLACEMENT_3D('',#7938,#7939,#7940);
#7942=CIRCLE('',#7941,2.3);
#7943=EDGE_CURVE('',#6424,#413,#7942,.T.);
#7944=ORIENTED_EDGE('',*,*,#7943,.F.);
#7945=EDGE_LOOP('',(#7929,#7936,#7937,#7944));
#7946=FACE_BOUND('',#7945,.T.);
#7947=ADVANCED_FACE('',(#7946),#7928,.T.);
#7948=CARTESIAN_POINT('',(0.01278543,-39.368114681,19.256467488));
#7949=DIRECTION('',(1.,-0.,0.));
#7950=DIRECTION('',(0.,-0.,-1.));
#7951=AXIS2_PLACEMENT_3D('',#7948,#7949,#7950);
#7952=DEGENERATE_TOROIDAL_SURFACE('',#7951,1.,2.3,.T.);
#7953=ORIENTED_EDGE('',*,*,#7943,.T.);
#7954=ORIENTED_EDGE('',*,*,#419,.F.);
#7955=CARTESIAN_POINT('',(0.01278543,-39.368114681,18.256467488));
#7956=DIRECTION('',(0.,1.,-0.));
#7957=DIRECTION('',(1.,-0.,0.));
#7958=AXIS2_PLACEMENT_3D('',#7955,#7956,#7957);
#7959=CIRCLE('',#7958,2.3);
#7960=EDGE_CURVE('',#1442,#405,#7959,.T.);
#7961=ORIENTED_EDGE('',*,*,#7960,.F.);
#7962=ORIENTED_EDGE('',*,*,#7848,.F.);
#7963=EDGE_LOOP('',(#7953,#7954,#7961,#7962));
#7964=FACE_BOUND('',#7963,.T.);
#7965=ADVANCED_FACE('',(#7964),#7952,.T.);
#7966=CARTESIAN_POINT('',(0.01278543,-55.430832487,18.256467488));
#7967=DIRECTION('',(-0.,-1.,0.));
#7968=DIRECTION('',(1.,-0.,0.));
#7969=AXIS2_PLACEMENT_3D('',#7966,#7967,#7968);
#7970=CYLINDRICAL_SURFACE('',#7969,2.3);
#7971=ORIENTED_EDGE('',*,*,#7960,.T.);
#7972=ORIENTED_EDGE('',*,*,#410,.F.);
#7973=ORIENTED_EDGE('',*,*,#3980,.F.);
#7974=ORIENTED_EDGE('',*,*,#1455,.F.);
#7975=EDGE_LOOP('',(#7971,#7972,#7973,#7974));
#7976=FACE_BOUND('',#7975,.T.);
#7977=ADVANCED_FACE('',(#7976),#7970,.T.);
#7978=CARTESIAN_POINT('',(25.01278543,-39.368114681,19.256467488));
#7979=DIRECTION('',(-1.,0.,-0.));
#7980=DIRECTION('',(-0.,0.,1.));
#7981=AXIS2_PLACEMENT_3D('',#7978,#7979,#7980);
#7982=CYLINDRICAL_SURFACE('',#7981,2.);
#7983=ORIENTED_EDGE('',*,*,#3726,.F.);
#7984=CARTESIAN_POINT('',(0.01278543,-39.368114681,19.256467488));
#7985=DIRECTION('',(-1.,0.,-0.));
#7986=DIRECTION('',(-0.,-1.,0.));
#7987=AXIS2_PLACEMENT_3D('',#7984,#7985,#7986);
#7988=CIRCLE('',#7987,2.);
#7989=EDGE_CURVE('',#3713,#5800,#7988,.T.);
#7990=ORIENTED_EDGE('',*,*,#7989,.T.);
#7991=ORIENTED_EDGE('',*,*,#5829,.F.);
#7992=CARTESIAN_POINT('',(50.01278543,-39.368114681,19.256467488));
#7993=DIRECTION('',(1.,-0.,0.));
#7994=DIRECTION('',(0.,1.,-0.));
#7995=AXIS2_PLACEMENT_3D('',#7992,#7993,#7994);
#7996=CIRCLE('',#7995,2.);
#7997=EDGE_CURVE('',#5818,#3721,#7996,.T.);
#7998=ORIENTED_EDGE('',*,*,#7997,.T.);
#7999=EDGE_LOOP('',(#7983,#7990,#7991,#7998));
#8000=FACE_BOUND('',#7999,.T.);
#8001=ADVANCED_FACE('',(#8000),#7982,.F.);
#8002=CARTESIAN_POINT('',(50.01278543,-39.368114681,19.256467488));
#8003=DIRECTION('',(1.,-0.,0.));
#8004=DIRECTION('',(0.,1.,-0.));
#8005=AXIS2_PLACEMENT_3D('',#8002,#8003,#8004);
#8006=DEGENERATE_TOROIDAL_SURFACE('',#8005,1.,1.,.T.);
#8007=ORIENTED_EDGE('',*,*,#4106,.T.);
#8008=ORIENTED_EDGE('',*,*,#7997,.F.);
#8009=CARTESIAN_POINT('',(50.01278543,-40.368114681,19.256467488));
#8010=DIRECTION('',(0.,-0.,-1.));
#8011=DIRECTION('',(-1.,0.,-0.));
#8012=AXIS2_PLACEMENT_3D('',#8009,#8010,#8011);
#8013=CIRCLE('',#8012,1.);
#8014=EDGE_CURVE('',#1813,#5818,#8013,.T.);
#8015=ORIENTED_EDGE('',*,*,#8014,.F.);
#8016=ORIENTED_EDGE('',*,*,#1951,.F.);
#8017=EDGE_LOOP('',(#8007,#8008,#8015,#8016));
#8018=FACE_BOUND('',#8017,.T.);
#8019=ADVANCED_FACE('',(#8018),#8006,.F.);
#8020=CARTESIAN_POINT('',(50.01278543,-40.368114681,30.456468377));
#8021=DIRECTION('',(0.,-0.,-1.));
#8022=DIRECTION('',(-1.,0.,-0.));
#8023=AXIS2_PLACEMENT_3D('',#8020,#8021,#8022);
#8024=CYLINDRICAL_SURFACE('',#8023,1.);
#8025=ORIENTED_EDGE('',*,*,#5823,.F.);
#8026=CARTESIAN_POINT('',(50.01278543,-40.368114681,36.256467488));
#8027=DIRECTION('',(-0.,0.,1.));
#8028=DIRECTION('',(-1.,0.,-0.));
#8029=AXIS2_PLACEMENT_3D('',#8026,#8027,#8028);
#8030=CIRCLE('',#8029,1.);
#8031=EDGE_CURVE('',#5810,#1815,#8030,.T.);
#8032=ORIENTED_EDGE('',*,*,#8031,.T.);
#8033=ORIENTED_EDGE('',*,*,#1820,.F.);
#8034=ORIENTED_EDGE('',*,*,#8014,.T.);
#8035=EDGE_LOOP('',(#8025,#8032,#8033,#8034));
#8036=FACE_BOUND('',#8035,.T.);
#8037=ADVANCED_FACE('',(#8036),#8024,.F.);
#8038=CARTESIAN_POINT('',(0.01278543,-40.368114681,19.706467488));
#8039=DIRECTION('',(-0.,0.,1.));
#8040=DIRECTION('',(1.,-0.,0.));
#8041=AXIS2_PLACEMENT_3D('',#8038,#8039,#8040);
#8042=CYLINDRICAL_SURFACE('',#8041,1.);
#8043=ORIENTED_EDGE('',*,*,#271,.F.);
#8044=CARTESIAN_POINT('',(0.01278543,-40.368114681,36.256467488));
#8045=DIRECTION('',(-0.,0.,1.));
#8046=DIRECTION('',(1.,-0.,0.));
#8047=AXIS2_PLACEMENT_3D('',#8044,#8045,#8046);
#8048=CIRCLE('',#8047,1.);
#8049=EDGE_CURVE('',#258,#5802,#8048,.T.);
#8050=ORIENTED_EDGE('',*,*,#8049,.T.);
#8051=ORIENTED_EDGE('',*,*,#5807,.F.);
#8052=CARTESIAN_POINT('',(0.01278543,-40.368114681,19.256467488));
#8053=DIRECTION('',(-0.,0.,1.));
#8054=DIRECTION('',(1.,-0.,0.));
#8055=AXIS2_PLACEMENT_3D('',#8052,#8053,#8054);
#8056=CIRCLE('',#8055,1.);
#8057=EDGE_CURVE('',#266,#5800,#8056,.T.);
#8058=ORIENTED_EDGE('',*,*,#8057,.F.);
#8059=EDGE_LOOP('',(#8043,#8050,#8051,#8058));
#8060=FACE_BOUND('',#8059,.T.);
#8061=ADVANCED_FACE('',(#8060),#8042,.F.);
#8062=CARTESIAN_POINT('',(0.01278543,-39.368114681,19.256467488));
#8063=DIRECTION('',(-1.,0.,-0.));
#8064=DIRECTION('',(-0.,-1.,0.));
#8065=AXIS2_PLACEMENT_3D('',#8062,#8063,#8064);
#8066=DEGENERATE_TOROIDAL_SURFACE('',#8065,1.,1.,.T.);
#8067=ORIENTED_EDGE('',*,*,#8057,.T.);
#8068=ORIENTED_EDGE('',*,*,#7989,.F.);
#8069=ORIENTED_EDGE('',*,*,#4124,.F.);
#8070=ORIENTED_EDGE('',*,*,#280,.F.);
#8071=EDGE_LOOP('',(#8067,#8068,#8069,#8070));
#8072=FACE_BOUND('',#8071,.T.);
#8073=ADVANCED_FACE('',(#8072),#8066,.F.);
#8074=CARTESIAN_POINT('',(52.31278543,-45.168114681,30.456468377));
#8075=DIRECTION('',(0.707106781,-0.707106781,0.));
#8076=DIRECTION('',(-0.,0.,1.));
#8077=AXIS2_PLACEMENT_3D('',#8074,#8075,#8076);
#8078=PLANE('',#8077);
#8079=CARTESIAN_POINT('',(52.01278543,-45.468114681,40.910977507));
#8080=DIRECTION('',(0.497542812,0.497542812,0.710564776));
#8081=VECTOR('',#8080,0.602963188);
#8082=LINE('',#8079,#8081);
#8083=EDGE_CURVE('',#5557,#5623,#8082,.T.);
#8084=ORIENTED_EDGE('',*,*,#8083,.F.);
#8085=ORIENTED_EDGE('',*,*,#5585,.F.);
#8086=CARTESIAN_POINT('',(52.31278543,-45.168114681,39.556467488));
#8087=DIRECTION('',(-0.707106781,-0.707106781,0.));
#8088=VECTOR('',#8087,0.424264069);
#8089=LINE('',#8086,#8088);
#8090=EDGE_CURVE('',#5631,#5573,#8089,.T.);
#8091=ORIENTED_EDGE('',*,*,#8090,.F.);
#8092=ORIENTED_EDGE('',*,*,#5636,.F.);
#8093=EDGE_LOOP('',(#8084,#8085,#8091,#8092));
#8094=FACE_BOUND('',#8093,.T.);
#8095=ADVANCED_FACE('',(#8094),#8078,.T.);
#8096=CARTESIAN_POINT('',(50.01278543,-45.468114681,39.556467488));
#8097=DIRECTION('',(0.,1.,-0.));
#8098=DIRECTION('',(-0.,0.,1.));
#8099=AXIS2_PLACEMENT_3D('',#8096,#8097,#8098);
#8100=CONICAL_SURFACE('',#8099,2.,45.);
#8101=ORIENTED_EDGE('',*,*,#8090,.T.);
#8102=ORIENTED_EDGE('',*,*,#5579,.F.);
#8103=CARTESIAN_POINT('',(50.01278543,-45.168114681,37.256467488));
#8104=DIRECTION('',(-0.,-0.707106781,0.707106781));
#8105=VECTOR('',#8104,0.424264069);
#8106=LINE('',#8103,#8105);
#8107=EDGE_CURVE('',#5678,#5565,#8106,.T.);
#8108=ORIENTED_EDGE('',*,*,#8107,.F.);
#8109=ORIENTED_EDGE('',*,*,#7832,.F.);
#8110=EDGE_LOOP('',(#8101,#8102,#8108,#8109));
#8111=FACE_BOUND('',#8110,.T.);
#8112=ADVANCED_FACE('',(#8111),#8100,.T.);
#8113=CARTESIAN_POINT('',(50.01278543,-45.468114681,41.656469266));
#8114=DIRECTION('',(0.,1.,-0.));
#8115=DIRECTION('',(-0.,0.,1.));
#8116=AXIS2_PLACEMENT_3D('',#8113,#8114,#8115);
#8117=CONICAL_SURFACE('',#8116,2.,45.);
#8118=CARTESIAN_POINT('',(52.14265608,-45.168114681,42.524600024));
#8119=CARTESIAN_POINT('',(52.073008026,-45.27015483,42.425132295));
#8120=CARTESIAN_POINT('',(52.002633591,-45.370526121,42.324627186));
#8121=CARTESIAN_POINT('',(51.931047955,-45.468114681,42.222392303));
#8122=B_SPLINE_CURVE_WITH_KNOTS('',3,(#8118,#8119,#8120,#8121),.UNSPECIFIED.,.F.,.F.,(4,4),(0.000001087,0.000476326),.UNSPECIFIED.);
#8123=EDGE_CURVE('',#7716,#4136,#8122,.T.);
#8124=ORIENTED_EDGE('',*,*,#8123,.F.);
#8125=ORIENTED_EDGE('',*,*,#7722,.F.);
#8126=CARTESIAN_POINT('',(50.816995411,-45.468114681,43.487656396));
#8127=CARTESIAN_POINT('',(50.875407672,-45.368246765,43.571077751));
#8128=CARTESIAN_POINT('',(50.933735958,-45.268229,43.654379176));
#8129=CARTESIAN_POINT('',(50.992010135,-45.168114682,43.737603326));
#8130=B_SPLINE_CURVE_WITH_KNOTS('',3,(#8126,#8127,#8128,#8129),.UNSPECIFIED.,.F.,.F.,(4,4),(0.002575631,0.003005158),.UNSPECIFIED.);
#8131=EDGE_CURVE('',#4146,#7707,#8130,.T.);
#8132=ORIENTED_EDGE('',*,*,#8131,.F.);
#8133=ORIENTED_EDGE('',*,*,#4152,.F.);
#8134=EDGE_LOOP('',(#8124,#8125,#8132,#8133));
#8135=FACE_BOUND('',#8134,.T.);
#8136=ADVANCED_FACE('',(#8135),#8117,.T.);
#8137=CARTESIAN_POINT('',(25.01278543,-45.168114681,37.256467488));
#8138=DIRECTION('',(0.,-0.707106781,-0.707106781));
#8139=DIRECTION('',(1.,-0.,0.));
#8140=AXIS2_PLACEMENT_3D('',#8137,#8138,#8139);
#8141=PLANE('',#8140);
#8142=CARTESIAN_POINT('',(49.453869966,-45.168114681,37.256467488));
#8143=DIRECTION('',(0.443712606,-0.633687274,0.633687274));
#8144=VECTOR('',#8143,0.473419638);
#8145=LINE('',#8142,#8144);
#8146=EDGE_CURVE('',#5686,#5555,#8145,.T.);
#8147=ORIENTED_EDGE('',*,*,#8146,.F.);
#8148=ORIENTED_EDGE('',*,*,#5691,.F.);
#8149=ORIENTED_EDGE('',*,*,#8107,.T.);
#8150=ORIENTED_EDGE('',*,*,#5570,.F.);
#8151=EDGE_LOOP('',(#8147,#8148,#8149,#8150));
#8152=FACE_BOUND('',#8151,.T.);
#8153=ADVANCED_FACE('',(#8152),#8141,.T.);
#8154=CARTESIAN_POINT('',(25.01278543,-45.168114681,43.956469266));
#8155=DIRECTION('',(-0.,-0.707106781,0.707106781));
#8156=DIRECTION('',(-1.,0.,-0.));
#8157=AXIS2_PLACEMENT_3D('',#8154,#8155,#8156);
#8158=PLANE('',#8157);
#8159=CARTESIAN_POINT('',(50.01278543,-45.357310426,43.767273521));
#8160=DIRECTION('',(-0.443712606,-0.633687274,-0.633687274));
#8161=VECTOR('',#8160,0.174856368);
#8162=LINE('',#8159,#8161);
#8163=EDGE_CURVE('',#4250,#4208,#8162,.T.);
#8164=ORIENTED_EDGE('',*,*,#8163,.F.);
#8165=ORIENTED_EDGE('',*,*,#4269,.T.);
#8166=ORIENTED_EDGE('',*,*,#1720,.F.);
#8167=CARTESIAN_POINT('',(47.935199455,-45.468114681,43.656469266));
#8168=DIRECTION('',(0.443712606,0.633687274,0.633687274));
#8169=VECTOR('',#8168,0.473419638);
#8170=LINE('',#8167,#8169);
#8171=EDGE_CURVE('',#4218,#1707,#8170,.T.);
#8172=ORIENTED_EDGE('',*,*,#8171,.F.);
#8173=ORIENTED_EDGE('',*,*,#4223,.F.);
#8174=EDGE_LOOP('',(#8164,#8165,#8166,#8172,#8173));
#8175=FACE_BOUND('',#8174,.T.);
#8176=ADVANCED_FACE('',(#8175),#8158,.T.);
#8177=CARTESIAN_POINT('',(0.01278543,-45.468114681,39.556467488));
#8178=DIRECTION('',(0.,1.,-0.));
#8179=DIRECTION('',(-0.,0.,1.));
#8180=AXIS2_PLACEMENT_3D('',#8177,#8178,#8179);
#8181=CONICAL_SURFACE('',#8180,2.,45.);
#8182=ORIENTED_EDGE('',*,*,#5516,.T.);
#8183=ORIENTED_EDGE('',*,*,#5415,.F.);
#8184=CARTESIAN_POINT('',(-2.28721457,-45.168114681,39.556467488));
#8185=DIRECTION('',(0.707106781,-0.707106781,0.));
#8186=VECTOR('',#8185,0.424264069);
#8187=LINE('',#8184,#8186);
#8188=EDGE_CURVE('',#430,#5401,#8187,.T.);
#8189=ORIENTED_EDGE('',*,*,#8188,.F.);
#8190=ORIENTED_EDGE('',*,*,#7785,.F.);
#8191=EDGE_LOOP('',(#8182,#8183,#8189,#8190));
#8192=FACE_BOUND('',#8191,.T.);
#8193=ADVANCED_FACE('',(#8192),#8181,.T.);
#8194=CARTESIAN_POINT('',(0.01278543,-45.468114681,41.656469266));
#8195=DIRECTION('',(0.,1.,-0.));
#8196=DIRECTION('',(-0.,0.,1.));
#8197=AXIS2_PLACEMENT_3D('',#8194,#8195,#8196);
#8198=CONICAL_SURFACE('',#8197,2.,45.);
#8199=ORIENTED_EDGE('',*,*,#5543,.T.);
#8200=ORIENTED_EDGE('',*,*,#653,.F.);
#8201=CARTESIAN_POINT('',(-1.98721457,-45.468114681,41.656469266));
#8202=DIRECTION('',(-0.707106781,0.707106781,-0.));
#8203=VECTOR('',#8202,0.424264069);
#8204=LINE('',#8201,#8203);
#8205=EDGE_CURVE('',#5392,#438,#8204,.T.);
#8206=ORIENTED_EDGE('',*,*,#8205,.F.);
#8207=ORIENTED_EDGE('',*,*,#5398,.F.);
#8208=EDGE_LOOP('',(#8199,#8200,#8206,#8207));
#8209=FACE_BOUND('',#8208,.T.);
#8210=ADVANCED_FACE('',(#8209),#8198,.T.);
#8211=CARTESIAN_POINT('',(-2.28721457,-45.168114681,30.456468377));
#8212=DIRECTION('',(-0.707106781,-0.707106781,0.));
#8213=DIRECTION('',(0.,-0.,-1.));
#8214=AXIS2_PLACEMENT_3D('',#8211,#8212,#8213);
#8215=PLANE('',#8214);
#8216=ORIENTED_EDGE('',*,*,#8188,.T.);
#8217=ORIENTED_EDGE('',*,*,#5406,.F.);
#8218=ORIENTED_EDGE('',*,*,#8205,.T.);
#8219=ORIENTED_EDGE('',*,*,#443,.F.);
#8220=EDGE_LOOP('',(#8216,#8217,#8218,#8219));
#8221=FACE_BOUND('',#8220,.T.);
#8222=ADVANCED_FACE('',(#8221),#8215,.T.);
#8223=CARTESIAN_POINT('',(12.853037002,-50.168114681,40.682833109));
#8224=DIRECTION('',(0.819152044,-0.,-0.573576436));
#8225=DIRECTION('',(-0.573576436,-0.,-0.819152044));
#8226=AXIS2_PLACEMENT_3D('',#8223,#8224,#8225);
#8227=PLANE('',#8226);
#8228=CARTESIAN_POINT('',(12.434127693,-45.168114681,40.084568614));
#8229=VERTEX_POINT('',#8228);
#8230=CARTESIAN_POINT('',(12.434127693,-45.168114681,40.084568614));
#8231=DIRECTION('',(-0.,-1.,0.));
#8232=VECTOR('',#8231,0.3);
#8233=LINE('',#8230,#8232);
#8234=EDGE_CURVE('',#8229,#3305,#8233,.T.);
#8235=ORIENTED_EDGE('',*,*,#8234,.F.);
#8236=CARTESIAN_POINT('',(12.434127693,-45.168114681,40.084568614));
#8237=DIRECTION('',(-0.573576436,-0.,-0.819152044));
#8238=VECTOR('',#8237,3.452473989);
#8239=LINE('',#8236,#8238);
#8240=EDGE_CURVE('',#8229,#5330,#8239,.T.);
#8241=ORIENTED_EDGE('',*,*,#8240,.T.);
#8242=ORIENTED_EDGE('',*,*,#5335,.T.);
#8243=ORIENTED_EDGE('',*,*,#3318,.T.);
#8244=EDGE_LOOP('',(#8235,#8241,#8242,#8243));
#8245=FACE_BOUND('',#8244,.T.);
#8246=ADVANCED_FACE('',(#8245),#8227,.F.);
#8247=CARTESIAN_POINT('',(12.853037002,-50.168114681,40.682833109));
#8248=DIRECTION('',(0.819152044,-0.,-0.573576436));
#8249=DIRECTION('',(-0.573576436,-0.,-0.819152044));
#8250=AXIS2_PLACEMENT_3D('',#8247,#8248,#8249);
#8251=PLANE('',#8250);
#8252=CARTESIAN_POINT('',(15.145261716,-45.168114681,43.956469266));
#8253=DIRECTION('',(-0.573576436,-0.,-0.819152044));
#8254=VECTOR('',#8253,3.381545611);
#8255=LINE('',#8252,#8254);
#8256=EDGE_CURVE('',#1531,#6191,#8255,.T.);
#8257=ORIENTED_EDGE('',*,*,#8256,.T.);
#8258=ORIENTED_EDGE('',*,*,#6196,.T.);
#8259=ORIENTED_EDGE('',*,*,#5288,.T.);
#8260=ORIENTED_EDGE('',*,*,#5362,.T.);
#8261=EDGE_LOOP('',(#8257,#8258,#8259,#8260));
#8262=FACE_BOUND('',#8261,.T.);
#8263=ADVANCED_FACE('',(#8262),#8251,.F.);
#8264=CARTESIAN_POINT('',(25.97596519,-45.168114681,40.585757955));
#8265=DIRECTION('',(-0.,-1.,0.));
#8266=DIRECTION('',(1.,-0.,0.));
#8267=AXIS2_PLACEMENT_3D('',#8264,#8265,#8266);
#8268=PLANE('',#8267);
#8269=ORIENTED_EDGE('',*,*,#6257,.T.);
#8270=ORIENTED_EDGE('',*,*,#6204,.T.);
#8271=ORIENTED_EDGE('',*,*,#8256,.F.);
#8272=ORIENTED_EDGE('',*,*,#1536,.F.);
#8273=CARTESIAN_POINT('',(9.453869966,-45.168114681,37.256467488));
#8274=DIRECTION('',(0.573576436,0.,0.819152044));
#8275=VECTOR('',#8274,8.179191915);
#8276=LINE('',#8273,#8275);
#8277=EDGE_CURVE('',#5502,#1523,#8276,.T.);
#8278=ORIENTED_EDGE('',*,*,#8277,.F.);
#8279=ORIENTED_EDGE('',*,*,#5788,.F.);
#8280=ORIENTED_EDGE('',*,*,#8240,.F.);
#8281=CARTESIAN_POINT('',(12.53598543,-45.168114681,40.084568614));
#8282=DIRECTION('',(-1.,0.,-0.));
#8283=VECTOR('',#8282,0.101857737);
#8284=LINE('',#8281,#8283);
#8285=EDGE_CURVE('',#3360,#8229,#8284,.T.);
#8286=ORIENTED_EDGE('',*,*,#8285,.F.);
#8287=ORIENTED_EDGE('',*,*,#3367,.T.);
#8288=EDGE_LOOP('',(#8269,#8270,#8271,#8272,#8278,#8279,#8280,#8286,#8287));
#8289=FACE_BOUND('',#8288,.T.);
#8290=ADVANCED_FACE('',(#8289),#8268,.T.);
#8291=CARTESIAN_POINT('',(11.853037002,-50.168114681,40.682833109));
#8292=DIRECTION('',(-0.819152044,0.,0.573576436));
#8293=DIRECTION('',(0.573576436,0.,0.819152044));
#8294=AXIS2_PLACEMENT_3D('',#8291,#8292,#8293);
#8295=PLANE('',#8294);
#8296=ORIENTED_EDGE('',*,*,#5507,.T.);
#8297=ORIENTED_EDGE('',*,*,#8277,.T.);
#8298=ORIENTED_EDGE('',*,*,#5536,.T.);
#8299=ORIENTED_EDGE('',*,*,#5381,.T.);
#8300=EDGE_LOOP('',(#8296,#8297,#8298,#8299));
#8301=FACE_BOUND('',#8300,.T.);
#8302=ADVANCED_FACE('',(#8301),#8295,.F.);
#8303=CARTESIAN_POINT('',(28.97596519,-45.168114681,40.585757955));
#8304=DIRECTION('',(-0.,-1.,0.));
#8305=DIRECTION('',(1.,-0.,0.));
#8306=AXIS2_PLACEMENT_3D('',#8303,#8304,#8305);
#8307=PLANE('',#8306);
#8308=CARTESIAN_POINT('',(18.145261716,-45.168114681,43.956469266));
#8309=DIRECTION('',(-0.573576436,-0.,-0.819152044));
#8310=VECTOR('',#8309,3.381545611);
#8311=LINE('',#8308,#8310);
#8312=EDGE_CURVE('',#1547,#6230,#8311,.T.);
#8313=ORIENTED_EDGE('',*,*,#8312,.F.);
#8314=ORIENTED_EDGE('',*,*,#1552,.F.);
#8315=CARTESIAN_POINT('',(15.205686836,-45.168114681,41.186469266));
#8316=DIRECTION('',(0.573576436,0.,0.819152044));
#8317=VECTOR('',#8316,3.381545611);
#8318=LINE('',#8315,#8317);
#8319=EDGE_CURVE('',#6182,#1539,#8318,.T.);
#8320=ORIENTED_EDGE('',*,*,#8319,.F.);
#8321=ORIENTED_EDGE('',*,*,#6241,.F.);
#8322=EDGE_LOOP('',(#8313,#8314,#8320,#8321));
#8323=FACE_BOUND('',#8322,.T.);
#8324=ADVANCED_FACE('',(#8323),#8307,.T.);
#8325=CARTESIAN_POINT('',(15.853037002,-50.168114681,40.682833109));
#8326=DIRECTION('',(0.819152044,-0.,-0.573576436));
#8327=DIRECTION('',(-0.573576436,-0.,-0.819152044));
#8328=AXIS2_PLACEMENT_3D('',#8325,#8326,#8327);
#8329=PLANE('',#8328);
#8330=ORIENTED_EDGE('',*,*,#6235,.T.);
#8331=ORIENTED_EDGE('',*,*,#3222,.T.);
#8332=ORIENTED_EDGE('',*,*,#5269,.T.);
#8333=ORIENTED_EDGE('',*,*,#8312,.T.);
#8334=EDGE_LOOP('',(#8330,#8331,#8332,#8333));
#8335=FACE_BOUND('',#8334,.T.);
#8336=ADVANCED_FACE('',(#8335),#8329,.F.);
#8337=CARTESIAN_POINT('',(14.853037002,-50.168114681,40.682833109));
#8338=DIRECTION('',(-0.819152044,0.,0.573576436));
#8339=DIRECTION('',(0.573576436,0.,0.819152044));
#8340=AXIS2_PLACEMENT_3D('',#8337,#8338,#8339);
#8341=PLANE('',#8340);
#8342=ORIENTED_EDGE('',*,*,#6187,.T.);
#8343=ORIENTED_EDGE('',*,*,#8319,.T.);
#8344=ORIENTED_EDGE('',*,*,#5355,.T.);
#8345=ORIENTED_EDGE('',*,*,#5304,.T.);
#8346=EDGE_LOOP('',(#8342,#8343,#8344,#8345));
#8347=FACE_BOUND('',#8346,.T.);
#8348=ADVANCED_FACE('',(#8347),#8341,.F.);
#8349=CARTESIAN_POINT('',(14.853037002,-50.168114681,40.682833109));
#8350=DIRECTION('',(-0.819152044,0.,0.573576436));
#8351=DIRECTION('',(0.573576436,0.,0.819152044));
#8352=AXIS2_PLACEMENT_3D('',#8349,#8350,#8351);
#8353=PLANE('',#8352);
#8354=ORIENTED_EDGE('',*,*,#6306,.T.);
#8355=ORIENTED_EDGE('',*,*,#3334,.T.);
#8356=ORIENTED_EDGE('',*,*,#5326,.T.);
#8357=CARTESIAN_POINT('',(12.453869966,-45.168114681,37.256467488));
#8358=DIRECTION('',(0.573576436,0.,0.819152044));
#8359=VECTOR('',#8358,1.745707662);
#8360=LINE('',#8357,#8359);
#8361=EDGE_CURVE('',#5321,#6301,#8360,.T.);
#8362=ORIENTED_EDGE('',*,*,#8361,.T.);
#8363=EDGE_LOOP('',(#8354,#8355,#8356,#8362));
#8364=FACE_BOUND('',#8363,.T.);
#8365=ADVANCED_FACE('',(#8364),#8353,.F.);
#8366=CARTESIAN_POINT('',(15.853037002,-50.168114681,40.682833109));
#8367=DIRECTION('',(0.819152044,-0.,-0.573576436));
#8368=DIRECTION('',(-0.573576436,-0.,-0.819152044));
#8369=AXIS2_PLACEMENT_3D('',#8366,#8367,#8368);
#8370=PLANE('',#8369);
#8371=ORIENTED_EDGE('',*,*,#6320,.T.);
#8372=CARTESIAN_POINT('',(14.455166746,-45.168114681,38.686467488));
#8373=DIRECTION('',(-0.573576436,-0.,-0.819152044));
#8374=VECTOR('',#8373,1.745707662);
#8375=LINE('',#8372,#8374);
#8376=EDGE_CURVE('',#6309,#5237,#8375,.T.);
#8377=ORIENTED_EDGE('',*,*,#8376,.T.);
#8378=ORIENTED_EDGE('',*,*,#5242,.T.);
#8379=ORIENTED_EDGE('',*,*,#5211,.T.);
#8380=EDGE_LOOP('',(#8371,#8377,#8378,#8379));
#8381=FACE_BOUND('',#8380,.T.);
#8382=ADVANCED_FACE('',(#8381),#8370,.F.);
#8383=CARTESIAN_POINT('',(28.97596519,-45.168114681,40.585757955));
#8384=DIRECTION('',(-0.,-1.,0.));
#8385=DIRECTION('',(1.,-0.,0.));
#8386=AXIS2_PLACEMENT_3D('',#8383,#8384,#8385);
#8387=PLANE('',#8386);
#8388=ORIENTED_EDGE('',*,*,#8361,.F.);
#8389=ORIENTED_EDGE('',*,*,#5781,.F.);
#8390=ORIENTED_EDGE('',*,*,#8376,.F.);
#8391=ORIENTED_EDGE('',*,*,#6314,.F.);
#8392=EDGE_LOOP('',(#8388,#8389,#8390,#8391));
#8393=FACE_BOUND('',#8392,.T.);
#8394=ADVANCED_FACE('',(#8393),#8387,.T.);
#8395=CARTESIAN_POINT('',(17.853037002,-50.168114681,40.682833109));
#8396=DIRECTION('',(-0.819152044,0.,0.573576436));
#8397=DIRECTION('',(0.573576436,0.,0.819152044));
#8398=AXIS2_PLACEMENT_3D('',#8395,#8396,#8397);
#8399=PLANE('',#8398);
#8400=CARTESIAN_POINT('',(15.453869966,-45.168114681,37.256467488));
#8401=DIRECTION('',(0.573576436,0.,0.819152044));
#8402=VECTOR('',#8401,1.745707662);
#8403=LINE('',#8400,#8402);
#8404=EDGE_CURVE('',#5228,#6324,#8403,.T.);
#8405=ORIENTED_EDGE('',*,*,#8404,.T.);
#8406=ORIENTED_EDGE('',*,*,#6329,.T.);
#8407=ORIENTED_EDGE('',*,*,#5195,.T.);
#8408=ORIENTED_EDGE('',*,*,#5233,.T.);
#8409=EDGE_LOOP('',(#8405,#8406,#8407,#8408));
#8410=FACE_BOUND('',#8409,.T.);
#8411=ADVANCED_FACE('',(#8410),#8399,.F.);
#8412=CARTESIAN_POINT('',(31.97596519,-45.168114681,40.585757955));
#8413=DIRECTION('',(-0.,-1.,0.));
#8414=DIRECTION('',(1.,-0.,0.));
#8415=AXIS2_PLACEMENT_3D('',#8412,#8413,#8414);
#8416=PLANE('',#8415);
#8417=ORIENTED_EDGE('',*,*,#6369,.T.);
#8418=ORIENTED_EDGE('',*,*,#6337,.T.);
#8419=ORIENTED_EDGE('',*,*,#8404,.F.);
#8420=ORIENTED_EDGE('',*,*,#5774,.F.);
#8421=CARTESIAN_POINT('',(21.145261716,-45.168114681,43.956469266));
#8422=DIRECTION('',(-0.573576436,-0.,-0.819152044));
#8423=VECTOR('',#8422,8.179191915);
#8424=LINE('',#8421,#8423);
#8425=EDGE_CURVE('',#1563,#5144,#8424,.T.);
#8426=ORIENTED_EDGE('',*,*,#8425,.F.);
#8427=ORIENTED_EDGE('',*,*,#1568,.F.);
#8428=CARTESIAN_POINT('',(17.500785749,-45.168114681,40.179766183));
#8429=VERTEX_POINT('',#8428);
#8430=CARTESIAN_POINT('',(17.500785749,-45.168114681,40.179766183));
#8431=DIRECTION('',(0.573576436,0.,0.819152044));
#8432=VECTOR('',#8431,4.610503152);
#8433=LINE('',#8430,#8432);
#8434=EDGE_CURVE('',#8429,#1555,#8433,.T.);
#8435=ORIENTED_EDGE('',*,*,#8434,.F.);
#8436=CARTESIAN_POINT('',(17.38598543,-45.168114681,40.179766183));
#8437=DIRECTION('',(1.,-0.,0.));
#8438=VECTOR('',#8437,0.114800319);
#8439=LINE('',#8436,#8438);
#8440=EDGE_CURVE('',#3250,#8429,#8439,.T.);
#8441=ORIENTED_EDGE('',*,*,#8440,.F.);
#8442=ORIENTED_EDGE('',*,*,#3255,.F.);
#8443=EDGE_LOOP('',(#8417,#8418,#8419,#8420,#8426,#8427,#8435,#8441,#8442));
#8444=FACE_BOUND('',#8443,.T.);
#8445=ADVANCED_FACE('',(#8444),#8416,.T.);
#8446=CARTESIAN_POINT('',(17.853037002,-50.168114681,40.682833109));
#8447=DIRECTION('',(-0.819152044,0.,0.573576436));
#8448=DIRECTION('',(0.573576436,0.,0.819152044));
#8449=AXIS2_PLACEMENT_3D('',#8446,#8447,#8448);
#8450=PLANE('',#8449);
#8451=CARTESIAN_POINT('',(17.500785749,-45.168114681,40.179766183));
#8452=DIRECTION('',(-0.,-1.,0.));
#8453=VECTOR('',#8452,0.3);
#8454=LINE('',#8451,#8453);
#8455=EDGE_CURVE('',#8429,#3193,#8454,.T.);
#8456=ORIENTED_EDGE('',*,*,#8455,.F.);
#8457=ORIENTED_EDGE('',*,*,#8434,.T.);
#8458=ORIENTED_EDGE('',*,*,#5262,.T.);
#8459=ORIENTED_EDGE('',*,*,#3206,.T.);
#8460=EDGE_LOOP('',(#8456,#8457,#8458,#8459));
#8461=FACE_BOUND('',#8460,.T.);
#8462=ADVANCED_FACE('',(#8461),#8450,.F.);
#8463=CARTESIAN_POINT('',(18.853037002,-50.168114681,40.682833109));
#8464=DIRECTION('',(0.819152044,-0.,-0.573576436));
#8465=DIRECTION('',(-0.573576436,-0.,-0.819152044));
#8466=AXIS2_PLACEMENT_3D('',#8463,#8464,#8465);
#8467=PLANE('',#8466);
#8468=ORIENTED_EDGE('',*,*,#5149,.T.);
#8469=ORIENTED_EDGE('',*,*,#5118,.T.);
#8470=ORIENTED_EDGE('',*,*,#5176,.T.);
#8471=ORIENTED_EDGE('',*,*,#8425,.T.);
#8472=EDGE_LOOP('',(#8468,#8469,#8470,#8471));
#8473=FACE_BOUND('',#8472,.T.);
#8474=ADVANCED_FACE('',(#8473),#8467,.F.);
#8475=CARTESIAN_POINT('',(20.853037002,-50.168114681,40.682833109));
#8476=DIRECTION('',(-0.819152044,0.,0.573576436));
#8477=DIRECTION('',(0.573576436,0.,0.819152044));
#8478=AXIS2_PLACEMENT_3D('',#8475,#8476,#8477);
#8479=PLANE('',#8478);
#8480=ORIENTED_EDGE('',*,*,#5140,.T.);
#8481=CARTESIAN_POINT('',(18.453869966,-45.168114681,37.256467488));
#8482=DIRECTION('',(0.573576436,0.,0.819152044));
#8483=VECTOR('',#8482,8.179191915);
#8484=LINE('',#8481,#8483);
#8485=EDGE_CURVE('',#5135,#1571,#8484,.T.);
#8486=ORIENTED_EDGE('',*,*,#8485,.T.);
#8487=ORIENTED_EDGE('',*,*,#5169,.T.);
#8488=ORIENTED_EDGE('',*,*,#5102,.T.);
#8489=EDGE_LOOP('',(#8480,#8486,#8487,#8488));
#8490=FACE_BOUND('',#8489,.T.);
#8491=ADVANCED_FACE('',(#8490),#8479,.F.);
#8492=CARTESIAN_POINT('',(21.853037002,-50.168114681,40.682833109));
#8493=DIRECTION('',(0.819152044,-0.,-0.573576436));
#8494=DIRECTION('',(-0.573576436,-0.,-0.819152044));
#8495=AXIS2_PLACEMENT_3D('',#8492,#8493,#8494);
#8496=PLANE('',#8495);
#8497=ORIENTED_EDGE('',*,*,#5056,.T.);
#8498=ORIENTED_EDGE('',*,*,#5025,.T.);
#8499=ORIENTED_EDGE('',*,*,#5083,.T.);
#8500=CARTESIAN_POINT('',(24.145261716,-45.168114681,43.956469266));
#8501=DIRECTION('',(-0.573576436,-0.,-0.819152044));
#8502=VECTOR('',#8501,8.179191915);
#8503=LINE('',#8500,#8502);
#8504=EDGE_CURVE('',#1579,#5051,#8503,.T.);
#8505=ORIENTED_EDGE('',*,*,#8504,.T.);
#8506=EDGE_LOOP('',(#8497,#8498,#8499,#8505));
#8507=FACE_BOUND('',#8506,.T.);
#8508=ADVANCED_FACE('',(#8507),#8496,.F.);
#8509=CARTESIAN_POINT('',(34.97596519,-45.168114681,40.585757955));
#8510=DIRECTION('',(-0.,-1.,0.));
#8511=DIRECTION('',(1.,-0.,0.));
#8512=AXIS2_PLACEMENT_3D('',#8509,#8510,#8511);
#8513=PLANE('',#8512);
#8514=ORIENTED_EDGE('',*,*,#8504,.F.);
#8515=ORIENTED_EDGE('',*,*,#1584,.F.);
#8516=ORIENTED_EDGE('',*,*,#8485,.F.);
#8517=ORIENTED_EDGE('',*,*,#5767,.F.);
#8518=EDGE_LOOP('',(#8514,#8515,#8516,#8517));
#8519=FACE_BOUND('',#8518,.T.);
#8520=ADVANCED_FACE('',(#8519),#8513,.T.);
#8521=CARTESIAN_POINT('',(23.853037002,-50.168114681,40.682833109));
#8522=DIRECTION('',(-0.819152044,0.,0.573576436));
#8523=DIRECTION('',(0.573576436,0.,0.819152044));
#8524=AXIS2_PLACEMENT_3D('',#8521,#8522,#8523);
#8525=PLANE('',#8524);
#8526=ORIENTED_EDGE('',*,*,#5047,.T.);
#8527=CARTESIAN_POINT('',(21.453869966,-45.168114681,37.256467488));
#8528=DIRECTION('',(0.573576436,0.,0.819152044));
#8529=VECTOR('',#8528,8.179191915);
#8530=LINE('',#8527,#8529);
#8531=EDGE_CURVE('',#5042,#1587,#8530,.T.);
#8532=ORIENTED_EDGE('',*,*,#8531,.T.);
#8533=ORIENTED_EDGE('',*,*,#5076,.T.);
#8534=ORIENTED_EDGE('',*,*,#5009,.T.);
#8535=EDGE_LOOP('',(#8526,#8532,#8533,#8534));
#8536=FACE_BOUND('',#8535,.T.);
#8537=ADVANCED_FACE('',(#8536),#8525,.F.);
#8538=CARTESIAN_POINT('',(24.853037002,-50.168114681,40.682833109));
#8539=DIRECTION('',(0.819152044,-0.,-0.573576436));
#8540=DIRECTION('',(-0.573576436,-0.,-0.819152044));
#8541=AXIS2_PLACEMENT_3D('',#8538,#8539,#8540);
#8542=PLANE('',#8541);
#8543=ORIENTED_EDGE('',*,*,#4963,.T.);
#8544=ORIENTED_EDGE('',*,*,#4912,.T.);
#8545=ORIENTED_EDGE('',*,*,#4990,.T.);
#8546=CARTESIAN_POINT('',(27.145261716,-45.168114681,43.956469266));
#8547=DIRECTION('',(-0.573576436,-0.,-0.819152044));
#8548=VECTOR('',#8547,8.179191915);
#8549=LINE('',#8546,#8548);
#8550=EDGE_CURVE('',#1595,#4958,#8549,.T.);
#8551=ORIENTED_EDGE('',*,*,#8550,.T.);
#8552=EDGE_LOOP('',(#8543,#8544,#8545,#8551));
#8553=FACE_BOUND('',#8552,.T.);
#8554=ADVANCED_FACE('',(#8553),#8542,.F.);
#8555=CARTESIAN_POINT('',(37.97596519,-45.168114681,40.585757955));
#8556=DIRECTION('',(-0.,-1.,0.));
#8557=DIRECTION('',(1.,-0.,0.));
#8558=AXIS2_PLACEMENT_3D('',#8555,#8556,#8557);
#8559=PLANE('',#8558);
#8560=ORIENTED_EDGE('',*,*,#8550,.F.);
#8561=ORIENTED_EDGE('',*,*,#1600,.F.);
#8562=ORIENTED_EDGE('',*,*,#8531,.F.);
#8563=ORIENTED_EDGE('',*,*,#5760,.F.);
#8564=EDGE_LOOP('',(#8560,#8561,#8562,#8563));
#8565=FACE_BOUND('',#8564,.T.);
#8566=ADVANCED_FACE('',(#8565),#8559,.T.);
#8567=CARTESIAN_POINT('',(26.853037002,-50.168114681,40.682833109));
#8568=DIRECTION('',(-0.819152044,0.,0.573576436));
#8569=DIRECTION('',(0.573576436,0.,0.819152044));
#8570=AXIS2_PLACEMENT_3D('',#8567,#8568,#8569);
#8571=PLANE('',#8570);
#8572=ORIENTED_EDGE('',*,*,#4954,.T.);
#8573=CARTESIAN_POINT('',(24.453869966,-45.168114681,37.256467488));
#8574=DIRECTION('',(0.573576436,0.,0.819152044));
#8575=VECTOR('',#8574,8.179191915);
#8576=LINE('',#8573,#8575);
#8577=EDGE_CURVE('',#4949,#1603,#8576,.T.);
#8578=ORIENTED_EDGE('',*,*,#8577,.T.);
#8579=ORIENTED_EDGE('',*,*,#4983,.T.);
#8580=ORIENTED_EDGE('',*,*,#4896,.T.);
#8581=EDGE_LOOP('',(#8572,#8578,#8579,#8580));
#8582=FACE_BOUND('',#8581,.T.);
#8583=ADVANCED_FACE('',(#8582),#8571,.F.);
#8584=CARTESIAN_POINT('',(27.853037002,-50.168114681,40.682833109));
#8585=DIRECTION('',(0.819152044,-0.,-0.573576436));
#8586=DIRECTION('',(-0.573576436,-0.,-0.819152044));
#8587=AXIS2_PLACEMENT_3D('',#8584,#8585,#8586);
#8588=PLANE('',#8587);
#8589=ORIENTED_EDGE('',*,*,#4850,.T.);
#8590=ORIENTED_EDGE('',*,*,#4819,.T.);
#8591=ORIENTED_EDGE('',*,*,#4877,.T.);
#8592=CARTESIAN_POINT('',(30.145261716,-45.168114681,43.956469266));
#8593=DIRECTION('',(-0.573576436,-0.,-0.819152044));
#8594=VECTOR('',#8593,8.179191915);
#8595=LINE('',#8592,#8594);
#8596=EDGE_CURVE('',#1611,#4845,#8595,.T.);
#8597=ORIENTED_EDGE('',*,*,#8596,.T.);
#8598=EDGE_LOOP('',(#8589,#8590,#8591,#8597));
#8599=FACE_BOUND('',#8598,.T.);
#8600=ADVANCED_FACE('',(#8599),#8588,.F.);
#8601=CARTESIAN_POINT('',(40.97596519,-45.168114681,40.585757955));
#8602=DIRECTION('',(-0.,-1.,0.));
#8603=DIRECTION('',(1.,-0.,0.));
#8604=AXIS2_PLACEMENT_3D('',#8601,#8602,#8603);
#8605=PLANE('',#8604);
#8606=ORIENTED_EDGE('',*,*,#8596,.F.);
#8607=ORIENTED_EDGE('',*,*,#1616,.F.);
#8608=ORIENTED_EDGE('',*,*,#8577,.F.);
#8609=ORIENTED_EDGE('',*,*,#5753,.F.);
#8610=EDGE_LOOP('',(#8606,#8607,#8608,#8609));
#8611=FACE_BOUND('',#8610,.T.);
#8612=ADVANCED_FACE('',(#8611),#8605,.T.);
#8613=CARTESIAN_POINT('',(29.853037002,-50.168114681,40.682833109));
#8614=DIRECTION('',(-0.819152044,0.,0.573576436));
#8615=DIRECTION('',(0.573576436,0.,0.819152044));
#8616=AXIS2_PLACEMENT_3D('',#8613,#8614,#8615);
#8617=PLANE('',#8616);
#8618=ORIENTED_EDGE('',*,*,#4841,.T.);
#8619=CARTESIAN_POINT('',(27.453869966,-45.168114681,37.256467488));
#8620=DIRECTION('',(0.573576436,0.,0.819152044));
#8621=VECTOR('',#8620,8.179191915);
#8622=LINE('',#8619,#8621);
#8623=EDGE_CURVE('',#4836,#1619,#8622,.T.);
#8624=ORIENTED_EDGE('',*,*,#8623,.T.);
#8625=ORIENTED_EDGE('',*,*,#4870,.T.);
#8626=ORIENTED_EDGE('',*,*,#4803,.T.);
#8627=EDGE_LOOP('',(#8618,#8624,#8625,#8626));
#8628=FACE_BOUND('',#8627,.T.);
#8629=ADVANCED_FACE('',(#8628),#8617,.F.);
#8630=CARTESIAN_POINT('',(30.853037002,-50.168114681,40.682833109));
#8631=DIRECTION('',(0.819152044,-0.,-0.573576436));
#8632=DIRECTION('',(-0.573576436,-0.,-0.819152044));
#8633=AXIS2_PLACEMENT_3D('',#8630,#8631,#8632);
#8634=PLANE('',#8633);
#8635=ORIENTED_EDGE('',*,*,#4757,.T.);
#8636=ORIENTED_EDGE('',*,*,#4706,.T.);
#8637=ORIENTED_EDGE('',*,*,#4784,.T.);
#8638=CARTESIAN_POINT('',(33.145261716,-45.168114681,43.956469266));
#8639=DIRECTION('',(-0.573576436,-0.,-0.819152044));
#8640=VECTOR('',#8639,8.179191915);
#8641=LINE('',#8638,#8640);
#8642=EDGE_CURVE('',#1627,#4752,#8641,.T.);
#8643=ORIENTED_EDGE('',*,*,#8642,.T.);
#8644=EDGE_LOOP('',(#8635,#8636,#8637,#8643));
#8645=FACE_BOUND('',#8644,.T.);
#8646=ADVANCED_FACE('',(#8645),#8634,.F.);
#8647=CARTESIAN_POINT('',(43.97596519,-45.168114681,40.585757955));
#8648=DIRECTION('',(-0.,-1.,0.));
#8649=DIRECTION('',(1.,-0.,0.));
#8650=AXIS2_PLACEMENT_3D('',#8647,#8648,#8649);
#8651=PLANE('',#8650);
#8652=ORIENTED_EDGE('',*,*,#8642,.F.);
#8653=ORIENTED_EDGE('',*,*,#1632,.F.);
#8654=ORIENTED_EDGE('',*,*,#8623,.F.);
#8655=ORIENTED_EDGE('',*,*,#5746,.F.);
#8656=EDGE_LOOP('',(#8652,#8653,#8654,#8655));
#8657=FACE_BOUND('',#8656,.T.);
#8658=ADVANCED_FACE('',(#8657),#8651,.T.);
#8659=CARTESIAN_POINT('',(32.853037002,-50.168114681,40.682833109));
#8660=DIRECTION('',(-0.819152044,0.,0.573576436));
#8661=DIRECTION('',(0.573576436,0.,0.819152044));
#8662=AXIS2_PLACEMENT_3D('',#8659,#8660,#8661);
#8663=PLANE('',#8662);
#8664=ORIENTED_EDGE('',*,*,#4748,.T.);
#8665=CARTESIAN_POINT('',(30.453869966,-45.168114681,37.256467488));
#8666=DIRECTION('',(0.573576436,0.,0.819152044));
#8667=VECTOR('',#8666,8.179191915);
#8668=LINE('',#8665,#8667);
#8669=EDGE_CURVE('',#4743,#1635,#8668,.T.);
#8670=ORIENTED_EDGE('',*,*,#8669,.T.);
#8671=ORIENTED_EDGE('',*,*,#4777,.T.);
#8672=ORIENTED_EDGE('',*,*,#4690,.T.);
#8673=EDGE_LOOP('',(#8664,#8670,#8671,#8672));
#8674=FACE_BOUND('',#8673,.T.);
#8675=ADVANCED_FACE('',(#8674),#8663,.F.);
#8676=CARTESIAN_POINT('',(33.853037002,-50.168114681,40.682833109));
#8677=DIRECTION('',(0.819152044,-0.,-0.573576436));
#8678=DIRECTION('',(-0.573576436,-0.,-0.819152044));
#8679=AXIS2_PLACEMENT_3D('',#8676,#8677,#8678);
#8680=PLANE('',#8679);
#8681=ORIENTED_EDGE('',*,*,#4644,.T.);
#8682=ORIENTED_EDGE('',*,*,#4613,.T.);
#8683=ORIENTED_EDGE('',*,*,#4671,.T.);
#8684=CARTESIAN_POINT('',(36.145261716,-45.168114681,43.956469266));
#8685=DIRECTION('',(-0.573576436,-0.,-0.819152044));
#8686=VECTOR('',#8685,8.179191915);
#8687=LINE('',#8684,#8686);
#8688=EDGE_CURVE('',#1643,#4639,#8687,.T.);
#8689=ORIENTED_EDGE('',*,*,#8688,.T.);
#8690=EDGE_LOOP('',(#8681,#8682,#8683,#8689));
#8691=FACE_BOUND('',#8690,.T.);
#8692=ADVANCED_FACE('',(#8691),#8680,.F.);
#8693=CARTESIAN_POINT('',(46.97596519,-45.168114681,40.585757955));
#8694=DIRECTION('',(-0.,-1.,0.));
#8695=DIRECTION('',(1.,-0.,0.));
#8696=AXIS2_PLACEMENT_3D('',#8693,#8694,#8695);
#8697=PLANE('',#8696);
#8698=ORIENTED_EDGE('',*,*,#8688,.F.);
#8699=ORIENTED_EDGE('',*,*,#1648,.F.);
#8700=ORIENTED_EDGE('',*,*,#8669,.F.);
#8701=ORIENTED_EDGE('',*,*,#5739,.F.);
#8702=EDGE_LOOP('',(#8698,#8699,#8700,#8701));
#8703=FACE_BOUND('',#8702,.T.);
#8704=ADVANCED_FACE('',(#8703),#8697,.T.);
#8705=CARTESIAN_POINT('',(35.853037002,-50.168114681,40.682833109));
#8706=DIRECTION('',(-0.819152044,0.,0.573576436));
#8707=DIRECTION('',(0.573576436,0.,0.819152044));
#8708=AXIS2_PLACEMENT_3D('',#8705,#8706,#8707);
#8709=PLANE('',#8708);
#8710=ORIENTED_EDGE('',*,*,#4635,.T.);
#8711=CARTESIAN_POINT('',(33.453869966,-45.168114681,37.256467488));
#8712=DIRECTION('',(0.573576436,0.,0.819152044));
#8713=VECTOR('',#8712,8.179191915);
#8714=LINE('',#8711,#8713);
#8715=EDGE_CURVE('',#4630,#1651,#8714,.T.);
#8716=ORIENTED_EDGE('',*,*,#8715,.T.);
#8717=ORIENTED_EDGE('',*,*,#4664,.T.);
#8718=ORIENTED_EDGE('',*,*,#4597,.T.);
#8719=EDGE_LOOP('',(#8710,#8716,#8717,#8718));
#8720=FACE_BOUND('',#8719,.T.);
#8721=ADVANCED_FACE('',(#8720),#8709,.F.);
#8722=CARTESIAN_POINT('',(36.853037002,-50.168114681,40.682833109));
#8723=DIRECTION('',(0.819152044,-0.,-0.573576436));
#8724=DIRECTION('',(-0.573576436,-0.,-0.819152044));
#8725=AXIS2_PLACEMENT_3D('',#8722,#8723,#8724);
#8726=PLANE('',#8725);
#8727=ORIENTED_EDGE('',*,*,#4551,.T.);
#8728=ORIENTED_EDGE('',*,*,#4520,.T.);
#8729=ORIENTED_EDGE('',*,*,#4578,.T.);
#8730=CARTESIAN_POINT('',(39.145261716,-45.168114681,43.956469266));
#8731=DIRECTION('',(-0.573576436,-0.,-0.819152044));
#8732=VECTOR('',#8731,8.179191915);
#8733=LINE('',#8730,#8732);
#8734=EDGE_CURVE('',#1659,#4546,#8733,.T.);
#8735=ORIENTED_EDGE('',*,*,#8734,.T.);
#8736=EDGE_LOOP('',(#8727,#8728,#8729,#8735));
#8737=FACE_BOUND('',#8736,.T.);
#8738=ADVANCED_FACE('',(#8737),#8726,.F.);
#8739=CARTESIAN_POINT('',(49.97596519,-45.168114681,40.585757955));
#8740=DIRECTION('',(-0.,-1.,0.));
#8741=DIRECTION('',(1.,-0.,0.));
#8742=AXIS2_PLACEMENT_3D('',#8739,#8740,#8741);
#8743=PLANE('',#8742);
#8744=ORIENTED_EDGE('',*,*,#8734,.F.);
#8745=ORIENTED_EDGE('',*,*,#1664,.F.);
#8746=ORIENTED_EDGE('',*,*,#8715,.F.);
#8747=ORIENTED_EDGE('',*,*,#5732,.F.);
#8748=EDGE_LOOP('',(#8744,#8745,#8746,#8747));
#8749=FACE_BOUND('',#8748,.T.);
#8750=ADVANCED_FACE('',(#8749),#8743,.T.);
#8751=CARTESIAN_POINT('',(38.853037002,-50.168114681,40.682833109));
#8752=DIRECTION('',(-0.819152044,0.,0.573576436));
#8753=DIRECTION('',(0.573576436,0.,0.819152044));
#8754=AXIS2_PLACEMENT_3D('',#8751,#8752,#8753);
#8755=PLANE('',#8754);
#8756=ORIENTED_EDGE('',*,*,#4542,.T.);
#8757=CARTESIAN_POINT('',(36.453869966,-45.168114681,37.256467488));
#8758=DIRECTION('',(0.573576436,0.,0.819152044));
#8759=VECTOR('',#8758,8.179191915);
#8760=LINE('',#8757,#8759);
#8761=EDGE_CURVE('',#4537,#1667,#8760,.T.);
#8762=ORIENTED_EDGE('',*,*,#8761,.T.);
#8763=ORIENTED_EDGE('',*,*,#4571,.T.);
#8764=ORIENTED_EDGE('',*,*,#4504,.T.);
#8765=EDGE_LOOP('',(#8756,#8762,#8763,#8764));
#8766=FACE_BOUND('',#8765,.T.);
#8767=ADVANCED_FACE('',(#8766),#8755,.F.);
#8768=CARTESIAN_POINT('',(39.853037002,-50.168114681,40.682833109));
#8769=DIRECTION('',(0.819152044,-0.,-0.573576436));
#8770=DIRECTION('',(-0.573576436,-0.,-0.819152044));
#8771=AXIS2_PLACEMENT_3D('',#8768,#8769,#8770);
#8772=PLANE('',#8771);
#8773=ORIENTED_EDGE('',*,*,#4458,.T.);
#8774=ORIENTED_EDGE('',*,*,#4427,.T.);
#8775=ORIENTED_EDGE('',*,*,#4485,.T.);
#8776=CARTESIAN_POINT('',(42.145261716,-45.168114681,43.956469266));
#8777=DIRECTION('',(-0.573576436,-0.,-0.819152044));
#8778=VECTOR('',#8777,8.179191915);
#8779=LINE('',#8776,#8778);
#8780=EDGE_CURVE('',#1675,#4453,#8779,.T.);
#8781=ORIENTED_EDGE('',*,*,#8780,.T.);
#8782=EDGE_LOOP('',(#8773,#8774,#8775,#8781));
#8783=FACE_BOUND('',#8782,.T.);
#8784=ADVANCED_FACE('',(#8783),#8772,.F.);
#8785=CARTESIAN_POINT('',(52.97596519,-45.168114681,40.585757955));
#8786=DIRECTION('',(-0.,-1.,0.));
#8787=DIRECTION('',(1.,-0.,0.));
#8788=AXIS2_PLACEMENT_3D('',#8785,#8786,#8787);
#8789=PLANE('',#8788);
#8790=ORIENTED_EDGE('',*,*,#8780,.F.);
#8791=ORIENTED_EDGE('',*,*,#1680,.F.);
#8792=ORIENTED_EDGE('',*,*,#8761,.F.);
#8793=ORIENTED_EDGE('',*,*,#5725,.F.);
#8794=EDGE_LOOP('',(#8790,#8791,#8792,#8793));
#8795=FACE_BOUND('',#8794,.T.);
#8796=ADVANCED_FACE('',(#8795),#8789,.T.);
#8797=CARTESIAN_POINT('',(41.853037002,-50.168114681,40.682833109));
#8798=DIRECTION('',(-0.819152044,0.,0.573576436));
#8799=DIRECTION('',(0.573576436,0.,0.819152044));
#8800=AXIS2_PLACEMENT_3D('',#8797,#8798,#8799);
#8801=PLANE('',#8800);
#8802=ORIENTED_EDGE('',*,*,#4449,.T.);
#8803=CARTESIAN_POINT('',(39.453869966,-45.168114681,37.256467488));
#8804=DIRECTION('',(0.573576436,0.,0.819152044));
#8805=VECTOR('',#8804,8.179191915);
#8806=LINE('',#8803,#8805);
#8807=EDGE_CURVE('',#4444,#1683,#8806,.T.);
#8808=ORIENTED_EDGE('',*,*,#8807,.T.);
#8809=ORIENTED_EDGE('',*,*,#4478,.T.);
#8810=ORIENTED_EDGE('',*,*,#4411,.T.);
#8811=EDGE_LOOP('',(#8802,#8808,#8809,#8810));
#8812=FACE_BOUND('',#8811,.T.);
#8813=ADVANCED_FACE('',(#8812),#8801,.F.);
#8814=CARTESIAN_POINT('',(42.853037002,-50.168114681,40.682833109));
#8815=DIRECTION('',(0.819152044,-0.,-0.573576436));
#8816=DIRECTION('',(-0.573576436,-0.,-0.819152044));
#8817=AXIS2_PLACEMENT_3D('',#8814,#8815,#8816);
#8818=PLANE('',#8817);
#8819=ORIENTED_EDGE('',*,*,#4365,.T.);
#8820=ORIENTED_EDGE('',*,*,#4334,.T.);
#8821=ORIENTED_EDGE('',*,*,#4392,.T.);
#8822=CARTESIAN_POINT('',(45.145261716,-45.168114681,43.956469266));
#8823=DIRECTION('',(-0.573576436,-0.,-0.819152044));
#8824=VECTOR('',#8823,8.179191915);
#8825=LINE('',#8822,#8824);
#8826=EDGE_CURVE('',#1691,#4360,#8825,.T.);
#8827=ORIENTED_EDGE('',*,*,#8826,.T.);
#8828=EDGE_LOOP('',(#8819,#8820,#8821,#8827));
#8829=FACE_BOUND('',#8828,.T.);
#8830=ADVANCED_FACE('',(#8829),#8818,.F.);
#8831=CARTESIAN_POINT('',(55.97596519,-45.168114681,40.585757955));
#8832=DIRECTION('',(-0.,-1.,0.));
#8833=DIRECTION('',(1.,-0.,0.));
#8834=AXIS2_PLACEMENT_3D('',#8831,#8832,#8833);
#8835=PLANE('',#8834);
#8836=ORIENTED_EDGE('',*,*,#8826,.F.);
#8837=ORIENTED_EDGE('',*,*,#1696,.F.);
#8838=ORIENTED_EDGE('',*,*,#8807,.F.);
#8839=ORIENTED_EDGE('',*,*,#5718,.F.);
#8840=EDGE_LOOP('',(#8836,#8837,#8838,#8839));
#8841=FACE_BOUND('',#8840,.T.);
#8842=ADVANCED_FACE('',(#8841),#8835,.T.);
#8843=CARTESIAN_POINT('',(44.853037002,-50.168114681,40.682833109));
#8844=DIRECTION('',(-0.819152044,0.,0.573576436));
#8845=DIRECTION('',(0.573576436,0.,0.819152044));
#8846=AXIS2_PLACEMENT_3D('',#8843,#8844,#8845);
#8847=PLANE('',#8846);
#8848=ORIENTED_EDGE('',*,*,#4356,.T.);
#8849=CARTESIAN_POINT('',(42.453869966,-45.168114681,37.256467488));
#8850=DIRECTION('',(0.573576436,0.,0.819152044));
#8851=VECTOR('',#8850,8.179191915);
#8852=LINE('',#8849,#8851);
#8853=EDGE_CURVE('',#4351,#1699,#8852,.T.);
#8854=ORIENTED_EDGE('',*,*,#8853,.T.);
#8855=ORIENTED_EDGE('',*,*,#4385,.T.);
#8856=ORIENTED_EDGE('',*,*,#4318,.T.);
#8857=EDGE_LOOP('',(#8848,#8854,#8855,#8856));
#8858=FACE_BOUND('',#8857,.T.);
#8859=ADVANCED_FACE('',(#8858),#8847,.F.);
#8860=CARTESIAN_POINT('',(45.853037002,-50.168114681,40.682833109));
#8861=DIRECTION('',(0.819152044,-0.,-0.573576436));
#8862=DIRECTION('',(-0.573576436,-0.,-0.819152044));
#8863=AXIS2_PLACEMENT_3D('',#8860,#8861,#8862);
#8864=PLANE('',#8863);
#8865=ORIENTED_EDGE('',*,*,#4294,.T.);
#8866=ORIENTED_EDGE('',*,*,#4231,.T.);
#8867=ORIENTED_EDGE('',*,*,#8171,.T.);
#8868=CARTESIAN_POINT('',(48.145261716,-45.168114681,43.956469266));
#8869=DIRECTION('',(-0.573576436,-0.,-0.819152044));
#8870=VECTOR('',#8869,8.179191915);
#8871=LINE('',#8868,#8870);
#8872=EDGE_CURVE('',#1707,#4289,#8871,.T.);
#8873=ORIENTED_EDGE('',*,*,#8872,.T.);
#8874=EDGE_LOOP('',(#8865,#8866,#8867,#8873));
#8875=FACE_BOUND('',#8874,.T.);
#8876=ADVANCED_FACE('',(#8875),#8864,.F.);
#8877=CARTESIAN_POINT('',(58.97596519,-45.168114681,40.585757955));
#8878=DIRECTION('',(-0.,-1.,0.));
#8879=DIRECTION('',(1.,-0.,0.));
#8880=AXIS2_PLACEMENT_3D('',#8877,#8878,#8879);
#8881=PLANE('',#8880);
#8882=ORIENTED_EDGE('',*,*,#8872,.F.);
#8883=ORIENTED_EDGE('',*,*,#1712,.F.);
#8884=ORIENTED_EDGE('',*,*,#8853,.F.);
#8885=ORIENTED_EDGE('',*,*,#5711,.F.);
#8886=EDGE_LOOP('',(#8882,#8883,#8884,#8885));
#8887=FACE_BOUND('',#8886,.T.);
#8888=ADVANCED_FACE('',(#8887),#8881,.T.);
#8889=CARTESIAN_POINT('',(47.853037002,-50.168114681,40.682833109));
#8890=DIRECTION('',(-0.819152044,0.,0.573576436));
#8891=DIRECTION('',(0.573576436,0.,0.819152044));
#8892=AXIS2_PLACEMENT_3D('',#8889,#8890,#8891);
#8893=PLANE('',#8892);
#8894=ORIENTED_EDGE('',*,*,#4285,.T.);
#8895=CARTESIAN_POINT('',(45.453869966,-45.168114681,37.256467488));
#8896=DIRECTION('',(0.573576436,0.,0.819152044));
#8897=VECTOR('',#8896,8.174709838);
#8898=LINE('',#8895,#8897);
#8899=EDGE_CURVE('',#4280,#4248,#8898,.T.);
#8900=ORIENTED_EDGE('',*,*,#8899,.T.);
#8901=ORIENTED_EDGE('',*,*,#4256,.T.);
#8902=ORIENTED_EDGE('',*,*,#8163,.T.);
#8903=ORIENTED_EDGE('',*,*,#4215,.T.);
#8904=EDGE_LOOP('',(#8894,#8900,#8901,#8902,#8903));
#8905=FACE_BOUND('',#8904,.T.);
#8906=ADVANCED_FACE('',(#8905),#8893,.F.);
#8907=CARTESIAN_POINT('',(48.853037002,-50.168114681,40.682833109));
#8908=DIRECTION('',(0.819152044,-0.,-0.573576436));
#8909=DIRECTION('',(-0.573576436,-0.,-0.819152044));
#8910=AXIS2_PLACEMENT_3D('',#8907,#8908,#8909);
#8911=PLANE('',#8910);
#8912=ORIENTED_EDGE('',*,*,#8131,.T.);
#8913=CARTESIAN_POINT('',(50.992010135,-45.168114681,43.737603326));
#8914=DIRECTION('',(-0.573576436,-0.,-0.819152044));
#8915=VECTOR('',#8914,7.912005937);
#8916=LINE('',#8913,#8915);
#8917=EDGE_CURVE('',#7707,#4186,#8916,.T.);
#8918=ORIENTED_EDGE('',*,*,#8917,.T.);
#8919=ORIENTED_EDGE('',*,*,#4191,.T.);
#8920=ORIENTED_EDGE('',*,*,#4160,.T.);
#8921=EDGE_LOOP('',(#8912,#8918,#8919,#8920));
#8922=FACE_BOUND('',#8921,.T.);
#8923=ADVANCED_FACE('',(#8922),#8911,.F.);
#8924=CARTESIAN_POINT('',(61.97596519,-45.168114681,40.585757955));
#8925=DIRECTION('',(-0.,-1.,0.));
#8926=DIRECTION('',(1.,-0.,0.));
#8927=AXIS2_PLACEMENT_3D('',#8924,#8925,#8926);
#8928=PLANE('',#8927);
#8929=ORIENTED_EDGE('',*,*,#8899,.F.);
#8930=ORIENTED_EDGE('',*,*,#5704,.F.);
#8931=ORIENTED_EDGE('',*,*,#8917,.F.);
#8932=ORIENTED_EDGE('',*,*,#7713,.F.);
#8933=EDGE_LOOP('',(#8929,#8930,#8931,#8932));
#8934=FACE_BOUND('',#8933,.T.);
#8935=ADVANCED_FACE('',(#8934),#8928,.T.);
#8936=CARTESIAN_POINT('',(50.853037002,-50.168114681,40.682833109));
#8937=DIRECTION('',(-0.819152044,0.,0.573576436));
#8938=DIRECTION('',(0.573576436,0.,0.819152044));
#8939=AXIS2_PLACEMENT_3D('',#8936,#8937,#8938);
#8940=PLANE('',#8939);
#8941=ORIENTED_EDGE('',*,*,#8123,.T.);
#8942=ORIENTED_EDGE('',*,*,#4143,.T.);
#8943=ORIENTED_EDGE('',*,*,#4182,.T.);
#8944=CARTESIAN_POINT('',(48.453869966,-45.168114681,37.256467488));
#8945=DIRECTION('',(0.573576436,0.,0.819152044));
#8946=VECTOR('',#8945,6.43120233);
#8947=LINE('',#8944,#8946);
#8948=EDGE_CURVE('',#4177,#7716,#8947,.T.);
#8949=ORIENTED_EDGE('',*,*,#8948,.T.);
#8950=EDGE_LOOP('',(#8941,#8942,#8943,#8949));
#8951=FACE_BOUND('',#8950,.T.);
#8952=ADVANCED_FACE('',(#8951),#8940,.F.);
#8953=CARTESIAN_POINT('',(51.853037002,-50.168114681,40.682833109));
#8954=DIRECTION('',(0.819152044,-0.,-0.573576436));
#8955=DIRECTION('',(-0.573576436,-0.,-0.819152044));
#8956=AXIS2_PLACEMENT_3D('',#8953,#8954,#8955);
#8957=PLANE('',#8956);
#8958=ORIENTED_EDGE('',*,*,#8083,.T.);
#8959=CARTESIAN_POINT('',(52.31278543,-45.168114681,41.339421909));
#8960=DIRECTION('',(-0.573576436,-0.,-0.819152044));
#8961=VECTOR('',#8960,4.984367004);
#8962=LINE('',#8959,#8961);
#8963=EDGE_CURVE('',#5623,#5686,#8962,.T.);
#8964=ORIENTED_EDGE('',*,*,#8963,.T.);
#8965=ORIENTED_EDGE('',*,*,#8146,.T.);
#8966=ORIENTED_EDGE('',*,*,#5562,.T.);
#8967=EDGE_LOOP('',(#8958,#8964,#8965,#8966));
#8968=FACE_BOUND('',#8967,.T.);
#8969=ADVANCED_FACE('',(#8968),#8957,.F.);
#8970=CARTESIAN_POINT('',(64.97596519,-45.168114681,40.585757955));
#8971=DIRECTION('',(-0.,-1.,0.));
#8972=DIRECTION('',(1.,-0.,0.));
#8973=AXIS2_PLACEMENT_3D('',#8970,#8971,#8972);
#8974=PLANE('',#8973);
#8975=ORIENTED_EDGE('',*,*,#7729,.F.);
#8976=ORIENTED_EDGE('',*,*,#8948,.F.);
#8977=ORIENTED_EDGE('',*,*,#5697,.F.);
#8978=ORIENTED_EDGE('',*,*,#8963,.F.);
#8979=ORIENTED_EDGE('',*,*,#5628,.F.);
#8980=EDGE_LOOP('',(#8975,#8976,#8977,#8978,#8979));
#8981=FACE_BOUND('',#8980,.T.);
#8982=ADVANCED_FACE('',(#8981),#8974,.T.);
#8983=CARTESIAN_POINT('',(0.01278543,-30.668114681,41.656469266));
#8984=DIRECTION('',(0.,-1.,0.));
#8985=DIRECTION('',(0.,-0.,-1.));
#8986=AXIS2_PLACEMENT_3D('',#8983,#8984,#8985);
#8987=CYLINDRICAL_SURFACE('',#8986,1.4);
#8988=ORIENTED_EDGE('',*,*,#4019,.T.);
#8989=ORIENTED_EDGE('',*,*,#2117,.F.);
#8990=ORIENTED_EDGE('',*,*,#532,.F.);
#8991=ORIENTED_EDGE('',*,*,#500,.T.);
#8992=EDGE_LOOP('',(#8988,#8989,#8990,#8991));
#8993=FACE_BOUND('',#8992,.T.);
#8994=ADVANCED_FACE('',(#8993),#8987,.F.);
#8995=CARTESIAN_POINT('',(50.01278543,-30.668114681,41.656469266));
#8996=DIRECTION('',(0.,-1.,0.));
#8997=DIRECTION('',(0.,-0.,-1.));
#8998=AXIS2_PLACEMENT_3D('',#8995,#8996,#8997);
#8999=CYLINDRICAL_SURFACE('',#8998,1.4);
#9000=ORIENTED_EDGE('',*,*,#4011,.T.);
#9001=ORIENTED_EDGE('',*,*,#2409,.F.);
#9002=ORIENTED_EDGE('',*,*,#3087,.F.);
#9003=ORIENTED_EDGE('',*,*,#2133,.T.);
#9004=EDGE_LOOP('',(#9000,#9001,#9002,#9003));
#9005=FACE_BOUND('',#9004,.T.);
#9006=ADVANCED_FACE('',(#9005),#8999,.F.);
#9007=CARTESIAN_POINT('',(50.01278543,-30.668114681,18.256467488));
#9008=DIRECTION('',(-0.,1.,-0.));
#9009=DIRECTION('',(0.,0.,1.));
#9010=AXIS2_PLACEMENT_3D('',#9007,#9008,#9009);
#9011=CYLINDRICAL_SURFACE('',#9010,1.4);
#9012=ORIENTED_EDGE('',*,*,#4003,.T.);
#9013=ORIENTED_EDGE('',*,*,#2617,.F.);
#9014=ORIENTED_EDGE('',*,*,#3549,.F.);
#9015=ORIENTED_EDGE('',*,*,#2425,.T.);
#9016=EDGE_LOOP('',(#9012,#9013,#9014,#9015));
#9017=FACE_BOUND('',#9016,.T.);
#9018=ADVANCED_FACE('',(#9017),#9011,.F.);
#9019=CARTESIAN_POINT('',(0.01278543,-30.668114681,18.256467488));
#9020=DIRECTION('',(-0.,1.,-0.));
#9021=DIRECTION('',(0.,0.,1.));
#9022=AXIS2_PLACEMENT_3D('',#9019,#9020,#9021);
#9023=CYLINDRICAL_SURFACE('',#9022,1.4);
#9024=ORIENTED_EDGE('',*,*,#3995,.T.);
#9025=ORIENTED_EDGE('',*,*,#2035,.F.);
#9026=ORIENTED_EDGE('',*,*,#3037,.F.);
#9027=ORIENTED_EDGE('',*,*,#2633,.T.);
#9028=EDGE_LOOP('',(#9024,#9025,#9026,#9027));
#9029=FACE_BOUND('',#9028,.T.);
#9030=ADVANCED_FACE('',(#9029),#9023,.F.);
#9031=CARTESIAN_POINT('',(48.590091478,-41.013209964,40.606469212));
#9032=DIRECTION('',(1.,-0.,-0.));
#9033=DIRECTION('',(-0.,-0.,-1.));
#9034=AXIS2_PLACEMENT_3D('',#9031,#9032,#9033);
#9035=CYLINDRICAL_SURFACE('',#9034,0.95000001);
#9036=CARTESIAN_POINT('',(51.31278543,-41.963209973,40.606469212));
#9037=VERTEX_POINT('',#9036);
#9038=CARTESIAN_POINT('',(51.971364073,-41.963209973,40.606469212));
#9039=VERTEX_POINT('',#9038);
#9040=CARTESIAN_POINT('',(51.31278543,-41.963209973,40.606469212));
#9041=DIRECTION('',(1.,-0.,-0.));
#9042=VECTOR('',#9041,0.658578644);
#9043=LINE('',#9040,#9042);
#9044=EDGE_CURVE('',#9037,#9039,#9043,.T.);
#9045=ORIENTED_EDGE('',*,*,#9044,.T.);
#9046=CARTESIAN_POINT('',(51.971364073,-41.013209964,39.656469203));
#9047=VERTEX_POINT('',#9046);
#9048=CARTESIAN_POINT('',(51.971364073,-41.013209964,40.606469212));
#9049=DIRECTION('',(1.,-0.,0.));
#9050=DIRECTION('',(0.,-0.,-1.));
#9051=AXIS2_PLACEMENT_3D('',#9048,#9049,#9050);
#9052=CIRCLE('',#9051,0.95000001);
#9053=EDGE_CURVE('',#9039,#9047,#9052,.T.);
#9054=ORIENTED_EDGE('',*,*,#9053,.T.);
#9055=CARTESIAN_POINT('',(51.31278543,-41.013209964,39.656469203));
#9056=VERTEX_POINT('',#9055);
#9057=CARTESIAN_POINT('',(51.31278543,-41.013209964,39.656469203));
#9058=DIRECTION('',(1.,-0.,-0.));
#9059=VECTOR('',#9058,0.658578644);
#9060=LINE('',#9057,#9059);
#9061=EDGE_CURVE('',#9056,#9047,#9060,.T.);
#9062=ORIENTED_EDGE('',*,*,#9061,.F.);
#9063=CARTESIAN_POINT('',(51.31278543,-41.013209964,40.606469212));
#9064=DIRECTION('',(1.,-0.,0.));
#9065=DIRECTION('',(0.,1.,-0.));
#9066=AXIS2_PLACEMENT_3D('',#9063,#9064,#9065);
#9067=CIRCLE('',#9066,0.95000001);
#9068=EDGE_CURVE('',#9037,#9056,#9067,.T.);
#9069=ORIENTED_EDGE('',*,*,#9068,.F.);
#9070=EDGE_LOOP('',(#9045,#9054,#9062,#9069));
#9071=FACE_BOUND('',#9070,.T.);
#9072=ADVANCED_FACE('',(#9071),#9035,.F.);
#9073=CARTESIAN_POINT('',(48.590091478,-37.793209931,39.656469203));
#9074=DIRECTION('',(-0.,-0.,-1.));
#9075=DIRECTION('',(-1.,0.,0.));
#9076=AXIS2_PLACEMENT_3D('',#9073,#9074,#9075);
#9077=PLANE('',#9076);
#9078=ORIENTED_EDGE('',*,*,#9061,.T.);
#9079=CARTESIAN_POINT('',(51.971364073,-34.573209899,39.656469203));
#9080=VERTEX_POINT('',#9079);
#9081=CARTESIAN_POINT('',(51.971364073,-41.013209964,39.656469203));
#9082=DIRECTION('',(0.,1.,-0.));
#9083=VECTOR('',#9082,6.440000065);
#9084=LINE('',#9081,#9083);
#9085=EDGE_CURVE('',#9047,#9080,#9084,.T.);
#9086=ORIENTED_EDGE('',*,*,#9085,.T.);
#9087=CARTESIAN_POINT('',(51.31278543,-34.573209899,39.656469203));
#9088=VERTEX_POINT('',#9087);
#9089=CARTESIAN_POINT('',(51.31278543,-34.573209899,39.656469203));
#9090=DIRECTION('',(1.,-0.,-0.));
#9091=VECTOR('',#9090,0.658578644);
#9092=LINE('',#9089,#9091);
#9093=EDGE_CURVE('',#9088,#9080,#9092,.T.);
#9094=ORIENTED_EDGE('',*,*,#9093,.F.);
#9095=CARTESIAN_POINT('',(51.31278543,-41.013209964,39.656469203));
#9096=DIRECTION('',(0.,1.,-0.));
#9097=VECTOR('',#9096,6.440000065);
#9098=LINE('',#9095,#9097);
#9099=EDGE_CURVE('',#9056,#9088,#9098,.T.);
#9100=ORIENTED_EDGE('',*,*,#9099,.F.);
#9101=EDGE_LOOP('',(#9078,#9086,#9094,#9100));
#9102=FACE_BOUND('',#9101,.T.);
#9103=ADVANCED_FACE('',(#9102),#9077,.F.);
#9104=CARTESIAN_POINT('',(48.590091478,-34.573209899,40.606469212));
#9105=DIRECTION('',(1.,-0.,-0.));
#9106=DIRECTION('',(-0.,-0.,-1.));
#9107=AXIS2_PLACEMENT_3D('',#9104,#9105,#9106);
#9108=CYLINDRICAL_SURFACE('',#9107,0.95000001);
#9109=ORIENTED_EDGE('',*,*,#9093,.T.);
#9110=CARTESIAN_POINT('',(51.971364073,-33.623209889,40.606469212));
#9111=VERTEX_POINT('',#9110);
#9112=CARTESIAN_POINT('',(51.971364073,-34.573209899,40.606469212));
#9113=DIRECTION('',(1.,-0.,0.));
#9114=DIRECTION('',(0.,-0.,-1.));
#9115=AXIS2_PLACEMENT_3D('',#9112,#9113,#9114);
#9116=CIRCLE('',#9115,0.95000001);
#9117=EDGE_CURVE('',#9080,#9111,#9116,.T.);
#9118=ORIENTED_EDGE('',*,*,#9117,.T.);
#9119=CARTESIAN_POINT('',(51.31278543,-33.623209889,40.606469212));
#9120=VERTEX_POINT('',#9119);
#9121=CARTESIAN_POINT('',(51.31278543,-33.623209889,40.606469212));
#9122=DIRECTION('',(1.,-0.,-0.));
#9123=VECTOR('',#9122,0.658578644);
#9124=LINE('',#9121,#9123);
#9125=EDGE_CURVE('',#9120,#9111,#9124,.T.);
#9126=ORIENTED_EDGE('',*,*,#9125,.F.);
#9127=CARTESIAN_POINT('',(51.31278543,-34.573209899,40.606469212));
#9128=DIRECTION('',(1.,-0.,0.));
#9129=DIRECTION('',(0.,1.,-0.));
#9130=AXIS2_PLACEMENT_3D('',#9127,#9128,#9129);
#9131=CIRCLE('',#9130,0.95000001);
#9132=EDGE_CURVE('',#9088,#9120,#9131,.T.);
#9133=ORIENTED_EDGE('',*,*,#9132,.F.);
#9134=EDGE_LOOP('',(#9109,#9118,#9126,#9133));
#9135=FACE_BOUND('',#9134,.T.);
#9136=ADVANCED_FACE('',(#9135),#9108,.F.);
#9137=CARTESIAN_POINT('',(48.590091478,-33.623209889,40.936469216));
#9138=DIRECTION('',(0.,1.,-0.));
#9139=DIRECTION('',(-1.,0.,-0.));
#9140=AXIS2_PLACEMENT_3D('',#9137,#9138,#9139);
#9141=PLANE('',#9140);
#9142=ORIENTED_EDGE('',*,*,#9125,.T.);
#9143=CARTESIAN_POINT('',(51.971364073,-33.62320989,41.266469219));
#9144=VERTEX_POINT('',#9143);
#9145=CARTESIAN_POINT('',(51.971364073,-33.623209889,40.606469212));
#9146=DIRECTION('',(-0.,0.,1.));
#9147=VECTOR('',#9146,0.660000007);
#9148=LINE('',#9145,#9147);
#9149=EDGE_CURVE('',#9111,#9144,#9148,.T.);
#9150=ORIENTED_EDGE('',*,*,#9149,.T.);
#9151=CARTESIAN_POINT('',(51.31278543,-33.623209889,41.266469219));
#9152=VERTEX_POINT('',#9151);
#9153=CARTESIAN_POINT('',(51.31278543,-33.623209889,41.266469219));
#9154=DIRECTION('',(1.,-0.,-0.));
#9155=VECTOR('',#9154,0.658578644);
#9156=LINE('',#9153,#9155);
#9157=EDGE_CURVE('',#9152,#9144,#9156,.T.);
#9158=ORIENTED_EDGE('',*,*,#9157,.F.);
#9159=CARTESIAN_POINT('',(51.31278543,-33.623209889,40.606469212));
#9160=DIRECTION('',(-0.,0.,1.));
#9161=VECTOR('',#9160,0.660000007);
#9162=LINE('',#9159,#9161);
#9163=EDGE_CURVE('',#9120,#9152,#9162,.T.);
#9164=ORIENTED_EDGE('',*,*,#9163,.F.);
#9165=EDGE_LOOP('',(#9142,#9150,#9158,#9164));
#9166=FACE_BOUND('',#9165,.T.);
#9167=ADVANCED_FACE('',(#9166),#9141,.F.);
#9168=CARTESIAN_POINT('',(48.590091478,-41.963209973,40.936469216));
#9169=DIRECTION('',(0.,1.,-0.));
#9170=DIRECTION('',(-1.,0.,-0.));
#9171=AXIS2_PLACEMENT_3D('',#9168,#9169,#9170);
#9172=PLANE('',#9171);
#9173=CARTESIAN_POINT('',(51.31278543,-41.963209973,41.266469219));
#9174=VERTEX_POINT('',#9173);
#9175=CARTESIAN_POINT('',(51.971364073,-41.963209973,41.266469219));
#9176=VERTEX_POINT('',#9175);
#9177=CARTESIAN_POINT('',(51.31278543,-41.963209973,41.266469219));
#9178=DIRECTION('',(1.,-0.,-0.));
#9179=VECTOR('',#9178,0.658578644);
#9180=LINE('',#9177,#9179);
#9181=EDGE_CURVE('',#9174,#9176,#9180,.T.);
#9182=ORIENTED_EDGE('',*,*,#9181,.T.);
#9183=CARTESIAN_POINT('',(51.971364073,-41.963209973,41.266469219));
#9184=DIRECTION('',(0.,-0.,-1.));
#9185=VECTOR('',#9184,0.660000007);
#9186=LINE('',#9183,#9185);
#9187=EDGE_CURVE('',#9176,#9039,#9186,.T.);
#9188=ORIENTED_EDGE('',*,*,#9187,.T.);
#9189=ORIENTED_EDGE('',*,*,#9044,.F.);
#9190=CARTESIAN_POINT('',(51.31278543,-41.963209973,40.606469212));
#9191=DIRECTION('',(-0.,0.,1.));
#9192=VECTOR('',#9191,0.660000007);
#9193=LINE('',#9190,#9192);
#9194=EDGE_CURVE('',#9037,#9174,#9193,.T.);
#9195=ORIENTED_EDGE('',*,*,#9194,.T.);
#9196=EDGE_LOOP('',(#9182,#9188,#9189,#9195));
#9197=FACE_BOUND('',#9196,.T.);
#9198=ADVANCED_FACE('',(#9197),#9172,.T.);
#9199=CARTESIAN_POINT('',(48.590091478,-34.573209899,41.266469219));
#9200=DIRECTION('',(1.,-0.,-0.));
#9201=DIRECTION('',(-0.,-0.,-1.));
#9202=AXIS2_PLACEMENT_3D('',#9199,#9200,#9201);
#9203=CYLINDRICAL_SURFACE('',#9202,0.95000001);
#9204=ORIENTED_EDGE('',*,*,#9157,.T.);
#9205=CARTESIAN_POINT('',(51.971364073,-33.679507509,41.588643172));
#9206=VERTEX_POINT('',#9205);
#9207=CARTESIAN_POINT('',(51.971364073,-34.573209899,41.266469219));
#9208=DIRECTION('',(1.,-0.,0.));
#9209=DIRECTION('',(0.,-0.,-1.));
#9210=AXIS2_PLACEMENT_3D('',#9207,#9208,#9209);
#9211=CIRCLE('',#9210,0.95000001);
#9212=EDGE_CURVE('',#9144,#9206,#9211,.T.);
#9213=ORIENTED_EDGE('',*,*,#9212,.T.);
#9214=CARTESIAN_POINT('',(51.929690682,-34.573210367,42.216469228));
#9215=VERTEX_POINT('',#9214);
#9216=CARTESIAN_POINT('',(51.971255447,-33.679509554,41.588648846));
#9217=CARTESIAN_POINT('',(51.982128523,-33.74591959,41.772864937));
#9218=CARTESIAN_POINT('',(51.968611353,-33.867979749,41.932076111));
#9219=CARTESIAN_POINT('',(51.9555675,-34.027263241,42.04392807));
#9220=CARTESIAN_POINT('',(51.949045574,-34.106904987,42.09985405));
#9221=CARTESIAN_POINT('',(51.943060035,-34.194206463,42.142979662));
#9222=CARTESIAN_POINT('',(51.938183663,-34.286715729,42.172240221));
#9223=CARTESIAN_POINT('',(51.933307291,-34.379224994,42.201500781));
#9224=CARTESIAN_POINT('',(51.92969091,-34.47631414,42.216469276));
#9225=CARTESIAN_POINT('',(51.929690682,-34.573210367,42.216469228));
#9226=B_SPLINE_CURVE_WITH_KNOTS('',3,(#9216,#9217,#9218,#9219,#9220,#9221,#9222,#9223,#9224,#9225),.UNSPECIFIED.,.F.,.F.,(4,3,3,4),(0.0014238,0.001996627,0.00228304,0.002569453),.UNSPECIFIED.);
#9227=EDGE_CURVE('',#9206,#9215,#9226,.T.);
#9228=ORIENTED_EDGE('',*,*,#9227,.T.);
#9229=CARTESIAN_POINT('',(51.31278543,-34.573209899,42.216469228));
#9230=VERTEX_POINT('',#9229);
#9231=CARTESIAN_POINT('',(51.31278543,-34.573209899,42.216469228));
#9232=DIRECTION('',(1.,-0.,-0.));
#9233=VECTOR('',#9232,0.616905252);
#9234=LINE('',#9231,#9233);
#9235=EDGE_CURVE('',#9230,#9215,#9234,.T.);
#9236=ORIENTED_EDGE('',*,*,#9235,.F.);
#9237=CARTESIAN_POINT('',(51.31278543,-34.573209899,41.266469219));
#9238=DIRECTION('',(1.,-0.,0.));
#9239=DIRECTION('',(0.,1.,-0.));
#9240=AXIS2_PLACEMENT_3D('',#9237,#9238,#9239);
#9241=CIRCLE('',#9240,0.95000001);
#9242=EDGE_CURVE('',#9152,#9230,#9241,.T.);
#9243=ORIENTED_EDGE('',*,*,#9242,.F.);
#9244=EDGE_LOOP('',(#9204,#9213,#9228,#9236,#9243));
#9245=FACE_BOUND('',#9244,.T.);
#9246=ADVANCED_FACE('',(#9245),#9203,.F.);
#9247=CARTESIAN_POINT('',(48.590091478,-37.793209931,42.216469228));
#9248=DIRECTION('',(-0.,-0.,-1.));
#9249=DIRECTION('',(-1.,0.,0.));
#9250=AXIS2_PLACEMENT_3D('',#9247,#9248,#9249);
#9251=PLANE('',#9250);
#9252=ORIENTED_EDGE('',*,*,#9235,.T.);
#9253=CARTESIAN_POINT('',(51.929690682,-41.013209964,42.216469228));
#9254=VERTEX_POINT('',#9253);
#9255=CARTESIAN_POINT('',(51.929690682,-34.573210367,42.216469228));
#9256=DIRECTION('',(-0.,-1.,0.));
#9257=VECTOR('',#9256,6.439999597);
#9258=LINE('',#9255,#9257);
#9259=EDGE_CURVE('',#9215,#9254,#9258,.T.);
#9260=ORIENTED_EDGE('',*,*,#9259,.T.);
#9261=CARTESIAN_POINT('',(51.31278543,-41.013209964,42.216469228));
#9262=VERTEX_POINT('',#9261);
#9263=CARTESIAN_POINT('',(51.31278543,-41.013209964,42.216469228));
#9264=DIRECTION('',(1.,-0.,-0.));
#9265=VECTOR('',#9264,0.616905252);
#9266=LINE('',#9263,#9265);
#9267=EDGE_CURVE('',#9262,#9254,#9266,.T.);
#9268=ORIENTED_EDGE('',*,*,#9267,.F.);
#9269=CARTESIAN_POINT('',(51.31278543,-41.013209964,42.216469228));
#9270=DIRECTION('',(0.,1.,-0.));
#9271=VECTOR('',#9270,6.440000065);
#9272=LINE('',#9269,#9271);
#9273=EDGE_CURVE('',#9262,#9230,#9272,.T.);
#9274=ORIENTED_EDGE('',*,*,#9273,.T.);
#9275=EDGE_LOOP('',(#9252,#9260,#9268,#9274));
#9276=FACE_BOUND('',#9275,.T.);
#9277=ADVANCED_FACE('',(#9276),#9251,.T.);
#9278=CARTESIAN_POINT('',(48.590091478,-41.013209964,41.266469219));
#9279=DIRECTION('',(1.,-0.,-0.));
#9280=DIRECTION('',(-0.,-0.,-1.));
#9281=AXIS2_PLACEMENT_3D('',#9278,#9279,#9280);
#9282=CYLINDRICAL_SURFACE('',#9281,0.95000001);
#9283=ORIENTED_EDGE('',*,*,#9267,.T.);
#9284=CARTESIAN_POINT('',(51.971364073,-41.906912354,41.588643171));
#9285=VERTEX_POINT('',#9284);
#9286=CARTESIAN_POINT('',(51.929690682,-41.013209964,42.216469228));
#9287=CARTESIAN_POINT('',(51.929690681,-41.208112611,42.216469229));
#9288=CARTESIAN_POINT('',(51.942393314,-41.399263542,42.156020461));
#9289=CARTESIAN_POINT('',(51.955509186,-41.558543923,42.044357959));
#9290=CARTESIAN_POINT('',(51.968625058,-41.717824303,41.932695457));
#9291=CARTESIAN_POINT('',(51.982120223,-41.840556179,41.772709858));
#9292=CARTESIAN_POINT('',(51.971255429,-41.906910308,41.588648847));
#9293=B_SPLINE_CURVE_WITH_KNOTS('',3,(#9286,#9287,#9288,#9289,#9290,#9291,#9292),.UNSPECIFIED.,.F.,.F.,(4,3,4),(0.001421944,0.001994017,0.002566089),.UNSPECIFIED.);
#9294=EDGE_CURVE('',#9254,#9285,#9293,.T.);
#9295=ORIENTED_EDGE('',*,*,#9294,.T.);
#9296=CARTESIAN_POINT('',(51.971364073,-41.013209964,41.266469219));
#9297=DIRECTION('',(1.,-0.,0.));
#9298=DIRECTION('',(0.,-0.,-1.));
#9299=AXIS2_PLACEMENT_3D('',#9296,#9297,#9298);
#9300=CIRCLE('',#9299,0.95000001);
#9301=EDGE_CURVE('',#9285,#9176,#9300,.T.);
#9302=ORIENTED_EDGE('',*,*,#9301,.T.);
#9303=ORIENTED_EDGE('',*,*,#9181,.F.);
#9304=CARTESIAN_POINT('',(51.31278543,-41.013209964,41.266469219));
#9305=DIRECTION('',(1.,-0.,0.));
#9306=DIRECTION('',(0.,1.,-0.));
#9307=AXIS2_PLACEMENT_3D('',#9304,#9305,#9306);
#9308=CIRCLE('',#9307,0.95000001);
#9309=EDGE_CURVE('',#9262,#9174,#9308,.T.);
#9310=ORIENTED_EDGE('',*,*,#9309,.F.);
#9311=EDGE_LOOP('',(#9283,#9295,#9302,#9303,#9310));
#9312=FACE_BOUND('',#9311,.T.);
#9313=ADVANCED_FACE('',(#9312),#9282,.F.);
#9314=CARTESIAN_POINT('',(50.790091478,-41.113209961,40.506469215));
#9315=DIRECTION('',(1.,-0.,-0.));
#9316=DIRECTION('',(-0.,-0.,-1.));
#9317=AXIS2_PLACEMENT_3D('',#9314,#9315,#9316);
#9318=CYLINDRICAL_SURFACE('',#9317,1.250000013);
#9319=CARTESIAN_POINT('',(51.31278543,-42.363209973,40.506469215));
#9320=VERTEX_POINT('',#9319);
#9321=CARTESIAN_POINT('',(51.01278543,-42.363209973,40.506469215));
#9322=DIRECTION('',(1.,-0.,-0.));
#9323=VECTOR('',#9322,0.3);
#9324=LINE('',#9321,#9323);
#9325=EDGE_CURVE('',#3645,#9320,#9324,.T.);
#9326=ORIENTED_EDGE('',*,*,#9325,.T.);
#9327=CARTESIAN_POINT('',(51.31278543,-41.113209961,39.256469203));
#9328=VERTEX_POINT('',#9327);
#9329=CARTESIAN_POINT('',(51.31278543,-41.113209961,40.506469215));
#9330=DIRECTION('',(1.,-0.,0.));
#9331=DIRECTION('',(0.,1.,-0.));
#9332=AXIS2_PLACEMENT_3D('',#9329,#9330,#9331);
#9333=CIRCLE('',#9332,1.250000013);
#9334=EDGE_CURVE('',#9320,#9328,#9333,.T.);
#9335=ORIENTED_EDGE('',*,*,#9334,.T.);
#9336=CARTESIAN_POINT('',(51.01278543,-41.113209961,39.256469203));
#9337=DIRECTION('',(1.,-0.,-0.));
#9338=VECTOR('',#9337,0.3);
#9339=LINE('',#9336,#9338);
#9340=EDGE_CURVE('',#3647,#9328,#9339,.T.);
#9341=ORIENTED_EDGE('',*,*,#9340,.F.);
#9342=ORIENTED_EDGE('',*,*,#3653,.F.);
#9343=EDGE_LOOP('',(#9326,#9335,#9341,#9342));
#9344=FACE_BOUND('',#9343,.T.);
#9345=ADVANCED_FACE('',(#9344),#9318,.F.);
#9346=CARTESIAN_POINT('',(50.790091478,-37.793209931,39.256469203));
#9347=DIRECTION('',(-0.,-0.,-1.));
#9348=DIRECTION('',(-1.,0.,0.));
#9349=AXIS2_PLACEMENT_3D('',#9346,#9347,#9348);
#9350=PLANE('',#9349);
#9351=ORIENTED_EDGE('',*,*,#9340,.T.);
#9352=CARTESIAN_POINT('',(51.31278543,-34.473209902,39.256469203));
#9353=VERTEX_POINT('',#9352);
#9354=CARTESIAN_POINT('',(51.31278543,-41.113209961,39.256469203));
#9355=DIRECTION('',(0.,1.,-0.));
#9356=VECTOR('',#9355,6.640000059);
#9357=LINE('',#9354,#9356);
#9358=EDGE_CURVE('',#9328,#9353,#9357,.T.);
#9359=ORIENTED_EDGE('',*,*,#9358,.T.);
#9360=CARTESIAN_POINT('',(51.01278543,-34.473209902,39.256469203));
#9361=DIRECTION('',(1.,-0.,-0.));
#9362=VECTOR('',#9361,0.3);
#9363=LINE('',#9360,#9362);
#9364=EDGE_CURVE('',#1839,#9353,#9363,.T.);
#9365=ORIENTED_EDGE('',*,*,#9364,.F.);
#9366=ORIENTED_EDGE('',*,*,#1844,.F.);
#9367=ORIENTED_EDGE('',*,*,#7295,.T.);
#9368=CARTESIAN_POINT('',(50.11278543,-31.968114681,39.256469203));
#9369=DIRECTION('',(-0.,-1.,0.));
#9370=VECTOR('',#9369,12.2);
#9371=LINE('',#9368,#9370);
#9372=EDGE_CURVE('',#7284,#791,#9371,.T.);
#9373=ORIENTED_EDGE('',*,*,#9372,.T.);
#9374=ORIENTED_EDGE('',*,*,#796,.F.);
#9375=ORIENTED_EDGE('',*,*,#3659,.F.);
#9376=EDGE_LOOP('',(#9351,#9359,#9365,#9366,#9367,#9373,#9374,#9375));
#9377=FACE_BOUND('',#9376,.T.);
#9378=ADVANCED_FACE('',(#9377),#9350,.F.);
#9379=CARTESIAN_POINT('',(50.790091478,-34.473209902,40.506469215));
#9380=DIRECTION('',(1.,-0.,-0.));
#9381=DIRECTION('',(-0.,-0.,-1.));
#9382=AXIS2_PLACEMENT_3D('',#9379,#9380,#9381);
#9383=CYLINDRICAL_SURFACE('',#9382,1.250000013);
#9384=ORIENTED_EDGE('',*,*,#9364,.T.);
#9385=CARTESIAN_POINT('',(51.31278543,-33.223209889,40.506469215));
#9386=VERTEX_POINT('',#9385);
#9387=CARTESIAN_POINT('',(51.31278543,-34.473209902,40.506469215));
#9388=DIRECTION('',(1.,-0.,0.));
#9389=DIRECTION('',(0.,1.,-0.));
#9390=AXIS2_PLACEMENT_3D('',#9387,#9388,#9389);
#9391=CIRCLE('',#9390,1.250000013);
#9392=EDGE_CURVE('',#9353,#9386,#9391,.T.);
#9393=ORIENTED_EDGE('',*,*,#9392,.T.);
#9394=CARTESIAN_POINT('',(51.01278543,-33.223209889,40.506469215));
#9395=DIRECTION('',(1.,-0.,-0.));
#9396=VECTOR('',#9395,0.3);
#9397=LINE('',#9394,#9396);
#9398=EDGE_CURVE('',#1847,#9386,#9397,.T.);
#9399=ORIENTED_EDGE('',*,*,#9398,.F.);
#9400=ORIENTED_EDGE('',*,*,#1853,.F.);
#9401=EDGE_LOOP('',(#9384,#9393,#9399,#9400));
#9402=FACE_BOUND('',#9401,.T.);
#9403=ADVANCED_FACE('',(#9402),#9383,.F.);
#9404=CARTESIAN_POINT('',(50.790091478,-33.223209889,40.936469216));
#9405=DIRECTION('',(0.,1.,-0.));
#9406=DIRECTION('',(-1.,0.,-0.));
#9407=AXIS2_PLACEMENT_3D('',#9404,#9405,#9406);
#9408=PLANE('',#9407);
#9409=ORIENTED_EDGE('',*,*,#9398,.T.);
#9410=CARTESIAN_POINT('',(51.31278543,-33.223209889,41.366469216));
#9411=VERTEX_POINT('',#9410);
#9412=CARTESIAN_POINT('',(51.31278543,-33.223209889,40.506469215));
#9413=DIRECTION('',(-0.,0.,1.));
#9414=VECTOR('',#9413,0.860000001);
#9415=LINE('',#9412,#9414);
#9416=EDGE_CURVE('',#9386,#9411,#9415,.T.);
#9417=ORIENTED_EDGE('',*,*,#9416,.T.);
#9418=CARTESIAN_POINT('',(51.01278543,-33.223209889,41.366469216));
#9419=DIRECTION('',(1.,-0.,-0.));
#9420=VECTOR('',#9419,0.3);
#9421=LINE('',#9418,#9420);
#9422=EDGE_CURVE('',#1856,#9411,#9421,.T.);
#9423=ORIENTED_EDGE('',*,*,#9422,.F.);
#9424=ORIENTED_EDGE('',*,*,#1861,.F.);
#9425=EDGE_LOOP('',(#9409,#9417,#9423,#9424));
#9426=FACE_BOUND('',#9425,.T.);
#9427=ADVANCED_FACE('',(#9426),#9408,.F.);
#9428=CARTESIAN_POINT('',(50.790091478,-42.363209973,40.936469216));
#9429=DIRECTION('',(-0.,-1.,0.));
#9430=DIRECTION('',(1.,-0.,0.));
#9431=AXIS2_PLACEMENT_3D('',#9428,#9429,#9430);
#9432=PLANE('',#9431);
#9433=CARTESIAN_POINT('',(51.31278543,-42.363209973,41.366469216));
#9434=VERTEX_POINT('',#9433);
#9435=CARTESIAN_POINT('',(51.01278543,-42.363209973,41.366469216));
#9436=DIRECTION('',(1.,-0.,-0.));
#9437=VECTOR('',#9436,0.3);
#9438=LINE('',#9435,#9437);
#9439=EDGE_CURVE('',#3671,#9434,#9438,.T.);
#9440=ORIENTED_EDGE('',*,*,#9439,.T.);
#9441=CARTESIAN_POINT('',(51.31278543,-42.363209973,41.366469216));
#9442=DIRECTION('',(0.,-0.,-1.));
#9443=VECTOR('',#9442,0.860000001);
#9444=LINE('',#9441,#9443);
#9445=EDGE_CURVE('',#9434,#9320,#9444,.T.);
#9446=ORIENTED_EDGE('',*,*,#9445,.T.);
#9447=ORIENTED_EDGE('',*,*,#9325,.F.);
#9448=ORIENTED_EDGE('',*,*,#3683,.F.);
#9449=EDGE_LOOP('',(#9440,#9446,#9447,#9448));
#9450=FACE_BOUND('',#9449,.T.);
#9451=ADVANCED_FACE('',(#9450),#9432,.F.);
#9452=CARTESIAN_POINT('',(50.790091478,-34.473209902,41.366469216));
#9453=DIRECTION('',(1.,-0.,-0.));
#9454=DIRECTION('',(-0.,-0.,-1.));
#9455=AXIS2_PLACEMENT_3D('',#9452,#9453,#9454);
#9456=CYLINDRICAL_SURFACE('',#9455,1.250000013);
#9457=ORIENTED_EDGE('',*,*,#9422,.T.);
#9458=CARTESIAN_POINT('',(51.31278543,-34.473209902,42.616469228));
#9459=VERTEX_POINT('',#9458);
#9460=CARTESIAN_POINT('',(51.31278543,-34.473209902,41.366469216));
#9461=DIRECTION('',(1.,-0.,0.));
#9462=DIRECTION('',(0.,1.,-0.));
#9463=AXIS2_PLACEMENT_3D('',#9460,#9461,#9462);
#9464=CIRCLE('',#9463,1.250000013);
#9465=EDGE_CURVE('',#9411,#9459,#9464,.T.);
#9466=ORIENTED_EDGE('',*,*,#9465,.T.);
#9467=CARTESIAN_POINT('',(50.40278543,-34.473209902,42.616469228));
#9468=VERTEX_POINT('',#9467);
#9469=CARTESIAN_POINT('',(50.40278543,-34.473209902,42.616469228));
#9470=DIRECTION('',(1.,-0.,-0.));
#9471=VECTOR('',#9470,0.91);
#9472=LINE('',#9469,#9471);
#9473=EDGE_CURVE('',#9468,#9459,#9472,.T.);
#9474=ORIENTED_EDGE('',*,*,#9473,.F.);
#9475=CARTESIAN_POINT('',(50.40278543,-34.473209902,41.366469216));
#9476=DIRECTION('',(1.,-0.,-0.));
#9477=DIRECTION('',(-0.,-0.,-1.));
#9478=AXIS2_PLACEMENT_3D('',#9475,#9476,#9477);
#9479=CIRCLE('',#9478,1.250000013);
#9480=EDGE_CURVE('',#4031,#9468,#9479,.T.);
#9481=ORIENTED_EDGE('',*,*,#9480,.F.);
#9482=ORIENTED_EDGE('',*,*,#4049,.F.);
#9483=ORIENTED_EDGE('',*,*,#1870,.F.);
#9484=EDGE_LOOP('',(#9457,#9466,#9474,#9481,#9482,#9483));
#9485=FACE_BOUND('',#9484,.T.);
#9486=ADVANCED_FACE('',(#9485),#9456,.F.);
#9487=CARTESIAN_POINT('',(50.790091478,-41.113209961,41.366469216));
#9488=DIRECTION('',(1.,-0.,-0.));
#9489=DIRECTION('',(-0.,-0.,-1.));
#9490=AXIS2_PLACEMENT_3D('',#9487,#9488,#9489);
#9491=CYLINDRICAL_SURFACE('',#9490,1.250000013);
#9492=ORIENTED_EDGE('',*,*,#4073,.F.);
#9493=CARTESIAN_POINT('',(50.40278543,-41.113209961,42.616469228));
#9494=VERTEX_POINT('',#9493);
#9495=CARTESIAN_POINT('',(50.40278543,-41.113209961,41.366469216));
#9496=DIRECTION('',(1.,-0.,-0.));
#9497=DIRECTION('',(-0.,-0.,-1.));
#9498=AXIS2_PLACEMENT_3D('',#9495,#9496,#9497);
#9499=CIRCLE('',#9498,1.250000013);
#9500=EDGE_CURVE('',#9494,#4052,#9499,.T.);
#9501=ORIENTED_EDGE('',*,*,#9500,.F.);
#9502=CARTESIAN_POINT('',(51.31278543,-41.113209961,42.616469228));
#9503=VERTEX_POINT('',#9502);
#9504=CARTESIAN_POINT('',(50.40278543,-41.113209961,42.616469228));
#9505=DIRECTION('',(1.,-0.,-0.));
#9506=VECTOR('',#9505,0.91);
#9507=LINE('',#9504,#9506);
#9508=EDGE_CURVE('',#9494,#9503,#9507,.T.);
#9509=ORIENTED_EDGE('',*,*,#9508,.T.);
#9510=CARTESIAN_POINT('',(51.31278543,-41.113209961,41.366469216));
#9511=DIRECTION('',(1.,-0.,0.));
#9512=DIRECTION('',(0.,1.,-0.));
#9513=AXIS2_PLACEMENT_3D('',#9510,#9511,#9512);
#9514=CIRCLE('',#9513,1.250000013);
#9515=EDGE_CURVE('',#9503,#9434,#9514,.T.);
#9516=ORIENTED_EDGE('',*,*,#9515,.T.);
#9517=ORIENTED_EDGE('',*,*,#9439,.F.);
#9518=ORIENTED_EDGE('',*,*,#3677,.F.);
#9519=EDGE_LOOP('',(#9492,#9501,#9509,#9516,#9517,#9518));
#9520=FACE_BOUND('',#9519,.T.);
#9521=ADVANCED_FACE('',(#9520),#9491,.F.);
#9522=CARTESIAN_POINT('',(50.40278543,-37.793209931,40.936469216));
#9523=DIRECTION('',(1.,-0.,-0.));
#9524=DIRECTION('',(-0.,-0.,-1.));
#9525=AXIS2_PLACEMENT_3D('',#9522,#9523,#9524);
#9526=PLANE('',#9525);
#9527=ORIENTED_EDGE('',*,*,#4057,.T.);
#9528=ORIENTED_EDGE('',*,*,#9480,.T.);
#9529=CARTESIAN_POINT('',(50.40278543,-41.113209961,42.616469228));
#9530=DIRECTION('',(0.,1.,-0.));
#9531=VECTOR('',#9530,6.640000059);
#9532=LINE('',#9529,#9531);
#9533=EDGE_CURVE('',#9494,#9468,#9532,.T.);
#9534=ORIENTED_EDGE('',*,*,#9533,.F.);
#9535=ORIENTED_EDGE('',*,*,#9500,.T.);
#9536=EDGE_LOOP('',(#9527,#9528,#9534,#9535));
#9537=FACE_BOUND('',#9536,.T.);
#9538=ADVANCED_FACE('',(#9537),#9526,.T.);
#9539=CARTESIAN_POINT('',(50.790091478,-37.793209931,42.616469228));
#9540=DIRECTION('',(-0.,-0.,-1.));
#9541=DIRECTION('',(-1.,0.,0.));
#9542=AXIS2_PLACEMENT_3D('',#9539,#9540,#9541);
#9543=PLANE('',#9542);
#9544=CARTESIAN_POINT('',(51.31278543,-41.113209961,42.616469228));
#9545=DIRECTION('',(0.,1.,-0.));
#9546=VECTOR('',#9545,6.640000059);
#9547=LINE('',#9544,#9546);
#9548=EDGE_CURVE('',#9503,#9459,#9547,.T.);
#9549=ORIENTED_EDGE('',*,*,#9548,.F.);
#9550=ORIENTED_EDGE('',*,*,#9508,.F.);
#9551=ORIENTED_EDGE('',*,*,#9533,.T.);
#9552=ORIENTED_EDGE('',*,*,#9473,.T.);
#9553=EDGE_LOOP('',(#9549,#9550,#9551,#9552));
#9554=FACE_BOUND('',#9553,.T.);
#9555=ADVANCED_FACE('',(#9554),#9543,.T.);
#9556=CARTESIAN_POINT('',(51.31278543,-49.230832487,30.456468377));
#9557=DIRECTION('',(1.,-0.,0.));
#9558=DIRECTION('',(0.,1.,-0.));
#9559=AXIS2_PLACEMENT_3D('',#9556,#9557,#9558);
#9560=PLANE('',#9559);
#9561=ORIENTED_EDGE('',*,*,#9099,.T.);
#9562=ORIENTED_EDGE('',*,*,#9132,.T.);
#9563=ORIENTED_EDGE('',*,*,#9163,.T.);
#9564=ORIENTED_EDGE('',*,*,#9242,.T.);
#9565=ORIENTED_EDGE('',*,*,#9273,.F.);
#9566=ORIENTED_EDGE('',*,*,#9309,.T.);
#9567=ORIENTED_EDGE('',*,*,#9194,.F.);
#9568=ORIENTED_EDGE('',*,*,#9068,.T.);
#9569=EDGE_LOOP('',(#9561,#9562,#9563,#9564,#9565,#9566,#9567,#9568));
#9570=FACE_BOUND('',#9569,.T.);
#9571=ORIENTED_EDGE('',*,*,#9334,.F.);
#9572=ORIENTED_EDGE('',*,*,#9445,.F.);
#9573=ORIENTED_EDGE('',*,*,#9515,.F.);
#9574=ORIENTED_EDGE('',*,*,#9548,.T.);
#9575=ORIENTED_EDGE('',*,*,#9465,.F.);
#9576=ORIENTED_EDGE('',*,*,#9416,.F.);
#9577=ORIENTED_EDGE('',*,*,#9392,.F.);
#9578=ORIENTED_EDGE('',*,*,#9358,.F.);
#9579=EDGE_LOOP('',(#9571,#9572,#9573,#9574,#9575,#9576,#9577,#9578));
#9580=FACE_BOUND('',#9579,.T.);
#9581=ADVANCED_FACE('',(#9570,#9580),#9560,.F.);
#9582=CARTESIAN_POINT('',(52.105963465,-55.430832487,42.463629209));
#9583=DIRECTION('',(-0.814154008,0.,0.580648991));
#9584=DIRECTION('',(0.,1.,-0.));
#9585=AXIS2_PLACEMENT_3D('',#9582,#9583,#9584);
#9586=PLANE('',#9585);
#9587=CARTESIAN_POINT('',(51.929690682,-41.013209964,42.216469228));
#9588=DIRECTION('',(0.580648991,0.,0.814154008));
#9589=VECTOR('',#9588,0.371013818);
#9590=LINE('',#9587,#9589);
#9591=EDGE_CURVE('',#9254,#7662,#9590,.T.);
#9592=ORIENTED_EDGE('',*,*,#9591,.F.);
#9593=ORIENTED_EDGE('',*,*,#9259,.F.);
#9594=CARTESIAN_POINT('',(52.145119481,-34.573209899,42.518531615));
#9595=DIRECTION('',(-0.580648991,-0.,-0.814154008));
#9596=VECTOR('',#9595,0.371013818);
#9597=LINE('',#9594,#9596);
#9598=EDGE_CURVE('',#7664,#9215,#9597,.T.);
#9599=ORIENTED_EDGE('',*,*,#9598,.F.);
#9600=ORIENTED_EDGE('',*,*,#7669,.F.);
#9601=EDGE_LOOP('',(#9592,#9593,#9599,#9600));
#9602=FACE_BOUND('',#9601,.T.);
#9603=ADVANCED_FACE('',(#9602),#9586,.F.);
#9604=CARTESIAN_POINT('',(51.971460804,-33.680849344,41.592329603));
#9605=CARTESIAN_POINT('',(51.978654343,-33.74104367,41.751051667));
#9606=CARTESIAN_POINT('',(51.967680838,-33.849623387,41.904291201));
#9607=CARTESIAN_POINT('',(51.953064793,-34.003828901,42.01970905));
#9608=CARTESIAN_POINT('',(51.945766175,-34.082243634,42.077356031));
#9609=CARTESIAN_POINT('',(51.938412924,-34.172194924,42.124223308));
#9610=CARTESIAN_POINT('',(51.932760103,-34.268483546,42.156960901));
#9611=CARTESIAN_POINT('',(51.927306472,-34.365209189,42.189233707));
#9612=CARTESIAN_POINT('',(51.923610958,-34.468519576,42.207342103));
#9613=CARTESIAN_POINT('',(51.923450016,-34.5732099,42.207718911));
#9614=CARTESIAN_POINT('',(51.923450016,-34.573210054,42.207718911));
#9615=CARTESIAN_POINT('',(51.923450016,-34.573210209,42.207718911));
#9616=CARTESIAN_POINT('',(51.923450016,-34.573210364,42.207718911));
#9617=CARTESIAN_POINT('',(51.980710433,-33.672071341,41.595285501));
#9618=CARTESIAN_POINT('',(51.987610838,-33.733158901,41.756583604));
#9619=CARTESIAN_POINT('',(51.975770667,-33.843415473,41.911411365));
#9620=CARTESIAN_POINT('',(51.960472685,-33.999242737,42.027611486));
#9621=CARTESIAN_POINT('',(51.952831945,-34.078467794,42.085642647));
#9622=CARTESIAN_POINT('',(51.945186988,-34.169214674,42.132722738));
#9623=CARTESIAN_POINT('',(51.939327559,-34.266273348,42.165578181));
#9624=CARTESIAN_POINT('',(51.933667854,-34.363769637,42.197964862));
#9625=CARTESIAN_POINT('',(51.929852008,-34.467819935,42.216091138));
#9626=CARTESIAN_POINT('',(51.929690682,-34.573209899,42.216469228));
#9627=CARTESIAN_POINT('',(51.929690682,-34.573210055,42.216469228));
#9628=CARTESIAN_POINT('',(51.929690682,-34.573210211,42.216469228));
#9629=CARTESIAN_POINT('',(51.929690682,-34.573210367,42.216469228));
#9630=CARTESIAN_POINT('',(52.042098139,-33.613881354,41.615034738));
#9631=CARTESIAN_POINT('',(52.047043307,-33.680901011,41.793382751));
#9632=CARTESIAN_POINT('',(52.029448825,-33.802280586,41.958715573));
#9633=CARTESIAN_POINT('',(52.009626264,-33.968851495,42.080076545));
#9634=CARTESIAN_POINT('',(51.999716207,-34.053446892,42.140648098));
#9635=CARTESIAN_POINT('',(51.99013636,-34.149464907,42.189133205));
#9636=CARTESIAN_POINT('',(51.982906594,-34.251625196,42.222765557));
#9637=CARTESIAN_POINT('',(51.975879944,-34.3542278,42.255904664));
#9638=CARTESIAN_POINT('',(51.971265935,-34.463181767,42.274147965));
#9639=CARTESIAN_POINT('',(51.971102165,-34.573209898,42.274534128));
#9640=CARTESIAN_POINT('',(51.971102165,-34.573210061,42.274534128));
#9641=CARTESIAN_POINT('',(51.971102165,-34.573210224,42.274534128));
#9642=CARTESIAN_POINT('',(51.971102165,-34.573210387,42.274534128));
#9643=CARTESIAN_POINT('',(52.242074751,-33.424839322,41.680449412));
#9644=CARTESIAN_POINT('',(52.240574624,-33.511250198,41.914005404));
#9645=CARTESIAN_POINT('',(52.204214173,-33.668843604,42.113278065));
#9646=CARTESIAN_POINT('',(52.169665251,-33.870263087,42.251185099));
#9647=CARTESIAN_POINT('',(52.152374291,-33.972291404,42.319948756));
#9648=CARTESIAN_POINT('',(52.136501828,-34.085401804,42.372941928));
#9649=CARTESIAN_POINT('',(52.124816659,-34.204098697,42.409054913));
#9650=CARTESIAN_POINT('',(52.113343952,-34.323258468,42.444612786));
#9651=CARTESIAN_POINT('',(52.106134081,-34.448121317,42.463221098));
#9652=CARTESIAN_POINT('',(52.105963465,-34.573209894,42.463629209));
#9653=CARTESIAN_POINT('',(52.105963465,-34.573210081,42.463629209));
#9654=CARTESIAN_POINT('',(52.105963465,-34.573210268,42.463629209));
#9655=CARTESIAN_POINT('',(52.105963465,-34.573210455,42.463629209));
#9656=CARTESIAN_POINT('',(52.30014431,-33.370033642,41.699644752));
#9657=CARTESIAN_POINT('',(52.296759017,-33.46209472,41.949180587));
#9658=CARTESIAN_POINT('',(52.254945119,-33.630206432,42.158259399));
#9659=CARTESIAN_POINT('',(52.216122847,-33.841720314,42.300919379));
#9660=CARTESIAN_POINT('',(52.196691062,-33.948799819,42.372044838));
#9661=CARTESIAN_POINT('',(52.178993688,-34.066857836,42.426332314));
#9662=CARTESIAN_POINT('',(52.166016738,-34.190339409,42.463154541));
#9663=CARTESIAN_POINT('',(52.153254532,-34.314290493,42.499407531));
#9664=CARTESIAN_POINT('',(52.145291815,-34.443758744,42.518118133));
#9665=CARTESIAN_POINT('',(52.145119481,-34.573209893,42.518531615));
#9666=CARTESIAN_POINT('',(52.145119481,-34.573210087,42.518531615));
#9667=CARTESIAN_POINT('',(52.145119481,-34.573210281,42.518531615));
#9668=CARTESIAN_POINT('',(52.145119481,-34.573210475,42.518531615));
#9669=CARTESIAN_POINT('',(52.311076112,-33.359719237,41.70326545));
#9670=CARTESIAN_POINT('',(52.307335452,-33.452844857,41.955808005));
#9671=CARTESIAN_POINT('',(52.264494761,-33.622936951,42.166731201));
#9672=CARTESIAN_POINT('',(52.224868133,-33.83635035,42.310284042));
#9673=CARTESIAN_POINT('',(52.205033427,-33.944380386,42.381853468));
#9674=CARTESIAN_POINT('',(52.186992605,-34.063369222,42.436384016));
#9675=CARTESIAN_POINT('',(52.173772557,-34.187750854,42.473339308));
#9676=CARTESIAN_POINT('',(52.160767664,-34.312603255,42.509722858));
#9677=CARTESIAN_POINT('',(52.15266326,-34.442937911,42.528452561));
#9678=CARTESIAN_POINT('',(52.152490614,-34.573209893,42.528867012));
#9679=CARTESIAN_POINT('',(52.152490614,-34.573210088,42.528867012));
#9680=CARTESIAN_POINT('',(52.152490614,-34.573210283,42.528867012));
#9681=CARTESIAN_POINT('',(52.152490614,-34.573210478,42.528867012));
#9682=CARTESIAN_POINT('',(52.312298416,-33.358566028,41.703670439));
#9683=CARTESIAN_POINT('',(52.308518012,-33.451810695,41.956549149));
#9684=CARTESIAN_POINT('',(52.26556251,-33.622124226,42.167678533));
#9685=CARTESIAN_POINT('',(52.225845948,-33.835749997,42.311331166));
#9686=CARTESIAN_POINT('',(52.205966192,-33.943886306,42.382950218));
#9687=CARTESIAN_POINT('',(52.187886971,-34.062979206,42.437507932));
#9688=CARTESIAN_POINT('',(52.174639744,-34.18746146,42.474478092));
#9689=CARTESIAN_POINT('',(52.161607717,-34.312414624,42.510876234));
#9690=CARTESIAN_POINT('',(52.153487472,-34.442846142,42.52960807));
#9691=CARTESIAN_POINT('',(52.153314791,-34.573209893,42.530022628));
#9692=CARTESIAN_POINT('',(52.153314791,-34.573210088,42.530022628));
#9693=CARTESIAN_POINT('',(52.153314791,-34.573210283,42.530022628));
#9694=CARTESIAN_POINT('',(52.153314791,-34.573210479,42.530022628));
#9695=B_SPLINE_SURFACE_WITH_KNOTS('',1,3,((#9604,#9605,#9606,#9607,#9608,#9609,#9610,#9611,#9612,#9613,#9614,#9615,#9616),(#9617,#9618,#9619,#9620,#9621,#9622,#9623,#9624,#9625,#9626,#9627,#9628,#9629),(#9630,#9631,#9632,#9633,#9634,#9635,#9636,#9637,#9638,#9639,#9640,#9641,#9642),(#9643,#9644,#9645,#9646,#9647,#9648,#9649,#9650,#9651,#9652,#9653,#9654,#9655),(#9656,#9657,#9658,#9659,#9660,#9661,#9662,#9663,#9664,#9665,#9666,#9667,#9668),(#9669,#9670,#9671,#9672,#9673,#9674,#9675,#9676,#9677,#9678,#9679,#9680,#9681),(#9682,#9683,#9684,#9685,#9686,#9687,#9688,#9689,#9690,#9691,#9692,#9693,#9694)),.UNSPECIFIED.,.F.,.F.,.U.,(2,1,1,1,1,1,2),(4,3,3,3,4),(-0.353341905,-0.30706721,0.,1.,1.290342857,1.345,1.351111294),(0.078591198,0.4999448,0.710621601,0.921298403,0.921298741),.UNSPECIFIED.);
#9696=ORIENTED_EDGE('',*,*,#9598,.T.);
#9697=ORIENTED_EDGE('',*,*,#9227,.F.);
#9698=CARTESIAN_POINT('',(52.31229018,-33.358784905,41.704261603));
#9699=DIRECTION('',(-0.707106782,-0.665203172,-0.239801457));
#9700=VECTOR('',#9699,0.482142324);
#9701=LINE('',#9698,#9700);
#9702=EDGE_CURVE('',#7672,#9206,#9701,.T.);
#9703=ORIENTED_EDGE('',*,*,#9702,.F.);
#9704=ORIENTED_EDGE('',*,*,#7693,.F.);
#9705=EDGE_LOOP('',(#9696,#9697,#9703,#9704));
#9706=FACE_BOUND('',#9705,.T.);
#9707=ADVANCED_FACE('',(#9706),#9695,.T.);
#9708=CARTESIAN_POINT('',(51.923450027,-41.013209963,42.207718927));
#9709=CARTESIAN_POINT('',(51.923608317,-41.118761143,42.207342187));
#9710=CARTESIAN_POINT('',(51.927303511,-41.22211409,42.189203526));
#9711=CARTESIAN_POINT('',(51.932758739,-41.318648868,42.156919253));
#9712=CARTESIAN_POINT('',(51.938415342,-41.414729342,42.124170256));
#9713=CARTESIAN_POINT('',(51.945766882,-41.504180028,42.07733653));
#9714=CARTESIAN_POINT('',(51.953047657,-41.582407962,42.019844581));
#9715=CARTESIAN_POINT('',(51.96764687,-41.736406112,41.904640726));
#9716=CARTESIAN_POINT('',(51.978645781,-41.845425318,41.75090584));
#9717=CARTESIAN_POINT('',(51.971460829,-41.90557042,41.592329901));
#9718=CARTESIAN_POINT('',(51.929690682,-41.013209963,42.216469228));
#9719=CARTESIAN_POINT('',(51.929849349,-41.119467754,42.216091203));
#9720=CARTESIAN_POINT('',(51.933665004,-41.223560911,42.19793439));
#9721=CARTESIAN_POINT('',(51.939326293,-41.320864527,42.165536184));
#9722=CARTESIAN_POINT('',(51.9451895,-41.417713168,42.132669298));
#9723=CARTESIAN_POINT('',(51.95283255,-41.50795539,42.085623022));
#9724=CARTESIAN_POINT('',(51.96045473,-41.586992205,42.027747915));
#9725=CARTESIAN_POINT('',(51.975734589,-41.742609279,41.911763643));
#9726=CARTESIAN_POINT('',(51.987602547,-41.853310437,41.756436843));
#9727=CARTESIAN_POINT('',(51.98071044,-41.914348429,41.595285738));
#9728=CARTESIAN_POINT('',(51.971102165,-41.013209966,42.274534128));
#9729=CARTESIAN_POINT('',(51.971263238,-41.124152183,42.274148012));
#9730=CARTESIAN_POINT('',(51.975877914,-41.233150983,42.255872377));
#9731=CARTESIAN_POINT('',(51.982906053,-41.335548901,42.222721365));
#9732=CARTESIAN_POINT('',(51.990139557,-41.437486661,42.18907733));
#9733=CARTESIAN_POINT('',(51.999716198,-41.532973158,42.140627776));
#9734=CARTESIAN_POINT('',(52.00960297,-41.617370769,42.080218998));
#9735=CARTESIAN_POINT('',(52.029398836,-41.783712759,41.95908617));
#9736=CARTESIAN_POINT('',(52.047036935,-41.905570752,41.793229816));
#9737=CARTESIAN_POINT('',(52.042098139,-41.972538509,41.615034738));
#9738=CARTESIAN_POINT('',(52.105963465,-41.013209972,42.463629209));
#9739=CARTESIAN_POINT('',(52.106131282,-41.139363284,42.463221097));
#9740=CARTESIAN_POINT('',(52.113344616,-41.264277167,42.444574689));
#9741=CARTESIAN_POINT('',(52.124818431,-41.383192916,42.409003833));
#9742=CARTESIAN_POINT('',(52.136507085,-41.501626621,42.372878491));
#9743=CARTESIAN_POINT('',(52.15237206,-41.614118394,42.319926379));
#9744=CARTESIAN_POINT('',(52.169624587,-41.715918057,42.251346937));
#9745=CARTESIAN_POINT('',(52.204118795,-41.917047583,42.113708025));
#9746=CARTESIAN_POINT('',(52.240574619,-42.075229436,41.913832073));
#9747=CARTESIAN_POINT('',(52.242074751,-42.161580541,41.680449412));
#9748=CARTESIAN_POINT('',(52.145119481,-41.013209974,42.518531615));
#9749=CARTESIAN_POINT('',(52.145288991,-41.143769597,42.518118121));
#9750=CARTESIAN_POINT('',(52.153255983,-41.273290631,42.499367769));
#9751=CARTESIAN_POINT('',(52.16601917,-41.396986224,42.463101521));
#9752=CARTESIAN_POINT('',(52.178999504,-41.520192815,42.426266764));
#9753=CARTESIAN_POINT('',(52.196688136,-41.637606995,42.37202191));
#9754=CARTESIAN_POINT('',(52.216077144,-41.744448922,42.301086798));
#9755=CARTESIAN_POINT('',(52.254836544,-41.955655111,42.158706538));
#9756=CARTESIAN_POINT('',(52.296760884,-42.124387182,41.949001295));
#9757=CARTESIAN_POINT('',(52.30014431,-42.216386188,41.699644843));
#9758=CARTESIAN_POINT('',(52.152490614,-41.013209974,42.528867012));
#9759=CARTESIAN_POINT('',(52.152660432,-41.144598663,42.528452548));
#9760=CARTESIAN_POINT('',(52.160769263,-41.274986431,42.509682783));
#9761=CARTESIAN_POINT('',(52.173775113,-41.399581179,42.473285925));
#9762=CARTESIAN_POINT('',(52.186998524,-41.52368561,42.43631807));
#9763=CARTESIAN_POINT('',(52.205030368,-41.642025866,42.381830438));
#9764=CARTESIAN_POINT('',(52.224821482,-41.749816645,42.310452509));
#9765=CARTESIAN_POINT('',(52.264383701,-41.962919012,42.167181573));
#9766=CARTESIAN_POINT('',(52.307337671,-42.133637471,41.955627591));
#9767=CARTESIAN_POINT('',(52.311076111,-42.226700587,41.70326556));
#9768=CARTESIAN_POINT('',(52.153313889,-41.013209974,42.530021363));
#9769=CARTESIAN_POINT('',(52.153483741,-41.144691252,42.529606791));
#9770=CARTESIAN_POINT('',(52.161608413,-41.275175811,42.510834862));
#9771=CARTESIAN_POINT('',(52.174641364,-41.399870971,42.474423422));
#9772=CARTESIAN_POINT('',(52.187891923,-41.524075666,42.437440712));
#9773=CARTESIAN_POINT('',(52.205962098,-41.642519343,42.382925977));
#9774=CARTESIAN_POINT('',(52.225798121,-41.750416091,42.311498604));
#9775=CARTESIAN_POINT('',(52.265450004,-41.963730224,42.168128229));
#9776=CARTESIAN_POINT('',(52.308518976,-42.134670548,41.956367798));
#9777=CARTESIAN_POINT('',(52.312297077,-42.227852533,41.703670108));
#9778=B_SPLINE_SURFACE_WITH_KNOTS('',1,3,((#9708,#9709,#9710,#9711,#9712,#9713,#9714,#9715,#9716,#9717),(#9718,#9719,#9720,#9721,#9722,#9723,#9724,#9725,#9726,#9727),(#9728,#9729,#9730,#9731,#9732,#9733,#9734,#9735,#9736,#9737),(#9738,#9739,#9740,#9741,#9742,#9743,#9744,#9745,#9746,#9747),(#9748,#9749,#9750,#9751,#9752,#9753,#9754,#9755,#9756,#9757),(#9758,#9759,#9760,#9761,#9762,#9763,#9764,#9765,#9766,#9767),(#9768,#9769,#9770,#9771,#9772,#9773,#9774,#9775,#9776,#9777)),.UNSPECIFIED.,.F.,.F.,.U.,(2,1,1,1,1,1,2),(4,3,3,4),(-0.353341821,-0.30706721,0.,1.,1.290342857,1.345,1.351104604),(0.,0.228755799,0.457511598,0.915023195),.UNSPECIFIED.);
#9779=ORIENTED_EDGE('',*,*,#9591,.T.);
#9780=ORIENTED_EDGE('',*,*,#7761,.F.);
#9781=CARTESIAN_POINT('',(51.971364073,-41.906912354,41.588643171));
#9782=DIRECTION('',(0.707106781,-0.665203173,0.239801457));
#9783=VECTOR('',#9782,0.482140429);
#9784=LINE('',#9781,#9783);
#9785=EDGE_CURVE('',#9285,#7733,#9784,.T.);
#9786=ORIENTED_EDGE('',*,*,#9785,.F.);
#9787=ORIENTED_EDGE('',*,*,#9294,.F.);
#9788=EDGE_LOOP('',(#9779,#9780,#9786,#9787));
#9789=FACE_BOUND('',#9788,.T.);
#9790=ADVANCED_FACE('',(#9789),#9778,.T.);
#9791=CARTESIAN_POINT('',(52.242074752,-34.573209899,41.266469219));
#9792=DIRECTION('',(1.,-0.,0.));
#9793=DIRECTION('',(0.,-0.,-1.));
#9794=AXIS2_PLACEMENT_3D('',#9791,#9792,#9793);
#9795=CONICAL_SURFACE('',#9794,1.220710687,44.999999938);
#9796=ORIENTED_EDGE('',*,*,#9702,.T.);
#9797=ORIENTED_EDGE('',*,*,#9212,.F.);
#9798=CARTESIAN_POINT('',(52.31278543,-33.281788534,41.266469219));
#9799=DIRECTION('',(-0.707106782,-0.70710678,0.));
#9800=VECTOR('',#9799,0.482842712);
#9801=LINE('',#9798,#9800);
#9802=EDGE_CURVE('',#3622,#9144,#9801,.T.);
#9803=ORIENTED_EDGE('',*,*,#9802,.F.);
#9804=ORIENTED_EDGE('',*,*,#3628,.F.);
#9805=ORIENTED_EDGE('',*,*,#7700,.F.);
#9806=EDGE_LOOP('',(#9796,#9797,#9803,#9804,#9805));
#9807=FACE_BOUND('',#9806,.T.);
#9808=ADVANCED_FACE('',(#9807),#9795,.F.);
#9809=CARTESIAN_POINT('',(52.242074751,-41.013209964,41.266469219));
#9810=DIRECTION('',(1.,-0.,0.));
#9811=DIRECTION('',(0.,-0.,-1.));
#9812=AXIS2_PLACEMENT_3D('',#9809,#9810,#9811);
#9813=CONICAL_SURFACE('',#9812,1.220710688,45.);
#9814=ORIENTED_EDGE('',*,*,#9785,.T.);
#9815=ORIENTED_EDGE('',*,*,#7739,.T.);
#9816=ORIENTED_EDGE('',*,*,#5612,.F.);
#9817=CARTESIAN_POINT('',(51.971364073,-41.963209973,41.266469219));
#9818=DIRECTION('',(0.707106781,-0.707106781,0.));
#9819=VECTOR('',#9818,0.482842712);
#9820=LINE('',#9817,#9819);
#9821=EDGE_CURVE('',#9176,#5598,#9820,.T.);
#9822=ORIENTED_EDGE('',*,*,#9821,.F.);
#9823=ORIENTED_EDGE('',*,*,#9301,.F.);
#9824=EDGE_LOOP('',(#9814,#9815,#9816,#9822,#9823));
#9825=FACE_BOUND('',#9824,.T.);
#9826=ADVANCED_FACE('',(#9825),#9813,.F.);
#9827=CARTESIAN_POINT('',(52.242074751,-33.352499211,30.456468377));
#9828=DIRECTION('',(-0.707106781,0.707106781,-0.));
#9829=DIRECTION('',(0.,-0.,-1.));
#9830=AXIS2_PLACEMENT_3D('',#9827,#9828,#9829);
#9831=PLANE('',#9830);
#9832=ORIENTED_EDGE('',*,*,#9802,.T.);
#9833=ORIENTED_EDGE('',*,*,#9149,.F.);
#9834=CARTESIAN_POINT('',(52.31278543,-33.281788533,40.606469212));
#9835=DIRECTION('',(-0.707106781,-0.707106781,-0.));
#9836=VECTOR('',#9835,0.482842712);
#9837=LINE('',#9834,#9836);
#9838=EDGE_CURVE('',#3562,#9111,#9837,.T.);
#9839=ORIENTED_EDGE('',*,*,#9838,.F.);
#9840=ORIENTED_EDGE('',*,*,#3634,.F.);
#9841=EDGE_LOOP('',(#9832,#9833,#9839,#9840));
#9842=FACE_BOUND('',#9841,.T.);
#9843=ADVANCED_FACE('',(#9842),#9831,.F.);
#9844=CARTESIAN_POINT('',(52.042074751,-42.033920652,40.936469216));
#9845=DIRECTION('',(0.707106781,0.707106781,-0.));
#9846=DIRECTION('',(-0.,0.,1.));
#9847=AXIS2_PLACEMENT_3D('',#9844,#9845,#9846);
#9848=PLANE('',#9847);
#9849=ORIENTED_EDGE('',*,*,#9821,.T.);
#9850=ORIENTED_EDGE('',*,*,#5603,.F.);
#9851=CARTESIAN_POINT('',(51.971364073,-41.963209973,40.606469212));
#9852=DIRECTION('',(0.707106781,-0.707106781,0.));
#9853=VECTOR('',#9852,0.482842712);
#9854=LINE('',#9851,#9853);
#9855=EDGE_CURVE('',#9039,#5596,#9854,.T.);
#9856=ORIENTED_EDGE('',*,*,#9855,.F.);
#9857=ORIENTED_EDGE('',*,*,#9187,.F.);
#9858=EDGE_LOOP('',(#9849,#9850,#9856,#9857));
#9859=FACE_BOUND('',#9858,.T.);
#9860=ADVANCED_FACE('',(#9859),#9848,.T.);
#9861=CARTESIAN_POINT('',(52.242074751,-34.573209899,40.606469212));
#9862=DIRECTION('',(1.,-0.,0.));
#9863=DIRECTION('',(0.,-0.,-1.));
#9864=AXIS2_PLACEMENT_3D('',#9861,#9862,#9863);
#9865=CONICAL_SURFACE('',#9864,1.220710688,45.);
#9866=ORIENTED_EDGE('',*,*,#9838,.T.);
#9867=ORIENTED_EDGE('',*,*,#9117,.F.);
#9868=CARTESIAN_POINT('',(52.31278543,-34.573209899,39.315047846));
#9869=DIRECTION('',(-0.707106781,0.,0.707106781));
#9870=VECTOR('',#9869,0.482842712);
#9871=LINE('',#9868,#9870);
#9872=EDGE_CURVE('',#3564,#9080,#9871,.T.);
#9873=ORIENTED_EDGE('',*,*,#9872,.F.);
#9874=ORIENTED_EDGE('',*,*,#3570,.F.);
#9875=EDGE_LOOP('',(#9866,#9867,#9873,#9874));
#9876=FACE_BOUND('',#9875,.T.);
#9877=ADVANCED_FACE('',(#9876),#9865,.F.);
#9878=CARTESIAN_POINT('',(52.242074751,-41.013209964,40.606469212));
#9879=DIRECTION('',(1.,-0.,0.));
#9880=DIRECTION('',(0.,-0.,-1.));
#9881=AXIS2_PLACEMENT_3D('',#9878,#9879,#9880);
#9882=CONICAL_SURFACE('',#9881,1.220710688,45.);
#9883=ORIENTED_EDGE('',*,*,#5651,.F.);
#9884=ORIENTED_EDGE('',*,*,#7824,.F.);
#9885=CARTESIAN_POINT('',(51.971364073,-41.013209964,39.656469203));
#9886=DIRECTION('',(0.707106781,-0.,-0.707106781));
#9887=VECTOR('',#9886,0.466552501);
#9888=LINE('',#9885,#9887);
#9889=EDGE_CURVE('',#9047,#7806,#9888,.T.);
#9890=ORIENTED_EDGE('',*,*,#9889,.F.);
#9891=ORIENTED_EDGE('',*,*,#9053,.F.);
#9892=ORIENTED_EDGE('',*,*,#9855,.T.);
#9893=EDGE_LOOP('',(#9883,#9884,#9890,#9891,#9892));
#9894=FACE_BOUND('',#9893,.T.);
#9895=ADVANCED_FACE('',(#9894),#9882,.F.);
#9896=CARTESIAN_POINT('',(52.242074751,-55.430832487,39.385758525));
#9897=DIRECTION('',(-0.707106781,-0.,-0.707106781));
#9898=DIRECTION('',(-0.,-1.,0.));
#9899=AXIS2_PLACEMENT_3D('',#9896,#9897,#9898);
#9900=PLANE('',#9899);
#9901=ORIENTED_EDGE('',*,*,#9872,.T.);
#9902=ORIENTED_EDGE('',*,*,#9085,.F.);
#9903=ORIENTED_EDGE('',*,*,#9889,.T.);
#9904=ORIENTED_EDGE('',*,*,#7811,.F.);
#9905=CARTESIAN_POINT('',(52.301266511,-40.647993822,39.326566766));
#9906=CARTESIAN_POINT('',(52.301266504,-40.618518413,39.326566772));
#9907=CARTESIAN_POINT('',(52.302330478,-40.58912782,39.325502798));
#9908=CARTESIAN_POINT('',(52.304779858,-40.559847668,39.323053418));
#9909=B_SPLINE_CURVE_WITH_KNOTS('',3,(#9905,#9906,#9907,#9908),.UNSPECIFIED.,.F.,.F.,(4,4),(0.,0.000088286),.UNSPECIFIED.);
#9910=EDGE_CURVE('',#7797,#7903,#9909,.T.);
#9911=ORIENTED_EDGE('',*,*,#9910,.T.);
#9912=ORIENTED_EDGE('',*,*,#7909,.F.);
#9913=ORIENTED_EDGE('',*,*,#3578,.F.);
#9914=EDGE_LOOP('',(#9901,#9902,#9903,#9904,#9911,#9912,#9913));
#9915=FACE_BOUND('',#9914,.T.);
#9916=ADVANCED_FACE('',(#9915),#9900,.F.);
#9917=CARTESIAN_POINT('',(12.570089204,-45.298114681,40.084568614));
#9918=DIRECTION('',(-0.,0.,1.));
#9919=DIRECTION('',(1.,-0.,0.));
#9920=AXIS2_PLACEMENT_3D('',#9917,#9918,#9919);
#9921=PLANE('',#9920);
#9922=ORIENTED_EDGE('',*,*,#3310,.F.);
#9923=ORIENTED_EDGE('',*,*,#3373,.F.);
#9924=ORIENTED_EDGE('',*,*,#8285,.T.);
#9925=ORIENTED_EDGE('',*,*,#8234,.T.);
#9926=EDGE_LOOP('',(#9922,#9923,#9924,#9925));
#9927=FACE_BOUND('',#9926,.T.);
#9928=ADVANCED_FACE('',(#9927),#9921,.T.);
#9929=CARTESIAN_POINT('',(17.358397478,-45.338114681,40.179766183));
#9930=DIRECTION('',(0.,-0.,-1.));
#9931=DIRECTION('',(-1.,0.,-0.));
#9932=AXIS2_PLACEMENT_3D('',#9929,#9930,#9931);
#9933=PLANE('',#9932);
#9934=ORIENTED_EDGE('',*,*,#3198,.F.);
#9935=ORIENTED_EDGE('',*,*,#3261,.F.);
#9936=ORIENTED_EDGE('',*,*,#8440,.T.);
#9937=ORIENTED_EDGE('',*,*,#8455,.T.);
#9938=EDGE_LOOP('',(#9934,#9935,#9936,#9937));
#9939=FACE_BOUND('',#9938,.T.);
#9940=ADVANCED_FACE('',(#9939),#9933,.T.);
#9941=CARTESIAN_POINT('',(11.26278543,-33.668114681,42.806469266));
#9942=DIRECTION('',(1.,0.,0.));
#9943=DIRECTION('',(0.,1.,-0.));
#9944=AXIS2_PLACEMENT_3D('',#9941,#9942,#9943);
#9945=PLANE('',#9944);
#9946=ORIENTED_EDGE('',*,*,#1046,.F.);
#9947=CARTESIAN_POINT('',(11.26278543,-32.368114681,42.656469266));
#9948=DIRECTION('',(-0.,0.,1.));
#9949=VECTOR('',#9948,0.4);
#9950=LINE('',#9947,#9949);
#9951=EDGE_CURVE('',#1032,#2244,#9950,.T.);
#9952=ORIENTED_EDGE('',*,*,#9951,.T.);
#9953=ORIENTED_EDGE('',*,*,#2249,.T.);
#9954=ORIENTED_EDGE('',*,*,#3109,.T.);
#9955=EDGE_LOOP('',(#9946,#9952,#9953,#9954));
#9956=FACE_BOUND('',#9955,.T.);
#9957=ADVANCED_FACE('',(#9956),#9945,.F.);
#9958=CARTESIAN_POINT('',(5.26278543,-33.668114681,42.806469266));
#9959=DIRECTION('',(1.,0.,0.));
#9960=DIRECTION('',(0.,1.,-0.));
#9961=AXIS2_PLACEMENT_3D('',#9958,#9959,#9960);
#9962=PLANE('',#9961);
#9963=ORIENTED_EDGE('',*,*,#2108,.F.);
#9964=CARTESIAN_POINT('',(5.26278543,-32.368114681,43.056469266));
#9965=DIRECTION('',(0.,-0.,-1.));
#9966=VECTOR('',#9965,0.4);
#9967=LINE('',#9964,#9966);
#9968=EDGE_CURVE('',#2096,#1007,#9967,.T.);
#9969=ORIENTED_EDGE('',*,*,#9968,.T.);
#9970=ORIENTED_EDGE('',*,*,#1012,.T.);
#9971=ORIENTED_EDGE('',*,*,#548,.F.);
#9972=EDGE_LOOP('',(#9963,#9969,#9970,#9971));
#9973=FACE_BOUND('',#9972,.T.);
#9974=ADVANCED_FACE('',(#9973),#9962,.T.);
#9975=CARTESIAN_POINT('',(44.76278543,-33.668114681,42.806469266));
#9976=DIRECTION('',(1.,0.,0.));
#9977=DIRECTION('',(0.,1.,-0.));
#9978=AXIS2_PLACEMENT_3D('',#9975,#9976,#9977);
#9979=PLANE('',#9978);
#9980=ORIENTED_EDGE('',*,*,#1146,.F.);
#9981=CARTESIAN_POINT('',(44.76278543,-32.368114681,42.656469266));
#9982=DIRECTION('',(-0.,0.,1.));
#9983=VECTOR('',#9982,0.4);
#9984=LINE('',#9981,#9983);
#9985=EDGE_CURVE('',#1132,#2144,#9984,.T.);
#9986=ORIENTED_EDGE('',*,*,#9985,.T.);
#9987=ORIENTED_EDGE('',*,*,#2149,.T.);
#9988=ORIENTED_EDGE('',*,*,#3079,.T.);
#9989=EDGE_LOOP('',(#9980,#9986,#9987,#9988));
#9990=FACE_BOUND('',#9989,.T.);
#9991=ADVANCED_FACE('',(#9990),#9979,.F.);
#9992=CARTESIAN_POINT('',(38.76278543,-33.668114681,42.806469266));
#9993=DIRECTION('',(1.,0.,0.));
#9994=DIRECTION('',(0.,1.,-0.));
#9995=AXIS2_PLACEMENT_3D('',#9992,#9993,#9994);
#9996=PLANE('',#9995);
#9997=ORIENTED_EDGE('',*,*,#2183,.F.);
#9998=CARTESIAN_POINT('',(38.76278543,-32.368114681,43.056469266));
#9999=DIRECTION('',(0.,-0.,-1.));
#10000=VECTOR('',#9999,0.4);
#10001=LINE('',#9998,#10000);
#10002=EDGE_CURVE('',#2169,#1107,#10001,.T.);
#10003=ORIENTED_EDGE('',*,*,#10002,.T.);
#10004=ORIENTED_EDGE('',*,*,#1112,.T.);
#10005=ORIENTED_EDGE('',*,*,#3172,.F.);
#10006=EDGE_LOOP('',(#9997,#10003,#10004,#10005));
#10007=FACE_BOUND('',#10006,.T.);
#10008=ADVANCED_FACE('',(#10007),#9996,.T.);
#10009=CARTESIAN_POINT('',(28.51278543,-33.668114681,42.806469266));
#10010=DIRECTION('',(1.,0.,0.));
#10011=DIRECTION('',(0.,1.,-0.));
#10012=AXIS2_PLACEMENT_3D('',#10009,#10010,#10011);
#10013=PLANE('',#10012);
#10014=ORIENTED_EDGE('',*,*,#1096,.F.);
#10015=CARTESIAN_POINT('',(28.51278543,-32.368114681,42.656469266));
#10016=DIRECTION('',(-0.,0.,1.));
#10017=VECTOR('',#10016,0.4);
#10018=LINE('',#10015,#10017);
#10019=EDGE_CURVE('',#1082,#2194,#10018,.T.);
#10020=ORIENTED_EDGE('',*,*,#10019,.T.);
#10021=ORIENTED_EDGE('',*,*,#2199,.T.);
#10022=ORIENTED_EDGE('',*,*,#3165,.T.);
#10023=EDGE_LOOP('',(#10014,#10020,#10021,#10022));
#10024=FACE_BOUND('',#10023,.T.);
#10025=ADVANCED_FACE('',(#10024),#10013,.F.);
#10026=CARTESIAN_POINT('',(22.51278543,-33.668114681,42.806469266));
#10027=DIRECTION('',(1.,0.,0.));
#10028=DIRECTION('',(0.,1.,-0.));
#10029=AXIS2_PLACEMENT_3D('',#10026,#10027,#10028);
#10030=PLANE('',#10029);
#10031=ORIENTED_EDGE('',*,*,#2233,.F.);
#10032=CARTESIAN_POINT('',(22.51278543,-32.368114681,43.056469266));
#10033=DIRECTION('',(0.,-0.,-1.));
#10034=VECTOR('',#10033,0.4);
#10035=LINE('',#10032,#10034);
#10036=EDGE_CURVE('',#2219,#1057,#10035,.T.);
#10037=ORIENTED_EDGE('',*,*,#10036,.T.);
#10038=ORIENTED_EDGE('',*,*,#1062,.T.);
#10039=ORIENTED_EDGE('',*,*,#3116,.F.);
#10040=EDGE_LOOP('',(#10031,#10037,#10038,#10039));
#10041=FACE_BOUND('',#10040,.T.);
#10042=ADVANCED_FACE('',(#10041),#10030,.T.);
#10043=CARTESIAN_POINT('',(51.16278543,-33.668114681,26.206468377));
#10044=DIRECTION('',(0.,-0.,-1.));
#10045=DIRECTION('',(-1.,0.,-0.));
#10046=AXIS2_PLACEMENT_3D('',#10043,#10044,#10045);
#10047=PLANE('',#10046);
#10048=ORIENTED_EDGE('',*,*,#1928,.F.);
#10049=CARTESIAN_POINT('',(51.01278543,-32.368114681,26.206468377));
#10050=DIRECTION('',(1.,-0.,0.));
#10051=VECTOR('',#10050,0.4);
#10052=LINE('',#10049,#10051);
#10053=EDGE_CURVE('',#1914,#2436,#10052,.T.);
#10054=ORIENTED_EDGE('',*,*,#10053,.T.);
#10055=ORIENTED_EDGE('',*,*,#2441,.T.);
#10056=ORIENTED_EDGE('',*,*,#3541,.T.);
#10057=EDGE_LOOP('',(#10048,#10054,#10055,#10056));
#10058=FACE_BOUND('',#10057,.T.);
#10059=ADVANCED_FACE('',(#10058),#10047,.F.);
#10060=CARTESIAN_POINT('',(51.16278543,-33.668114681,32.206468377));
#10061=DIRECTION('',(0.,-0.,-1.));
#10062=DIRECTION('',(-1.,0.,-0.));
#10063=AXIS2_PLACEMENT_3D('',#10060,#10061,#10062);
#10064=PLANE('',#10063);
#10065=ORIENTED_EDGE('',*,*,#2393,.F.);
#10066=CARTESIAN_POINT('',(51.41278543,-32.368114681,32.206468377));
#10067=DIRECTION('',(-1.,0.,-0.));
#10068=VECTOR('',#10067,0.4);
#10069=LINE('',#10066,#10068);
#10070=EDGE_CURVE('',#2379,#1889,#10069,.T.);
#10071=ORIENTED_EDGE('',*,*,#10070,.T.);
#10072=ORIENTED_EDGE('',*,*,#1894,.T.);
#10073=ORIENTED_EDGE('',*,*,#3094,.F.);
#10074=EDGE_LOOP('',(#10065,#10071,#10072,#10073));
#10075=FACE_BOUND('',#10074,.T.);
#10076=ADVANCED_FACE('',(#10075),#10064,.T.);
#10077=CARTESIAN_POINT('',(8.26278543,-33.368114681,17.25646571));
#10078=DIRECTION('',(0.,1.,-0.));
#10079=DIRECTION('',(-0.,0.,1.));
#10080=AXIS2_PLACEMENT_3D('',#10077,#10078,#10079);
#10081=PLANE('',#10080);
#10082=ORIENTED_EDGE('',*,*,#2666,.T.);
#10083=CARTESIAN_POINT('',(6.26278543,-33.368114681,16.856467488));
#10084=DIRECTION('',(-0.,0.,1.));
#10085=VECTOR('',#10084,0.399998222);
#10086=LINE('',#10083,#10085);
#10087=EDGE_CURVE('',#2652,#3696,#10086,.T.);
#10088=ORIENTED_EDGE('',*,*,#10087,.T.);
#10089=ORIENTED_EDGE('',*,*,#3701,.F.);
#10090=CARTESIAN_POINT('',(10.26278543,-33.368114681,17.25646571));
#10091=DIRECTION('',(0.,-0.,-1.));
#10092=VECTOR('',#10091,0.399998222);
#10093=LINE('',#10090,#10092);
#10094=EDGE_CURVE('',#3694,#2661,#10093,.T.);
#10095=ORIENTED_EDGE('',*,*,#10094,.T.);
#10096=EDGE_LOOP('',(#10082,#10088,#10089,#10095));
#10097=FACE_BOUND('',#10096,.T.);
#10098=ADVANCED_FACE('',(#10097),#10081,.T.);
#10099=CARTESIAN_POINT('',(-0.98721457,-33.368114681,29.206468377));
#10100=DIRECTION('',(0.,1.,-0.));
#10101=DIRECTION('',(1.,-0.,0.));
#10102=AXIS2_PLACEMENT_3D('',#10099,#10100,#10101);
#10103=PLANE('',#10102);
#10104=ORIENTED_EDGE('',*,*,#2002,.F.);
#10105=CARTESIAN_POINT('',(-1.38721457,-33.368114681,31.206468377));
#10106=DIRECTION('',(1.,-0.,0.));
#10107=VECTOR('',#10106,0.4);
#10108=LINE('',#10105,#10107);
#10109=EDGE_CURVE('',#1988,#316,#10108,.T.);
#10110=ORIENTED_EDGE('',*,*,#10109,.T.);
#10111=ORIENTED_EDGE('',*,*,#321,.T.);
#10112=CARTESIAN_POINT('',(-0.98721457,-33.368114681,27.206468377));
#10113=DIRECTION('',(-1.,0.,-0.));
#10114=VECTOR('',#10113,0.4);
#10115=LINE('',#10112,#10114);
#10116=EDGE_CURVE('',#307,#1997,#10115,.T.);
#10117=ORIENTED_EDGE('',*,*,#10116,.T.);
#10118=EDGE_LOOP('',(#10104,#10110,#10111,#10117));
#10119=FACE_BOUND('',#10118,.T.);
#10120=ADVANCED_FACE('',(#10119),#10103,.T.);
#10121=CARTESIAN_POINT('',(51.01278543,-33.368114681,29.206468377));
#10122=DIRECTION('',(0.,1.,-0.));
#10123=DIRECTION('',(-1.,0.,-0.));
#10124=AXIS2_PLACEMENT_3D('',#10121,#10122,#10123);
#10125=PLANE('',#10124);
#10126=ORIENTED_EDGE('',*,*,#1911,.F.);
#10127=CARTESIAN_POINT('',(51.01278543,-33.368114681,31.206468377));
#10128=DIRECTION('',(1.,-0.,0.));
#10129=VECTOR('',#10128,0.4);
#10130=LINE('',#10127,#10129);
#10131=EDGE_CURVE('',#1897,#2369,#10130,.T.);
#10132=ORIENTED_EDGE('',*,*,#10131,.T.);
#10133=ORIENTED_EDGE('',*,*,#2376,.T.);
#10134=CARTESIAN_POINT('',(51.41278543,-33.368114681,27.206468377));
#10135=DIRECTION('',(-1.,0.,-0.));
#10136=VECTOR('',#10135,0.4);
#10137=LINE('',#10134,#10136);
#10138=EDGE_CURVE('',#2371,#1906,#10137,.T.);
#10139=ORIENTED_EDGE('',*,*,#10138,.T.);
#10140=EDGE_LOOP('',(#10126,#10132,#10133,#10139));
#10141=FACE_BOUND('',#10140,.T.);
#10142=ADVANCED_FACE('',(#10141),#10125,.T.);
#10143=CARTESIAN_POINT('',(25.51278543,-33.368114681,42.656469266));
#10144=DIRECTION('',(0.,1.,-0.));
#10145=DIRECTION('',(0.,-0.,-1.));
#10146=AXIS2_PLACEMENT_3D('',#10143,#10144,#10145);
#10147=PLANE('',#10146);
#10148=ORIENTED_EDGE('',*,*,#2216,.F.);
#10149=CARTESIAN_POINT('',(27.51278543,-33.368114681,43.056469266));
#10150=DIRECTION('',(0.,-0.,-1.));
#10151=VECTOR('',#10150,0.4);
#10152=LINE('',#10149,#10151);
#10153=EDGE_CURVE('',#2202,#1074,#10152,.T.);
#10154=ORIENTED_EDGE('',*,*,#10153,.T.);
#10155=ORIENTED_EDGE('',*,*,#1079,.T.);
#10156=CARTESIAN_POINT('',(23.51278543,-33.368114681,42.656469266));
#10157=DIRECTION('',(-0.,0.,1.));
#10158=VECTOR('',#10157,0.4);
#10159=LINE('',#10156,#10158);
#10160=EDGE_CURVE('',#1065,#2211,#10159,.T.);
#10161=ORIENTED_EDGE('',*,*,#10160,.T.);
#10162=EDGE_LOOP('',(#10148,#10154,#10155,#10161));
#10163=FACE_BOUND('',#10162,.T.);
#10164=ADVANCED_FACE('',(#10163),#10147,.T.);
#10165=CARTESIAN_POINT('',(25.51278543,-33.368114681,17.25646571));
#10166=DIRECTION('',(0.,1.,-0.));
#10167=DIRECTION('',(-0.,0.,1.));
#10168=AXIS2_PLACEMENT_3D('',#10165,#10166,#10167);
#10169=PLANE('',#10168);
#10170=ORIENTED_EDGE('',*,*,#3778,.F.);
#10171=CARTESIAN_POINT('',(27.51278543,-33.368114681,17.25646571));
#10172=DIRECTION('',(0.,-0.,-1.));
#10173=VECTOR('',#10172,0.399998222);
#10174=LINE('',#10171,#10173);
#10175=EDGE_CURVE('',#3764,#2527,#10174,.T.);
#10176=ORIENTED_EDGE('',*,*,#10175,.T.);
#10177=ORIENTED_EDGE('',*,*,#2534,.T.);
#10178=CARTESIAN_POINT('',(23.51278543,-33.368114681,16.856467488));
#10179=DIRECTION('',(-0.,0.,1.));
#10180=VECTOR('',#10179,0.399998222);
#10181=LINE('',#10178,#10180);
#10182=EDGE_CURVE('',#2529,#3773,#10181,.T.);
#10183=ORIENTED_EDGE('',*,*,#10182,.T.);
#10184=EDGE_LOOP('',(#10170,#10176,#10177,#10183));
#10185=FACE_BOUND('',#10184,.T.);
#10186=ADVANCED_FACE('',(#10185),#10169,.T.);
#10187=CARTESIAN_POINT('',(41.76278543,-33.368114681,17.25646571));
#10188=DIRECTION('',(-0.,1.,-0.));
#10189=DIRECTION('',(-0.,0.,1.));
#10190=AXIS2_PLACEMENT_3D('',#10187,#10188,#10189);
#10191=PLANE('',#10190);
#10192=ORIENTED_EDGE('',*,*,#2584,.F.);
#10193=CARTESIAN_POINT('',(39.76278543,-33.368114681,16.856467488));
#10194=DIRECTION('',(-0.,0.,1.));
#10195=VECTOR('',#10194,0.399998222);
#10196=LINE('',#10193,#10195);
#10197=EDGE_CURVE('',#2570,#3746,#10196,.T.);
#10198=ORIENTED_EDGE('',*,*,#10197,.T.);
#10199=ORIENTED_EDGE('',*,*,#3751,.T.);
#10200=CARTESIAN_POINT('',(43.76278543,-33.368114681,17.25646571));
#10201=DIRECTION('',(0.,-0.,-1.));
#10202=VECTOR('',#10201,0.399998222);
#10203=LINE('',#10200,#10202);
#10204=EDGE_CURVE('',#3737,#2579,#10203,.T.);
#10205=ORIENTED_EDGE('',*,*,#10204,.T.);
#10206=EDGE_LOOP('',(#10192,#10198,#10199,#10205));
#10207=FACE_BOUND('',#10206,.T.);
#10208=ADVANCED_FACE('',(#10207),#10191,.T.);
#10209=CARTESIAN_POINT('',(41.76278543,-33.368114681,42.656469266));
#10210=DIRECTION('',(-0.,1.,-0.));
#10211=DIRECTION('',(-0.,-0.,-1.));
#10212=AXIS2_PLACEMENT_3D('',#10209,#10210,#10211);
#10213=PLANE('',#10212);
#10214=ORIENTED_EDGE('',*,*,#1129,.F.);
#10215=CARTESIAN_POINT('',(39.76278543,-33.368114681,42.656469266));
#10216=DIRECTION('',(-0.,0.,1.));
#10217=VECTOR('',#10216,0.4);
#10218=LINE('',#10215,#10217);
#10219=EDGE_CURVE('',#1115,#2161,#10218,.T.);
#10220=ORIENTED_EDGE('',*,*,#10219,.T.);
#10221=ORIENTED_EDGE('',*,*,#2166,.T.);
#10222=CARTESIAN_POINT('',(43.76278543,-33.368114681,43.056469266));
#10223=DIRECTION('',(0.,-0.,-1.));
#10224=VECTOR('',#10223,0.4);
#10225=LINE('',#10222,#10224);
#10226=EDGE_CURVE('',#2152,#1124,#10225,.T.);
#10227=ORIENTED_EDGE('',*,*,#10226,.T.);
#10228=EDGE_LOOP('',(#10214,#10220,#10221,#10227));
#10229=FACE_BOUND('',#10228,.T.);
#10230=ADVANCED_FACE('',(#10229),#10213,.T.);
#10231=CARTESIAN_POINT('',(8.26278543,-33.368114681,42.656469266));
#10232=DIRECTION('',(0.,1.,-0.));
#10233=DIRECTION('',(0.,-0.,-1.));
#10234=AXIS2_PLACEMENT_3D('',#10231,#10232,#10233);
#10235=PLANE('',#10234);
#10236=ORIENTED_EDGE('',*,*,#1029,.T.);
#10237=CARTESIAN_POINT('',(6.26278543,-33.368114681,42.656469266));
#10238=DIRECTION('',(-0.,0.,1.));
#10239=VECTOR('',#10238,0.4);
#10240=LINE('',#10237,#10239);
#10241=EDGE_CURVE('',#1015,#2088,#10240,.T.);
#10242=ORIENTED_EDGE('',*,*,#10241,.T.);
#10243=ORIENTED_EDGE('',*,*,#2093,.F.);
#10244=CARTESIAN_POINT('',(10.26278543,-33.368114681,43.056469266));
#10245=DIRECTION('',(0.,-0.,-1.));
#10246=VECTOR('',#10245,0.4);
#10247=LINE('',#10244,#10246);
#10248=EDGE_CURVE('',#2086,#1024,#10247,.T.);
#10249=ORIENTED_EDGE('',*,*,#10248,.T.);
#10250=EDGE_LOOP('',(#10236,#10242,#10243,#10249));
#10251=FACE_BOUND('',#10250,.T.);
#10252=ADVANCED_FACE('',(#10251),#10235,.T.);
#10253=CARTESIAN_POINT('',(0.693617916,-41.156076212,-37.842507321));
#10254=DIRECTION('',(0.,-0.985938558,0.16710823));
#10255=DIRECTION('',(0.,-0.16710823,-0.985938558));
#10256=AXIS2_PLACEMENT_3D('',#10253,#10254,#10255);
#10257=PLANE('',#10256);
#10258=ORIENTED_EDGE('',*,*,#2500,.T.);
#10259=CARTESIAN_POINT('',(42.76278543,-31.768114681,17.54646571));
#10260=VERTEX_POINT('',#10259);
#10261=CARTESIAN_POINT('',(42.76278543,-31.768114681,17.54646571));
#10262=DIRECTION('',(0.,-0.16710823,-0.985938558));
#10263=VECTOR('',#10262,0.699838967);
#10264=LINE('',#10261,#10263);
#10265=EDGE_CURVE('',#10260,#2495,#10264,.T.);
#10266=ORIENTED_EDGE('',*,*,#10265,.F.);
#10267=CARTESIAN_POINT('',(40.76278543,-31.768114681,17.54646571));
#10268=VERTEX_POINT('',#10267);
#10269=CARTESIAN_POINT('',(40.76278543,-31.768114681,17.54646571));
#10270=DIRECTION('',(1.,0.,0.));
#10271=VECTOR('',#10270,2.);
#10272=LINE('',#10269,#10271);
#10273=EDGE_CURVE('',#10268,#10260,#10272,.T.);
#10274=ORIENTED_EDGE('',*,*,#10273,.F.);
#10275=CARTESIAN_POINT('',(40.76278543,-31.768114681,17.54646571));
#10276=DIRECTION('',(0.,-0.16710823,-0.985938558));
#10277=VECTOR('',#10276,0.699838967);
#10278=LINE('',#10275,#10277);
#10279=EDGE_CURVE('',#10268,#2493,#10278,.T.);
#10280=ORIENTED_EDGE('',*,*,#10279,.T.);
#10281=EDGE_LOOP('',(#10258,#10266,#10274,#10280));
#10282=FACE_BOUND('',#10281,.T.);
#10283=ADVANCED_FACE('',(#10282),#10257,.T.);
#10284=CARTESIAN_POINT('',(42.76278543,-31.168114681,17.54646571));
#10285=DIRECTION('',(-1.,-0.,-0.));
#10286=DIRECTION('',(-0.,0.,1.));
#10287=AXIS2_PLACEMENT_3D('',#10284,#10285,#10286);
#10288=PLANE('',#10287);
#10289=ORIENTED_EDGE('',*,*,#2522,.T.);
#10290=CARTESIAN_POINT('',(42.76278543,-31.268114681,17.54646571));
#10291=VERTEX_POINT('',#10290);
#10292=CARTESIAN_POINT('',(42.76278543,-30.578116459,16.856467488));
#10293=DIRECTION('',(-0.,-0.707106781,0.707106781));
#10294=VECTOR('',#10293,0.975804844);
#10295=LINE('',#10292,#10294);
#10296=EDGE_CURVE('',#2511,#10291,#10295,.T.);
#10297=ORIENTED_EDGE('',*,*,#10296,.T.);
#10298=CARTESIAN_POINT('',(42.76278543,-31.768114681,17.54646571));
#10299=DIRECTION('',(-0.,1.,-0.));
#10300=VECTOR('',#10299,0.5);
#10301=LINE('',#10298,#10300);
#10302=EDGE_CURVE('',#10260,#10291,#10301,.T.);
#10303=ORIENTED_EDGE('',*,*,#10302,.F.);
#10304=ORIENTED_EDGE('',*,*,#10265,.T.);
#10305=EDGE_LOOP('',(#10289,#10297,#10303,#10304));
#10306=FACE_BOUND('',#10305,.T.);
#10307=ADVANCED_FACE('',(#10306),#10288,.F.);
#10308=CARTESIAN_POINT('',(40.76278543,-31.168114681,17.54646571));
#10309=DIRECTION('',(1.,0.,0.));
#10310=DIRECTION('',(0.,-0.,-1.));
#10311=AXIS2_PLACEMENT_3D('',#10308,#10309,#10310);
#10312=PLANE('',#10311);
#10313=CARTESIAN_POINT('',(40.76278543,-31.268114681,17.54646571));
#10314=VERTEX_POINT('',#10313);
#10315=CARTESIAN_POINT('',(40.76278543,-31.268114681,17.54646571));
#10316=DIRECTION('',(0.,-1.,0.));
#10317=VECTOR('',#10316,0.5);
#10318=LINE('',#10315,#10317);
#10319=EDGE_CURVE('',#10314,#10268,#10318,.T.);
#10320=ORIENTED_EDGE('',*,*,#10319,.F.);
#10321=CARTESIAN_POINT('',(40.76278543,-31.268114681,17.54646571));
#10322=DIRECTION('',(0.,0.707106781,-0.707106781));
#10323=VECTOR('',#10322,0.975804844);
#10324=LINE('',#10321,#10323);
#10325=EDGE_CURVE('',#10314,#2503,#10324,.T.);
#10326=ORIENTED_EDGE('',*,*,#10325,.T.);
#10327=ORIENTED_EDGE('',*,*,#2508,.T.);
#10328=ORIENTED_EDGE('',*,*,#10279,.F.);
#10329=EDGE_LOOP('',(#10320,#10326,#10327,#10328));
#10330=FACE_BOUND('',#10329,.T.);
#10331=ADVANCED_FACE('',(#10330),#10312,.F.);
#10332=CARTESIAN_POINT('',(-11.73721457,-25.268114681,17.54646571));
#10333=DIRECTION('',(-0.,0.,1.));
#10334=DIRECTION('',(1.,0.,0.));
#10335=AXIS2_PLACEMENT_3D('',#10332,#10333,#10334);
#10336=PLANE('',#10335);
#10337=ORIENTED_EDGE('',*,*,#10302,.T.);
#10338=CARTESIAN_POINT('',(42.76278543,-31.268114681,17.54646571));
#10339=DIRECTION('',(-1.,-0.,-0.));
#10340=VECTOR('',#10339,2.);
#10341=LINE('',#10338,#10340);
#10342=EDGE_CURVE('',#10291,#10314,#10341,.T.);
#10343=ORIENTED_EDGE('',*,*,#10342,.T.);
#10344=ORIENTED_EDGE('',*,*,#10319,.T.);
#10345=ORIENTED_EDGE('',*,*,#10273,.T.);
#10346=EDGE_LOOP('',(#10337,#10343,#10344,#10345));
#10347=FACE_BOUND('',#10346,.T.);
#10348=ADVANCED_FACE('',(#10347),#10336,.T.);
#10349=CARTESIAN_POINT('',(-11.73721457,-31.268114681,17.54646571));
#10350=DIRECTION('',(-0.,0.707106781,0.707106781));
#10351=DIRECTION('',(1.,0.,0.));
#10352=AXIS2_PLACEMENT_3D('',#10349,#10350,#10351);
#10353=PLANE('',#10352);
#10354=ORIENTED_EDGE('',*,*,#10296,.F.);
#10355=ORIENTED_EDGE('',*,*,#2516,.F.);
#10356=ORIENTED_EDGE('',*,*,#10325,.F.);
#10357=ORIENTED_EDGE('',*,*,#10342,.F.);
#10358=EDGE_LOOP('',(#10354,#10355,#10356,#10357));
#10359=FACE_BOUND('',#10358,.T.);
#10360=ADVANCED_FACE('',(#10359),#10353,.T.);
#10361=CARTESIAN_POINT('',(66.581952943,-41.156076212,-37.842507321));
#10362=DIRECTION('',(-0.,-0.985938558,0.16710823));
#10363=DIRECTION('',(0.,-0.16710823,-0.985938558));
#10364=AXIS2_PLACEMENT_3D('',#10361,#10362,#10363);
#10365=PLANE('',#10364);
#10366=ORIENTED_EDGE('',*,*,#2718,.F.);
#10367=CARTESIAN_POINT('',(26.51278543,-31.768114681,17.54646571));
#10368=VERTEX_POINT('',#10367);
#10369=CARTESIAN_POINT('',(26.51278543,-31.768114681,17.54646571));
#10370=DIRECTION('',(0.,-0.16710823,-0.985938558));
#10371=VECTOR('',#10370,0.699838967);
#10372=LINE('',#10369,#10371);
#10373=EDGE_CURVE('',#10368,#2711,#10372,.T.);
#10374=ORIENTED_EDGE('',*,*,#10373,.F.);
#10375=CARTESIAN_POINT('',(24.51278543,-31.768114681,17.54646571));
#10376=VERTEX_POINT('',#10375);
#10377=CARTESIAN_POINT('',(26.51278543,-31.768114681,17.54646571));
#10378=DIRECTION('',(-1.,0.,-0.));
#10379=VECTOR('',#10378,2.);
#10380=LINE('',#10377,#10379);
#10381=EDGE_CURVE('',#10368,#10376,#10380,.T.);
#10382=ORIENTED_EDGE('',*,*,#10381,.T.);
#10383=CARTESIAN_POINT('',(24.51278543,-31.768114681,17.54646571));
#10384=DIRECTION('',(0.,-0.16710823,-0.985938558));
#10385=VECTOR('',#10384,0.699838967);
#10386=LINE('',#10383,#10385);
#10387=EDGE_CURVE('',#10376,#2713,#10386,.T.);
#10388=ORIENTED_EDGE('',*,*,#10387,.T.);
#10389=EDGE_LOOP('',(#10366,#10374,#10382,#10388));
#10390=FACE_BOUND('',#10389,.T.);
#10391=ADVANCED_FACE('',(#10390),#10365,.T.);
#10392=CARTESIAN_POINT('',(24.51278543,-31.168114681,17.54646571));
#10393=DIRECTION('',(1.,-0.,0.));
#10394=DIRECTION('',(-0.,0.,1.));
#10395=AXIS2_PLACEMENT_3D('',#10392,#10393,#10394);
#10396=PLANE('',#10395);
#10397=ORIENTED_EDGE('',*,*,#2726,.F.);
#10398=ORIENTED_EDGE('',*,*,#10387,.F.);
#10399=CARTESIAN_POINT('',(24.51278543,-31.268114681,17.54646571));
#10400=VERTEX_POINT('',#10399);
#10401=CARTESIAN_POINT('',(24.51278543,-31.768114681,17.54646571));
#10402=DIRECTION('',(0.,1.,-0.));
#10403=VECTOR('',#10402,0.5);
#10404=LINE('',#10401,#10403);
#10405=EDGE_CURVE('',#10376,#10400,#10404,.T.);
#10406=ORIENTED_EDGE('',*,*,#10405,.T.);
#10407=CARTESIAN_POINT('',(24.51278543,-30.578116459,16.856467488));
#10408=DIRECTION('',(-0.,-0.707106781,0.707106781));
#10409=VECTOR('',#10408,0.975804844);
#10410=LINE('',#10407,#10409);
#10411=EDGE_CURVE('',#2721,#10400,#10410,.T.);
#10412=ORIENTED_EDGE('',*,*,#10411,.F.);
#10413=EDGE_LOOP('',(#10397,#10398,#10406,#10412));
#10414=FACE_BOUND('',#10413,.T.);
#10415=ADVANCED_FACE('',(#10414),#10396,.F.);
#10416=CARTESIAN_POINT('',(26.51278543,-31.168114681,17.54646571));
#10417=DIRECTION('',(-1.,0.,-0.));
#10418=DIRECTION('',(0.,-0.,-1.));
#10419=AXIS2_PLACEMENT_3D('',#10416,#10417,#10418);
#10420=PLANE('',#10419);
#10421=CARTESIAN_POINT('',(26.51278543,-31.268114681,17.54646571));
#10422=VERTEX_POINT('',#10421);
#10423=CARTESIAN_POINT('',(26.51278543,-31.268114681,17.54646571));
#10424=DIRECTION('',(-0.,-1.,0.));
#10425=VECTOR('',#10424,0.5);
#10426=LINE('',#10423,#10425);
#10427=EDGE_CURVE('',#10422,#10368,#10426,.T.);
#10428=ORIENTED_EDGE('',*,*,#10427,.T.);
#10429=ORIENTED_EDGE('',*,*,#10373,.T.);
#10430=ORIENTED_EDGE('',*,*,#2740,.F.);
#10431=CARTESIAN_POINT('',(26.51278543,-31.268114681,17.54646571));
#10432=DIRECTION('',(0.,0.707106781,-0.707106781));
#10433=VECTOR('',#10432,0.975804844);
#10434=LINE('',#10431,#10433);
#10435=EDGE_CURVE('',#10422,#2729,#10434,.T.);
#10436=ORIENTED_EDGE('',*,*,#10435,.F.);
#10437=EDGE_LOOP('',(#10428,#10429,#10430,#10436));
#10438=FACE_BOUND('',#10437,.T.);
#10439=ADVANCED_FACE('',(#10438),#10420,.F.);
#10440=CARTESIAN_POINT('',(79.01278543,-25.268114681,17.54646571));
#10441=DIRECTION('',(-0.,0.,1.));
#10442=DIRECTION('',(-1.,0.,-0.));
#10443=AXIS2_PLACEMENT_3D('',#10440,#10441,#10442);
#10444=PLANE('',#10443);
#10445=ORIENTED_EDGE('',*,*,#10405,.F.);
#10446=ORIENTED_EDGE('',*,*,#10381,.F.);
#10447=ORIENTED_EDGE('',*,*,#10427,.F.);
#10448=CARTESIAN_POINT('',(24.51278543,-31.268114681,17.54646571));
#10449=DIRECTION('',(1.,-0.,0.));
#10450=VECTOR('',#10449,2.);
#10451=LINE('',#10448,#10450);
#10452=EDGE_CURVE('',#10400,#10422,#10451,.T.);
#10453=ORIENTED_EDGE('',*,*,#10452,.F.);
#10454=EDGE_LOOP('',(#10445,#10446,#10447,#10453));
#10455=FACE_BOUND('',#10454,.T.);
#10456=ADVANCED_FACE('',(#10455),#10444,.T.);
#10457=CARTESIAN_POINT('',(79.01278543,-31.268114681,17.54646571));
#10458=DIRECTION('',(0.,0.707106781,0.707106781));
#10459=DIRECTION('',(-1.,0.,-0.));
#10460=AXIS2_PLACEMENT_3D('',#10457,#10458,#10459);
#10461=PLANE('',#10460);
#10462=ORIENTED_EDGE('',*,*,#10411,.T.);
#10463=ORIENTED_EDGE('',*,*,#10452,.T.);
#10464=ORIENTED_EDGE('',*,*,#10435,.T.);
#10465=ORIENTED_EDGE('',*,*,#2734,.T.);
#10466=EDGE_LOOP('',(#10462,#10463,#10464,#10465));
#10467=FACE_BOUND('',#10466,.T.);
#10468=ADVANCED_FACE('',(#10467),#10461,.T.);
#10469=CARTESIAN_POINT('',(49.331952943,-41.156076212,-37.842507321));
#10470=DIRECTION('',(-0.,-0.985938558,0.16710823));
#10471=DIRECTION('',(0.,-0.16710823,-0.985938558));
#10472=AXIS2_PLACEMENT_3D('',#10469,#10470,#10471);
#10473=PLANE('',#10472);
#10474=ORIENTED_EDGE('',*,*,#2752,.F.);
#10475=CARTESIAN_POINT('',(9.26278543,-31.768114681,17.54646571));
#10476=VERTEX_POINT('',#10475);
#10477=CARTESIAN_POINT('',(9.26278543,-31.768114681,17.54646571));
#10478=DIRECTION('',(0.,-0.16710823,-0.985938558));
#10479=VECTOR('',#10478,0.699838967);
#10480=LINE('',#10477,#10479);
#10481=EDGE_CURVE('',#10476,#2745,#10480,.T.);
#10482=ORIENTED_EDGE('',*,*,#10481,.F.);
#10483=CARTESIAN_POINT('',(7.26278543,-31.768114681,17.54646571));
#10484=VERTEX_POINT('',#10483);
#10485=CARTESIAN_POINT('',(9.26278543,-31.768114681,17.54646571));
#10486=DIRECTION('',(-1.,0.,-0.));
#10487=VECTOR('',#10486,2.);
#10488=LINE('',#10485,#10487);
#10489=EDGE_CURVE('',#10476,#10484,#10488,.T.);
#10490=ORIENTED_EDGE('',*,*,#10489,.T.);
#10491=CARTESIAN_POINT('',(7.26278543,-31.768114681,17.54646571));
#10492=DIRECTION('',(0.,-0.16710823,-0.985938558));
#10493=VECTOR('',#10492,0.699838967);
#10494=LINE('',#10491,#10493);
#10495=EDGE_CURVE('',#10484,#2747,#10494,.T.);
#10496=ORIENTED_EDGE('',*,*,#10495,.T.);
#10497=EDGE_LOOP('',(#10474,#10482,#10490,#10496));
#10498=FACE_BOUND('',#10497,.T.);
#10499=ADVANCED_FACE('',(#10498),#10473,.T.);
#10500=CARTESIAN_POINT('',(7.26278543,-31.168114681,17.54646571));
#10501=DIRECTION('',(1.,-0.,0.));
#10502=DIRECTION('',(-0.,0.,1.));
#10503=AXIS2_PLACEMENT_3D('',#10500,#10501,#10502);
#10504=PLANE('',#10503);
#10505=ORIENTED_EDGE('',*,*,#2760,.F.);
#10506=ORIENTED_EDGE('',*,*,#10495,.F.);
#10507=CARTESIAN_POINT('',(7.26278543,-31.268114681,17.54646571));
#10508=VERTEX_POINT('',#10507);
#10509=CARTESIAN_POINT('',(7.26278543,-31.768114681,17.54646571));
#10510=DIRECTION('',(0.,1.,-0.));
#10511=VECTOR('',#10510,0.5);
#10512=LINE('',#10509,#10511);
#10513=EDGE_CURVE('',#10484,#10508,#10512,.T.);
#10514=ORIENTED_EDGE('',*,*,#10513,.T.);
#10515=CARTESIAN_POINT('',(7.26278543,-30.578116459,16.856467488));
#10516=DIRECTION('',(-0.,-0.707106781,0.707106781));
#10517=VECTOR('',#10516,0.975804844);
#10518=LINE('',#10515,#10517);
#10519=EDGE_CURVE('',#2755,#10508,#10518,.T.);
#10520=ORIENTED_EDGE('',*,*,#10519,.F.);
#10521=EDGE_LOOP('',(#10505,#10506,#10514,#10520));
#10522=FACE_BOUND('',#10521,.T.);
#10523=ADVANCED_FACE('',(#10522),#10504,.F.);
#10524=CARTESIAN_POINT('',(9.26278543,-31.168114681,17.54646571));
#10525=DIRECTION('',(-1.,0.,-0.));
#10526=DIRECTION('',(0.,-0.,-1.));
#10527=AXIS2_PLACEMENT_3D('',#10524,#10525,#10526);
#10528=PLANE('',#10527);
#10529=CARTESIAN_POINT('',(9.26278543,-31.268114681,17.54646571));
#10530=VERTEX_POINT('',#10529);
#10531=CARTESIAN_POINT('',(9.26278543,-31.268114681,17.54646571));
#10532=DIRECTION('',(-0.,-1.,0.));
#10533=VECTOR('',#10532,0.5);
#10534=LINE('',#10531,#10533);
#10535=EDGE_CURVE('',#10530,#10476,#10534,.T.);
#10536=ORIENTED_EDGE('',*,*,#10535,.T.);
#10537=ORIENTED_EDGE('',*,*,#10481,.T.);
#10538=ORIENTED_EDGE('',*,*,#2774,.F.);
#10539=CARTESIAN_POINT('',(9.26278543,-31.268114681,17.54646571));
#10540=DIRECTION('',(0.,0.707106781,-0.707106781));
#10541=VECTOR('',#10540,0.975804844);
#10542=LINE('',#10539,#10541);
#10543=EDGE_CURVE('',#10530,#2763,#10542,.T.);
#10544=ORIENTED_EDGE('',*,*,#10543,.F.);
#10545=EDGE_LOOP('',(#10536,#10537,#10538,#10544));
#10546=FACE_BOUND('',#10545,.T.);
#10547=ADVANCED_FACE('',(#10546),#10528,.F.);
#10548=CARTESIAN_POINT('',(61.76278543,-25.268114681,17.54646571));
#10549=DIRECTION('',(-0.,0.,1.));
#10550=DIRECTION('',(-1.,0.,-0.));
#10551=AXIS2_PLACEMENT_3D('',#10548,#10549,#10550);
#10552=PLANE('',#10551);
#10553=ORIENTED_EDGE('',*,*,#10513,.F.);
#10554=ORIENTED_EDGE('',*,*,#10489,.F.);
#10555=ORIENTED_EDGE('',*,*,#10535,.F.);
#10556=CARTESIAN_POINT('',(7.26278543,-31.268114681,17.54646571));
#10557=DIRECTION('',(1.,-0.,0.));
#10558=VECTOR('',#10557,2.);
#10559=LINE('',#10556,#10558);
#10560=EDGE_CURVE('',#10508,#10530,#10559,.T.);
#10561=ORIENTED_EDGE('',*,*,#10560,.F.);
#10562=EDGE_LOOP('',(#10553,#10554,#10555,#10561));
#10563=FACE_BOUND('',#10562,.T.);
#10564=ADVANCED_FACE('',(#10563),#10552,.T.);
#10565=CARTESIAN_POINT('',(61.76278543,-31.268114681,17.54646571));
#10566=DIRECTION('',(0.,0.707106781,0.707106781));
#10567=DIRECTION('',(-1.,0.,-0.));
#10568=AXIS2_PLACEMENT_3D('',#10565,#10566,#10567);
#10569=PLANE('',#10568);
#10570=ORIENTED_EDGE('',*,*,#10519,.T.);
#10571=ORIENTED_EDGE('',*,*,#10560,.T.);
#10572=ORIENTED_EDGE('',*,*,#10543,.T.);
#10573=ORIENTED_EDGE('',*,*,#2768,.T.);
#10574=EDGE_LOOP('',(#10570,#10571,#10572,#10573));
#10575=FACE_BOUND('',#10574,.T.);
#10576=ADVANCED_FACE('',(#10575),#10569,.T.);
#10577=CARTESIAN_POINT('',(106.11175846,-41.156076212,70.27563589));
#10578=DIRECTION('',(-0.16710823,-0.985938558,0.));
#10579=DIRECTION('',(0.985938558,-0.16710823,0.));
#10580=AXIS2_PLACEMENT_3D('',#10577,#10578,#10579);
#10581=PLANE('',#10580);
#10582=ORIENTED_EDGE('',*,*,#2468,.F.);
#10583=CARTESIAN_POINT('',(50.72278543,-31.768114681,30.206468377));
#10584=VERTEX_POINT('',#10583);
#10585=CARTESIAN_POINT('',(50.72278543,-31.768114681,30.206468377));
#10586=DIRECTION('',(0.985938558,-0.16710823,0.));
#10587=VECTOR('',#10586,0.699840771);
#10588=LINE('',#10585,#10587);
#10589=EDGE_CURVE('',#10584,#2455,#10588,.T.);
#10590=ORIENTED_EDGE('',*,*,#10589,.F.);
#10591=CARTESIAN_POINT('',(50.72278543,-31.768114681,28.206468377));
#10592=VERTEX_POINT('',#10591);
#10593=CARTESIAN_POINT('',(50.72278543,-31.768114681,30.206468377));
#10594=DIRECTION('',(0.,-0.,-1.));
#10595=VECTOR('',#10594,2.);
#10596=LINE('',#10593,#10595);
#10597=EDGE_CURVE('',#10584,#10592,#10596,.T.);
#10598=ORIENTED_EDGE('',*,*,#10597,.T.);
#10599=CARTESIAN_POINT('',(50.72278543,-31.768114681,28.206468377));
#10600=DIRECTION('',(0.985938558,-0.16710823,0.));
#10601=VECTOR('',#10600,0.699840771);
#10602=LINE('',#10599,#10601);
#10603=EDGE_CURVE('',#10592,#2463,#10602,.T.);
#10604=ORIENTED_EDGE('',*,*,#10603,.T.);
#10605=EDGE_LOOP('',(#10582,#10590,#10598,#10604));
#10606=FACE_BOUND('',#10605,.T.);
#10607=ADVANCED_FACE('',(#10606),#10581,.T.);
#10608=CARTESIAN_POINT('',(50.72278543,-31.168114681,28.206468377));
#10609=DIRECTION('',(-0.,0.,1.));
#10610=DIRECTION('',(-1.,0.,-0.));
#10611=AXIS2_PLACEMENT_3D('',#10608,#10609,#10610);
#10612=PLANE('',#10611);
#10613=ORIENTED_EDGE('',*,*,#2476,.F.);
#10614=ORIENTED_EDGE('',*,*,#10603,.F.);
#10615=CARTESIAN_POINT('',(50.72278543,-31.268114681,28.206468377));
#10616=VERTEX_POINT('',#10615);
#10617=CARTESIAN_POINT('',(50.72278543,-31.768114681,28.206468377));
#10618=DIRECTION('',(0.,1.,-0.));
#10619=VECTOR('',#10618,0.5);
#10620=LINE('',#10617,#10619);
#10621=EDGE_CURVE('',#10592,#10616,#10620,.T.);
#10622=ORIENTED_EDGE('',*,*,#10621,.T.);
#10623=CARTESIAN_POINT('',(51.41278543,-30.578114681,28.206468377));
#10624=DIRECTION('',(-0.707106781,-0.707106781,0.));
#10625=VECTOR('',#10624,0.975807358);
#10626=LINE('',#10623,#10625);
#10627=EDGE_CURVE('',#2471,#10616,#10626,.T.);
#10628=ORIENTED_EDGE('',*,*,#10627,.F.);
#10629=EDGE_LOOP('',(#10613,#10614,#10622,#10628));
#10630=FACE_BOUND('',#10629,.T.);
#10631=ADVANCED_FACE('',(#10630),#10612,.F.);
#10632=CARTESIAN_POINT('',(50.72278543,-31.168114681,30.206468377));
#10633=DIRECTION('',(0.,-0.,-1.));
#10634=DIRECTION('',(1.,-0.,0.));
#10635=AXIS2_PLACEMENT_3D('',#10632,#10633,#10634);
#10636=PLANE('',#10635);
#10637=CARTESIAN_POINT('',(50.72278543,-31.268114681,30.206468377));
#10638=VERTEX_POINT('',#10637);
#10639=CARTESIAN_POINT('',(50.72278543,-31.268114681,30.206468377));
#10640=DIRECTION('',(-0.,-1.,0.));
#10641=VECTOR('',#10640,0.5);
#10642=LINE('',#10639,#10641);
#10643=EDGE_CURVE('',#10638,#10584,#10642,.T.);
#10644=ORIENTED_EDGE('',*,*,#10643,.T.);
#10645=ORIENTED_EDGE('',*,*,#10589,.T.);
#10646=ORIENTED_EDGE('',*,*,#2460,.F.);
#10647=CARTESIAN_POINT('',(50.72278543,-31.268114681,30.206468377));
#10648=DIRECTION('',(0.707106781,0.707106781,-0.));
#10649=VECTOR('',#10648,0.975807358);
#10650=LINE('',#10647,#10649);
#10651=EDGE_CURVE('',#10638,#2453,#10650,.T.);
#10652=ORIENTED_EDGE('',*,*,#10651,.F.);
#10653=EDGE_LOOP('',(#10644,#10645,#10646,#10652));
#10654=FACE_BOUND('',#10653,.T.);
#10655=ADVANCED_FACE('',(#10654),#10636,.F.);
#10656=CARTESIAN_POINT('',(50.72278543,-25.268114681,82.706468377));
#10657=DIRECTION('',(-1.,0.,-0.));
#10658=DIRECTION('',(0.,-0.,-1.));
#10659=AXIS2_PLACEMENT_3D('',#10656,#10657,#10658);
#10660=PLANE('',#10659);
#10661=ORIENTED_EDGE('',*,*,#10621,.F.);
#10662=ORIENTED_EDGE('',*,*,#10597,.F.);
#10663=ORIENTED_EDGE('',*,*,#10643,.F.);
#10664=CARTESIAN_POINT('',(50.72278543,-31.268114681,28.206468377));
#10665=DIRECTION('',(-0.,0.,1.));
#10666=VECTOR('',#10665,2.);
#10667=LINE('',#10664,#10666);
#10668=EDGE_CURVE('',#10616,#10638,#10667,.T.);
#10669=ORIENTED_EDGE('',*,*,#10668,.F.);
#10670=EDGE_LOOP('',(#10661,#10662,#10663,#10669));
#10671=FACE_BOUND('',#10670,.T.);
#10672=ADVANCED_FACE('',(#10671),#10660,.T.);
#10673=CARTESIAN_POINT('',(50.72278543,-31.268114681,82.706468377));
#10674=DIRECTION('',(-0.707106781,0.707106781,-0.));
#10675=DIRECTION('',(0.,-0.,-1.));
#10676=AXIS2_PLACEMENT_3D('',#10673,#10674,#10675);
#10677=PLANE('',#10676);
#10678=ORIENTED_EDGE('',*,*,#10627,.T.);
#10679=ORIENTED_EDGE('',*,*,#10668,.T.);
#10680=ORIENTED_EDGE('',*,*,#10651,.T.);
#10681=ORIENTED_EDGE('',*,*,#2482,.T.);
#10682=EDGE_LOOP('',(#10678,#10679,#10680,#10681));
#10683=FACE_BOUND('',#10682,.T.);
#10684=ADVANCED_FACE('',(#10683),#10677,.T.);
#10685=CARTESIAN_POINT('',(49.331952943,-41.156076212,97.755442297));
#10686=DIRECTION('',(-0.,-0.985938558,-0.16710823));
#10687=DIRECTION('',(-0.,-0.16710823,0.985938558));
#10688=AXIS2_PLACEMENT_3D('',#10685,#10686,#10687);
#10689=PLANE('',#10688);
#10690=ORIENTED_EDGE('',*,*,#2310,.T.);
#10691=CARTESIAN_POINT('',(7.26278543,-31.768114681,42.366469266));
#10692=VERTEX_POINT('',#10691);
#10693=CARTESIAN_POINT('',(7.26278543,-31.768114681,42.366469266));
#10694=DIRECTION('',(-0.,-0.16710823,0.985938558));
#10695=VECTOR('',#10694,0.699840771);
#10696=LINE('',#10693,#10695);
#10697=EDGE_CURVE('',#10692,#2295,#10696,.T.);
#10698=ORIENTED_EDGE('',*,*,#10697,.F.);
#10699=CARTESIAN_POINT('',(9.26278543,-31.768114681,42.366469266));
#10700=VERTEX_POINT('',#10699);
#10701=CARTESIAN_POINT('',(9.26278543,-31.768114681,42.366469266));
#10702=DIRECTION('',(-1.,0.,-0.));
#10703=VECTOR('',#10702,2.);
#10704=LINE('',#10701,#10703);
#10705=EDGE_CURVE('',#10700,#10692,#10704,.T.);
#10706=ORIENTED_EDGE('',*,*,#10705,.F.);
#10707=CARTESIAN_POINT('',(9.26278543,-31.768114681,42.366469266));
#10708=DIRECTION('',(-0.,-0.16710823,0.985938558));
#10709=VECTOR('',#10708,0.699840771);
#10710=LINE('',#10707,#10709);
#10711=EDGE_CURVE('',#10700,#2305,#10710,.T.);
#10712=ORIENTED_EDGE('',*,*,#10711,.T.);
#10713=EDGE_LOOP('',(#10690,#10698,#10706,#10712));
#10714=FACE_BOUND('',#10713,.T.);
#10715=ADVANCED_FACE('',(#10714),#10689,.T.);
#10716=CARTESIAN_POINT('',(7.26278543,-31.168114681,42.366469266));
#10717=DIRECTION('',(1.,-0.,0.));
#10718=DIRECTION('',(0.,-0.,-1.));
#10719=AXIS2_PLACEMENT_3D('',#10716,#10717,#10718);
#10720=PLANE('',#10719);
#10721=ORIENTED_EDGE('',*,*,#2302,.T.);
#10722=CARTESIAN_POINT('',(7.26278543,-31.268114681,42.366469266));
#10723=VERTEX_POINT('',#10722);
#10724=CARTESIAN_POINT('',(7.26278543,-30.578114681,43.056469266));
#10725=DIRECTION('',(-0.,-0.707106781,-0.707106781));
#10726=VECTOR('',#10725,0.975807358);
#10727=LINE('',#10724,#10726);
#10728=EDGE_CURVE('',#2297,#10723,#10727,.T.);
#10729=ORIENTED_EDGE('',*,*,#10728,.T.);
#10730=CARTESIAN_POINT('',(7.26278543,-31.768114681,42.366469266));
#10731=DIRECTION('',(0.,1.,-0.));
#10732=VECTOR('',#10731,0.5);
#10733=LINE('',#10730,#10732);
#10734=EDGE_CURVE('',#10692,#10723,#10733,.T.);
#10735=ORIENTED_EDGE('',*,*,#10734,.F.);
#10736=ORIENTED_EDGE('',*,*,#10697,.T.);
#10737=EDGE_LOOP('',(#10721,#10729,#10735,#10736));
#10738=FACE_BOUND('',#10737,.T.);
#10739=ADVANCED_FACE('',(#10738),#10720,.F.);
#10740=CARTESIAN_POINT('',(9.26278543,-31.168114681,42.366469266));
#10741=DIRECTION('',(-1.,0.,-0.));
#10742=DIRECTION('',(-0.,0.,1.));
#10743=AXIS2_PLACEMENT_3D('',#10740,#10741,#10742);
#10744=PLANE('',#10743);
#10745=CARTESIAN_POINT('',(9.26278543,-31.268114681,42.366469266));
#10746=VERTEX_POINT('',#10745);
#10747=CARTESIAN_POINT('',(9.26278543,-31.268114681,42.366469266));
#10748=DIRECTION('',(-0.,-1.,0.));
#10749=VECTOR('',#10748,0.5);
#10750=LINE('',#10747,#10749);
#10751=EDGE_CURVE('',#10746,#10700,#10750,.T.);
#10752=ORIENTED_EDGE('',*,*,#10751,.F.);
#10753=CARTESIAN_POINT('',(9.26278543,-31.268114681,42.366469266));
#10754=DIRECTION('',(0.,0.707106781,0.707106781));
#10755=VECTOR('',#10754,0.975807358);
#10756=LINE('',#10753,#10755);
#10757=EDGE_CURVE('',#10746,#2313,#10756,.T.);
#10758=ORIENTED_EDGE('',*,*,#10757,.T.);
#10759=ORIENTED_EDGE('',*,*,#2318,.T.);
#10760=ORIENTED_EDGE('',*,*,#10711,.F.);
#10761=EDGE_LOOP('',(#10752,#10758,#10759,#10760));
#10762=FACE_BOUND('',#10761,.T.);
#10763=ADVANCED_FACE('',(#10762),#10744,.F.);
#10764=CARTESIAN_POINT('',(61.76278543,-25.268114681,42.366469266));
#10765=DIRECTION('',(0.,-0.,-1.));
#10766=DIRECTION('',(-1.,0.,-0.));
#10767=AXIS2_PLACEMENT_3D('',#10764,#10765,#10766);
#10768=PLANE('',#10767);
#10769=ORIENTED_EDGE('',*,*,#10734,.T.);
#10770=CARTESIAN_POINT('',(7.26278543,-31.268114681,42.366469266));
#10771=DIRECTION('',(1.,-0.,0.));
#10772=VECTOR('',#10771,2.);
#10773=LINE('',#10770,#10772);
#10774=EDGE_CURVE('',#10723,#10746,#10773,.T.);
#10775=ORIENTED_EDGE('',*,*,#10774,.T.);
#10776=ORIENTED_EDGE('',*,*,#10751,.T.);
#10777=ORIENTED_EDGE('',*,*,#10705,.T.);
#10778=EDGE_LOOP('',(#10769,#10775,#10776,#10777));
#10779=FACE_BOUND('',#10778,.T.);
#10780=ADVANCED_FACE('',(#10779),#10768,.T.);
#10781=CARTESIAN_POINT('',(61.76278543,-31.268114681,42.366469266));
#10782=DIRECTION('',(0.,0.707106781,-0.707106781));
#10783=DIRECTION('',(-1.,0.,-0.));
#10784=AXIS2_PLACEMENT_3D('',#10781,#10782,#10783);
#10785=PLANE('',#10784);
#10786=ORIENTED_EDGE('',*,*,#10728,.F.);
#10787=ORIENTED_EDGE('',*,*,#2324,.F.);
#10788=ORIENTED_EDGE('',*,*,#10757,.F.);
#10789=ORIENTED_EDGE('',*,*,#10774,.F.);
#10790=EDGE_LOOP('',(#10786,#10787,#10788,#10789));
#10791=FACE_BOUND('',#10790,.T.);
#10792=ADVANCED_FACE('',(#10791),#10785,.T.);
#10793=CARTESIAN_POINT('',(0.693617916,-41.156076212,97.755442297));
#10794=DIRECTION('',(0.,-0.985938558,-0.16710823));
#10795=DIRECTION('',(0.,-0.16710823,0.985938558));
#10796=AXIS2_PLACEMENT_3D('',#10793,#10794,#10795);
#10797=PLANE('',#10796);
#10798=ORIENTED_EDGE('',*,*,#2276,.F.);
#10799=CARTESIAN_POINT('',(40.76278543,-31.768114681,42.366469266));
#10800=VERTEX_POINT('',#10799);
#10801=CARTESIAN_POINT('',(40.76278543,-31.768114681,42.366469266));
#10802=DIRECTION('',(0.,-0.16710823,0.985938558));
#10803=VECTOR('',#10802,0.699840771);
#10804=LINE('',#10801,#10803);
#10805=EDGE_CURVE('',#10800,#2263,#10804,.T.);
#10806=ORIENTED_EDGE('',*,*,#10805,.F.);
#10807=CARTESIAN_POINT('',(42.76278543,-31.768114681,42.366469266));
#10808=VERTEX_POINT('',#10807);
#10809=CARTESIAN_POINT('',(40.76278543,-31.768114681,42.366469266));
#10810=DIRECTION('',(1.,0.,-0.));
#10811=VECTOR('',#10810,2.);
#10812=LINE('',#10809,#10811);
#10813=EDGE_CURVE('',#10800,#10808,#10812,.T.);
#10814=ORIENTED_EDGE('',*,*,#10813,.T.);
#10815=CARTESIAN_POINT('',(42.76278543,-31.768114681,42.366469266));
#10816=DIRECTION('',(0.,-0.16710823,0.985938558));
#10817=VECTOR('',#10816,0.699840771);
#10818=LINE('',#10815,#10817);
#10819=EDGE_CURVE('',#10808,#2271,#10818,.T.);
#10820=ORIENTED_EDGE('',*,*,#10819,.T.);
#10821=EDGE_LOOP('',(#10798,#10806,#10814,#10820));
#10822=FACE_BOUND('',#10821,.T.);
#10823=ADVANCED_FACE('',(#10822),#10797,.T.);
#10824=CARTESIAN_POINT('',(42.76278543,-31.168114681,42.366469266));
#10825=DIRECTION('',(-1.,-0.,0.));
#10826=DIRECTION('',(-0.,-0.,-1.));
#10827=AXIS2_PLACEMENT_3D('',#10824,#10825,#10826);
#10828=PLANE('',#10827);
#10829=ORIENTED_EDGE('',*,*,#2284,.F.);
#10830=ORIENTED_EDGE('',*,*,#10819,.F.);
#10831=CARTESIAN_POINT('',(42.76278543,-31.268114681,42.366469266));
#10832=VERTEX_POINT('',#10831);
#10833=CARTESIAN_POINT('',(42.76278543,-31.768114681,42.366469266));
#10834=DIRECTION('',(-0.,1.,-0.));
#10835=VECTOR('',#10834,0.5);
#10836=LINE('',#10833,#10835);
#10837=EDGE_CURVE('',#10808,#10832,#10836,.T.);
#10838=ORIENTED_EDGE('',*,*,#10837,.T.);
#10839=CARTESIAN_POINT('',(42.76278543,-30.578114681,43.056469266));
#10840=DIRECTION('',(0.,-0.707106781,-0.707106781));
#10841=VECTOR('',#10840,0.975807358);
#10842=LINE('',#10839,#10841);
#10843=EDGE_CURVE('',#2279,#10832,#10842,.T.);
#10844=ORIENTED_EDGE('',*,*,#10843,.F.);
#10845=EDGE_LOOP('',(#10829,#10830,#10838,#10844));
#10846=FACE_BOUND('',#10845,.T.);
#10847=ADVANCED_FACE('',(#10846),#10828,.F.);
#10848=CARTESIAN_POINT('',(40.76278543,-31.168114681,42.366469266));
#10849=DIRECTION('',(1.,0.,-0.));
#10850=DIRECTION('',(0.,0.,1.));
#10851=AXIS2_PLACEMENT_3D('',#10848,#10849,#10850);
#10852=PLANE('',#10851);
#10853=CARTESIAN_POINT('',(40.76278543,-31.268114681,42.366469266));
#10854=VERTEX_POINT('',#10853);
#10855=CARTESIAN_POINT('',(40.76278543,-31.268114681,42.366469266));
#10856=DIRECTION('',(0.,-1.,0.));
#10857=VECTOR('',#10856,0.5);
#10858=LINE('',#10855,#10857);
#10859=EDGE_CURVE('',#10854,#10800,#10858,.T.);
#10860=ORIENTED_EDGE('',*,*,#10859,.T.);
#10861=ORIENTED_EDGE('',*,*,#10805,.T.);
#10862=ORIENTED_EDGE('',*,*,#2268,.F.);
#10863=CARTESIAN_POINT('',(40.76278543,-31.268114681,42.366469266));
#10864=DIRECTION('',(-0.,0.707106781,0.707106781));
#10865=VECTOR('',#10864,0.975807358);
#10866=LINE('',#10863,#10865);
#10867=EDGE_CURVE('',#10854,#2261,#10866,.T.);
#10868=ORIENTED_EDGE('',*,*,#10867,.F.);
#10869=EDGE_LOOP('',(#10860,#10861,#10862,#10868));
#10870=FACE_BOUND('',#10869,.T.);
#10871=ADVANCED_FACE('',(#10870),#10852,.F.);
#10872=CARTESIAN_POINT('',(-11.73721457,-25.268114681,42.366469266));
#10873=DIRECTION('',(-0.,-0.,-1.));
#10874=DIRECTION('',(1.,0.,-0.));
#10875=AXIS2_PLACEMENT_3D('',#10872,#10873,#10874);
#10876=PLANE('',#10875);
#10877=ORIENTED_EDGE('',*,*,#10837,.F.);
#10878=ORIENTED_EDGE('',*,*,#10813,.F.);
#10879=ORIENTED_EDGE('',*,*,#10859,.F.);
#10880=CARTESIAN_POINT('',(42.76278543,-31.268114681,42.366469266));
#10881=DIRECTION('',(-1.,-0.,0.));
#10882=VECTOR('',#10881,2.);
#10883=LINE('',#10880,#10882);
#10884=EDGE_CURVE('',#10832,#10854,#10883,.T.);
#10885=ORIENTED_EDGE('',*,*,#10884,.F.);
#10886=EDGE_LOOP('',(#10877,#10878,#10879,#10885));
#10887=FACE_BOUND('',#10886,.T.);
#10888=ADVANCED_FACE('',(#10887),#10876,.T.);
#10889=CARTESIAN_POINT('',(-11.73721457,-31.268114681,42.366469266));
#10890=DIRECTION('',(-0.,0.707106781,-0.707106781));
#10891=DIRECTION('',(1.,0.,-0.));
#10892=AXIS2_PLACEMENT_3D('',#10889,#10890,#10891);
#10893=PLANE('',#10892);
#10894=ORIENTED_EDGE('',*,*,#10843,.T.);
#10895=ORIENTED_EDGE('',*,*,#10884,.T.);
#10896=ORIENTED_EDGE('',*,*,#10867,.T.);
#10897=ORIENTED_EDGE('',*,*,#2290,.T.);
#10898=EDGE_LOOP('',(#10894,#10895,#10896,#10897));
#10899=FACE_BOUND('',#10898,.T.);
#10900=ADVANCED_FACE('',(#10899),#10893,.T.);
#10901=CARTESIAN_POINT('',(66.581952943,-41.156076212,97.755442297));
#10902=DIRECTION('',(-0.,-0.985938558,-0.16710823));
#10903=DIRECTION('',(-0.,-0.16710823,0.985938558));
#10904=AXIS2_PLACEMENT_3D('',#10901,#10902,#10903);
#10905=PLANE('',#10904);
#10906=ORIENTED_EDGE('',*,*,#2344,.T.);
#10907=CARTESIAN_POINT('',(24.51278543,-31.768114681,42.366469266));
#10908=VERTEX_POINT('',#10907);
#10909=CARTESIAN_POINT('',(24.51278543,-31.768114681,42.366469266));
#10910=DIRECTION('',(-0.,-0.16710823,0.985938558));
#10911=VECTOR('',#10910,0.699840771);
#10912=LINE('',#10909,#10911);
#10913=EDGE_CURVE('',#10908,#2329,#10912,.T.);
#10914=ORIENTED_EDGE('',*,*,#10913,.F.);
#10915=CARTESIAN_POINT('',(26.51278543,-31.768114681,42.366469266));
#10916=VERTEX_POINT('',#10915);
#10917=CARTESIAN_POINT('',(26.51278543,-31.768114681,42.366469266));
#10918=DIRECTION('',(-1.,0.,-0.));
#10919=VECTOR('',#10918,2.);
#10920=LINE('',#10917,#10919);
#10921=EDGE_CURVE('',#10916,#10908,#10920,.T.);
#10922=ORIENTED_EDGE('',*,*,#10921,.F.);
#10923=CARTESIAN_POINT('',(26.51278543,-31.768114681,42.366469266));
#10924=DIRECTION('',(-0.,-0.16710823,0.985938558));
#10925=VECTOR('',#10924,0.699840771);
#10926=LINE('',#10923,#10925);
#10927=EDGE_CURVE('',#10916,#2339,#10926,.T.);
#10928=ORIENTED_EDGE('',*,*,#10927,.T.);
#10929=EDGE_LOOP('',(#10906,#10914,#10922,#10928));
#10930=FACE_BOUND('',#10929,.T.);
#10931=ADVANCED_FACE('',(#10930),#10905,.T.);
#10932=CARTESIAN_POINT('',(24.51278543,-31.168114681,42.366469266));
#10933=DIRECTION('',(1.,-0.,0.));
#10934=DIRECTION('',(0.,-0.,-1.));
#10935=AXIS2_PLACEMENT_3D('',#10932,#10933,#10934);
#10936=PLANE('',#10935);
#10937=ORIENTED_EDGE('',*,*,#2336,.T.);
#10938=CARTESIAN_POINT('',(24.51278543,-31.268114681,42.366469266));
#10939=VERTEX_POINT('',#10938);
#10940=CARTESIAN_POINT('',(24.51278543,-30.578114681,43.056469266));
#10941=DIRECTION('',(-0.,-0.707106781,-0.707106781));
#10942=VECTOR('',#10941,0.975807358);
#10943=LINE('',#10940,#10942);
#10944=EDGE_CURVE('',#2331,#10939,#10943,.T.);
#10945=ORIENTED_EDGE('',*,*,#10944,.T.);
#10946=CARTESIAN_POINT('',(24.51278543,-31.768114681,42.366469266));
#10947=DIRECTION('',(0.,1.,-0.));
#10948=VECTOR('',#10947,0.5);
#10949=LINE('',#10946,#10948);
#10950=EDGE_CURVE('',#10908,#10939,#10949,.T.);
#10951=ORIENTED_EDGE('',*,*,#10950,.F.);
#10952=ORIENTED_EDGE('',*,*,#10913,.T.);
#10953=EDGE_LOOP('',(#10937,#10945,#10951,#10952));
#10954=FACE_BOUND('',#10953,.T.);
#10955=ADVANCED_FACE('',(#10954),#10936,.F.);
#10956=CARTESIAN_POINT('',(26.51278543,-31.168114681,42.366469266));
#10957=DIRECTION('',(-1.,0.,-0.));
#10958=DIRECTION('',(-0.,0.,1.));
#10959=AXIS2_PLACEMENT_3D('',#10956,#10957,#10958);
#10960=PLANE('',#10959);
#10961=CARTESIAN_POINT('',(26.51278543,-31.268114681,42.366469266));
#10962=VERTEX_POINT('',#10961);
#10963=CARTESIAN_POINT('',(26.51278543,-31.268114681,42.366469266));
#10964=DIRECTION('',(-0.,-1.,0.));
#10965=VECTOR('',#10964,0.5);
#10966=LINE('',#10963,#10965);
#10967=EDGE_CURVE('',#10962,#10916,#10966,.T.);
#10968=ORIENTED_EDGE('',*,*,#10967,.F.);
#10969=CARTESIAN_POINT('',(26.51278543,-31.268114681,42.366469266));
#10970=DIRECTION('',(0.,0.707106781,0.707106781));
#10971=VECTOR('',#10970,0.975807358);
#10972=LINE('',#10969,#10971);
#10973=EDGE_CURVE('',#10962,#2347,#10972,.T.);
#10974=ORIENTED_EDGE('',*,*,#10973,.T.);
#10975=ORIENTED_EDGE('',*,*,#2352,.T.);
#10976=ORIENTED_EDGE('',*,*,#10927,.F.);
#10977=EDGE_LOOP('',(#10968,#10974,#10975,#10976));
#10978=FACE_BOUND('',#10977,.T.);
#10979=ADVANCED_FACE('',(#10978),#10960,.F.);
#10980=CARTESIAN_POINT('',(79.01278543,-25.268114681,42.366469266));
#10981=DIRECTION('',(0.,-0.,-1.));
#10982=DIRECTION('',(-1.,0.,-0.));
#10983=AXIS2_PLACEMENT_3D('',#10980,#10981,#10982);
#10984=PLANE('',#10983);
#10985=ORIENTED_EDGE('',*,*,#10950,.T.);
#10986=CARTESIAN_POINT('',(24.51278543,-31.268114681,42.366469266));
#10987=DIRECTION('',(1.,-0.,0.));
#10988=VECTOR('',#10987,2.);
#10989=LINE('',#10986,#10988);
#10990=EDGE_CURVE('',#10939,#10962,#10989,.T.);
#10991=ORIENTED_EDGE('',*,*,#10990,.T.);
#10992=ORIENTED_EDGE('',*,*,#10967,.T.);
#10993=ORIENTED_EDGE('',*,*,#10921,.T.);
#10994=EDGE_LOOP('',(#10985,#10991,#10992,#10993));
#10995=FACE_BOUND('',#10994,.T.);
#10996=ADVANCED_FACE('',(#10995),#10984,.T.);
#10997=CARTESIAN_POINT('',(79.01278543,-31.268114681,42.366469266));
#10998=DIRECTION('',(0.,0.707106781,-0.707106781));
#10999=DIRECTION('',(-1.,0.,-0.));
#11000=AXIS2_PLACEMENT_3D('',#10997,#10998,#10999);
#11001=PLANE('',#11000);
#11002=ORIENTED_EDGE('',*,*,#10944,.F.);
#11003=ORIENTED_EDGE('',*,*,#2358,.F.);
#11004=ORIENTED_EDGE('',*,*,#10973,.F.);
#11005=ORIENTED_EDGE('',*,*,#10990,.F.);
#11006=EDGE_LOOP('',(#11002,#11003,#11004,#11005));
#11007=FACE_BOUND('',#11006,.T.);
#11008=ADVANCED_FACE('',(#11007),#11001,.T.);
#11009=CARTESIAN_POINT('',(-56.086187601,-41.156076212,70.27563589));
#11010=DIRECTION('',(0.16710823,-0.985938558,0.));
#11011=DIRECTION('',(-0.985938558,-0.16710823,-0.));
#11012=AXIS2_PLACEMENT_3D('',#11009,#11010,#11011);
#11013=PLANE('',#11012);
#11014=ORIENTED_EDGE('',*,*,#2061,.T.);
#11015=CARTESIAN_POINT('',(-0.69721457,-31.768114681,28.206468377));
#11016=VERTEX_POINT('',#11015);
#11017=CARTESIAN_POINT('',(-0.69721457,-31.768114681,28.206468377));
#11018=DIRECTION('',(-0.985938558,-0.16710823,-0.));
#11019=VECTOR('',#11018,0.699840771);
#11020=LINE('',#11017,#11019);
#11021=EDGE_CURVE('',#11016,#2046,#11020,.T.);
#11022=ORIENTED_EDGE('',*,*,#11021,.F.);
#11023=CARTESIAN_POINT('',(-0.69721457,-31.768114681,30.206468377));
#11024=VERTEX_POINT('',#11023);
#11025=CARTESIAN_POINT('',(-0.69721457,-31.768114681,30.206468377));
#11026=DIRECTION('',(0.,-0.,-1.));
#11027=VECTOR('',#11026,2.);
#11028=LINE('',#11025,#11027);
#11029=EDGE_CURVE('',#11024,#11016,#11028,.T.);
#11030=ORIENTED_EDGE('',*,*,#11029,.F.);
#11031=CARTESIAN_POINT('',(-0.69721457,-31.768114681,30.206468377));
#11032=DIRECTION('',(-0.985938558,-0.16710823,-0.));
#11033=VECTOR('',#11032,0.699840771);
#11034=LINE('',#11031,#11033);
#11035=EDGE_CURVE('',#11024,#2056,#11034,.T.);
#11036=ORIENTED_EDGE('',*,*,#11035,.T.);
#11037=EDGE_LOOP('',(#11014,#11022,#11030,#11036));
#11038=FACE_BOUND('',#11037,.T.);
#11039=ADVANCED_FACE('',(#11038),#11013,.T.);
#11040=CARTESIAN_POINT('',(-0.69721457,-31.168114681,28.206468377));
#11041=DIRECTION('',(-0.,0.,1.));
#11042=DIRECTION('',(1.,-0.,0.));
#11043=AXIS2_PLACEMENT_3D('',#11040,#11041,#11042);
#11044=PLANE('',#11043);
#11045=ORIENTED_EDGE('',*,*,#2053,.T.);
#11046=CARTESIAN_POINT('',(-0.69721457,-31.268114681,28.206468377));
#11047=VERTEX_POINT('',#11046);
#11048=CARTESIAN_POINT('',(-1.38721457,-30.578114681,28.206468377));
#11049=DIRECTION('',(0.707106781,-0.707106781,0.));
#11050=VECTOR('',#11049,0.975807358);
#11051=LINE('',#11048,#11050);
#11052=EDGE_CURVE('',#2048,#11047,#11051,.T.);
#11053=ORIENTED_EDGE('',*,*,#11052,.T.);
#11054=CARTESIAN_POINT('',(-0.69721457,-31.768114681,28.206468377));
#11055=DIRECTION('',(0.,1.,-0.));
#11056=VECTOR('',#11055,0.5);
#11057=LINE('',#11054,#11056);
#11058=EDGE_CURVE('',#11016,#11047,#11057,.T.);
#11059=ORIENTED_EDGE('',*,*,#11058,.F.);
#11060=ORIENTED_EDGE('',*,*,#11021,.T.);
#11061=EDGE_LOOP('',(#11045,#11053,#11059,#11060));
#11062=FACE_BOUND('',#11061,.T.);
#11063=ADVANCED_FACE('',(#11062),#11044,.F.);
#11064=CARTESIAN_POINT('',(-0.69721457,-31.168114681,30.206468377));
#11065=DIRECTION('',(0.,-0.,-1.));
#11066=DIRECTION('',(-1.,0.,-0.));
#11067=AXIS2_PLACEMENT_3D('',#11064,#11065,#11066);
#11068=PLANE('',#11067);
#11069=CARTESIAN_POINT('',(-0.69721457,-31.268114681,30.206468377));
#11070=VERTEX_POINT('',#11069);
#11071=CARTESIAN_POINT('',(-0.69721457,-31.268114681,30.206468377));
#11072=DIRECTION('',(-0.,-1.,0.));
#11073=VECTOR('',#11072,0.5);
#11074=LINE('',#11071,#11073);
#11075=EDGE_CURVE('',#11070,#11024,#11074,.T.);
#11076=ORIENTED_EDGE('',*,*,#11075,.F.);
#11077=CARTESIAN_POINT('',(-0.69721457,-31.268114681,30.206468377));
#11078=DIRECTION('',(-0.707106781,0.707106781,-0.));
#11079=VECTOR('',#11078,0.975807358);
#11080=LINE('',#11077,#11079);
#11081=EDGE_CURVE('',#11070,#2064,#11080,.T.);
#11082=ORIENTED_EDGE('',*,*,#11081,.T.);
#11083=ORIENTED_EDGE('',*,*,#2069,.T.);
#11084=ORIENTED_EDGE('',*,*,#11035,.F.);
#11085=EDGE_LOOP('',(#11076,#11082,#11083,#11084));
#11086=FACE_BOUND('',#11085,.T.);
#11087=ADVANCED_FACE('',(#11086),#11068,.F.);
#11088=CARTESIAN_POINT('',(-0.69721457,-25.268114681,82.706468377));
#11089=DIRECTION('',(1.,-0.,0.));
#11090=DIRECTION('',(0.,-0.,-1.));
#11091=AXIS2_PLACEMENT_3D('',#11088,#11089,#11090);
#11092=PLANE('',#11091);
#11093=ORIENTED_EDGE('',*,*,#11058,.T.);
#11094=CARTESIAN_POINT('',(-0.69721457,-31.268114681,28.206468377));
#11095=DIRECTION('',(-0.,0.,1.));
#11096=VECTOR('',#11095,2.);
#11097=LINE('',#11094,#11096);
#11098=EDGE_CURVE('',#11047,#11070,#11097,.T.);
#11099=ORIENTED_EDGE('',*,*,#11098,.T.);
#11100=ORIENTED_EDGE('',*,*,#11075,.T.);
#11101=ORIENTED_EDGE('',*,*,#11029,.T.);
#11102=EDGE_LOOP('',(#11093,#11099,#11100,#11101));
#11103=FACE_BOUND('',#11102,.T.);
#11104=ADVANCED_FACE('',(#11103),#11092,.T.);
#11105=CARTESIAN_POINT('',(-0.69721457,-31.268114681,82.706468377));
#11106=DIRECTION('',(0.707106781,0.707106781,-0.));
#11107=DIRECTION('',(0.,-0.,-1.));
#11108=AXIS2_PLACEMENT_3D('',#11105,#11106,#11107);
#11109=PLANE('',#11108);
#11110=ORIENTED_EDGE('',*,*,#11052,.F.);
#11111=ORIENTED_EDGE('',*,*,#2075,.F.);
#11112=ORIENTED_EDGE('',*,*,#11081,.F.);
#11113=ORIENTED_EDGE('',*,*,#11098,.F.);
#11114=EDGE_LOOP('',(#11110,#11111,#11112,#11113));
#11115=FACE_BOUND('',#11114,.T.);
#11116=ADVANCED_FACE('',(#11115),#11109,.T.);
#11117=CARTESIAN_POINT('',(50.11278543,-37.068114681,38.206467488));
#11118=DIRECTION('',(-1.,0.,-0.));
#11119=DIRECTION('',(-0.,-1.,0.));
#11120=AXIS2_PLACEMENT_3D('',#11117,#11118,#11119);
#11121=PLANE('',#11120);
#11122=ORIENTED_EDGE('',*,*,#802,.F.);
#11123=ORIENTED_EDGE('',*,*,#9372,.F.);
#11124=ORIENTED_EDGE('',*,*,#7289,.T.);
#11125=ORIENTED_EDGE('',*,*,#138,.T.);
#11126=EDGE_LOOP('',(#11122,#11123,#11124,#11125));
#11127=FACE_BOUND('',#11126,.T.);
#11128=ADVANCED_FACE('',(#11127),#11121,.T.);
#11129=CARTESIAN_POINT('',(6.26278543,-32.368114681,42.656469266));
#11130=DIRECTION('',(0.,-0.,-1.));
#11131=DIRECTION('',(0.,1.,-0.));
#11132=AXIS2_PLACEMENT_3D('',#11129,#11130,#11131);
#11133=CYLINDRICAL_SURFACE('',#11132,1.);
#11134=ORIENTED_EDGE('',*,*,#1021,.F.);
#11135=ORIENTED_EDGE('',*,*,#9968,.F.);
#11136=ORIENTED_EDGE('',*,*,#2102,.F.);
#11137=ORIENTED_EDGE('',*,*,#10241,.F.);
#11138=EDGE_LOOP('',(#11134,#11135,#11136,#11137));
#11139=FACE_BOUND('',#11138,.T.);
#11140=ADVANCED_FACE('',(#11139),#11133,.F.);
#11141=CARTESIAN_POINT('',(27.51278543,-32.368114681,17.25646571));
#11142=DIRECTION('',(0.,-0.,-1.));
#11143=DIRECTION('',(0.,1.,-0.));
#11144=AXIS2_PLACEMENT_3D('',#11141,#11142,#11143);
#11145=CYLINDRICAL_SURFACE('',#11144,1.);
#11146=ORIENTED_EDGE('',*,*,#3770,.F.);
#11147=ORIENTED_EDGE('',*,*,#2884,.F.);
#11148=ORIENTED_EDGE('',*,*,#2543,.F.);
#11149=ORIENTED_EDGE('',*,*,#10175,.F.);
#11150=EDGE_LOOP('',(#11146,#11147,#11148,#11149));
#11151=FACE_BOUND('',#11150,.T.);
#11152=ADVANCED_FACE('',(#11151),#11145,.F.);
#11153=CARTESIAN_POINT('',(27.51278543,-32.368114681,42.806469266));
#11154=DIRECTION('',(-0.,0.,1.));
#11155=DIRECTION('',(-0.,-1.,0.));
#11156=AXIS2_PLACEMENT_3D('',#11153,#11154,#11155);
#11157=CYLINDRICAL_SURFACE('',#11156,1.);
#11158=ORIENTED_EDGE('',*,*,#1088,.F.);
#11159=ORIENTED_EDGE('',*,*,#10153,.F.);
#11160=ORIENTED_EDGE('',*,*,#2208,.F.);
#11161=ORIENTED_EDGE('',*,*,#10019,.F.);
#11162=EDGE_LOOP('',(#11158,#11159,#11160,#11161));
#11163=FACE_BOUND('',#11162,.T.);
#11164=ADVANCED_FACE('',(#11163),#11157,.F.);
#11165=CARTESIAN_POINT('',(6.26278543,-32.368114681,17.10646571));
#11166=DIRECTION('',(-0.,0.,1.));
#11167=DIRECTION('',(-0.,-1.,0.));
#11168=AXIS2_PLACEMENT_3D('',#11165,#11166,#11167);
#11169=CYLINDRICAL_SURFACE('',#11168,1.);
#11170=ORIENTED_EDGE('',*,*,#3708,.F.);
#11171=ORIENTED_EDGE('',*,*,#10087,.F.);
#11172=ORIENTED_EDGE('',*,*,#2658,.F.);
#11173=ORIENTED_EDGE('',*,*,#2966,.F.);
#11174=EDGE_LOOP('',(#11170,#11171,#11172,#11173));
#11175=FACE_BOUND('',#11174,.T.);
#11176=ADVANCED_FACE('',(#11175),#11169,.F.);
#11177=CARTESIAN_POINT('',(-1.13721457,-32.368114681,31.206468377));
#11178=DIRECTION('',(1.,-0.,0.));
#11179=DIRECTION('',(0.,-0.,-1.));
#11180=AXIS2_PLACEMENT_3D('',#11177,#11178,#11179);
#11181=CYLINDRICAL_SURFACE('',#11180,1.);
#11182=ORIENTED_EDGE('',*,*,#330,.F.);
#11183=ORIENTED_EDGE('',*,*,#10109,.F.);
#11184=ORIENTED_EDGE('',*,*,#1994,.F.);
#11185=ORIENTED_EDGE('',*,*,#2913,.F.);
#11186=EDGE_LOOP('',(#11182,#11183,#11184,#11185));
#11187=FACE_BOUND('',#11186,.T.);
#11188=ADVANCED_FACE('',(#11187),#11181,.F.);
#11189=CARTESIAN_POINT('',(39.76278543,-32.368114681,17.10646571));
#11190=DIRECTION('',(-0.,0.,1.));
#11191=DIRECTION('',(-0.,-1.,0.));
#11192=AXIS2_PLACEMENT_3D('',#11189,#11190,#11191);
#11193=CYLINDRICAL_SURFACE('',#11192,1.);
#11194=ORIENTED_EDGE('',*,*,#3758,.F.);
#11195=ORIENTED_EDGE('',*,*,#10197,.F.);
#11196=ORIENTED_EDGE('',*,*,#2576,.F.);
#11197=ORIENTED_EDGE('',*,*,#2798,.F.);
#11198=EDGE_LOOP('',(#11194,#11195,#11196,#11197));
#11199=FACE_BOUND('',#11198,.T.);
#11200=ADVANCED_FACE('',(#11199),#11193,.F.);
#11201=CARTESIAN_POINT('',(39.76278543,-32.368114681,42.656469266));
#11202=DIRECTION('',(0.,-0.,-1.));
#11203=DIRECTION('',(0.,1.,-0.));
#11204=AXIS2_PLACEMENT_3D('',#11201,#11202,#11203);
#11205=CYLINDRICAL_SURFACE('',#11204,1.);
#11206=ORIENTED_EDGE('',*,*,#1121,.F.);
#11207=ORIENTED_EDGE('',*,*,#10002,.F.);
#11208=ORIENTED_EDGE('',*,*,#2175,.F.);
#11209=ORIENTED_EDGE('',*,*,#10219,.F.);
#11210=EDGE_LOOP('',(#11206,#11207,#11208,#11209));
#11211=FACE_BOUND('',#11210,.T.);
#11212=ADVANCED_FACE('',(#11211),#11205,.F.);
#11213=CARTESIAN_POINT('',(10.26278543,-32.368114681,42.806469266));
#11214=DIRECTION('',(-0.,0.,1.));
#11215=DIRECTION('',(-0.,-1.,0.));
#11216=AXIS2_PLACEMENT_3D('',#11213,#11214,#11215);
#11217=CYLINDRICAL_SURFACE('',#11216,1.);
#11218=ORIENTED_EDGE('',*,*,#1038,.F.);
#11219=ORIENTED_EDGE('',*,*,#10248,.F.);
#11220=ORIENTED_EDGE('',*,*,#2256,.F.);
#11221=ORIENTED_EDGE('',*,*,#9951,.F.);
#11222=EDGE_LOOP('',(#11218,#11219,#11220,#11221));
#11223=FACE_BOUND('',#11222,.T.);
#11224=ADVANCED_FACE('',(#11223),#11217,.F.);
#11225=CARTESIAN_POINT('',(-0.98721457,-32.368114681,27.206468377));
#11226=DIRECTION('',(-1.,0.,-0.));
#11227=DIRECTION('',(-0.,0.,1.));
#11228=AXIS2_PLACEMENT_3D('',#11225,#11226,#11227);
#11229=CYLINDRICAL_SURFACE('',#11228,1.);
#11230=ORIENTED_EDGE('',*,*,#313,.F.);
#11231=ORIENTED_EDGE('',*,*,#2935,.F.);
#11232=ORIENTED_EDGE('',*,*,#2011,.F.);
#11233=ORIENTED_EDGE('',*,*,#10116,.F.);
#11234=EDGE_LOOP('',(#11230,#11231,#11232,#11233));
#11235=FACE_BOUND('',#11234,.T.);
#11236=ADVANCED_FACE('',(#11235),#11229,.F.);
#11237=CARTESIAN_POINT('',(51.01278543,-32.368114681,31.206468377));
#11238=DIRECTION('',(-1.,0.,-0.));
#11239=DIRECTION('',(-0.,-1.,0.));
#11240=AXIS2_PLACEMENT_3D('',#11237,#11238,#11239);
#11241=CYLINDRICAL_SURFACE('',#11240,1.);
#11242=ORIENTED_EDGE('',*,*,#1903,.F.);
#11243=ORIENTED_EDGE('',*,*,#10070,.F.);
#11244=ORIENTED_EDGE('',*,*,#2385,.F.);
#11245=ORIENTED_EDGE('',*,*,#10131,.F.);
#11246=EDGE_LOOP('',(#11242,#11243,#11244,#11245));
#11247=FACE_BOUND('',#11246,.T.);
#11248=ADVANCED_FACE('',(#11247),#11241,.F.);
#11249=CARTESIAN_POINT('',(51.16278543,-32.368114681,27.206468377));
#11250=DIRECTION('',(1.,-0.,0.));
#11251=DIRECTION('',(0.,1.,-0.));
#11252=AXIS2_PLACEMENT_3D('',#11249,#11250,#11251);
#11253=CYLINDRICAL_SURFACE('',#11252,1.);
#11254=ORIENTED_EDGE('',*,*,#1920,.F.);
#11255=ORIENTED_EDGE('',*,*,#10138,.F.);
#11256=ORIENTED_EDGE('',*,*,#2448,.F.);
#11257=ORIENTED_EDGE('',*,*,#10053,.F.);
#11258=EDGE_LOOP('',(#11254,#11255,#11256,#11257));
#11259=FACE_BOUND('',#11258,.T.);
#11260=ADVANCED_FACE('',(#11259),#11253,.F.);
#11261=CARTESIAN_POINT('',(23.51278543,-32.368114681,17.10646571));
#11262=DIRECTION('',(-0.,0.,1.));
#11263=DIRECTION('',(-0.,-1.,0.));
#11264=AXIS2_PLACEMENT_3D('',#11261,#11262,#11263);
#11265=CYLINDRICAL_SURFACE('',#11264,1.);
#11266=ORIENTED_EDGE('',*,*,#3785,.F.);
#11267=ORIENTED_EDGE('',*,*,#10182,.F.);
#11268=ORIENTED_EDGE('',*,*,#2706,.F.);
#11269=ORIENTED_EDGE('',*,*,#2860,.F.);
#11270=EDGE_LOOP('',(#11266,#11267,#11268,#11269));
#11271=FACE_BOUND('',#11270,.T.);
#11272=ADVANCED_FACE('',(#11271),#11265,.F.);
#11273=CARTESIAN_POINT('',(43.76278543,-32.368114681,17.25646571));
#11274=DIRECTION('',(0.,-0.,-1.));
#11275=DIRECTION('',(0.,1.,-0.));
#11276=AXIS2_PLACEMENT_3D('',#11273,#11274,#11275);
#11277=CYLINDRICAL_SURFACE('',#11276,1.);
#11278=ORIENTED_EDGE('',*,*,#3743,.F.);
#11279=ORIENTED_EDGE('',*,*,#2822,.F.);
#11280=ORIENTED_EDGE('',*,*,#2593,.F.);
#11281=ORIENTED_EDGE('',*,*,#10204,.F.);
#11282=EDGE_LOOP('',(#11278,#11279,#11280,#11281));
#11283=FACE_BOUND('',#11282,.T.);
#11284=ADVANCED_FACE('',(#11283),#11277,.F.);
#11285=CARTESIAN_POINT('',(10.26278543,-32.368114681,17.25646571));
#11286=DIRECTION('',(0.,-0.,-1.));
#11287=DIRECTION('',(0.,1.,-0.));
#11288=AXIS2_PLACEMENT_3D('',#11285,#11286,#11287);
#11289=CYLINDRICAL_SURFACE('',#11288,1.);
#11290=ORIENTED_EDGE('',*,*,#3795,.F.);
#11291=ORIENTED_EDGE('',*,*,#2990,.F.);
#11292=ORIENTED_EDGE('',*,*,#2675,.F.);
#11293=ORIENTED_EDGE('',*,*,#10094,.F.);
#11294=EDGE_LOOP('',(#11290,#11291,#11292,#11293));
#11295=FACE_BOUND('',#11294,.T.);
#11296=ADVANCED_FACE('',(#11295),#11289,.F.);
#11297=CARTESIAN_POINT('',(43.76278543,-32.368114681,42.806469266));
#11298=DIRECTION('',(-0.,0.,1.));
#11299=DIRECTION('',(-0.,-1.,0.));
#11300=AXIS2_PLACEMENT_3D('',#11297,#11298,#11299);
#11301=CYLINDRICAL_SURFACE('',#11300,1.);
#11302=ORIENTED_EDGE('',*,*,#1138,.F.);
#11303=ORIENTED_EDGE('',*,*,#10226,.F.);
#11304=ORIENTED_EDGE('',*,*,#2158,.F.);
#11305=ORIENTED_EDGE('',*,*,#9985,.F.);
#11306=EDGE_LOOP('',(#11302,#11303,#11304,#11305));
#11307=FACE_BOUND('',#11306,.T.);
#11308=ADVANCED_FACE('',(#11307),#11301,.F.);
#11309=CARTESIAN_POINT('',(23.51278543,-32.368114681,42.656469266));
#11310=DIRECTION('',(0.,-0.,-1.));
#11311=DIRECTION('',(0.,1.,-0.));
#11312=AXIS2_PLACEMENT_3D('',#11309,#11310,#11311);
#11313=CYLINDRICAL_SURFACE('',#11312,1.);
#11314=ORIENTED_EDGE('',*,*,#1071,.F.);
#11315=ORIENTED_EDGE('',*,*,#10036,.F.);
#11316=ORIENTED_EDGE('',*,*,#2225,.F.);
#11317=ORIENTED_EDGE('',*,*,#10160,.F.);
#11318=EDGE_LOOP('',(#11314,#11315,#11316,#11317));
#11319=FACE_BOUND('',#11318,.T.);
#11320=ADVANCED_FACE('',(#11319),#11313,.F.);
#11321=CARTESIAN_POINT('',(0.01278543,-42.668114681,36.756467488));
#11322=CARTESIAN_POINT('',(0.01278543,-42.668114681,36.821917335));
#11323=CARTESIAN_POINT('',(0.01278543,-42.681128343,36.88734143));
#11324=CARTESIAN_POINT('',(0.01278543,-42.731221487,37.008276978));
#11325=CARTESIAN_POINT('',(0.01278543,-42.76828126,37.063740848));
#11326=CARTESIAN_POINT('',(0.01278543,-42.860841321,37.156300909));
#11327=CARTESIAN_POINT('',(0.01278543,-42.916305191,37.193360682));
#11328=CARTESIAN_POINT('',(0.01278543,-43.037240739,37.243453826));
#11329=CARTESIAN_POINT('',(0.01278543,-43.102664834,37.256467488));
#11330=CARTESIAN_POINT('',(0.01278543,-43.168114681,37.256467488));
#11331=CARTESIAN_POINT('',(-0.288283866,-42.668114681,36.756467488));
#11332=CARTESIAN_POINT('',(-0.279716501,-42.668114681,36.821917335));
#11333=CARTESIAN_POINT('',(-0.272855992,-42.681128343,36.88734143));
#11334=CARTESIAN_POINT('',(-0.263582743,-42.731221487,37.008276978));
#11335=CARTESIAN_POINT('',(-0.261173652,-42.76828126,37.063740848));
#11336=CARTESIAN_POINT('',(-0.261173652,-42.860841321,37.156300909));
#11337=CARTESIAN_POINT('',(-0.263582743,-42.916305191,37.193360682));
#11338=CARTESIAN_POINT('',(-0.272855992,-43.037240739,37.243453826));
#11339=CARTESIAN_POINT('',(-0.279716501,-43.102664834,37.256467488));
#11340=CARTESIAN_POINT('',(-0.288283866,-43.168114681,37.256467488));
#11341=CARTESIAN_POINT('',(-0.589234704,-42.608251838,36.829343993));
#11342=CARTESIAN_POINT('',(-0.572695613,-42.612098344,36.890629216));
#11343=CARTESIAN_POINT('',(-0.559496887,-42.627643031,36.951894277));
#11344=CARTESIAN_POINT('',(-0.541669925,-42.679907743,37.065877927));
#11345=CARTESIAN_POINT('',(-0.537047885,-42.716610144,37.118558962));
#11346=CARTESIAN_POINT('',(-0.537047885,-42.806023207,37.207972025));
#11347=CARTESIAN_POINT('',(-0.541669925,-42.858704242,37.244674426));
#11348=CARTESIAN_POINT('',(-0.559496887,-42.972687892,37.296939138));
#11349=CARTESIAN_POINT('',(-0.572695613,-43.033952953,37.312483825));
#11350=CARTESIAN_POINT('',(-0.589234704,-43.095238176,37.316330332));
#11351=CARTESIAN_POINT('',(-1.145538225,-42.377823374,37.109865601));
#11352=CARTESIAN_POINT('',(-1.122898413,-42.390205301,37.159395052));
#11353=CARTESIAN_POINT('',(-1.10509417,-42.410598027,37.208915193));
#11354=CARTESIAN_POINT('',(-1.081122009,-42.465157599,37.302667836));
#11355=CARTESIAN_POINT('',(-1.074959012,-42.499313658,37.346882644));
#11356=CARTESIAN_POINT('',(-1.074959012,-42.577699525,37.425268511));
#11357=CARTESIAN_POINT('',(-1.081122009,-42.621914333,37.45942457));
#11358=CARTESIAN_POINT('',(-1.10509417,-42.715666977,37.513984142));
#11359=CARTESIAN_POINT('',(-1.122898413,-42.765187117,37.534376868));
#11360=CARTESIAN_POINT('',(-1.145538225,-42.814716569,37.546758795));
#11361=CARTESIAN_POINT('',(-1.400672026,-42.207348419,37.317400329));
#11362=CARTESIAN_POINT('',(-1.379510474,-42.223846488,37.359723433));
#11363=CARTESIAN_POINT('',(-1.363060368,-42.246114787,37.402041632));
#11364=CARTESIAN_POINT('',(-1.340965594,-42.300257119,37.48310673));
#11365=CARTESIAN_POINT('',(-1.33532348,-42.332124659,37.521844207));
#11366=CARTESIAN_POINT('',(-1.33532348,-42.402737962,37.59245751));
#11367=CARTESIAN_POINT('',(-1.340965594,-42.441475439,37.624325051));
#11368=CARTESIAN_POINT('',(-1.363060368,-42.522540537,37.678467382));
#11369=CARTESIAN_POINT('',(-1.379510474,-42.564858736,37.700735681));
#11370=CARTESIAN_POINT('',(-1.400672026,-42.60718184,37.71723375));
#11371=CARTESIAN_POINT('',(-1.826448308,-41.781572137,37.835736672));
#11372=CARTESIAN_POINT('',(-1.811983476,-41.800700452,37.864666336));
#11373=CARTESIAN_POINT('',(-1.800933186,-41.822178965,37.893595346));
#11374=CARTESIAN_POINT('',(-1.786144813,-41.868803265,37.950180026));
#11375=CARTESIAN_POINT('',(-1.782407055,-41.89394768,37.977834377));
#11376=CARTESIAN_POINT('',(-1.782407055,-41.946747792,38.030634489));
#11377=CARTESIAN_POINT('',(-1.786144813,-41.974402143,38.055778904));
#11378=CARTESIAN_POINT('',(-1.800933186,-42.030986824,38.102403204));
#11379=CARTESIAN_POINT('',(-1.811983476,-42.059915833,38.123881717));
#11380=CARTESIAN_POINT('',(-1.826448308,-42.088845497,38.143010032));
#11381=CARTESIAN_POINT('',(-1.996923264,-41.526438336,38.146334343));
#11382=CARTESIAN_POINT('',(-1.987370608,-41.544200149,38.16896239));
#11383=CARTESIAN_POINT('',(-1.980126903,-41.563140082,38.191590177));
#11384=CARTESIAN_POINT('',(-1.97044723,-41.60284116,38.236218703));
#11385=CARTESIAN_POINT('',(-1.968011364,-41.623601839,38.258218929));
#11386=CARTESIAN_POINT('',(-1.968011364,-41.66636324,38.30098033));
#11387=CARTESIAN_POINT('',(-1.97044723,-41.688363466,38.321741009));
#11388=CARTESIAN_POINT('',(-1.980126903,-41.732991993,38.361442087));
#11389=CARTESIAN_POINT('',(-1.987370608,-41.755619779,38.38038202));
#11390=CARTESIAN_POINT('',(-1.996923264,-41.778247826,38.398143833));
#11391=CARTESIAN_POINT('',(-2.227351727,-40.970134815,38.823573412));
#11392=CARTESIAN_POINT('',(-2.225044667,-40.981004889,38.834489707));
#11393=CARTESIAN_POINT('',(-2.223323587,-40.991895766,38.845406065));
#11394=CARTESIAN_POINT('',(-2.221031358,-41.013695772,38.867237547));
#11395=CARTESIAN_POINT('',(-2.220460177,-41.024605008,38.878152795));
#11396=CARTESIAN_POINT('',(-2.220460177,-41.046429374,38.899977162));
#11397=CARTESIAN_POINT('',(-2.221031358,-41.057344622,38.910886397));
#11398=CARTESIAN_POINT('',(-2.223323587,-41.079176104,38.932686403));
#11399=CARTESIAN_POINT('',(-2.225044667,-41.090092463,38.94357728));
#11400=CARTESIAN_POINT('',(-2.227351727,-41.101008757,38.954447354));
#11401=CARTESIAN_POINT('',(-2.28721457,-40.669183977,39.189948345));
#11402=CARTESIAN_POINT('',(-2.28721457,-40.669183977,39.189948345));
#11403=CARTESIAN_POINT('',(-2.28721457,-40.685546439,39.206310807));
#11404=CARTESIAN_POINT('',(-2.28721457,-40.685546439,39.206310807));
#11405=CARTESIAN_POINT('',(-2.28721457,-40.701908901,39.222673268));
#11406=CARTESIAN_POINT('',(-2.28721457,-40.701908901,39.222673268));
#11407=CARTESIAN_POINT('',(-2.28721457,-40.718271362,39.23903573));
#11408=CARTESIAN_POINT('',(-2.28721457,-40.718271362,39.23903573));
#11409=CARTESIAN_POINT('',(-2.28721457,-40.734633824,39.255398192));
#11410=CARTESIAN_POINT('',(-2.28721457,-40.734633824,39.255398192));
#11411=CARTESIAN_POINT('',(-2.28721457,-40.368114681,39.556467488));
#11412=CARTESIAN_POINT('',(-2.28721457,-40.368114681,39.556467488));
#11413=CARTESIAN_POINT('',(-2.28721457,-40.368114681,39.556467488));
#11414=CARTESIAN_POINT('',(-2.28721457,-40.368114681,39.556467488));
#11415=CARTESIAN_POINT('',(-2.28721457,-40.368114681,39.556467488));
#11416=CARTESIAN_POINT('',(-2.28721457,-40.368114681,39.556467488));
#11417=CARTESIAN_POINT('',(-2.28721457,-40.368114681,39.556467488));
#11418=CARTESIAN_POINT('',(-2.28721457,-40.368114681,39.556467488));
#11419=CARTESIAN_POINT('',(-2.28721457,-40.368114681,39.556467488));
#11420=CARTESIAN_POINT('',(-2.28721457,-40.368114681,39.556467488));
#11421=B_SPLINE_SURFACE_WITH_KNOTS('',3,3,((#11321,#11322,#11323,#11324,#11325,#11326,#11327,#11328,#11329,#11330),(#11331,#11332,#11333,#11334,#11335,#11336,#11337,#11338,#11339,#11340),(#11341,#11342,#11343,#11344,#11345,#11346,#11347,#11348,#11349,#11350),(#11351,#11352,#11353,#11354,#11355,#11356,#11357,#11358,#11359,#11360),(#11361,#11362,#11363,#11364,#11365,#11366,#11367,#11368,#11369,#11370),(#11371,#11372,#11373,#11374,#11375,#11376,#11377,#11378,#11379,#11380),(#11381,#11382,#11383,#11384,#11385,#11386,#11387,#11388,#11389,#11390),(#11391,#11392,#11393,#11394,#11395,#11396,#11397,#11398,#11399,#11400),(#11401,#11402,#11403,#11404,#11405,#11406,#11407,#11408,#11409,#11410),(#11411,#11412,#11413,#11414,#11415,#11416,#11417,#11418,#11419,#11420)),.UNSPECIFIED.,.F.,.F.,.U.,(4,2,2,2,4),(4,2,2,2,4),(3.141592654,3.534291735,3.926990817,4.319689899,4.71238898),(0.,0.25,0.5,0.75,1.),.UNSPECIFIED.);
#11422=ORIENTED_EDGE('',*,*,#7777,.F.);
#11423=ORIENTED_EDGE('',*,*,#7935,.F.);
#11424=CARTESIAN_POINT('',(0.01278543,-43.168114681,36.756467488));
#11425=DIRECTION('',(-1.,0.,-0.));
#11426=DIRECTION('',(-0.,-1.,0.));
#11427=AXIS2_PLACEMENT_3D('',#11424,#11425,#11426);
#11428=CIRCLE('',#11427,0.5);
#11429=EDGE_CURVE('',#5662,#6416,#11428,.T.);
#11430=ORIENTED_EDGE('',*,*,#11429,.F.);
#11431=EDGE_LOOP('',(#11422,#11423,#11430));
#11432=FACE_BOUND('',#11431,.T.);
#11433=ADVANCED_FACE('',(#11432),#11421,.F.);
#11434=CARTESIAN_POINT('',(25.01278543,-43.168114681,36.756467488));
#11435=DIRECTION('',(1.,-0.,0.));
#11436=DIRECTION('',(0.,1.,-0.));
#11437=AXIS2_PLACEMENT_3D('',#11434,#11435,#11436);
#11438=CYLINDRICAL_SURFACE('',#11437,0.5);
#11439=ORIENTED_EDGE('',*,*,#11429,.T.);
#11440=ORIENTED_EDGE('',*,*,#6421,.F.);
#11441=CARTESIAN_POINT('',(50.01278543,-43.168114681,36.756467488));
#11442=DIRECTION('',(-1.,0.,-0.));
#11443=DIRECTION('',(-0.,0.,1.));
#11444=AXIS2_PLACEMENT_3D('',#11441,#11442,#11443);
#11445=CIRCLE('',#11444,0.5);
#11446=EDGE_CURVE('',#5670,#6408,#11445,.T.);
#11447=ORIENTED_EDGE('',*,*,#11446,.F.);
#11448=ORIENTED_EDGE('',*,*,#5675,.F.);
#11449=EDGE_LOOP('',(#11439,#11440,#11447,#11448));
#11450=FACE_BOUND('',#11449,.T.);
#11451=ADVANCED_FACE('',(#11450),#11438,.F.);
#11452=CARTESIAN_POINT('',(52.304716438,-40.559845214,39.323056404));
#11453=CARTESIAN_POINT('',(52.304413314,-40.561142635,39.324382338));
#11454=CARTESIAN_POINT('',(52.304186619,-40.56891743,39.332177678));
#11455=CARTESIAN_POINT('',(52.303884539,-40.571538998,39.33482641));
#11456=CARTESIAN_POINT('',(52.303809152,-40.579324581,39.342618613));
#11457=CARTESIAN_POINT('',(52.303809152,-40.581963556,39.345257588));
#11458=CARTESIAN_POINT('',(52.303884539,-40.589755759,39.353043171));
#11459=CARTESIAN_POINT('',(52.304186619,-40.592404491,39.35566474));
#11460=CARTESIAN_POINT('',(52.304413314,-40.600199831,39.363439535));
#11461=CARTESIAN_POINT('',(52.304716438,-40.601525765,39.364736955));
#11462=CARTESIAN_POINT('',(52.28483908,-40.796079975,39.035466261));
#11463=CARTESIAN_POINT('',(52.283798979,-40.800365179,39.039877888));
#11464=CARTESIAN_POINT('',(52.283020407,-40.814830776,39.054435883));
#11465=CARTESIAN_POINT('',(52.281982736,-40.823516924,39.063244568));
#11466=CARTESIAN_POINT('',(52.281723628,-40.838030204,39.077787993));
#11467=CARTESIAN_POINT('',(52.281723628,-40.846794176,39.086551965));
#11468=CARTESIAN_POINT('',(52.281982736,-40.861337601,39.101065245));
#11469=CARTESIAN_POINT('',(52.283020407,-40.870146286,39.109751393));
#11470=CARTESIAN_POINT('',(52.283798979,-40.884704281,39.12421699));
#11471=CARTESIAN_POINT('',(52.28483908,-40.889115908,39.128502194));
#11472=CARTESIAN_POINT('',(52.228435396,-41.029252121,38.751604517));
#11473=CARTESIAN_POINT('',(52.22535836,-41.040854567,38.763765397));
#11474=CARTESIAN_POINT('',(52.223050402,-41.052600802,38.775926307));
#11475=CARTESIAN_POINT('',(52.219973124,-41.076303121,38.800180387));
#11476=CARTESIAN_POINT('',(52.219203786,-41.08825925,38.812273615));
#11477=CARTESIAN_POINT('',(52.219203786,-41.112308555,38.836322919));
#11478=CARTESIAN_POINT('',(52.219973124,-41.124401782,38.848279049));
#11479=CARTESIAN_POINT('',(52.223050402,-41.148655862,38.871981368));
#11480=CARTESIAN_POINT('',(52.22535836,-41.160816772,38.883727602));
#11481=CARTESIAN_POINT('',(52.228435396,-41.172977652,38.895330048));
#11482=CARTESIAN_POINT('',(52.022494123,-41.526438336,38.146334343));
#11483=CARTESIAN_POINT('',(52.012941467,-41.544200149,38.16896239));
#11484=CARTESIAN_POINT('',(52.005697762,-41.563140082,38.191590177));
#11485=CARTESIAN_POINT('',(51.996018089,-41.60284116,38.236218703));
#11486=CARTESIAN_POINT('',(51.993582223,-41.623601839,38.258218929));
#11487=CARTESIAN_POINT('',(51.993582223,-41.66636324,38.30098033));
#11488=CARTESIAN_POINT('',(51.996018089,-41.688363466,38.321741009));
#11489=CARTESIAN_POINT('',(52.005697762,-41.732991993,38.361442087));
#11490=CARTESIAN_POINT('',(52.012941467,-41.755619779,38.38038202));
#11491=CARTESIAN_POINT('',(52.022494123,-41.778247826,38.398143833));
#11492=CARTESIAN_POINT('',(51.852019167,-41.781572137,37.835736672));
#11493=CARTESIAN_POINT('',(51.837554335,-41.800700452,37.864666336));
#11494=CARTESIAN_POINT('',(51.826504045,-41.822178965,37.893595346));
#11495=CARTESIAN_POINT('',(51.811715672,-41.868803265,37.950180026));
#11496=CARTESIAN_POINT('',(51.807977914,-41.89394768,37.977834377));
#11497=CARTESIAN_POINT('',(51.807977914,-41.946747792,38.030634489));
#11498=CARTESIAN_POINT('',(51.811715672,-41.974402143,38.055778904));
#11499=CARTESIAN_POINT('',(51.826504045,-42.030986824,38.102403204));
#11500=CARTESIAN_POINT('',(51.837554335,-42.059915833,38.123881717));
#11501=CARTESIAN_POINT('',(51.852019167,-42.088845497,38.143010032));
#11502=CARTESIAN_POINT('',(51.426242886,-42.207348419,37.317400329));
#11503=CARTESIAN_POINT('',(51.405081333,-42.223846488,37.359723433));
#11504=CARTESIAN_POINT('',(51.388631228,-42.246114787,37.402041632));
#11505=CARTESIAN_POINT('',(51.366536454,-42.300257119,37.48310673));
#11506=CARTESIAN_POINT('',(51.360894339,-42.332124659,37.521844207));
#11507=CARTESIAN_POINT('',(51.360894339,-42.402737962,37.59245751));
#11508=CARTESIAN_POINT('',(51.366536454,-42.441475439,37.624325051));
#11509=CARTESIAN_POINT('',(51.388631228,-42.522540537,37.678467382));
#11510=CARTESIAN_POINT('',(51.405081333,-42.564858736,37.700735681));
#11511=CARTESIAN_POINT('',(51.426242886,-42.60718184,37.71723375));
#11512=CARTESIAN_POINT('',(51.171109084,-42.377823374,37.109865601));
#11513=CARTESIAN_POINT('',(51.148469272,-42.390205301,37.159395052));
#11514=CARTESIAN_POINT('',(51.130665029,-42.410598027,37.208915193));
#11515=CARTESIAN_POINT('',(51.106692868,-42.465157599,37.302667836));
#11516=CARTESIAN_POINT('',(51.100529871,-42.499313658,37.346882644));
#11517=CARTESIAN_POINT('',(51.100529871,-42.577699525,37.425268511));
#11518=CARTESIAN_POINT('',(51.106692868,-42.621914333,37.45942457));
#11519=CARTESIAN_POINT('',(51.130665029,-42.715666977,37.513984142));
#11520=CARTESIAN_POINT('',(51.148469272,-42.765187117,37.534376868));
#11521=CARTESIAN_POINT('',(51.171109084,-42.814716569,37.546758795));
#11522=CARTESIAN_POINT('',(50.614805564,-42.608251838,36.829343993));
#11523=CARTESIAN_POINT('',(50.598266472,-42.612098344,36.890629216));
#11524=CARTESIAN_POINT('',(50.585067746,-42.627643031,36.951894277));
#11525=CARTESIAN_POINT('',(50.567240784,-42.679907743,37.065877927));
#11526=CARTESIAN_POINT('',(50.562618744,-42.716610144,37.118558962));
#11527=CARTESIAN_POINT('',(50.562618744,-42.806023207,37.207972025));
#11528=CARTESIAN_POINT('',(50.567240784,-42.858704242,37.244674426));
#11529=CARTESIAN_POINT('',(50.585067746,-42.972687892,37.296939138));
#11530=CARTESIAN_POINT('',(50.598266472,-43.033952953,37.312483825));
#11531=CARTESIAN_POINT('',(50.614805564,-43.095238176,37.316330332));
#11532=CARTESIAN_POINT('',(50.313854726,-42.668114681,36.756467488));
#11533=CARTESIAN_POINT('',(50.305287361,-42.668114681,36.821917335));
#11534=CARTESIAN_POINT('',(50.298426851,-42.681128343,36.88734143));
#11535=CARTESIAN_POINT('',(50.289153602,-42.731221487,37.008276978));
#11536=CARTESIAN_POINT('',(50.286744511,-42.76828126,37.063740848));
#11537=CARTESIAN_POINT('',(50.286744511,-42.860841321,37.156300909));
#11538=CARTESIAN_POINT('',(50.289153602,-42.916305191,37.193360682));
#11539=CARTESIAN_POINT('',(50.298426851,-43.037240739,37.243453826));
#11540=CARTESIAN_POINT('',(50.305287361,-43.102664834,37.256467488));
#11541=CARTESIAN_POINT('',(50.313854726,-43.168114681,37.256467488));
#11542=CARTESIAN_POINT('',(50.01278543,-42.668114681,36.756467488));
#11543=CARTESIAN_POINT('',(50.01278543,-42.668114681,36.821917335));
#11544=CARTESIAN_POINT('',(50.01278543,-42.681128343,36.88734143));
#11545=CARTESIAN_POINT('',(50.01278543,-42.731221487,37.008276978));
#11546=CARTESIAN_POINT('',(50.01278543,-42.76828126,37.063740848));
#11547=CARTESIAN_POINT('',(50.01278543,-42.860841321,37.156300909));
#11548=CARTESIAN_POINT('',(50.01278543,-42.916305191,37.193360682));
#11549=CARTESIAN_POINT('',(50.01278543,-43.037240739,37.243453826));
#11550=CARTESIAN_POINT('',(50.01278543,-43.102664834,37.256467488));
#11551=CARTESIAN_POINT('',(50.01278543,-43.168114681,37.256467488));
#11552=B_SPLINE_SURFACE_WITH_KNOTS('',3,3,((#11452,#11453,#11454,#11455,#11456,#11457,#11458,#11459,#11460,#11461),(#11462,#11463,#11464,#11465,#11466,#11467,#11468,#11469,#11470,#11471),(#11472,#11473,#11474,#11475,#11476,#11477,#11478,#11479,#11480,#11481),(#11482,#11483,#11484,#11485,#11486,#11487,#11488,#11489,#11490,#11491),(#11492,#11493,#11494,#11495,#11496,#11497,#11498,#11499,#11500,#11501),(#11502,#11503,#11504,#11505,#11506,#11507,#11508,#11509,#11510,#11511),(#11512,#11513,#11514,#11515,#11516,#11517,#11518,#11519,#11520,#11521),(#11522,#11523,#11524,#11525,#11526,#11527,#11528,#11529,#11530,#11531),(#11532,#11533,#11534,#11535,#11536,#11537,#11538,#11539,#11540,#11541),(#11542,#11543,#11544,#11545,#11546,#11547,#11548,#11549,#11550,#11551)),.UNSPECIFIED.,.F.,.F.,.U.,(4,2,2,2,4),(4,2,2,2,4),(1.65425908,1.963495408,2.35619449,2.748893572,3.141592654),(0.,0.25,0.5,0.75,1.),.UNSPECIFIED.);
#11553=ORIENTED_EDGE('',*,*,#11446,.T.);
#11554=ORIENTED_EDGE('',*,*,#7916,.F.);
#11555=ORIENTED_EDGE('',*,*,#9910,.F.);
#11556=ORIENTED_EDGE('',*,*,#7803,.F.);
#11557=EDGE_LOOP('',(#11553,#11554,#11555,#11556));
#11558=FACE_BOUND('',#11557,.T.);
#11559=ADVANCED_FACE('',(#11558),#11552,.F.);
#11560=CARTESIAN_POINT('',(-0.,-43.,43.656469266));
#11561=DIRECTION('',(-0.,0.,1.));
#11562=DIRECTION('',(-1.,0.,-0.));
#11563=AXIS2_PLACEMENT_3D('',#11560,#11561,#11562);
#11564=PLANE('',#11563);
#11565=CARTESIAN_POINT('',(9.61278543,-30.268114681,43.656469266));
#11566=VERTEX_POINT('',#11565);
#11567=CARTESIAN_POINT('',(9.61278543,-29.868114681,43.656469266));
#11568=VERTEX_POINT('',#11567);
#11569=CARTESIAN_POINT('',(9.61278543,-30.268114681,43.656469266));
#11570=DIRECTION('',(-0.,1.,-0.));
#11571=VECTOR('',#11570,0.4);
#11572=LINE('',#11569,#11571);
#11573=EDGE_CURVE('',#11566,#11568,#11572,.T.);
#11574=ORIENTED_EDGE('',*,*,#11573,.T.);
#11575=CARTESIAN_POINT('',(10.21278543,-29.868114681,43.656469266));
#11576=DIRECTION('',(0.,-0.,-1.));
#11577=DIRECTION('',(0.,-1.,0.));
#11578=AXIS2_PLACEMENT_3D('',#11575,#11576,#11577);
#11579=CIRCLE('',#11578,0.6);
#11580=EDGE_CURVE('',#11568,#3825,#11579,.T.);
#11581=ORIENTED_EDGE('',*,*,#11580,.T.);
#11582=ORIENTED_EDGE('',*,*,#3830,.T.);
#11583=CARTESIAN_POINT('',(8.91278543,-31.668114681,43.656469266));
#11584=VERTEX_POINT('',#11583);
#11585=CARTESIAN_POINT('',(8.91278543,-29.668114681,43.656469266));
#11586=DIRECTION('',(-0.,-1.,0.));
#11587=VECTOR('',#11586,2.);
#11588=LINE('',#11585,#11587);
#11589=EDGE_CURVE('',#3816,#11584,#11588,.T.);
#11590=ORIENTED_EDGE('',*,*,#11589,.T.);
#11591=CARTESIAN_POINT('',(9.51278543,-32.268114681,43.656469266));
#11592=VERTEX_POINT('',#11591);
#11593=CARTESIAN_POINT('',(9.51278543,-31.668114681,43.656469266));
#11594=DIRECTION('',(-0.,0.,1.));
#11595=DIRECTION('',(0.,-1.,0.));
#11596=AXIS2_PLACEMENT_3D('',#11593,#11594,#11595);
#11597=CIRCLE('',#11596,0.6);
#11598=EDGE_CURVE('',#11584,#11592,#11597,.T.);
#11599=ORIENTED_EDGE('',*,*,#11598,.T.);
#11600=CARTESIAN_POINT('',(40.51278543,-32.268114681,43.656469266));
#11601=VERTEX_POINT('',#11600);
#11602=CARTESIAN_POINT('',(9.51278543,-32.268114681,43.656469266));
#11603=DIRECTION('',(1.,-0.,0.));
#11604=VECTOR('',#11603,31.);
#11605=LINE('',#11602,#11604);
#11606=EDGE_CURVE('',#11592,#11601,#11605,.T.);
#11607=ORIENTED_EDGE('',*,*,#11606,.T.);
#11608=CARTESIAN_POINT('',(41.11278543,-31.668114681,43.656469266));
#11609=VERTEX_POINT('',#11608);
#11610=CARTESIAN_POINT('',(40.51278543,-31.668114681,43.656469266));
#11611=DIRECTION('',(-0.,0.,1.));
#11612=DIRECTION('',(0.,-1.,0.));
#11613=AXIS2_PLACEMENT_3D('',#11610,#11611,#11612);
#11614=CIRCLE('',#11613,0.6);
#11615=EDGE_CURVE('',#11601,#11609,#11614,.T.);
#11616=ORIENTED_EDGE('',*,*,#11615,.T.);
#11617=CARTESIAN_POINT('',(41.11278543,-31.668114681,43.656469266));
#11618=DIRECTION('',(0.,1.,-0.));
#11619=VECTOR('',#11618,2.);
#11620=LINE('',#11617,#11619);
#11621=EDGE_CURVE('',#11609,#3881,#11620,.T.);
#11622=ORIENTED_EDGE('',*,*,#11621,.T.);
#11623=ORIENTED_EDGE('',*,*,#3886,.T.);
#11624=CARTESIAN_POINT('',(40.41278543,-29.868114681,43.656469266));
#11625=VERTEX_POINT('',#11624);
#11626=CARTESIAN_POINT('',(39.81278543,-29.868114681,43.656469266));
#11627=DIRECTION('',(0.,-0.,-1.));
#11628=DIRECTION('',(0.,-1.,0.));
#11629=AXIS2_PLACEMENT_3D('',#11626,#11627,#11628);
#11630=CIRCLE('',#11629,0.6);
#11631=EDGE_CURVE('',#3869,#11625,#11630,.T.);
#11632=ORIENTED_EDGE('',*,*,#11631,.T.);
#11633=CARTESIAN_POINT('',(40.41278543,-30.268114681,43.656469266));
#11634=VERTEX_POINT('',#11633);
#11635=CARTESIAN_POINT('',(40.41278543,-29.868114681,43.656469266));
#11636=DIRECTION('',(-0.,-1.,0.));
#11637=VECTOR('',#11636,0.4);
#11638=LINE('',#11635,#11637);
#11639=EDGE_CURVE('',#11625,#11634,#11638,.T.);
#11640=ORIENTED_EDGE('',*,*,#11639,.T.);
#11641=CARTESIAN_POINT('',(39.81278543,-30.868114681,43.656469266));
#11642=VERTEX_POINT('',#11641);
#11643=CARTESIAN_POINT('',(39.81278543,-30.268114681,43.656469266));
#11644=DIRECTION('',(0.,-0.,-1.));
#11645=DIRECTION('',(0.,-1.,0.));
#11646=AXIS2_PLACEMENT_3D('',#11643,#11644,#11645);
#11647=CIRCLE('',#11646,0.6);
#11648=EDGE_CURVE('',#11634,#11642,#11647,.T.);
#11649=ORIENTED_EDGE('',*,*,#11648,.T.);
#11650=CARTESIAN_POINT('',(10.21278543,-30.868114681,43.656469266));
#11651=VERTEX_POINT('',#11650);
#11652=CARTESIAN_POINT('',(39.81278543,-30.868114681,43.656469266));
#11653=DIRECTION('',(-1.,-0.,-0.));
#11654=VECTOR('',#11653,29.6);
#11655=LINE('',#11652,#11654);
#11656=EDGE_CURVE('',#11642,#11651,#11655,.T.);
#11657=ORIENTED_EDGE('',*,*,#11656,.T.);
#11658=CARTESIAN_POINT('',(10.21278543,-30.268114681,43.656469266));
#11659=DIRECTION('',(0.,-0.,-1.));
#11660=DIRECTION('',(0.,-1.,0.));
#11661=AXIS2_PLACEMENT_3D('',#11658,#11659,#11660);
#11662=CIRCLE('',#11661,0.6);
#11663=EDGE_CURVE('',#11651,#11566,#11662,.T.);
#11664=ORIENTED_EDGE('',*,*,#11663,.T.);
#11665=EDGE_LOOP('',(#11574,#11581,#11582,#11590,#11599,#11607,#11616,#11622,#11623,#11632,#11640,#11649,#11657,#11664));
#11666=FACE_BOUND('',#11665,.T.);
#11667=ADVANCED_FACE('',(#11666),#11564,.T.);
#11668=CARTESIAN_POINT('',(13.62278543,-30.168114681,14.05646571));
#11669=DIRECTION('',(-0.,0.,1.));
#11670=DIRECTION('',(-1.,0.,-0.));
#11671=AXIS2_PLACEMENT_3D('',#11668,#11669,#11670);
#11672=PLANE('',#11671);
#11673=CARTESIAN_POINT('',(10.21278543,-30.668114681,14.05646571));
#11674=VERTEX_POINT('',#11673);
#11675=CARTESIAN_POINT('',(39.81278543,-30.668114681,14.05646571));
#11676=VERTEX_POINT('',#11675);
#11677=CARTESIAN_POINT('',(10.21278543,-30.668114681,14.05646571));
#11678=DIRECTION('',(1.,0.,0.));
#11679=VECTOR('',#11678,29.6);
#11680=LINE('',#11677,#11679);
#11681=EDGE_CURVE('',#11674,#11676,#11680,.T.);
#11682=ORIENTED_EDGE('',*,*,#11681,.T.);
#11683=CARTESIAN_POINT('',(39.81278543,-30.768114681,14.05646571));
#11684=VERTEX_POINT('',#11683);
#11685=CARTESIAN_POINT('',(39.81278543,-30.668114681,14.05646571));
#11686=DIRECTION('',(-0.,-1.,0.));
#11687=VECTOR('',#11686,0.1);
#11688=LINE('',#11685,#11687);
#11689=EDGE_CURVE('',#11676,#11684,#11688,.T.);
#11690=ORIENTED_EDGE('',*,*,#11689,.T.);
#11691=CARTESIAN_POINT('',(10.21278543,-30.768114681,14.05646571));
#11692=VERTEX_POINT('',#11691);
#11693=CARTESIAN_POINT('',(39.81278543,-30.768114681,14.05646571));
#11694=DIRECTION('',(-1.,-0.,-0.));
#11695=VECTOR('',#11694,29.6);
#11696=LINE('',#11693,#11695);
#11697=EDGE_CURVE('',#11684,#11692,#11696,.T.);
#11698=ORIENTED_EDGE('',*,*,#11697,.T.);
#11699=CARTESIAN_POINT('',(10.21278543,-30.768114681,14.05646571));
#11700=DIRECTION('',(-0.,1.,-0.));
#11701=VECTOR('',#11700,0.1);
#11702=LINE('',#11699,#11701);
#11703=EDGE_CURVE('',#11692,#11674,#11702,.T.);
#11704=ORIENTED_EDGE('',*,*,#11703,.T.);
#11705=EDGE_LOOP('',(#11682,#11690,#11698,#11704));
#11706=FACE_BOUND('',#11705,.T.);
#11707=ADVANCED_FACE('',(#11706),#11672,.F.);
#11708=CARTESIAN_POINT('',(13.62278543,-31.168114681,15.05646571));
#11709=DIRECTION('',(-0.,1.,-0.));
#11710=DIRECTION('',(-1.,-0.,-0.));
#11711=AXIS2_PLACEMENT_3D('',#11708,#11709,#11710);
#11712=PLANE('',#11711);
#11713=CARTESIAN_POINT('',(10.21278543,-31.168114681,14.45646571));
#11714=VERTEX_POINT('',#11713);
#11715=CARTESIAN_POINT('',(39.81278543,-31.168114681,14.45646571));
#11716=VERTEX_POINT('',#11715);
#11717=CARTESIAN_POINT('',(10.21278543,-31.168114681,14.45646571));
#11718=DIRECTION('',(1.,0.,0.));
#11719=VECTOR('',#11718,29.6);
#11720=LINE('',#11717,#11719);
#11721=EDGE_CURVE('',#11714,#11716,#11720,.T.);
#11722=ORIENTED_EDGE('',*,*,#11721,.T.);
#11723=CARTESIAN_POINT('',(39.81278543,-31.168114681,14.469167375));
#11724=VERTEX_POINT('',#11723);
#11725=CARTESIAN_POINT('',(39.81278543,-31.168114681,14.45646571));
#11726=DIRECTION('',(-0.,0.,1.));
#11727=VECTOR('',#11726,0.012701665);
#11728=LINE('',#11725,#11727);
#11729=EDGE_CURVE('',#11716,#11724,#11728,.T.);
#11730=ORIENTED_EDGE('',*,*,#11729,.T.);
#11731=CARTESIAN_POINT('',(10.21278543,-31.168114681,14.469167375));
#11732=VERTEX_POINT('',#11731);
#11733=CARTESIAN_POINT('',(39.81278543,-31.168114681,14.469167375));
#11734=DIRECTION('',(-1.,-0.,-0.));
#11735=VECTOR('',#11734,29.6);
#11736=LINE('',#11733,#11735);
#11737=EDGE_CURVE('',#11724,#11732,#11736,.T.);
#11738=ORIENTED_EDGE('',*,*,#11737,.T.);
#11739=CARTESIAN_POINT('',(10.21278543,-31.168114681,14.469167375));
#11740=DIRECTION('',(0.,-0.,-1.));
#11741=VECTOR('',#11740,0.012701665);
#11742=LINE('',#11739,#11741);
#11743=EDGE_CURVE('',#11732,#11714,#11742,.T.);
#11744=ORIENTED_EDGE('',*,*,#11743,.T.);
#11745=EDGE_LOOP('',(#11722,#11730,#11738,#11744));
#11746=FACE_BOUND('',#11745,.T.);
#11747=ADVANCED_FACE('',(#11746),#11712,.F.);
#11748=CARTESIAN_POINT('',(13.62278543,-30.468114681,15.85646571));
#11749=DIRECTION('',(0.,-1.,0.));
#11750=DIRECTION('',(1.,0.,0.));
#11751=AXIS2_PLACEMENT_3D('',#11748,#11749,#11750);
#11752=PLANE('',#11751);
#11753=CARTESIAN_POINT('',(39.81278543,-30.468114681,15.25646571));
#11754=VERTEX_POINT('',#11753);
#11755=CARTESIAN_POINT('',(39.81278543,-30.468114681,15.856467488));
#11756=VERTEX_POINT('',#11755);
#11757=CARTESIAN_POINT('',(39.81278543,-30.468114681,15.25646571));
#11758=DIRECTION('',(-0.,0.,1.));
#11759=VECTOR('',#11758,0.600001778);
#11760=LINE('',#11757,#11759);
#11761=EDGE_CURVE('',#11754,#11756,#11760,.T.);
#11762=ORIENTED_EDGE('',*,*,#11761,.T.);
#11763=CARTESIAN_POINT('',(10.21278543,-30.468114681,15.856467488));
#11764=VERTEX_POINT('',#11763);
#11765=CARTESIAN_POINT('',(39.81278543,-30.468114681,15.856467488));
#11766=DIRECTION('',(-1.,-0.,-0.));
#11767=VECTOR('',#11766,29.6);
#11768=LINE('',#11765,#11767);
#11769=EDGE_CURVE('',#11756,#11764,#11768,.T.);
#11770=ORIENTED_EDGE('',*,*,#11769,.T.);
#11771=CARTESIAN_POINT('',(10.21278543,-30.468114681,15.25646571));
#11772=VERTEX_POINT('',#11771);
#11773=CARTESIAN_POINT('',(10.21278543,-30.468114681,15.856467488));
#11774=DIRECTION('',(0.,-0.,-1.));
#11775=VECTOR('',#11774,0.600001778);
#11776=LINE('',#11773,#11775);
#11777=EDGE_CURVE('',#11764,#11772,#11776,.T.);
#11778=ORIENTED_EDGE('',*,*,#11777,.T.);
#11779=CARTESIAN_POINT('',(10.21278543,-30.468114681,15.25646571));
#11780=DIRECTION('',(1.,0.,0.));
#11781=VECTOR('',#11780,29.6);
#11782=LINE('',#11779,#11781);
#11783=EDGE_CURVE('',#11772,#11754,#11782,.T.);
#11784=ORIENTED_EDGE('',*,*,#11783,.T.);
#11785=EDGE_LOOP('',(#11762,#11770,#11778,#11784));
#11786=FACE_BOUND('',#11785,.T.);
#11787=ADVANCED_FACE('',(#11786),#11752,.T.);
#11788=CARTESIAN_POINT('',(40.01278543,-30.918114681,16.45646571));
#11789=DIRECTION('',(1.,-0.,0.));
#11790=DIRECTION('',(-0.,0.,1.));
#11791=AXIS2_PLACEMENT_3D('',#11788,#11789,#11790);
#11792=PLANE('',#11791);
#11793=CARTESIAN_POINT('',(40.01278543,-29.868114681,15.05646571));
#11794=VERTEX_POINT('',#11793);
#11795=CARTESIAN_POINT('',(40.01278543,-29.868114681,15.856467488));
#11796=VERTEX_POINT('',#11795);
#11797=CARTESIAN_POINT('',(40.01278543,-29.868114681,15.05646571));
#11798=DIRECTION('',(-0.,0.,1.));
#11799=VECTOR('',#11798,0.800001778);
#11800=LINE('',#11797,#11799);
#11801=EDGE_CURVE('',#11794,#11796,#11800,.T.);
#11802=ORIENTED_EDGE('',*,*,#11801,.T.);
#11803=CARTESIAN_POINT('',(40.01278543,-30.268114681,15.856467488));
#11804=VERTEX_POINT('',#11803);
#11805=CARTESIAN_POINT('',(40.01278543,-29.868114681,15.856467488));
#11806=DIRECTION('',(-0.,-1.,0.));
#11807=VECTOR('',#11806,0.4);
#11808=LINE('',#11805,#11807);
#11809=EDGE_CURVE('',#11796,#11804,#11808,.T.);
#11810=ORIENTED_EDGE('',*,*,#11809,.T.);
#11811=CARTESIAN_POINT('',(40.01278543,-30.268114681,15.25646571));
#11812=VERTEX_POINT('',#11811);
#11813=CARTESIAN_POINT('',(40.01278543,-30.268114681,15.856467488));
#11814=DIRECTION('',(0.,-0.,-1.));
#11815=VECTOR('',#11814,0.600001778);
#11816=LINE('',#11813,#11815);
#11817=EDGE_CURVE('',#11804,#11812,#11816,.T.);
#11818=ORIENTED_EDGE('',*,*,#11817,.T.);
#11819=CARTESIAN_POINT('',(40.01278543,-30.835896032,14.657331369));
#11820=VERTEX_POINT('',#11819);
#11821=CARTESIAN_POINT('',(40.01278543,-30.868114681,15.25646571));
#11822=DIRECTION('',(-1.,0.,-0.));
#11823=DIRECTION('',(-0.,0.,1.));
#11824=AXIS2_PLACEMENT_3D('',#11821,#11822,#11823);
#11825=CIRCLE('',#11824,0.6);
#11826=EDGE_CURVE('',#11812,#11820,#11825,.T.);
#11827=ORIENTED_EDGE('',*,*,#11826,.T.);
#11828=CARTESIAN_POINT('',(40.01278543,-30.968114681,14.469167375));
#11829=VERTEX_POINT('',#11828);
#11830=CARTESIAN_POINT('',(40.01278543,-30.768114681,14.469167375));
#11831=DIRECTION('',(1.,-0.,0.));
#11832=DIRECTION('',(-0.,0.,1.));
#11833=AXIS2_PLACEMENT_3D('',#11830,#11831,#11832);
#11834=CIRCLE('',#11833,0.2);
#11835=EDGE_CURVE('',#11820,#11829,#11834,.T.);
#11836=ORIENTED_EDGE('',*,*,#11835,.T.);
#11837=CARTESIAN_POINT('',(40.01278543,-30.968114681,14.45646571));
#11838=VERTEX_POINT('',#11837);
#11839=CARTESIAN_POINT('',(40.01278543,-30.968114681,14.469167375));
#11840=DIRECTION('',(0.,-0.,-1.));
#11841=VECTOR('',#11840,0.012701665);
#11842=LINE('',#11839,#11841);
#11843=EDGE_CURVE('',#11829,#11838,#11842,.T.);
#11844=ORIENTED_EDGE('',*,*,#11843,.T.);
#11845=CARTESIAN_POINT('',(40.01278543,-30.768114681,14.25646571));
#11846=VERTEX_POINT('',#11845);
#11847=CARTESIAN_POINT('',(40.01278543,-30.768114681,14.45646571));
#11848=DIRECTION('',(1.,-0.,0.));
#11849=DIRECTION('',(-0.,0.,1.));
#11850=AXIS2_PLACEMENT_3D('',#11847,#11848,#11849);
#11851=CIRCLE('',#11850,0.2);
#11852=EDGE_CURVE('',#11838,#11846,#11851,.T.);
#11853=ORIENTED_EDGE('',*,*,#11852,.T.);
#11854=CARTESIAN_POINT('',(40.01278543,-30.668114681,14.25646571));
#11855=VERTEX_POINT('',#11854);
#11856=CARTESIAN_POINT('',(40.01278543,-30.768114681,14.25646571));
#11857=DIRECTION('',(0.,1.,-0.));
#11858=VECTOR('',#11857,0.1);
#11859=LINE('',#11856,#11858);
#11860=EDGE_CURVE('',#11846,#11855,#11859,.T.);
#11861=ORIENTED_EDGE('',*,*,#11860,.T.);
#11862=CARTESIAN_POINT('',(40.01278543,-30.668114681,15.05646571));
#11863=DIRECTION('',(1.,-0.,0.));
#11864=DIRECTION('',(-0.,0.,1.));
#11865=AXIS2_PLACEMENT_3D('',#11862,#11863,#11864);
#11866=CIRCLE('',#11865,0.8);
#11867=EDGE_CURVE('',#11855,#11794,#11866,.T.);
#11868=ORIENTED_EDGE('',*,*,#11867,.T.);
#11869=EDGE_LOOP('',(#11802,#11810,#11818,#11827,#11836,#11844,#11853,#11861,#11868));
#11870=FACE_BOUND('',#11869,.T.);
#11871=ADVANCED_FACE('',(#11870),#11792,.T.);
#11872=CARTESIAN_POINT('',(10.01278543,-30.918114681,16.45646571));
#11873=DIRECTION('',(1.,0.,0.));
#11874=DIRECTION('',(-0.,1.,-0.));
#11875=AXIS2_PLACEMENT_3D('',#11872,#11873,#11874);
#11876=PLANE('',#11875);
#11877=CARTESIAN_POINT('',(10.01278543,-30.268114681,15.25646571));
#11878=VERTEX_POINT('',#11877);
#11879=CARTESIAN_POINT('',(10.01278543,-30.268114681,15.856467488));
#11880=VERTEX_POINT('',#11879);
#11881=CARTESIAN_POINT('',(10.01278543,-30.268114681,15.25646571));
#11882=DIRECTION('',(-0.,0.,1.));
#11883=VECTOR('',#11882,0.600001778);
#11884=LINE('',#11881,#11883);
#11885=EDGE_CURVE('',#11878,#11880,#11884,.T.);
#11886=ORIENTED_EDGE('',*,*,#11885,.T.);
#11887=CARTESIAN_POINT('',(10.01278543,-29.868114681,15.856467488));
#11888=VERTEX_POINT('',#11887);
#11889=CARTESIAN_POINT('',(10.01278543,-30.268114681,15.856467488));
#11890=DIRECTION('',(-0.,1.,-0.));
#11891=VECTOR('',#11890,0.4);
#11892=LINE('',#11889,#11891);
#11893=EDGE_CURVE('',#11880,#11888,#11892,.T.);
#11894=ORIENTED_EDGE('',*,*,#11893,.T.);
#11895=CARTESIAN_POINT('',(10.01278543,-29.868114681,15.05646571));
#11896=VERTEX_POINT('',#11895);
#11897=CARTESIAN_POINT('',(10.01278543,-29.868114681,15.856467488));
#11898=DIRECTION('',(0.,-0.,-1.));
#11899=VECTOR('',#11898,0.800001778);
#11900=LINE('',#11897,#11899);
#11901=EDGE_CURVE('',#11888,#11896,#11900,.T.);
#11902=ORIENTED_EDGE('',*,*,#11901,.T.);
#11903=CARTESIAN_POINT('',(10.01278543,-30.668114681,14.25646571));
#11904=VERTEX_POINT('',#11903);
#11905=CARTESIAN_POINT('',(10.01278543,-30.668114681,15.05646571));
#11906=DIRECTION('',(-1.,-0.,-0.));
#11907=DIRECTION('',(-0.,1.,-0.));
#11908=AXIS2_PLACEMENT_3D('',#11905,#11906,#11907);
#11909=CIRCLE('',#11908,0.8);
#11910=EDGE_CURVE('',#11896,#11904,#11909,.T.);
#11911=ORIENTED_EDGE('',*,*,#11910,.T.);
#11912=CARTESIAN_POINT('',(10.01278543,-30.768114681,14.25646571));
#11913=VERTEX_POINT('',#11912);
#11914=CARTESIAN_POINT('',(10.01278543,-30.668114681,14.25646571));
#11915=DIRECTION('',(0.,-1.,0.));
#11916=VECTOR('',#11915,0.1);
#11917=LINE('',#11914,#11916);
#11918=EDGE_CURVE('',#11904,#11913,#11917,.T.);
#11919=ORIENTED_EDGE('',*,*,#11918,.T.);
#11920=CARTESIAN_POINT('',(10.01278543,-30.968114681,14.45646571));
#11921=VERTEX_POINT('',#11920);
#11922=CARTESIAN_POINT('',(10.01278543,-30.768114681,14.45646571));
#11923=DIRECTION('',(-1.,-0.,-0.));
#11924=DIRECTION('',(-0.,1.,-0.));
#11925=AXIS2_PLACEMENT_3D('',#11922,#11923,#11924);
#11926=CIRCLE('',#11925,0.2);
#11927=EDGE_CURVE('',#11913,#11921,#11926,.T.);
#11928=ORIENTED_EDGE('',*,*,#11927,.T.);
#11929=CARTESIAN_POINT('',(10.01278543,-30.968114681,14.462816543));
#11930=VERTEX_POINT('',#11929);
#11931=CARTESIAN_POINT('',(10.01278543,-30.968114681,14.45646571));
#11932=DIRECTION('',(-0.,0.,1.));
#11933=VECTOR('',#11932,0.006350833);
#11934=LINE('',#11931,#11933);
#11935=EDGE_CURVE('',#11921,#11930,#11934,.T.);
#11936=ORIENTED_EDGE('',*,*,#11935,.T.);
#11937=CARTESIAN_POINT('',(10.01278543,-30.968114681,14.469167375));
#11938=VERTEX_POINT('',#11937);
#11939=CARTESIAN_POINT('',(10.01278543,-30.968114681,14.462816543));
#11940=DIRECTION('',(-0.,0.,1.));
#11941=VECTOR('',#11940,0.006350833);
#11942=LINE('',#11939,#11941);
#11943=EDGE_CURVE('',#11930,#11938,#11942,.T.);
#11944=ORIENTED_EDGE('',*,*,#11943,.T.);
#11945=CARTESIAN_POINT('',(10.01278543,-30.835896032,14.657331369));
#11946=VERTEX_POINT('',#11945);
#11947=CARTESIAN_POINT('',(10.01278543,-30.768114681,14.469167375));
#11948=DIRECTION('',(-1.,-0.,-0.));
#11949=DIRECTION('',(-0.,1.,-0.));
#11950=AXIS2_PLACEMENT_3D('',#11947,#11948,#11949);
#11951=CIRCLE('',#11950,0.2);
#11952=EDGE_CURVE('',#11938,#11946,#11951,.T.);
#11953=ORIENTED_EDGE('',*,*,#11952,.T.);
#11954=CARTESIAN_POINT('',(10.01278543,-30.868114681,15.25646571));
#11955=DIRECTION('',(1.,0.,0.));
#11956=DIRECTION('',(-0.,1.,-0.));
#11957=AXIS2_PLACEMENT_3D('',#11954,#11955,#11956);
#11958=CIRCLE('',#11957,0.6);
#11959=EDGE_CURVE('',#11946,#11878,#11958,.T.);
#11960=ORIENTED_EDGE('',*,*,#11959,.T.);
#11961=EDGE_LOOP('',(#11886,#11894,#11902,#11911,#11919,#11928,#11936,#11944,#11953,#11960));
#11962=FACE_BOUND('',#11961,.T.);
#11963=ADVANCED_FACE('',(#11962),#11876,.F.);
#11964=CARTESIAN_POINT('',(13.62278543,-30.168114681,45.856469266));
#11965=DIRECTION('',(0.,-0.,-1.));
#11966=DIRECTION('',(-1.,0.,-0.));
#11967=AXIS2_PLACEMENT_3D('',#11964,#11965,#11966);
#11968=PLANE('',#11967);
#11969=CARTESIAN_POINT('',(39.81278543,-30.668114681,45.856469266));
#11970=VERTEX_POINT('',#11969);
#11971=CARTESIAN_POINT('',(10.21278543,-30.668114681,45.856469266));
#11972=VERTEX_POINT('',#11971);
#11973=CARTESIAN_POINT('',(39.81278543,-30.668114681,45.856469266));
#11974=DIRECTION('',(-1.,-0.,-0.));
#11975=VECTOR('',#11974,29.6);
#11976=LINE('',#11973,#11975);
#11977=EDGE_CURVE('',#11970,#11972,#11976,.T.);
#11978=ORIENTED_EDGE('',*,*,#11977,.T.);
#11979=CARTESIAN_POINT('',(10.21278543,-30.768114681,45.856469266));
#11980=VERTEX_POINT('',#11979);
#11981=CARTESIAN_POINT('',(10.21278543,-30.668114681,45.856469266));
#11982=DIRECTION('',(0.,-1.,0.));
#11983=VECTOR('',#11982,0.1);
#11984=LINE('',#11981,#11983);
#11985=EDGE_CURVE('',#11972,#11980,#11984,.T.);
#11986=ORIENTED_EDGE('',*,*,#11985,.T.);
#11987=CARTESIAN_POINT('',(39.81278543,-30.768114681,45.856469266));
#11988=VERTEX_POINT('',#11987);
#11989=CARTESIAN_POINT('',(10.21278543,-30.768114681,45.856469266));
#11990=DIRECTION('',(1.,0.,0.));
#11991=VECTOR('',#11990,29.6);
#11992=LINE('',#11989,#11991);
#11993=EDGE_CURVE('',#11980,#11988,#11992,.T.);
#11994=ORIENTED_EDGE('',*,*,#11993,.T.);
#11995=CARTESIAN_POINT('',(39.81278543,-30.768114681,45.856469266));
#11996=DIRECTION('',(0.,1.,-0.));
#11997=VECTOR('',#11996,0.1);
#11998=LINE('',#11995,#11997);
#11999=EDGE_CURVE('',#11988,#11970,#11998,.T.);
#12000=ORIENTED_EDGE('',*,*,#11999,.T.);
#12001=EDGE_LOOP('',(#11978,#11986,#11994,#12000));
#12002=FACE_BOUND('',#12001,.T.);
#12003=ADVANCED_FACE('',(#12002),#11968,.F.);
#12004=CARTESIAN_POINT('',(13.62278543,-31.168114681,45.356469266));
#12005=DIRECTION('',(-0.,1.,-0.));
#12006=DIRECTION('',(-1.,-0.,-0.));
#12007=AXIS2_PLACEMENT_3D('',#12004,#12005,#12006);
#12008=PLANE('',#12007);
#12009=CARTESIAN_POINT('',(39.81278543,-31.168114681,45.456469266));
#12010=VERTEX_POINT('',#12009);
#12011=CARTESIAN_POINT('',(10.21278543,-31.168114681,45.456469266));
#12012=VERTEX_POINT('',#12011);
#12013=CARTESIAN_POINT('',(39.81278543,-31.168114681,45.456469266));
#12014=DIRECTION('',(-1.,-0.,-0.));
#12015=VECTOR('',#12014,29.6);
#12016=LINE('',#12013,#12015);
#12017=EDGE_CURVE('',#12010,#12012,#12016,.T.);
#12018=ORIENTED_EDGE('',*,*,#12017,.T.);
#12019=CARTESIAN_POINT('',(10.21278543,-31.168114681,45.450118433));
#12020=VERTEX_POINT('',#12019);
#12021=CARTESIAN_POINT('',(10.21278543,-31.168114681,45.456469266));
#12022=DIRECTION('',(0.,-0.,-1.));
#12023=VECTOR('',#12022,0.006350833);
#12024=LINE('',#12021,#12023);
#12025=EDGE_CURVE('',#12012,#12020,#12024,.T.);
#12026=ORIENTED_EDGE('',*,*,#12025,.T.);
#12027=CARTESIAN_POINT('',(10.21278543,-31.168114681,45.443767601));
#12028=VERTEX_POINT('',#12027);
#12029=CARTESIAN_POINT('',(10.21278543,-31.168114681,45.450118433));
#12030=DIRECTION('',(0.,-0.,-1.));
#12031=VECTOR('',#12030,0.006350833);
#12032=LINE('',#12029,#12031);
#12033=EDGE_CURVE('',#12020,#12028,#12032,.T.);
#12034=ORIENTED_EDGE('',*,*,#12033,.T.);
#12035=CARTESIAN_POINT('',(39.81278543,-31.168114681,45.443767601));
#12036=VERTEX_POINT('',#12035);
#12037=CARTESIAN_POINT('',(10.21278543,-31.168114681,45.443767601));
#12038=DIRECTION('',(1.,0.,0.));
#12039=VECTOR('',#12038,29.6);
#12040=LINE('',#12037,#12039);
#12041=EDGE_CURVE('',#12028,#12036,#12040,.T.);
#12042=ORIENTED_EDGE('',*,*,#12041,.T.);
#12043=CARTESIAN_POINT('',(39.81278543,-31.168114681,45.450118433));
#12044=VERTEX_POINT('',#12043);
#12045=CARTESIAN_POINT('',(39.81278543,-31.168114681,45.443767601));
#12046=DIRECTION('',(-0.,0.,1.));
#12047=VECTOR('',#12046,0.006350833);
#12048=LINE('',#12045,#12047);
#12049=EDGE_CURVE('',#12036,#12044,#12048,.T.);
#12050=ORIENTED_EDGE('',*,*,#12049,.T.);
#12051=CARTESIAN_POINT('',(39.81278543,-31.168114681,45.450118433));
#12052=DIRECTION('',(-0.,0.,1.));
#12053=VECTOR('',#12052,0.006350833);
#12054=LINE('',#12051,#12053);
#12055=EDGE_CURVE('',#12044,#12010,#12054,.T.);
#12056=ORIENTED_EDGE('',*,*,#12055,.T.);
#12057=EDGE_LOOP('',(#12018,#12026,#12034,#12042,#12050,#12056));
#12058=FACE_BOUND('',#12057,.T.);
#12059=ADVANCED_FACE('',(#12058),#12008,.F.);
#12060=CARTESIAN_POINT('',(13.62278543,-30.468114681,44.056469266));
#12061=DIRECTION('',(0.,-1.,0.));
#12062=DIRECTION('',(1.,0.,0.));
#12063=AXIS2_PLACEMENT_3D('',#12060,#12061,#12062);
#12064=PLANE('',#12063);
#12065=CARTESIAN_POINT('',(10.21278543,-30.468114681,44.656469266));
#12066=VERTEX_POINT('',#12065);
#12067=CARTESIAN_POINT('',(10.21278543,-30.468114681,44.056469266));
#12068=VERTEX_POINT('',#12067);
#12069=CARTESIAN_POINT('',(10.21278543,-30.468114681,44.656469266));
#12070=DIRECTION('',(0.,-0.,-1.));
#12071=VECTOR('',#12070,0.6);
#12072=LINE('',#12069,#12071);
#12073=EDGE_CURVE('',#12066,#12068,#12072,.T.);
#12074=ORIENTED_EDGE('',*,*,#12073,.T.);
#12075=CARTESIAN_POINT('',(39.81278543,-30.468114681,44.056469266));
#12076=VERTEX_POINT('',#12075);
#12077=CARTESIAN_POINT('',(10.21278543,-30.468114681,44.056469266));
#12078=DIRECTION('',(1.,0.,0.));
#12079=VECTOR('',#12078,29.6);
#12080=LINE('',#12077,#12079);
#12081=EDGE_CURVE('',#12068,#12076,#12080,.T.);
#12082=ORIENTED_EDGE('',*,*,#12081,.T.);
#12083=CARTESIAN_POINT('',(39.81278543,-30.468114681,44.656469266));
#12084=VERTEX_POINT('',#12083);
#12085=CARTESIAN_POINT('',(39.81278543,-30.468114681,44.056469266));
#12086=DIRECTION('',(-0.,0.,1.));
#12087=VECTOR('',#12086,0.6);
#12088=LINE('',#12085,#12087);
#12089=EDGE_CURVE('',#12076,#12084,#12088,.T.);
#12090=ORIENTED_EDGE('',*,*,#12089,.T.);
#12091=CARTESIAN_POINT('',(39.81278543,-30.468114681,44.656469266));
#12092=DIRECTION('',(-1.,-0.,-0.));
#12093=VECTOR('',#12092,29.6);
#12094=LINE('',#12091,#12093);
#12095=EDGE_CURVE('',#12084,#12066,#12094,.T.);
#12096=ORIENTED_EDGE('',*,*,#12095,.T.);
#12097=EDGE_LOOP('',(#12074,#12082,#12090,#12096));
#12098=FACE_BOUND('',#12097,.T.);
#12099=ADVANCED_FACE('',(#12098),#12064,.T.);
#12100=CARTESIAN_POINT('',(40.01278543,-30.918114681,43.456469266));
#12101=DIRECTION('',(1.,-0.,0.));
#12102=DIRECTION('',(0.,-0.,-1.));
#12103=AXIS2_PLACEMENT_3D('',#12100,#12101,#12102);
#12104=PLANE('',#12103);
#12105=CARTESIAN_POINT('',(40.01278543,-30.268114681,44.656469266));
#12106=VERTEX_POINT('',#12105);
#12107=CARTESIAN_POINT('',(40.01278543,-30.268114681,44.056469266));
#12108=VERTEX_POINT('',#12107);
#12109=CARTESIAN_POINT('',(40.01278543,-30.268114681,44.656469266));
#12110=DIRECTION('',(0.,-0.,-1.));
#12111=VECTOR('',#12110,0.6);
#12112=LINE('',#12109,#12111);
#12113=EDGE_CURVE('',#12106,#12108,#12112,.T.);
#12114=ORIENTED_EDGE('',*,*,#12113,.T.);
#12115=CARTESIAN_POINT('',(40.01278543,-29.868114681,44.056469266));
#12116=VERTEX_POINT('',#12115);
#12117=CARTESIAN_POINT('',(40.01278543,-30.268114681,44.056469266));
#12118=DIRECTION('',(0.,1.,-0.));
#12119=VECTOR('',#12118,0.4);
#12120=LINE('',#12117,#12119);
#12121=EDGE_CURVE('',#12108,#12116,#12120,.T.);
#12122=ORIENTED_EDGE('',*,*,#12121,.T.);
#12123=CARTESIAN_POINT('',(40.01278543,-29.868114681,44.856469266));
#12124=VERTEX_POINT('',#12123);
#12125=CARTESIAN_POINT('',(40.01278543,-29.868114681,44.056469266));
#12126=DIRECTION('',(-0.,0.,1.));
#12127=VECTOR('',#12126,0.8);
#12128=LINE('',#12125,#12127);
#12129=EDGE_CURVE('',#12116,#12124,#12128,.T.);
#12130=ORIENTED_EDGE('',*,*,#12129,.T.);
#12131=CARTESIAN_POINT('',(40.01278543,-30.668114681,45.656469266));
#12132=VERTEX_POINT('',#12131);
#12133=CARTESIAN_POINT('',(40.01278543,-30.668114681,44.856469266));
#12134=DIRECTION('',(1.,-0.,0.));
#12135=DIRECTION('',(0.,1.,-0.));
#12136=AXIS2_PLACEMENT_3D('',#12133,#12134,#12135);
#12137=CIRCLE('',#12136,0.8);
#12138=EDGE_CURVE('',#12124,#12132,#12137,.T.);
#12139=ORIENTED_EDGE('',*,*,#12138,.T.);
#12140=CARTESIAN_POINT('',(40.01278543,-30.768114681,45.656469266));
#12141=VERTEX_POINT('',#12140);
#12142=CARTESIAN_POINT('',(40.01278543,-30.668114681,45.656469266));
#12143=DIRECTION('',(-0.,-1.,0.));
#12144=VECTOR('',#12143,0.1);
#12145=LINE('',#12142,#12144);
#12146=EDGE_CURVE('',#12132,#12141,#12145,.T.);
#12147=ORIENTED_EDGE('',*,*,#12146,.T.);
#12148=CARTESIAN_POINT('',(40.01278543,-30.968114681,45.456469266));
#12149=VERTEX_POINT('',#12148);
#12150=CARTESIAN_POINT('',(40.01278543,-30.768114681,45.456469266));
#12151=DIRECTION('',(1.,-0.,0.));
#12152=DIRECTION('',(0.,1.,-0.));
#12153=AXIS2_PLACEMENT_3D('',#12150,#12151,#12152);
#12154=CIRCLE('',#12153,0.2);
#12155=EDGE_CURVE('',#12141,#12149,#12154,.T.);
#12156=ORIENTED_EDGE('',*,*,#12155,.T.);
#12157=CARTESIAN_POINT('',(40.01278543,-30.968114681,45.443767601));
#12158=VERTEX_POINT('',#12157);
#12159=CARTESIAN_POINT('',(40.01278543,-30.968114681,45.456469266));
#12160=DIRECTION('',(0.,-0.,-1.));
#12161=VECTOR('',#12160,0.012701665);
#12162=LINE('',#12159,#12161);
#12163=EDGE_CURVE('',#12149,#12158,#12162,.T.);
#12164=ORIENTED_EDGE('',*,*,#12163,.T.);
#12165=CARTESIAN_POINT('',(40.01278543,-30.835896032,45.255603607));
#12166=VERTEX_POINT('',#12165);
#12167=CARTESIAN_POINT('',(40.01278543,-30.768114681,45.443767601));
#12168=DIRECTION('',(1.,-0.,0.));
#12169=DIRECTION('',(0.,1.,-0.));
#12170=AXIS2_PLACEMENT_3D('',#12167,#12168,#12169);
#12171=CIRCLE('',#12170,0.2);
#12172=EDGE_CURVE('',#12158,#12166,#12171,.T.);
#12173=ORIENTED_EDGE('',*,*,#12172,.T.);
#12174=CARTESIAN_POINT('',(40.01278543,-30.868114681,44.656469266));
#12175=DIRECTION('',(-1.,0.,-0.));
#12176=DIRECTION('',(0.,1.,-0.));
#12177=AXIS2_PLACEMENT_3D('',#12174,#12175,#12176);
#12178=CIRCLE('',#12177,0.6);
#12179=EDGE_CURVE('',#12166,#12106,#12178,.T.);
#12180=ORIENTED_EDGE('',*,*,#12179,.T.);
#12181=EDGE_LOOP('',(#12114,#12122,#12130,#12139,#12147,#12156,#12164,#12173,#12180));
#12182=FACE_BOUND('',#12181,.T.);
#12183=ADVANCED_FACE('',(#12182),#12104,.T.);
#12184=CARTESIAN_POINT('',(10.01278543,-30.918114681,43.456469266));
#12185=DIRECTION('',(1.,0.,0.));
#12186=DIRECTION('',(-0.,1.,-0.));
#12187=AXIS2_PLACEMENT_3D('',#12184,#12185,#12186);
#12188=PLANE('',#12187);
#12189=CARTESIAN_POINT('',(10.01278543,-29.868114681,44.856469266));
#12190=VERTEX_POINT('',#12189);
#12191=CARTESIAN_POINT('',(10.01278543,-29.868114681,44.056469266));
#12192=VERTEX_POINT('',#12191);
#12193=CARTESIAN_POINT('',(10.01278543,-29.868114681,44.856469266));
#12194=DIRECTION('',(0.,-0.,-1.));
#12195=VECTOR('',#12194,0.8);
#12196=LINE('',#12193,#12195);
#12197=EDGE_CURVE('',#12190,#12192,#12196,.T.);
#12198=ORIENTED_EDGE('',*,*,#12197,.T.);
#12199=CARTESIAN_POINT('',(10.01278543,-30.268114681,44.056469266));
#12200=VERTEX_POINT('',#12199);
#12201=CARTESIAN_POINT('',(10.01278543,-29.868114681,44.056469266));
#12202=DIRECTION('',(0.,-1.,0.));
#12203=VECTOR('',#12202,0.4);
#12204=LINE('',#12201,#12203);
#12205=EDGE_CURVE('',#12192,#12200,#12204,.T.);
#12206=ORIENTED_EDGE('',*,*,#12205,.T.);
#12207=CARTESIAN_POINT('',(10.01278543,-30.268114681,44.656469266));
#12208=VERTEX_POINT('',#12207);
#12209=CARTESIAN_POINT('',(10.01278543,-30.268114681,44.056469266));
#12210=DIRECTION('',(-0.,0.,1.));
#12211=VECTOR('',#12210,0.6);
#12212=LINE('',#12209,#12211);
#12213=EDGE_CURVE('',#12200,#12208,#12212,.T.);
#12214=ORIENTED_EDGE('',*,*,#12213,.T.);
#12215=CARTESIAN_POINT('',(10.01278543,-30.835896032,45.255603607));
#12216=VERTEX_POINT('',#12215);
#12217=CARTESIAN_POINT('',(10.01278543,-30.868114681,44.656469266));
#12218=DIRECTION('',(1.,0.,0.));
#12219=DIRECTION('',(-0.,1.,-0.));
#12220=AXIS2_PLACEMENT_3D('',#12217,#12218,#12219);
#12221=CIRCLE('',#12220,0.6);
#12222=EDGE_CURVE('',#12208,#12216,#12221,.T.);
#12223=ORIENTED_EDGE('',*,*,#12222,.T.);
#12224=CARTESIAN_POINT('',(10.01278543,-30.968114681,45.443767601));
#12225=VERTEX_POINT('',#12224);
#12226=CARTESIAN_POINT('',(10.01278543,-30.768114681,45.443767601));
#12227=DIRECTION('',(-1.,-0.,-0.));
#12228=DIRECTION('',(-0.,1.,-0.));
#12229=AXIS2_PLACEMENT_3D('',#12226,#12227,#12228);
#12230=CIRCLE('',#12229,0.2);
#12231=EDGE_CURVE('',#12216,#12225,#12230,.T.);
#12232=ORIENTED_EDGE('',*,*,#12231,.T.);
#12233=CARTESIAN_POINT('',(10.01278543,-30.968114681,45.456469266));
#12234=VERTEX_POINT('',#12233);
#12235=CARTESIAN_POINT('',(10.01278543,-30.968114681,45.443767601));
#12236=DIRECTION('',(-0.,0.,1.));
#12237=VECTOR('',#12236,0.012701665);
#12238=LINE('',#12235,#12237);
#12239=EDGE_CURVE('',#12225,#12234,#12238,.T.);
#12240=ORIENTED_EDGE('',*,*,#12239,.T.);
#12241=CARTESIAN_POINT('',(10.01278543,-30.768114681,45.656469266));
#12242=VERTEX_POINT('',#12241);
#12243=CARTESIAN_POINT('',(10.01278543,-30.768114681,45.456469266));
#12244=DIRECTION('',(-1.,-0.,-0.));
#12245=DIRECTION('',(-0.,1.,-0.));
#12246=AXIS2_PLACEMENT_3D('',#12243,#12244,#12245);
#12247=CIRCLE('',#12246,0.2);
#12248=EDGE_CURVE('',#12234,#12242,#12247,.T.);
#12249=ORIENTED_EDGE('',*,*,#12248,.T.);
#12250=CARTESIAN_POINT('',(10.01278543,-30.668114681,45.656469266));
#12251=VERTEX_POINT('',#12250);
#12252=CARTESIAN_POINT('',(10.01278543,-30.768114681,45.656469266));
#12253=DIRECTION('',(-0.,1.,-0.));
#12254=VECTOR('',#12253,0.1);
#12255=LINE('',#12252,#12254);
#12256=EDGE_CURVE('',#12242,#12251,#12255,.T.);
#12257=ORIENTED_EDGE('',*,*,#12256,.T.);
#12258=CARTESIAN_POINT('',(10.01278543,-30.668114681,44.856469266));
#12259=DIRECTION('',(-1.,-0.,-0.));
#12260=DIRECTION('',(-0.,1.,-0.));
#12261=AXIS2_PLACEMENT_3D('',#12258,#12259,#12260);
#12262=CIRCLE('',#12261,0.8);
#12263=EDGE_CURVE('',#12251,#12190,#12262,.T.);
#12264=ORIENTED_EDGE('',*,*,#12263,.T.);
#12265=EDGE_LOOP('',(#12198,#12206,#12214,#12223,#12232,#12240,#12249,#12257,#12264));
#12266=FACE_BOUND('',#12265,.T.);
#12267=ADVANCED_FACE('',(#12266),#12188,.F.);
#12268=CARTESIAN_POINT('',(13.62278543,-30.868114681,44.656469266));
#12269=DIRECTION('',(-1.,-0.,-0.));
#12270=DIRECTION('',(0.,-1.,0.));
#12271=AXIS2_PLACEMENT_3D('',#12268,#12269,#12270);
#12272=CYLINDRICAL_SURFACE('',#12271,0.4);
#12273=CARTESIAN_POINT('',(10.21278543,-30.868114681,45.056469266));
#12274=VERTEX_POINT('',#12273);
#12275=CARTESIAN_POINT('',(39.81278543,-30.868114681,45.056469266));
#12276=VERTEX_POINT('',#12275);
#12277=CARTESIAN_POINT('',(10.21278543,-30.868114681,45.056469266));
#12278=DIRECTION('',(1.,0.,0.));
#12279=VECTOR('',#12278,29.6);
#12280=LINE('',#12277,#12279);
#12281=EDGE_CURVE('',#12274,#12276,#12280,.T.);
#12282=ORIENTED_EDGE('',*,*,#12281,.F.);
#12283=CARTESIAN_POINT('',(10.21278543,-30.868114681,44.656469266));
#12284=DIRECTION('',(-1.,-0.,-0.));
#12285=DIRECTION('',(-0.,1.,-0.));
#12286=AXIS2_PLACEMENT_3D('',#12283,#12284,#12285);
#12287=CIRCLE('',#12286,0.4);
#12288=EDGE_CURVE('',#12274,#12066,#12287,.T.);
#12289=ORIENTED_EDGE('',*,*,#12288,.T.);
#12290=ORIENTED_EDGE('',*,*,#12095,.F.);
#12291=CARTESIAN_POINT('',(39.81278543,-30.868114681,44.656469266));
#12292=DIRECTION('',(1.,-0.,0.));
#12293=DIRECTION('',(0.,1.,-0.));
#12294=AXIS2_PLACEMENT_3D('',#12291,#12292,#12293);
#12295=CIRCLE('',#12294,0.4);
#12296=EDGE_CURVE('',#12084,#12276,#12295,.T.);
#12297=ORIENTED_EDGE('',*,*,#12296,.T.);
#12298=EDGE_LOOP('',(#12282,#12289,#12290,#12297));
#12299=FACE_BOUND('',#12298,.T.);
#12300=ADVANCED_FACE('',(#12299),#12272,.F.);
#12301=CARTESIAN_POINT('',(13.62278543,-30.768114681,45.443767601));
#12302=DIRECTION('',(-1.,-0.,-0.));
#12303=DIRECTION('',(0.,-1.,0.));
#12304=AXIS2_PLACEMENT_3D('',#12301,#12302,#12303);
#12305=CYLINDRICAL_SURFACE('',#12304,0.4);
#12306=ORIENTED_EDGE('',*,*,#12041,.F.);
#12307=CARTESIAN_POINT('',(10.21278543,-30.768114681,45.443767601));
#12308=DIRECTION('',(1.,0.,0.));
#12309=DIRECTION('',(-0.,1.,-0.));
#12310=AXIS2_PLACEMENT_3D('',#12307,#12308,#12309);
#12311=CIRCLE('',#12310,0.4);
#12312=EDGE_CURVE('',#12028,#12274,#12311,.T.);
#12313=ORIENTED_EDGE('',*,*,#12312,.T.);
#12314=ORIENTED_EDGE('',*,*,#12281,.T.);
#12315=CARTESIAN_POINT('',(39.81278543,-30.768114681,45.443767601));
#12316=DIRECTION('',(-1.,0.,-0.));
#12317=DIRECTION('',(0.,1.,-0.));
#12318=AXIS2_PLACEMENT_3D('',#12315,#12316,#12317);
#12319=CIRCLE('',#12318,0.4);
#12320=EDGE_CURVE('',#12276,#12036,#12319,.T.);
#12321=ORIENTED_EDGE('',*,*,#12320,.T.);
#12322=EDGE_LOOP('',(#12306,#12313,#12314,#12321));
#12323=FACE_BOUND('',#12322,.T.);
#12324=ADVANCED_FACE('',(#12323),#12305,.T.);
#12325=CARTESIAN_POINT('',(13.62278543,-30.868114681,15.25646571));
#12326=DIRECTION('',(-1.,-0.,-0.));
#12327=DIRECTION('',(0.,-1.,0.));
#12328=AXIS2_PLACEMENT_3D('',#12325,#12326,#12327);
#12329=CYLINDRICAL_SURFACE('',#12328,0.4);
#12330=CARTESIAN_POINT('',(39.81278543,-30.868114681,14.85646571));
#12331=VERTEX_POINT('',#12330);
#12332=CARTESIAN_POINT('',(10.21278543,-30.868114681,14.85646571));
#12333=VERTEX_POINT('',#12332);
#12334=CARTESIAN_POINT('',(39.81278543,-30.868114681,14.85646571));
#12335=DIRECTION('',(-1.,-0.,-0.));
#12336=VECTOR('',#12335,29.6);
#12337=LINE('',#12334,#12336);
#12338=EDGE_CURVE('',#12331,#12333,#12337,.T.);
#12339=ORIENTED_EDGE('',*,*,#12338,.F.);
#12340=CARTESIAN_POINT('',(39.81278543,-30.868114681,15.25646571));
#12341=DIRECTION('',(1.,-0.,0.));
#12342=DIRECTION('',(-0.,0.,1.));
#12343=AXIS2_PLACEMENT_3D('',#12340,#12341,#12342);
#12344=CIRCLE('',#12343,0.4);
#12345=EDGE_CURVE('',#12331,#11754,#12344,.T.);
#12346=ORIENTED_EDGE('',*,*,#12345,.T.);
#12347=ORIENTED_EDGE('',*,*,#11783,.F.);
#12348=CARTESIAN_POINT('',(10.21278543,-30.868114681,15.25646571));
#12349=DIRECTION('',(-1.,-0.,-0.));
#12350=DIRECTION('',(-0.,1.,-0.));
#12351=AXIS2_PLACEMENT_3D('',#12348,#12349,#12350);
#12352=CIRCLE('',#12351,0.4);
#12353=EDGE_CURVE('',#11772,#12333,#12352,.T.);
#12354=ORIENTED_EDGE('',*,*,#12353,.T.);
#12355=EDGE_LOOP('',(#12339,#12346,#12347,#12354));
#12356=FACE_BOUND('',#12355,.T.);
#12357=ADVANCED_FACE('',(#12356),#12329,.F.);
#12358=CARTESIAN_POINT('',(13.62278543,-30.768114681,14.469167375));
#12359=DIRECTION('',(-1.,-0.,-0.));
#12360=DIRECTION('',(0.,-1.,0.));
#12361=AXIS2_PLACEMENT_3D('',#12358,#12359,#12360);
#12362=CYLINDRICAL_SURFACE('',#12361,0.4);
#12363=ORIENTED_EDGE('',*,*,#11737,.F.);
#12364=CARTESIAN_POINT('',(39.81278543,-30.768114681,14.469167375));
#12365=DIRECTION('',(-1.,0.,-0.));
#12366=DIRECTION('',(-0.,0.,1.));
#12367=AXIS2_PLACEMENT_3D('',#12364,#12365,#12366);
#12368=CIRCLE('',#12367,0.4);
#12369=EDGE_CURVE('',#11724,#12331,#12368,.T.);
#12370=ORIENTED_EDGE('',*,*,#12369,.T.);
#12371=ORIENTED_EDGE('',*,*,#12338,.T.);
#12372=CARTESIAN_POINT('',(10.21278543,-30.768114681,14.469167375));
#12373=DIRECTION('',(1.,0.,0.));
#12374=DIRECTION('',(-0.,1.,-0.));
#12375=AXIS2_PLACEMENT_3D('',#12372,#12373,#12374);
#12376=CIRCLE('',#12375,0.4);
#12377=EDGE_CURVE('',#12333,#11732,#12376,.T.);
#12378=ORIENTED_EDGE('',*,*,#12377,.T.);
#12379=EDGE_LOOP('',(#12363,#12370,#12371,#12378));
#12380=FACE_BOUND('',#12379,.T.);
#12381=ADVANCED_FACE('',(#12380),#12362,.T.);
#12382=CARTESIAN_POINT('',(8.91278543,-55.430832487,15.956467488));
#12383=DIRECTION('',(-0.,1.,-0.));
#12384=DIRECTION('',(-1.,-0.,-0.));
#12385=AXIS2_PLACEMENT_3D('',#12382,#12383,#12384);
#12386=CYLINDRICAL_SURFACE('',#12385,0.3);
#12387=ORIENTED_EDGE('',*,*,#3972,.F.);
#12388=ORIENTED_EDGE('',*,*,#1322,.F.);
#12389=CARTESIAN_POINT('',(8.91278543,-31.668114681,15.956467488));
#12390=DIRECTION('',(0.,1.,-0.));
#12391=DIRECTION('',(0.,-0.,-1.));
#12392=AXIS2_PLACEMENT_3D('',#12389,#12390,#12391);
#12393=CIRCLE('',#12392,0.3);
#12394=EDGE_CURVE('',#1382,#1308,#12393,.T.);
#12395=ORIENTED_EDGE('',*,*,#12394,.F.);
#12396=ORIENTED_EDGE('',*,*,#1389,.T.);
#12397=EDGE_LOOP('',(#12387,#12388,#12395,#12396));
#12398=FACE_BOUND('',#12397,.T.);
#12399=ADVANCED_FACE('',(#12398),#12386,.F.);
#12400=CARTESIAN_POINT('',(9.51278543,-31.668114681,15.956467488));
#12401=DIRECTION('',(0.,-0.,-1.));
#12402=DIRECTION('',(-1.,0.,-0.));
#12403=AXIS2_PLACEMENT_3D('',#12400,#12401,#12402);
#12404=TOROIDAL_SURFACE('',#12403,0.6,0.3);
#12405=ORIENTED_EDGE('',*,*,#12394,.T.);
#12406=ORIENTED_EDGE('',*,*,#1314,.F.);
#12407=CARTESIAN_POINT('',(9.51278543,-32.268114681,15.956467488));
#12408=DIRECTION('',(-1.,-0.,-0.));
#12409=DIRECTION('',(0.,-1.,0.));
#12410=AXIS2_PLACEMENT_3D('',#12407,#12408,#12409);
#12411=CIRCLE('',#12410,0.3);
#12412=EDGE_CURVE('',#1392,#1300,#12411,.T.);
#12413=ORIENTED_EDGE('',*,*,#12412,.F.);
#12414=ORIENTED_EDGE('',*,*,#1398,.F.);
#12415=EDGE_LOOP('',(#12405,#12406,#12413,#12414));
#12416=FACE_BOUND('',#12415,.T.);
#12417=ADVANCED_FACE('',(#12416),#12404,.F.);
#12418=CARTESIAN_POINT('',(25.01278543,-32.268114681,15.956467488));
#12419=DIRECTION('',(-1.,-0.,-0.));
#12420=DIRECTION('',(0.,-1.,0.));
#12421=AXIS2_PLACEMENT_3D('',#12418,#12419,#12420);
#12422=CYLINDRICAL_SURFACE('',#12421,0.3);
#12423=ORIENTED_EDGE('',*,*,#12412,.T.);
#12424=ORIENTED_EDGE('',*,*,#1305,.F.);
#12425=CARTESIAN_POINT('',(40.51278543,-32.268114681,15.956467488));
#12426=DIRECTION('',(-1.,-0.,-0.));
#12427=DIRECTION('',(-0.,1.,0.));
#12428=AXIS2_PLACEMENT_3D('',#12425,#12426,#12427);
#12429=CIRCLE('',#12428,0.3);
#12430=EDGE_CURVE('',#1401,#1291,#12429,.T.);
#12431=ORIENTED_EDGE('',*,*,#12430,.F.);
#12432=ORIENTED_EDGE('',*,*,#1406,.T.);
#12433=EDGE_LOOP('',(#12423,#12424,#12431,#12432));
#12434=FACE_BOUND('',#12433,.T.);
#12435=ADVANCED_FACE('',(#12434),#12422,.F.);
#12436=CARTESIAN_POINT('',(40.51278543,-31.668114681,15.956467488));
#12437=DIRECTION('',(0.,-0.,-1.));
#12438=DIRECTION('',(-1.,0.,-0.));
#12439=AXIS2_PLACEMENT_3D('',#12436,#12437,#12438);
#12440=TOROIDAL_SURFACE('',#12439,0.6,0.3);
#12441=ORIENTED_EDGE('',*,*,#12430,.T.);
#12442=ORIENTED_EDGE('',*,*,#1297,.F.);
#12443=CARTESIAN_POINT('',(41.11278543,-31.668114681,15.956467488));
#12444=DIRECTION('',(-0.,-1.,0.));
#12445=DIRECTION('',(0.,-0.,-1.));
#12446=AXIS2_PLACEMENT_3D('',#12443,#12444,#12445);
#12447=CIRCLE('',#12446,0.3);
#12448=EDGE_CURVE('',#1409,#1283,#12447,.T.);
#12449=ORIENTED_EDGE('',*,*,#12448,.F.);
#12450=ORIENTED_EDGE('',*,*,#1415,.F.);
#12451=EDGE_LOOP('',(#12441,#12442,#12449,#12450));
#12452=FACE_BOUND('',#12451,.T.);
#12453=ADVANCED_FACE('',(#12452),#12440,.F.);
#12454=CARTESIAN_POINT('',(41.11278543,-30.918114681,15.956467488));
#12455=DIRECTION('',(-0.,-1.,0.));
#12456=DIRECTION('',(0.,-0.,-1.));
#12457=AXIS2_PLACEMENT_3D('',#12454,#12455,#12456);
#12458=CYLINDRICAL_SURFACE('',#12457,0.3);
#12459=ORIENTED_EDGE('',*,*,#12448,.T.);
#12460=ORIENTED_EDGE('',*,*,#1288,.F.);
#12461=ORIENTED_EDGE('',*,*,#3917,.F.);
#12462=ORIENTED_EDGE('',*,*,#1423,.F.);
#12463=EDGE_LOOP('',(#12459,#12460,#12461,#12462));
#12464=FACE_BOUND('',#12463,.T.);
#12465=ADVANCED_FACE('',(#12464),#12458,.F.);
#12466=CARTESIAN_POINT('',(41.11278543,-43.,43.956469266));
#12467=DIRECTION('',(0.,1.,-0.));
#12468=DIRECTION('',(-0.,0.,1.));
#12469=AXIS2_PLACEMENT_3D('',#12466,#12467,#12468);
#12470=CYLINDRICAL_SURFACE('',#12469,0.3);
#12471=ORIENTED_EDGE('',*,*,#3893,.F.);
#12472=ORIENTED_EDGE('',*,*,#11621,.F.);
#12473=CARTESIAN_POINT('',(41.11278543,-31.668114681,43.956469266));
#12474=DIRECTION('',(-0.,1.,-0.));
#12475=DIRECTION('',(0.,-0.,-1.));
#12476=AXIS2_PLACEMENT_3D('',#12473,#12474,#12475);
#12477=CIRCLE('',#12476,0.3);
#12478=EDGE_CURVE('',#1472,#11609,#12477,.T.);
#12479=ORIENTED_EDGE('',*,*,#12478,.F.);
#12480=ORIENTED_EDGE('',*,*,#1479,.T.);
#12481=EDGE_LOOP('',(#12471,#12472,#12479,#12480));
#12482=FACE_BOUND('',#12481,.T.);
#12483=ADVANCED_FACE('',(#12482),#12470,.F.);
#12484=CARTESIAN_POINT('',(40.51278543,-31.668114681,43.956469266));
#12485=DIRECTION('',(-0.,0.,1.));
#12486=DIRECTION('',(1.,-0.,0.));
#12487=AXIS2_PLACEMENT_3D('',#12484,#12485,#12486);
#12488=TOROIDAL_SURFACE('',#12487,0.6,0.3);
#12489=ORIENTED_EDGE('',*,*,#12478,.T.);
#12490=ORIENTED_EDGE('',*,*,#11615,.F.);
#12491=CARTESIAN_POINT('',(40.51278543,-32.268114681,43.956469266));
#12492=DIRECTION('',(1.,0.,0.));
#12493=DIRECTION('',(-0.,1.,0.));
#12494=AXIS2_PLACEMENT_3D('',#12491,#12492,#12493);
#12495=CIRCLE('',#12494,0.3);
#12496=EDGE_CURVE('',#1482,#11601,#12495,.T.);
#12497=ORIENTED_EDGE('',*,*,#12496,.F.);
#12498=ORIENTED_EDGE('',*,*,#1488,.F.);
#12499=EDGE_LOOP('',(#12489,#12490,#12497,#12498));
#12500=FACE_BOUND('',#12499,.T.);
#12501=ADVANCED_FACE('',(#12500),#12488,.F.);
#12502=CARTESIAN_POINT('',(17.01278543,-32.268114681,43.956469266));
#12503=DIRECTION('',(1.,0.,0.));
#12504=DIRECTION('',(-0.,1.,-0.));
#12505=AXIS2_PLACEMENT_3D('',#12502,#12503,#12504);
#12506=CYLINDRICAL_SURFACE('',#12505,0.3);
#12507=ORIENTED_EDGE('',*,*,#12496,.T.);
#12508=ORIENTED_EDGE('',*,*,#11606,.F.);
#12509=CARTESIAN_POINT('',(9.51278543,-32.268114681,43.956469266));
#12510=DIRECTION('',(1.,0.,0.));
#12511=DIRECTION('',(0.,-1.,0.));
#12512=AXIS2_PLACEMENT_3D('',#12509,#12510,#12511);
#12513=CIRCLE('',#12512,0.3);
#12514=EDGE_CURVE('',#1491,#11592,#12513,.T.);
#12515=ORIENTED_EDGE('',*,*,#12514,.F.);
#12516=ORIENTED_EDGE('',*,*,#1496,.F.);
#12517=EDGE_LOOP('',(#12507,#12508,#12515,#12516));
#12518=FACE_BOUND('',#12517,.T.);
#12519=ADVANCED_FACE('',(#12518),#12506,.F.);
#12520=CARTESIAN_POINT('',(9.51278543,-31.668114681,43.956469266));
#12521=DIRECTION('',(-0.,0.,1.));
#12522=DIRECTION('',(1.,-0.,0.));
#12523=AXIS2_PLACEMENT_3D('',#12520,#12521,#12522);
#12524=TOROIDAL_SURFACE('',#12523,0.6,0.3);
#12525=ORIENTED_EDGE('',*,*,#12514,.T.);
#12526=ORIENTED_EDGE('',*,*,#11598,.F.);
#12527=CARTESIAN_POINT('',(8.91278543,-31.668114681,43.956469266));
#12528=DIRECTION('',(0.,-1.,0.));
#12529=DIRECTION('',(1.,0.,0.));
#12530=AXIS2_PLACEMENT_3D('',#12527,#12528,#12529);
#12531=CIRCLE('',#12530,0.3);
#12532=EDGE_CURVE('',#1499,#11584,#12531,.T.);
#12533=ORIENTED_EDGE('',*,*,#12532,.F.);
#12534=ORIENTED_EDGE('',*,*,#1505,.F.);
#12535=EDGE_LOOP('',(#12525,#12526,#12533,#12534));
#12536=FACE_BOUND('',#12535,.T.);
#12537=ADVANCED_FACE('',(#12536),#12524,.F.);
#12538=CARTESIAN_POINT('',(8.91278543,-30.918114681,43.956469266));
#12539=DIRECTION('',(0.,-1.,0.));
#12540=DIRECTION('',(1.,0.,0.));
#12541=AXIS2_PLACEMENT_3D('',#12538,#12539,#12540);
#12542=CYLINDRICAL_SURFACE('',#12541,0.3);
#12543=ORIENTED_EDGE('',*,*,#12532,.T.);
#12544=ORIENTED_EDGE('',*,*,#11589,.F.);
#12545=ORIENTED_EDGE('',*,*,#3822,.F.);
#12546=ORIENTED_EDGE('',*,*,#1513,.F.);
#12547=EDGE_LOOP('',(#12543,#12544,#12545,#12546));
#12548=FACE_BOUND('',#12547,.T.);
#12549=ADVANCED_FACE('',(#12548),#12542,.F.);
#12550=CARTESIAN_POINT('',(50.01278543,-31.868114681,36.256467488));
#12551=DIRECTION('',(0.,1.,-0.));
#12552=DIRECTION('',(-1.,0.,-0.));
#12553=AXIS2_PLACEMENT_3D('',#12550,#12551,#12552);
#12554=CYLINDRICAL_SURFACE('',#12553,1.);
#12555=ORIENTED_EDGE('',*,*,#7303,.F.);
#12556=ORIENTED_EDGE('',*,*,#1828,.F.);
#12557=CARTESIAN_POINT('',(50.01278543,-40.368114681,36.256467488));
#12558=DIRECTION('',(0.,1.,-0.));
#12559=DIRECTION('',(-0.,0.,1.));
#12560=AXIS2_PLACEMENT_3D('',#12557,#12558,#12559);
#12561=CIRCLE('',#12560,1.);
#12562=EDGE_CURVE('',#3492,#1815,#12561,.T.);
#12563=ORIENTED_EDGE('',*,*,#12562,.F.);
#12564=ORIENTED_EDGE('',*,*,#3497,.F.);
#12565=EDGE_LOOP('',(#12555,#12556,#12563,#12564));
#12566=FACE_BOUND('',#12565,.T.);
#12567=ADVANCED_FACE('',(#12566),#12554,.F.);
#12568=CARTESIAN_POINT('',(50.01278543,-40.368114681,36.256467488));
#12569=DIRECTION('',(-0.,0.,1.));
#12570=DIRECTION('',(1.,-0.,0.));
#12571=AXIS2_PLACEMENT_3D('',#12568,#12569,#12570);
#12572=SPHERICAL_SURFACE('',#12571,1.);
#12573=ORIENTED_EDGE('',*,*,#12562,.T.);
#12574=ORIENTED_EDGE('',*,*,#8031,.F.);
#12575=CARTESIAN_POINT('',(50.01278543,-40.368114681,36.256467488));
#12576=DIRECTION('',(1.,-0.,0.));
#12577=DIRECTION('',(0.,-0.,-1.));
#12578=AXIS2_PLACEMENT_3D('',#12575,#12576,#12577);
#12579=CIRCLE('',#12578,1.);
#12580=EDGE_CURVE('',#3492,#5810,#12579,.T.);
#12581=ORIENTED_EDGE('',*,*,#12580,.F.);
#12582=EDGE_LOOP('',(#12573,#12574,#12581));
#12583=FACE_BOUND('',#12582,.T.);
#12584=ADVANCED_FACE('',(#12583),#12572,.F.);
#12585=CARTESIAN_POINT('',(25.01278543,-40.368114681,36.256467488));
#12586=DIRECTION('',(1.,-0.,0.));
#12587=DIRECTION('',(0.,1.,-0.));
#12588=AXIS2_PLACEMENT_3D('',#12585,#12586,#12587);
#12589=CYLINDRICAL_SURFACE('',#12588,1.);
#12590=ORIENTED_EDGE('',*,*,#12580,.T.);
#12591=ORIENTED_EDGE('',*,*,#5815,.F.);
#12592=CARTESIAN_POINT('',(0.01278543,-40.368114681,36.256467488));
#12593=DIRECTION('',(1.,-0.,0.));
#12594=DIRECTION('',(0.,1.,-0.));
#12595=AXIS2_PLACEMENT_3D('',#12592,#12593,#12594);
#12596=CIRCLE('',#12595,1.);
#12597=EDGE_CURVE('',#3500,#5802,#12596,.T.);
#12598=ORIENTED_EDGE('',*,*,#12597,.F.);
#12599=ORIENTED_EDGE('',*,*,#3505,.F.);
#12600=EDGE_LOOP('',(#12590,#12591,#12598,#12599));
#12601=FACE_BOUND('',#12600,.T.);
#12602=ADVANCED_FACE('',(#12601),#12589,.F.);
#12603=CARTESIAN_POINT('',(0.01278543,-40.368114681,36.256467488));
#12604=DIRECTION('',(-0.,0.,1.));
#12605=DIRECTION('',(1.,-0.,0.));
#12606=AXIS2_PLACEMENT_3D('',#12603,#12604,#12605);
#12607=SPHERICAL_SURFACE('',#12606,1.);
#12608=ORIENTED_EDGE('',*,*,#12597,.T.);
#12609=ORIENTED_EDGE('',*,*,#8049,.F.);
#12610=CARTESIAN_POINT('',(0.01278543,-40.368114681,36.256467488));
#12611=DIRECTION('',(-0.,-1.,0.));
#12612=DIRECTION('',(0.,-0.,-1.));
#12613=AXIS2_PLACEMENT_3D('',#12610,#12611,#12612);
#12614=CIRCLE('',#12613,1.);
#12615=EDGE_CURVE('',#3500,#258,#12614,.T.);
#12616=ORIENTED_EDGE('',*,*,#12615,.F.);
#12617=EDGE_LOOP('',(#12608,#12609,#12616));
#12618=FACE_BOUND('',#12617,.T.);
#12619=ADVANCED_FACE('',(#12618),#12607,.F.);
#12620=CARTESIAN_POINT('',(0.01278543,-49.230832487,36.256467488));
#12621=DIRECTION('',(0.,1.,-0.));
#12622=DIRECTION('',(-1.,0.,-0.));
#12623=AXIS2_PLACEMENT_3D('',#12620,#12621,#12622);
#12624=CYLINDRICAL_SURFACE('',#12623,1.);
#12625=ORIENTED_EDGE('',*,*,#1199,.F.);
#12626=ORIENTED_EDGE('',*,*,#3511,.F.);
#12627=ORIENTED_EDGE('',*,*,#12615,.T.);
#12628=ORIENTED_EDGE('',*,*,#263,.F.);
#12629=EDGE_LOOP('',(#12625,#12626,#12627,#12628));
#12630=FACE_BOUND('',#12629,.T.);
#12631=ADVANCED_FACE('',(#12630),#12624,.F.);
#12632=CARTESIAN_POINT('',(13.62278543,-30.768114681,45.456469266));
#12633=DIRECTION('',(-1.,-0.,-0.));
#12634=DIRECTION('',(0.,-1.,0.));
#12635=AXIS2_PLACEMENT_3D('',#12632,#12633,#12634);
#12636=CYLINDRICAL_SURFACE('',#12635,0.4);
#12637=ORIENTED_EDGE('',*,*,#11993,.F.);
#12638=CARTESIAN_POINT('',(10.21278543,-30.768114681,45.456469266));
#12639=DIRECTION('',(1.,0.,0.));
#12640=DIRECTION('',(-0.,1.,-0.));
#12641=AXIS2_PLACEMENT_3D('',#12638,#12639,#12640);
#12642=CIRCLE('',#12641,0.4);
#12643=EDGE_CURVE('',#11980,#12012,#12642,.T.);
#12644=ORIENTED_EDGE('',*,*,#12643,.T.);
#12645=ORIENTED_EDGE('',*,*,#12017,.F.);
#12646=CARTESIAN_POINT('',(39.81278543,-30.768114681,45.456469266));
#12647=DIRECTION('',(-1.,0.,-0.));
#12648=DIRECTION('',(0.,1.,-0.));
#12649=AXIS2_PLACEMENT_3D('',#12646,#12647,#12648);
#12650=CIRCLE('',#12649,0.4);
#12651=EDGE_CURVE('',#12010,#11988,#12650,.T.);
#12652=ORIENTED_EDGE('',*,*,#12651,.T.);
#12653=EDGE_LOOP('',(#12637,#12644,#12645,#12652));
#12654=FACE_BOUND('',#12653,.T.);
#12655=ADVANCED_FACE('',(#12654),#12636,.T.);
#12656=CARTESIAN_POINT('',(13.62278543,-30.668114681,44.856469266));
#12657=DIRECTION('',(1.,0.,0.));
#12658=DIRECTION('',(-0.,0.,1.));
#12659=AXIS2_PLACEMENT_3D('',#12656,#12657,#12658);
#12660=CYLINDRICAL_SURFACE('',#12659,1.);
#12661=ORIENTED_EDGE('',*,*,#3858,.F.);
#12662=CARTESIAN_POINT('',(10.21278543,-30.668114681,44.856469266));
#12663=DIRECTION('',(1.,0.,0.));
#12664=DIRECTION('',(-0.,1.,-0.));
#12665=AXIS2_PLACEMENT_3D('',#12662,#12663,#12664);
#12666=CIRCLE('',#12665,1.);
#12667=EDGE_CURVE('',#3845,#11972,#12666,.T.);
#12668=ORIENTED_EDGE('',*,*,#12667,.T.);
#12669=ORIENTED_EDGE('',*,*,#11977,.F.);
#12670=CARTESIAN_POINT('',(39.81278543,-30.668114681,44.856469266));
#12671=DIRECTION('',(-1.,0.,-0.));
#12672=DIRECTION('',(0.,1.,-0.));
#12673=AXIS2_PLACEMENT_3D('',#12670,#12671,#12672);
#12674=CIRCLE('',#12673,1.);
#12675=EDGE_CURVE('',#11970,#3853,#12674,.T.);
#12676=ORIENTED_EDGE('',*,*,#12675,.T.);
#12677=EDGE_LOOP('',(#12661,#12668,#12669,#12676));
#12678=FACE_BOUND('',#12677,.T.);
#12679=ADVANCED_FACE('',(#12678),#12660,.T.);
#12680=CARTESIAN_POINT('',(39.81278543,-29.868114681,43.456469266));
#12681=DIRECTION('',(-0.,0.,1.));
#12682=DIRECTION('',(0.,-1.,0.));
#12683=AXIS2_PLACEMENT_3D('',#12680,#12681,#12682);
#12684=CYLINDRICAL_SURFACE('',#12683,0.2);
#12685=ORIENTED_EDGE('',*,*,#12129,.F.);
#12686=CARTESIAN_POINT('',(39.81278543,-29.868114681,44.056469266));
#12687=DIRECTION('',(-0.,0.,1.));
#12688=DIRECTION('',(0.,-1.,0.));
#12689=AXIS2_PLACEMENT_3D('',#12686,#12687,#12688);
#12690=CIRCLE('',#12689,0.2);
#12691=EDGE_CURVE('',#12116,#3861,#12690,.T.);
#12692=ORIENTED_EDGE('',*,*,#12691,.T.);
#12693=ORIENTED_EDGE('',*,*,#3866,.F.);
#12694=CARTESIAN_POINT('',(39.81278543,-29.868114681,44.856469266));
#12695=DIRECTION('',(0.,0.,1.));
#12696=DIRECTION('',(0.,-1.,0.));
#12697=AXIS2_PLACEMENT_3D('',#12694,#12695,#12696);
#12698=CIRCLE('',#12697,0.2);
#12699=EDGE_CURVE('',#12124,#3853,#12698,.T.);
#12700=ORIENTED_EDGE('',*,*,#12699,.F.);
#12701=EDGE_LOOP('',(#12685,#12692,#12693,#12700));
#12702=FACE_BOUND('',#12701,.T.);
#12703=ADVANCED_FACE('',(#12702),#12684,.T.);
#12704=CARTESIAN_POINT('',(39.81278543,-30.668114681,44.856469266));
#12705=DIRECTION('',(1.,-0.,0.));
#12706=DIRECTION('',(0.,1.,-0.));
#12707=AXIS2_PLACEMENT_3D('',#12704,#12705,#12706);
#12708=TOROIDAL_SURFACE('',#12707,0.8,0.2);
#12709=ORIENTED_EDGE('',*,*,#12699,.T.);
#12710=ORIENTED_EDGE('',*,*,#12675,.F.);
#12711=CARTESIAN_POINT('',(39.81278543,-30.668114681,45.656469266));
#12712=DIRECTION('',(0.,-1.,0.));
#12713=DIRECTION('',(1.,0.,0.));
#12714=AXIS2_PLACEMENT_3D('',#12711,#12712,#12713);
#12715=CIRCLE('',#12714,0.2);
#12716=EDGE_CURVE('',#12132,#11970,#12715,.T.);
#12717=ORIENTED_EDGE('',*,*,#12716,.F.);
#12718=ORIENTED_EDGE('',*,*,#12138,.F.);
#12719=EDGE_LOOP('',(#12709,#12710,#12717,#12718));
#12720=FACE_BOUND('',#12719,.T.);
#12721=ADVANCED_FACE('',(#12720),#12708,.T.);
#12722=CARTESIAN_POINT('',(39.81278543,-30.918114681,45.656469266));
#12723=DIRECTION('',(0.,1.,-0.));
#12724=DIRECTION('',(0.,0.,1.));
#12725=AXIS2_PLACEMENT_3D('',#12722,#12723,#12724);
#12726=CYLINDRICAL_SURFACE('',#12725,0.2);
#12727=ORIENTED_EDGE('',*,*,#12716,.T.);
#12728=ORIENTED_EDGE('',*,*,#11999,.F.);
#12729=CARTESIAN_POINT('',(39.81278543,-30.768114681,45.656469266));
#12730=DIRECTION('',(0.,-1.,-0.));
#12731=DIRECTION('',(0.,0.,-1.));
#12732=AXIS2_PLACEMENT_3D('',#12729,#12730,#12731);
#12733=CIRCLE('',#12732,0.2);
#12734=EDGE_CURVE('',#12141,#11988,#12733,.T.);
#12735=ORIENTED_EDGE('',*,*,#12734,.F.);
#12736=ORIENTED_EDGE('',*,*,#12146,.F.);
#12737=EDGE_LOOP('',(#12727,#12728,#12735,#12736));
#12738=FACE_BOUND('',#12737,.T.);
#12739=ADVANCED_FACE('',(#12738),#12726,.T.);
#12740=CARTESIAN_POINT('',(39.81278543,-30.768114681,45.456469266));
#12741=DIRECTION('',(1.,-0.,0.));
#12742=DIRECTION('',(0.,1.,-0.));
#12743=AXIS2_PLACEMENT_3D('',#12740,#12741,#12742);
#12744=DEGENERATE_TOROIDAL_SURFACE('',#12743,0.2,0.2,.T.);
#12745=ORIENTED_EDGE('',*,*,#12734,.T.);
#12746=ORIENTED_EDGE('',*,*,#12651,.F.);
#12747=CARTESIAN_POINT('',(39.81278543,-30.968114681,45.456469266));
#12748=DIRECTION('',(0.,-0.,-1.));
#12749=DIRECTION('',(0.,1.,-0.));
#12750=AXIS2_PLACEMENT_3D('',#12747,#12748,#12749);
#12751=CIRCLE('',#12750,0.2);
#12752=EDGE_CURVE('',#12149,#12010,#12751,.T.);
#12753=ORIENTED_EDGE('',*,*,#12752,.F.);
#12754=ORIENTED_EDGE('',*,*,#12155,.F.);
#12755=EDGE_LOOP('',(#12745,#12746,#12753,#12754));
#12756=FACE_BOUND('',#12755,.T.);
#12757=ADVANCED_FACE('',(#12756),#12744,.T.);
#12758=CARTESIAN_POINT('',(39.81278543,-30.968114681,43.456469266));
#12759=DIRECTION('',(-0.,0.,1.));
#12760=DIRECTION('',(0.,-1.,0.));
#12761=AXIS2_PLACEMENT_3D('',#12758,#12759,#12760);
#12762=CYLINDRICAL_SURFACE('',#12761,0.2);
#12763=ORIENTED_EDGE('',*,*,#12163,.F.);
#12764=ORIENTED_EDGE('',*,*,#12752,.T.);
#12765=ORIENTED_EDGE('',*,*,#12055,.F.);
#12766=ORIENTED_EDGE('',*,*,#12049,.F.);
#12767=CARTESIAN_POINT('',(39.81278543,-30.968114681,45.443767601));
#12768=DIRECTION('',(0.,-0.,-1.));
#12769=DIRECTION('',(0.,1.,-0.));
#12770=AXIS2_PLACEMENT_3D('',#12767,#12768,#12769);
#12771=CIRCLE('',#12770,0.2);
#12772=EDGE_CURVE('',#12158,#12036,#12771,.T.);
#12773=ORIENTED_EDGE('',*,*,#12772,.F.);
#12774=EDGE_LOOP('',(#12763,#12764,#12765,#12766,#12773));
#12775=FACE_BOUND('',#12774,.T.);
#12776=ADVANCED_FACE('',(#12775),#12762,.T.);
#12777=CARTESIAN_POINT('',(39.81278543,-30.768114681,45.443767601));
#12778=DIRECTION('',(1.,-0.,0.));
#12779=DIRECTION('',(0.,1.,-0.));
#12780=AXIS2_PLACEMENT_3D('',#12777,#12778,#12779);
#12781=DEGENERATE_TOROIDAL_SURFACE('',#12780,0.2,0.2,.T.);
#12782=ORIENTED_EDGE('',*,*,#12772,.T.);
#12783=ORIENTED_EDGE('',*,*,#12320,.F.);
#12784=CARTESIAN_POINT('',(40.01278543,-30.835896032,45.255603607));
#12785=CARTESIAN_POINT('',(40.01278543,-30.846356639,45.203604652));
#12786=CARTESIAN_POINT('',(39.991279876,-30.854696896,45.152100218));
#12787=CARTESIAN_POINT('',(39.954470333,-30.860087887,45.115241735));
#12788=CARTESIAN_POINT('',(39.91766079,-30.865478878,45.078383252));
#12789=CARTESIAN_POINT('',(39.865837555,-30.868114681,45.056469266));
#12790=CARTESIAN_POINT('',(39.81278543,-30.868114681,45.056469266));
#12791=B_SPLINE_CURVE_WITH_KNOTS('',3,(#12784,#12785,#12786,#12787,#12788,#12789,#12790),.UNSPECIFIED.,.F.,.F.,(4,3,4),(0.,0.00015689,0.00031378),.UNSPECIFIED.);
#12792=EDGE_CURVE('',#12166,#12276,#12791,.T.);
#12793=ORIENTED_EDGE('',*,*,#12792,.F.);
#12794=ORIENTED_EDGE('',*,*,#12172,.F.);
#12795=EDGE_LOOP('',(#12782,#12783,#12793,#12794));
#12796=FACE_BOUND('',#12795,.T.);
#12797=ADVANCED_FACE('',(#12796),#12781,.T.);
#12798=CARTESIAN_POINT('',(39.81278543,-30.868114681,44.656469266));
#12799=DIRECTION('',(1.,-0.,0.));
#12800=DIRECTION('',(0.,1.,-0.));
#12801=AXIS2_PLACEMENT_3D('',#12798,#12799,#12800);
#12802=TOROIDAL_SURFACE('',#12801,0.6,0.2);
#12803=ORIENTED_EDGE('',*,*,#12792,.T.);
#12804=ORIENTED_EDGE('',*,*,#12296,.F.);
#12805=CARTESIAN_POINT('',(39.81278543,-30.268114681,44.656469266));
#12806=DIRECTION('',(0.,-0.,-1.));
#12807=DIRECTION('',(0.,1.,-0.));
#12808=AXIS2_PLACEMENT_3D('',#12805,#12806,#12807);
#12809=CIRCLE('',#12808,0.2);
#12810=EDGE_CURVE('',#12106,#12084,#12809,.T.);
#12811=ORIENTED_EDGE('',*,*,#12810,.F.);
#12812=ORIENTED_EDGE('',*,*,#12179,.F.);
#12813=EDGE_LOOP('',(#12803,#12804,#12811,#12812));
#12814=FACE_BOUND('',#12813,.T.);
#12815=ADVANCED_FACE('',(#12814),#12802,.T.);
#12816=CARTESIAN_POINT('',(39.81278543,-30.268114681,43.456469266));
#12817=DIRECTION('',(0.,-0.,-1.));
#12818=DIRECTION('',(0.,1.,-0.));
#12819=AXIS2_PLACEMENT_3D('',#12816,#12817,#12818);
#12820=CYLINDRICAL_SURFACE('',#12819,0.2);
#12821=ORIENTED_EDGE('',*,*,#12089,.F.);
#12822=CARTESIAN_POINT('',(39.81278543,-30.268114681,44.056469266));
#12823=DIRECTION('',(-0.,0.,1.));
#12824=DIRECTION('',(0.,-1.,0.));
#12825=AXIS2_PLACEMENT_3D('',#12822,#12823,#12824);
#12826=CIRCLE('',#12825,0.2);
#12827=EDGE_CURVE('',#12076,#12108,#12826,.T.);
#12828=ORIENTED_EDGE('',*,*,#12827,.T.);
#12829=ORIENTED_EDGE('',*,*,#12113,.F.);
#12830=ORIENTED_EDGE('',*,*,#12810,.T.);
#12831=EDGE_LOOP('',(#12821,#12828,#12829,#12830));
#12832=FACE_BOUND('',#12831,.T.);
#12833=ADVANCED_FACE('',(#12832),#12820,.T.);
#12834=CARTESIAN_POINT('',(10.21278543,-29.868114681,38.256467488));
#12835=DIRECTION('',(0.,-0.,-1.));
#12836=DIRECTION('',(0.,1.,-0.));
#12837=AXIS2_PLACEMENT_3D('',#12834,#12835,#12836);
#12838=CYLINDRICAL_SURFACE('',#12837,0.2);
#12839=ORIENTED_EDGE('',*,*,#3850,.F.);
#12840=CARTESIAN_POINT('',(10.21278543,-29.868114681,44.056469266));
#12841=DIRECTION('',(-0.,0.,1.));
#12842=DIRECTION('',(0.,-1.,0.));
#12843=AXIS2_PLACEMENT_3D('',#12840,#12841,#12842);
#12844=CIRCLE('',#12843,0.2);
#12845=EDGE_CURVE('',#3833,#12192,#12844,.T.);
#12846=ORIENTED_EDGE('',*,*,#12845,.T.);
#12847=ORIENTED_EDGE('',*,*,#12197,.F.);
#12848=CARTESIAN_POINT('',(10.21278543,-29.868114681,44.856469266));
#12849=DIRECTION('',(0.,0.,1.));
#12850=DIRECTION('',(0.,-1.,0.));
#12851=AXIS2_PLACEMENT_3D('',#12848,#12849,#12850);
#12852=CIRCLE('',#12851,0.2);
#12853=EDGE_CURVE('',#3845,#12190,#12852,.T.);
#12854=ORIENTED_EDGE('',*,*,#12853,.F.);
#12855=EDGE_LOOP('',(#12839,#12846,#12847,#12854));
#12856=FACE_BOUND('',#12855,.T.);
#12857=ADVANCED_FACE('',(#12856),#12838,.T.);
#12858=CARTESIAN_POINT('',(10.21278543,-30.668114681,44.856469266));
#12859=DIRECTION('',(1.,0.,0.));
#12860=DIRECTION('',(-0.,1.,-0.));
#12861=AXIS2_PLACEMENT_3D('',#12858,#12859,#12860);
#12862=TOROIDAL_SURFACE('',#12861,0.8,0.2);
#12863=ORIENTED_EDGE('',*,*,#12853,.T.);
#12864=ORIENTED_EDGE('',*,*,#12263,.F.);
#12865=CARTESIAN_POINT('',(10.21278543,-30.668114681,45.656469266));
#12866=DIRECTION('',(0.,-1.,0.));
#12867=DIRECTION('',(1.,0.,-0.));
#12868=AXIS2_PLACEMENT_3D('',#12865,#12866,#12867);
#12869=CIRCLE('',#12868,0.2);
#12870=EDGE_CURVE('',#11972,#12251,#12869,.T.);
#12871=ORIENTED_EDGE('',*,*,#12870,.F.);
#12872=ORIENTED_EDGE('',*,*,#12667,.F.);
#12873=EDGE_LOOP('',(#12863,#12864,#12871,#12872));
#12874=FACE_BOUND('',#12873,.T.);
#12875=ADVANCED_FACE('',(#12874),#12862,.T.);
#12876=CARTESIAN_POINT('',(10.21278543,-30.918114681,45.656469266));
#12877=DIRECTION('',(-0.,1.,-0.));
#12878=DIRECTION('',(-1.,-0.,0.));
#12879=AXIS2_PLACEMENT_3D('',#12876,#12877,#12878);
#12880=CYLINDRICAL_SURFACE('',#12879,0.2);
#12881=ORIENTED_EDGE('',*,*,#12870,.T.);
#12882=ORIENTED_EDGE('',*,*,#12256,.F.);
#12883=CARTESIAN_POINT('',(10.21278543,-30.768114681,45.656469266));
#12884=DIRECTION('',(0.,-1.,0.));
#12885=DIRECTION('',(1.,0.,-0.));
#12886=AXIS2_PLACEMENT_3D('',#12883,#12884,#12885);
#12887=CIRCLE('',#12886,0.2);
#12888=EDGE_CURVE('',#11980,#12242,#12887,.T.);
#12889=ORIENTED_EDGE('',*,*,#12888,.F.);
#12890=ORIENTED_EDGE('',*,*,#11985,.F.);
#12891=EDGE_LOOP('',(#12881,#12882,#12889,#12890));
#12892=FACE_BOUND('',#12891,.T.);
#12893=ADVANCED_FACE('',(#12892),#12880,.T.);
#12894=CARTESIAN_POINT('',(10.21278543,-30.768114681,45.456469266));
#12895=DIRECTION('',(1.,0.,0.));
#12896=DIRECTION('',(-0.,1.,-0.));
#12897=AXIS2_PLACEMENT_3D('',#12894,#12895,#12896);
#12898=DEGENERATE_TOROIDAL_SURFACE('',#12897,0.2,0.2,.T.);
#12899=ORIENTED_EDGE('',*,*,#12888,.T.);
#12900=ORIENTED_EDGE('',*,*,#12248,.F.);
#12901=CARTESIAN_POINT('',(10.21278543,-30.968114681,45.456469266));
#12902=DIRECTION('',(0.,-0.,-1.));
#12903=DIRECTION('',(0.,1.,-0.));
#12904=AXIS2_PLACEMENT_3D('',#12901,#12902,#12903);
#12905=CIRCLE('',#12904,0.2);
#12906=EDGE_CURVE('',#12012,#12234,#12905,.T.);
#12907=ORIENTED_EDGE('',*,*,#12906,.F.);
#12908=ORIENTED_EDGE('',*,*,#12643,.F.);
#12909=EDGE_LOOP('',(#12899,#12900,#12907,#12908));
#12910=FACE_BOUND('',#12909,.T.);
#12911=ADVANCED_FACE('',(#12910),#12898,.T.);
#12912=CARTESIAN_POINT('',(10.21278543,-30.968114681,43.456469266));
#12913=DIRECTION('',(-0.,0.,1.));
#12914=DIRECTION('',(0.,-1.,0.));
#12915=AXIS2_PLACEMENT_3D('',#12912,#12913,#12914);
#12916=CYLINDRICAL_SURFACE('',#12915,0.2);
#12917=ORIENTED_EDGE('',*,*,#12025,.F.);
#12918=ORIENTED_EDGE('',*,*,#12906,.T.);
#12919=ORIENTED_EDGE('',*,*,#12239,.F.);
#12920=CARTESIAN_POINT('',(10.21278543,-30.968114681,45.443767601));
#12921=DIRECTION('',(0.,-0.,-1.));
#12922=DIRECTION('',(0.,1.,-0.));
#12923=AXIS2_PLACEMENT_3D('',#12920,#12921,#12922);
#12924=CIRCLE('',#12923,0.2);
#12925=EDGE_CURVE('',#12028,#12225,#12924,.T.);
#12926=ORIENTED_EDGE('',*,*,#12925,.F.);
#12927=ORIENTED_EDGE('',*,*,#12033,.F.);
#12928=EDGE_LOOP('',(#12917,#12918,#12919,#12926,#12927));
#12929=FACE_BOUND('',#12928,.T.);
#12930=ADVANCED_FACE('',(#12929),#12916,.T.);
#12931=CARTESIAN_POINT('',(10.21278543,-30.768114681,45.443767601));
#12932=DIRECTION('',(1.,0.,0.));
#12933=DIRECTION('',(-0.,1.,-0.));
#12934=AXIS2_PLACEMENT_3D('',#12931,#12932,#12933);
#12935=DEGENERATE_TOROIDAL_SURFACE('',#12934,0.2,0.2,.T.);
#12936=ORIENTED_EDGE('',*,*,#12925,.T.);
#12937=ORIENTED_EDGE('',*,*,#12231,.F.);
#12938=CARTESIAN_POINT('',(10.21278543,-30.868114681,45.056469266));
#12939=CARTESIAN_POINT('',(10.159733304,-30.868114681,45.056469266));
#12940=CARTESIAN_POINT('',(10.107910069,-30.865478878,45.078383252));
#12941=CARTESIAN_POINT('',(10.071100526,-30.860087887,45.115241735));
#12942=CARTESIAN_POINT('',(10.034290983,-30.854696896,45.152100218));
#12943=CARTESIAN_POINT('',(10.01278543,-30.846351589,45.203603637));
#12944=CARTESIAN_POINT('',(10.01278543,-30.835896032,45.255603607));
#12945=B_SPLINE_CURVE_WITH_KNOTS('',3,(#12938,#12939,#12940,#12941,#12942,#12943,#12944),.UNSPECIFIED.,.F.,.F.,(4,3,4),(0.,0.00015689,0.00031378),.UNSPECIFIED.);
#12946=EDGE_CURVE('',#12274,#12216,#12945,.T.);
#12947=ORIENTED_EDGE('',*,*,#12946,.F.);
#12948=ORIENTED_EDGE('',*,*,#12312,.F.);
#12949=EDGE_LOOP('',(#12936,#12937,#12947,#12948));
#12950=FACE_BOUND('',#12949,.T.);
#12951=ADVANCED_FACE('',(#12950),#12935,.T.);
#12952=CARTESIAN_POINT('',(10.21278543,-30.868114681,44.656469266));
#12953=DIRECTION('',(1.,0.,0.));
#12954=DIRECTION('',(-0.,1.,-0.));
#12955=AXIS2_PLACEMENT_3D('',#12952,#12953,#12954);
#12956=TOROIDAL_SURFACE('',#12955,0.6,0.2);
#12957=ORIENTED_EDGE('',*,*,#12946,.T.);
#12958=ORIENTED_EDGE('',*,*,#12222,.F.);
#12959=CARTESIAN_POINT('',(10.21278543,-30.268114681,44.656469266));
#12960=DIRECTION('',(0.,-0.,-1.));
#12961=DIRECTION('',(0.,1.,-0.));
#12962=AXIS2_PLACEMENT_3D('',#12959,#12960,#12961);
#12963=CIRCLE('',#12962,0.2);
#12964=EDGE_CURVE('',#12066,#12208,#12963,.T.);
#12965=ORIENTED_EDGE('',*,*,#12964,.F.);
#12966=ORIENTED_EDGE('',*,*,#12288,.F.);
#12967=EDGE_LOOP('',(#12957,#12958,#12965,#12966));
#12968=FACE_BOUND('',#12967,.T.);
#12969=ADVANCED_FACE('',(#12968),#12956,.T.);
#12970=CARTESIAN_POINT('',(10.21278543,-30.268114681,44.056469266));
#12971=DIRECTION('',(-0.,0.,1.));
#12972=DIRECTION('',(0.,-1.,0.));
#12973=AXIS2_PLACEMENT_3D('',#12970,#12971,#12972);
#12974=CYLINDRICAL_SURFACE('',#12973,0.2);
#12975=ORIENTED_EDGE('',*,*,#12213,.F.);
#12976=CARTESIAN_POINT('',(10.21278543,-30.268114681,44.056469266));
#12977=DIRECTION('',(-0.,0.,1.));
#12978=DIRECTION('',(0.,-1.,0.));
#12979=AXIS2_PLACEMENT_3D('',#12976,#12977,#12978);
#12980=CIRCLE('',#12979,0.2);
#12981=EDGE_CURVE('',#12200,#12068,#12980,.T.);
#12982=ORIENTED_EDGE('',*,*,#12981,.T.);
#12983=ORIENTED_EDGE('',*,*,#12073,.F.);
#12984=ORIENTED_EDGE('',*,*,#12964,.T.);
#12985=EDGE_LOOP('',(#12975,#12982,#12983,#12984));
#12986=FACE_BOUND('',#12985,.T.);
#12987=ADVANCED_FACE('',(#12986),#12974,.T.);
#12988=CARTESIAN_POINT('',(39.81278543,-29.868114681,44.056469266));
#12989=DIRECTION('',(-0.,0.,1.));
#12990=DIRECTION('',(0.,-1.,0.));
#12991=AXIS2_PLACEMENT_3D('',#12988,#12989,#12990);
#12992=TOROIDAL_SURFACE('',#12991,0.6,0.4);
#12993=ORIENTED_EDGE('',*,*,#3878,.F.);
#12994=ORIENTED_EDGE('',*,*,#12691,.F.);
#12995=CARTESIAN_POINT('',(40.41278543,-29.868114681,44.056469266));
#12996=DIRECTION('',(0.,1.,-0.));
#12997=DIRECTION('',(0.,0.,1.));
#12998=AXIS2_PLACEMENT_3D('',#12995,#12996,#12997);
#12999=CIRCLE('',#12998,0.4);
#13000=EDGE_CURVE('',#11625,#12116,#12999,.T.);
#13001=ORIENTED_EDGE('',*,*,#13000,.F.);
#13002=ORIENTED_EDGE('',*,*,#11631,.F.);
#13003=EDGE_LOOP('',(#12993,#12994,#13001,#13002));
#13004=FACE_BOUND('',#13003,.T.);
#13005=ADVANCED_FACE('',(#13004),#12992,.F.);
#13006=CARTESIAN_POINT('',(40.41278543,-43.,44.056469266));
#13007=DIRECTION('',(0.,1.,-0.));
#13008=DIRECTION('',(0.,0.,1.));
#13009=AXIS2_PLACEMENT_3D('',#13006,#13007,#13008);
#13010=CYLINDRICAL_SURFACE('',#13009,0.4);
#13011=ORIENTED_EDGE('',*,*,#13000,.T.);
#13012=ORIENTED_EDGE('',*,*,#12121,.F.);
#13013=CARTESIAN_POINT('',(40.41278543,-30.268114681,44.056469266));
#13014=DIRECTION('',(0.,1.,-0.));
#13015=DIRECTION('',(0.,0.,1.));
#13016=AXIS2_PLACEMENT_3D('',#13013,#13014,#13015);
#13017=CIRCLE('',#13016,0.4);
#13018=EDGE_CURVE('',#11634,#12108,#13017,.T.);
#13019=ORIENTED_EDGE('',*,*,#13018,.F.);
#13020=ORIENTED_EDGE('',*,*,#11639,.F.);
#13021=EDGE_LOOP('',(#13011,#13012,#13019,#13020));
#13022=FACE_BOUND('',#13021,.T.);
#13023=ADVANCED_FACE('',(#13022),#13010,.F.);
#13024=CARTESIAN_POINT('',(39.81278543,-30.268114681,44.056469266));
#13025=DIRECTION('',(-0.,0.,1.));
#13026=DIRECTION('',(0.,-1.,0.));
#13027=AXIS2_PLACEMENT_3D('',#13024,#13025,#13026);
#13028=TOROIDAL_SURFACE('',#13027,0.6,0.4);
#13029=ORIENTED_EDGE('',*,*,#13018,.T.);
#13030=ORIENTED_EDGE('',*,*,#12827,.F.);
#13031=CARTESIAN_POINT('',(39.81278543,-30.868114681,44.056469266));
#13032=DIRECTION('',(1.,0.,0.));
#13033=DIRECTION('',(0.,0.,-1.));
#13034=AXIS2_PLACEMENT_3D('',#13031,#13032,#13033);
#13035=CIRCLE('',#13034,0.4);
#13036=EDGE_CURVE('',#11642,#12076,#13035,.T.);
#13037=ORIENTED_EDGE('',*,*,#13036,.F.);
#13038=ORIENTED_EDGE('',*,*,#11648,.F.);
#13039=EDGE_LOOP('',(#13029,#13030,#13037,#13038));
#13040=FACE_BOUND('',#13039,.T.);
#13041=ADVANCED_FACE('',(#13040),#13028,.F.);
#13042=CARTESIAN_POINT('',(-0.,-30.868114681,44.056469266));
#13043=DIRECTION('',(1.,0.,0.));
#13044=DIRECTION('',(-0.,1.,-0.));
#13045=AXIS2_PLACEMENT_3D('',#13042,#13043,#13044);
#13046=CYLINDRICAL_SURFACE('',#13045,0.4);
#13047=ORIENTED_EDGE('',*,*,#13036,.T.);
#13048=ORIENTED_EDGE('',*,*,#12081,.F.);
#13049=CARTESIAN_POINT('',(10.21278543,-30.868114681,44.056469266));
#13050=DIRECTION('',(1.,0.,0.));
#13051=DIRECTION('',(-0.,1.,0.));
#13052=AXIS2_PLACEMENT_3D('',#13049,#13050,#13051);
#13053=CIRCLE('',#13052,0.4);
#13054=EDGE_CURVE('',#11651,#12068,#13053,.T.);
#13055=ORIENTED_EDGE('',*,*,#13054,.F.);
#13056=ORIENTED_EDGE('',*,*,#11656,.F.);
#13057=EDGE_LOOP('',(#13047,#13048,#13055,#13056));
#13058=FACE_BOUND('',#13057,.T.);
#13059=ADVANCED_FACE('',(#13058),#13046,.F.);
#13060=CARTESIAN_POINT('',(10.21278543,-30.268114681,44.056469266));
#13061=DIRECTION('',(-0.,0.,1.));
#13062=DIRECTION('',(0.,-1.,0.));
#13063=AXIS2_PLACEMENT_3D('',#13060,#13061,#13062);
#13064=TOROIDAL_SURFACE('',#13063,0.6,0.4);
#13065=ORIENTED_EDGE('',*,*,#13054,.T.);
#13066=ORIENTED_EDGE('',*,*,#12981,.F.);
#13067=CARTESIAN_POINT('',(9.61278543,-30.268114681,44.056469266));
#13068=DIRECTION('',(0.,-1.,0.));
#13069=DIRECTION('',(0.,-0.,-1.));
#13070=AXIS2_PLACEMENT_3D('',#13067,#13068,#13069);
#13071=CIRCLE('',#13070,0.4);
#13072=EDGE_CURVE('',#11566,#12200,#13071,.T.);
#13073=ORIENTED_EDGE('',*,*,#13072,.F.);
#13074=ORIENTED_EDGE('',*,*,#11663,.F.);
#13075=EDGE_LOOP('',(#13065,#13066,#13073,#13074));
#13076=FACE_BOUND('',#13075,.T.);
#13077=ADVANCED_FACE('',(#13076),#13064,.F.);
#13078=CARTESIAN_POINT('',(9.61278543,-30.918114681,44.056469266));
#13079=DIRECTION('',(0.,-1.,0.));
#13080=DIRECTION('',(1.,0.,-0.));
#13081=AXIS2_PLACEMENT_3D('',#13078,#13079,#13080);
#13082=CYLINDRICAL_SURFACE('',#13081,0.4);
#13083=ORIENTED_EDGE('',*,*,#13072,.T.);
#13084=ORIENTED_EDGE('',*,*,#12205,.F.);
#13085=CARTESIAN_POINT('',(9.61278543,-29.868114681,44.056469266));
#13086=DIRECTION('',(0.,-1.,0.));
#13087=DIRECTION('',(1.,0.,0.));
#13088=AXIS2_PLACEMENT_3D('',#13085,#13086,#13087);
#13089=CIRCLE('',#13088,0.4);
#13090=EDGE_CURVE('',#11568,#12192,#13089,.T.);
#13091=ORIENTED_EDGE('',*,*,#13090,.F.);
#13092=ORIENTED_EDGE('',*,*,#11573,.F.);
#13093=EDGE_LOOP('',(#13083,#13084,#13091,#13092));
#13094=FACE_BOUND('',#13093,.T.);
#13095=ADVANCED_FACE('',(#13094),#13082,.F.);
#13096=CARTESIAN_POINT('',(10.21278543,-29.868114681,44.056469266));
#13097=DIRECTION('',(-0.,0.,1.));
#13098=DIRECTION('',(0.,-1.,0.));
#13099=AXIS2_PLACEMENT_3D('',#13096,#13097,#13098);
#13100=TOROIDAL_SURFACE('',#13099,0.6,0.4);
#13101=ORIENTED_EDGE('',*,*,#13090,.T.);
#13102=ORIENTED_EDGE('',*,*,#12845,.F.);
#13103=ORIENTED_EDGE('',*,*,#3842,.F.);
#13104=ORIENTED_EDGE('',*,*,#11580,.F.);
#13105=EDGE_LOOP('',(#13101,#13102,#13103,#13104));
#13106=FACE_BOUND('',#13105,.T.);
#13107=ADVANCED_FACE('',(#13106),#13100,.F.);
#13108=CARTESIAN_POINT('',(13.62278543,-30.768114681,14.45646571));
#13109=DIRECTION('',(-1.,-0.,-0.));
#13110=DIRECTION('',(0.,-1.,0.));
#13111=AXIS2_PLACEMENT_3D('',#13108,#13109,#13110);
#13112=CYLINDRICAL_SURFACE('',#13111,0.4);
#13113=ORIENTED_EDGE('',*,*,#11697,.F.);
#13114=CARTESIAN_POINT('',(39.81278543,-30.768114681,14.45646571));
#13115=DIRECTION('',(-1.,0.,-0.));
#13116=DIRECTION('',(-0.,0.,1.));
#13117=AXIS2_PLACEMENT_3D('',#13114,#13115,#13116);
#13118=CIRCLE('',#13117,0.4);
#13119=EDGE_CURVE('',#11684,#11716,#13118,.T.);
#13120=ORIENTED_EDGE('',*,*,#13119,.T.);
#13121=ORIENTED_EDGE('',*,*,#11721,.F.);
#13122=CARTESIAN_POINT('',(10.21278543,-30.768114681,14.45646571));
#13123=DIRECTION('',(1.,0.,0.));
#13124=DIRECTION('',(-0.,1.,-0.));
#13125=AXIS2_PLACEMENT_3D('',#13122,#13123,#13124);
#13126=CIRCLE('',#13125,0.4);
#13127=EDGE_CURVE('',#11714,#11692,#13126,.T.);
#13128=ORIENTED_EDGE('',*,*,#13127,.T.);
#13129=EDGE_LOOP('',(#13113,#13120,#13121,#13128));
#13130=FACE_BOUND('',#13129,.T.);
#13131=ADVANCED_FACE('',(#13130),#13112,.T.);
#13132=CARTESIAN_POINT('',(0.5,-30.668114681,15.05646571));
#13133=DIRECTION('',(1.,0.,0.));
#13134=DIRECTION('',(-0.,0.,1.));
#13135=AXIS2_PLACEMENT_3D('',#13132,#13133,#13134);
#13136=CYLINDRICAL_SURFACE('',#13135,1.);
#13137=ORIENTED_EDGE('',*,*,#3946,.F.);
#13138=CARTESIAN_POINT('',(39.81278543,-30.668114681,15.05646571));
#13139=DIRECTION('',(-1.,0.,-0.));
#13140=DIRECTION('',(-0.,0.,1.));
#13141=AXIS2_PLACEMENT_3D('',#13138,#13139,#13140);
#13142=CIRCLE('',#13141,1.);
#13143=EDGE_CURVE('',#3933,#11676,#13142,.T.);
#13144=ORIENTED_EDGE('',*,*,#13143,.T.);
#13145=ORIENTED_EDGE('',*,*,#11681,.F.);
#13146=CARTESIAN_POINT('',(10.21278543,-30.668114681,15.05646571));
#13147=DIRECTION('',(1.,0.,0.));
#13148=DIRECTION('',(-0.,1.,-0.));
#13149=AXIS2_PLACEMENT_3D('',#13146,#13147,#13148);
#13150=CIRCLE('',#13149,1.);
#13151=EDGE_CURVE('',#11674,#3941,#13150,.T.);
#13152=ORIENTED_EDGE('',*,*,#13151,.T.);
#13153=EDGE_LOOP('',(#13137,#13144,#13145,#13152));
#13154=FACE_BOUND('',#13153,.T.);
#13155=ADVANCED_FACE('',(#13154),#13136,.T.);
#13156=CARTESIAN_POINT('',(10.21278543,-29.868114681,16.45646571));
#13157=DIRECTION('',(-0.,0.,1.));
#13158=DIRECTION('',(-1.,-0.,-0.));
#13159=AXIS2_PLACEMENT_3D('',#13156,#13157,#13158);
#13160=CYLINDRICAL_SURFACE('',#13159,0.2);
#13161=ORIENTED_EDGE('',*,*,#11901,.F.);
#13162=CARTESIAN_POINT('',(10.21278543,-29.868114681,15.856467488));
#13163=DIRECTION('',(0.,-0.,-1.));
#13164=DIRECTION('',(0.,1.,-0.));
#13165=AXIS2_PLACEMENT_3D('',#13162,#13163,#13164);
#13166=CIRCLE('',#13165,0.2);
#13167=EDGE_CURVE('',#11888,#3949,#13166,.T.);
#13168=ORIENTED_EDGE('',*,*,#13167,.T.);
#13169=ORIENTED_EDGE('',*,*,#3954,.F.);
#13170=CARTESIAN_POINT('',(10.21278543,-29.868114681,15.05646571));
#13171=DIRECTION('',(0.,-0.,-1.));
#13172=DIRECTION('',(0.,1.,-0.));
#13173=AXIS2_PLACEMENT_3D('',#13170,#13171,#13172);
#13174=CIRCLE('',#13173,0.2);
#13175=EDGE_CURVE('',#11896,#3941,#13174,.T.);
#13176=ORIENTED_EDGE('',*,*,#13175,.F.);
#13177=EDGE_LOOP('',(#13161,#13168,#13169,#13176));
#13178=FACE_BOUND('',#13177,.T.);
#13179=ADVANCED_FACE('',(#13178),#13160,.T.);
#13180=CARTESIAN_POINT('',(10.21278543,-30.668114681,15.05646571));
#13181=DIRECTION('',(1.,0.,0.));
#13182=DIRECTION('',(-0.,1.,-0.));
#13183=AXIS2_PLACEMENT_3D('',#13180,#13181,#13182);
#13184=TOROIDAL_SURFACE('',#13183,0.8,0.2);
#13185=ORIENTED_EDGE('',*,*,#13175,.T.);
#13186=ORIENTED_EDGE('',*,*,#13151,.F.);
#13187=CARTESIAN_POINT('',(10.21278543,-30.668114681,14.25646571));
#13188=DIRECTION('',(0.,-1.,0.));
#13189=DIRECTION('',(1.,0.,-0.));
#13190=AXIS2_PLACEMENT_3D('',#13187,#13188,#13189);
#13191=CIRCLE('',#13190,0.2);
#13192=EDGE_CURVE('',#11904,#11674,#13191,.T.);
#13193=ORIENTED_EDGE('',*,*,#13192,.F.);
#13194=ORIENTED_EDGE('',*,*,#11910,.F.);
#13195=EDGE_LOOP('',(#13185,#13186,#13193,#13194));
#13196=FACE_BOUND('',#13195,.T.);
#13197=ADVANCED_FACE('',(#13196),#13184,.T.);
#13198=CARTESIAN_POINT('',(10.21278543,-30.918114681,14.25646571));
#13199=DIRECTION('',(0.,-1.,0.));
#13200=DIRECTION('',(1.,0.,-0.));
#13201=AXIS2_PLACEMENT_3D('',#13198,#13199,#13200);
#13202=CYLINDRICAL_SURFACE('',#13201,0.2);
#13203=ORIENTED_EDGE('',*,*,#13192,.T.);
#13204=ORIENTED_EDGE('',*,*,#11703,.F.);
#13205=CARTESIAN_POINT('',(10.21278543,-30.768114681,14.25646571));
#13206=DIRECTION('',(0.,-1.,0.));
#13207=DIRECTION('',(1.,0.,-0.));
#13208=AXIS2_PLACEMENT_3D('',#13205,#13206,#13207);
#13209=CIRCLE('',#13208,0.2);
#13210=EDGE_CURVE('',#11913,#11692,#13209,.T.);
#13211=ORIENTED_EDGE('',*,*,#13210,.F.);
#13212=ORIENTED_EDGE('',*,*,#11918,.F.);
#13213=EDGE_LOOP('',(#13203,#13204,#13211,#13212));
#13214=FACE_BOUND('',#13213,.T.);
#13215=ADVANCED_FACE('',(#13214),#13202,.T.);
#13216=CARTESIAN_POINT('',(10.21278543,-30.768114681,14.45646571));
#13217=DIRECTION('',(1.,0.,0.));
#13218=DIRECTION('',(-0.,1.,-0.));
#13219=AXIS2_PLACEMENT_3D('',#13216,#13217,#13218);
#13220=DEGENERATE_TOROIDAL_SURFACE('',#13219,0.2,0.2,.T.);
#13221=ORIENTED_EDGE('',*,*,#13210,.T.);
#13222=ORIENTED_EDGE('',*,*,#13127,.F.);
#13223=CARTESIAN_POINT('',(10.21278543,-30.968114681,14.45646571));
#13224=DIRECTION('',(0.,0.,1.));
#13225=DIRECTION('',(0.,-1.,0.));
#13226=AXIS2_PLACEMENT_3D('',#13223,#13224,#13225);
#13227=CIRCLE('',#13226,0.2);
#13228=EDGE_CURVE('',#11921,#11714,#13227,.T.);
#13229=ORIENTED_EDGE('',*,*,#13228,.F.);
#13230=ORIENTED_EDGE('',*,*,#11927,.F.);
#13231=EDGE_LOOP('',(#13221,#13222,#13229,#13230));
#13232=FACE_BOUND('',#13231,.T.);
#13233=ADVANCED_FACE('',(#13232),#13220,.T.);
#13234=CARTESIAN_POINT('',(10.21278543,-30.968114681,16.45646571));
#13235=DIRECTION('',(-0.,0.,1.));
#13236=DIRECTION('',(-1.,-0.,-0.));
#13237=AXIS2_PLACEMENT_3D('',#13234,#13235,#13236);
#13238=CYLINDRICAL_SURFACE('',#13237,0.2);
#13239=ORIENTED_EDGE('',*,*,#11935,.F.);
#13240=ORIENTED_EDGE('',*,*,#13228,.T.);
#13241=ORIENTED_EDGE('',*,*,#11743,.F.);
#13242=CARTESIAN_POINT('',(10.21278543,-30.968114681,14.469167375));
#13243=DIRECTION('',(0.,0.,1.));
#13244=DIRECTION('',(0.,-1.,0.));
#13245=AXIS2_PLACEMENT_3D('',#13242,#13243,#13244);
#13246=CIRCLE('',#13245,0.2);
#13247=EDGE_CURVE('',#11938,#11732,#13246,.T.);
#13248=ORIENTED_EDGE('',*,*,#13247,.F.);
#13249=ORIENTED_EDGE('',*,*,#11943,.F.);
#13250=EDGE_LOOP('',(#13239,#13240,#13241,#13248,#13249));
#13251=FACE_BOUND('',#13250,.T.);
#13252=ADVANCED_FACE('',(#13251),#13238,.T.);
#13253=CARTESIAN_POINT('',(10.21278543,-30.768114681,14.469167375));
#13254=DIRECTION('',(1.,0.,0.));
#13255=DIRECTION('',(-0.,1.,-0.));
#13256=AXIS2_PLACEMENT_3D('',#13253,#13254,#13255);
#13257=DEGENERATE_TOROIDAL_SURFACE('',#13256,0.2,0.2,.T.);
#13258=ORIENTED_EDGE('',*,*,#13247,.T.);
#13259=ORIENTED_EDGE('',*,*,#12377,.F.);
#13260=CARTESIAN_POINT('',(10.01278543,-30.835896032,14.657331369));
#13261=CARTESIAN_POINT('',(10.01278543,-30.846356639,14.709330323));
#13262=CARTESIAN_POINT('',(10.034290983,-30.854696896,14.760834758));
#13263=CARTESIAN_POINT('',(10.071100526,-30.860087887,14.797693241));
#13264=CARTESIAN_POINT('',(10.107910069,-30.865478878,14.834551724));
#13265=CARTESIAN_POINT('',(10.159733304,-30.868114681,14.85646571));
#13266=CARTESIAN_POINT('',(10.21278543,-30.868114681,14.85646571));
#13267=B_SPLINE_CURVE_WITH_KNOTS('',3,(#13260,#13261,#13262,#13263,#13264,#13265,#13266),.UNSPECIFIED.,.F.,.F.,(4,3,4),(0.,0.00015689,0.00031378),.UNSPECIFIED.);
#13268=EDGE_CURVE('',#11946,#12333,#13267,.T.);
#13269=ORIENTED_EDGE('',*,*,#13268,.F.);
#13270=ORIENTED_EDGE('',*,*,#11952,.F.);
#13271=EDGE_LOOP('',(#13258,#13259,#13269,#13270));
#13272=FACE_BOUND('',#13271,.T.);
#13273=ADVANCED_FACE('',(#13272),#13257,.T.);
#13274=CARTESIAN_POINT('',(10.21278543,-30.868114681,15.25646571));
#13275=DIRECTION('',(1.,0.,0.));
#13276=DIRECTION('',(-0.,1.,-0.));
#13277=AXIS2_PLACEMENT_3D('',#13274,#13275,#13276);
#13278=TOROIDAL_SURFACE('',#13277,0.6,0.2);
#13279=ORIENTED_EDGE('',*,*,#13268,.T.);
#13280=ORIENTED_EDGE('',*,*,#12353,.F.);
#13281=CARTESIAN_POINT('',(10.21278543,-30.268114681,15.25646571));
#13282=DIRECTION('',(0.,0.,1.));
#13283=DIRECTION('',(0.,-1.,0.));
#13284=AXIS2_PLACEMENT_3D('',#13281,#13282,#13283);
#13285=CIRCLE('',#13284,0.2);
#13286=EDGE_CURVE('',#11878,#11772,#13285,.T.);
#13287=ORIENTED_EDGE('',*,*,#13286,.F.);
#13288=ORIENTED_EDGE('',*,*,#11959,.F.);
#13289=EDGE_LOOP('',(#13279,#13280,#13287,#13288));
#13290=FACE_BOUND('',#13289,.T.);
#13291=ADVANCED_FACE('',(#13290),#13278,.T.);
#13292=CARTESIAN_POINT('',(10.21278543,-30.268114681,16.45646571));
#13293=DIRECTION('',(0.,-0.,-1.));
#13294=DIRECTION('',(1.,0.,0.));
#13295=AXIS2_PLACEMENT_3D('',#13292,#13293,#13294);
#13296=CYLINDRICAL_SURFACE('',#13295,0.2);
#13297=ORIENTED_EDGE('',*,*,#11777,.F.);
#13298=CARTESIAN_POINT('',(10.21278543,-30.268114681,15.856467488));
#13299=DIRECTION('',(0.,-0.,-1.));
#13300=DIRECTION('',(0.,1.,-0.));
#13301=AXIS2_PLACEMENT_3D('',#13298,#13299,#13300);
#13302=CIRCLE('',#13301,0.2);
#13303=EDGE_CURVE('',#11764,#11880,#13302,.T.);
#13304=ORIENTED_EDGE('',*,*,#13303,.T.);
#13305=ORIENTED_EDGE('',*,*,#11885,.F.);
#13306=ORIENTED_EDGE('',*,*,#13286,.T.);
#13307=EDGE_LOOP('',(#13297,#13304,#13305,#13306));
#13308=FACE_BOUND('',#13307,.T.);
#13309=ADVANCED_FACE('',(#13308),#13296,.T.);
#13310=CARTESIAN_POINT('',(39.81278543,-29.868114681,38.256467488));
#13311=DIRECTION('',(0.,-0.,-1.));
#13312=DIRECTION('',(1.,0.,0.));
#13313=AXIS2_PLACEMENT_3D('',#13310,#13311,#13312);
#13314=CYLINDRICAL_SURFACE('',#13313,0.2);
#13315=ORIENTED_EDGE('',*,*,#3938,.F.);
#13316=CARTESIAN_POINT('',(39.81278543,-29.868114681,15.856467488));
#13317=DIRECTION('',(0.,-0.,-1.));
#13318=DIRECTION('',(0.,1.,-0.));
#13319=AXIS2_PLACEMENT_3D('',#13316,#13317,#13318);
#13320=CIRCLE('',#13319,0.2);
#13321=EDGE_CURVE('',#3921,#11796,#13320,.T.);
#13322=ORIENTED_EDGE('',*,*,#13321,.T.);
#13323=ORIENTED_EDGE('',*,*,#11801,.F.);
#13324=CARTESIAN_POINT('',(39.81278543,-29.868114681,15.05646571));
#13325=DIRECTION('',(0.,-0.,-1.));
#13326=DIRECTION('',(0.,1.,-0.));
#13327=AXIS2_PLACEMENT_3D('',#13324,#13325,#13326);
#13328=CIRCLE('',#13327,0.2);
#13329=EDGE_CURVE('',#3933,#11794,#13328,.T.);
#13330=ORIENTED_EDGE('',*,*,#13329,.F.);
#13331=EDGE_LOOP('',(#13315,#13322,#13323,#13330));
#13332=FACE_BOUND('',#13331,.T.);
#13333=ADVANCED_FACE('',(#13332),#13314,.T.);
#13334=CARTESIAN_POINT('',(39.81278543,-30.668114681,15.05646571));
#13335=DIRECTION('',(1.,-0.,0.));
#13336=DIRECTION('',(-0.,0.,1.));
#13337=AXIS2_PLACEMENT_3D('',#13334,#13335,#13336);
#13338=TOROIDAL_SURFACE('',#13337,0.8,0.2);
#13339=ORIENTED_EDGE('',*,*,#13329,.T.);
#13340=ORIENTED_EDGE('',*,*,#11867,.F.);
#13341=CARTESIAN_POINT('',(39.81278543,-30.668114681,14.25646571));
#13342=DIRECTION('',(0.,-1.,0.));
#13343=DIRECTION('',(1.,0.,0.));
#13344=AXIS2_PLACEMENT_3D('',#13341,#13342,#13343);
#13345=CIRCLE('',#13344,0.2);
#13346=EDGE_CURVE('',#11676,#11855,#13345,.T.);
#13347=ORIENTED_EDGE('',*,*,#13346,.F.);
#13348=ORIENTED_EDGE('',*,*,#13143,.F.);
#13349=EDGE_LOOP('',(#13339,#13340,#13347,#13348));
#13350=FACE_BOUND('',#13349,.T.);
#13351=ADVANCED_FACE('',(#13350),#13338,.T.);
#13352=CARTESIAN_POINT('',(39.81278543,-30.918114681,14.25646571));
#13353=DIRECTION('',(-0.,-1.,0.));
#13354=DIRECTION('',(0.,-0.,-1.));
#13355=AXIS2_PLACEMENT_3D('',#13352,#13353,#13354);
#13356=CYLINDRICAL_SURFACE('',#13355,0.2);
#13357=ORIENTED_EDGE('',*,*,#13346,.T.);
#13358=ORIENTED_EDGE('',*,*,#11860,.F.);
#13359=CARTESIAN_POINT('',(39.81278543,-30.768114681,14.25646571));
#13360=DIRECTION('',(0.,-1.,0.));
#13361=DIRECTION('',(1.,0.,0.));
#13362=AXIS2_PLACEMENT_3D('',#13359,#13360,#13361);
#13363=CIRCLE('',#13362,0.2);
#13364=EDGE_CURVE('',#11684,#11846,#13363,.T.);
#13365=ORIENTED_EDGE('',*,*,#13364,.F.);
#13366=ORIENTED_EDGE('',*,*,#11689,.F.);
#13367=EDGE_LOOP('',(#13357,#13358,#13365,#13366));
#13368=FACE_BOUND('',#13367,.T.);
#13369=ADVANCED_FACE('',(#13368),#13356,.T.);
#13370=CARTESIAN_POINT('',(39.81278543,-30.768114681,14.45646571));
#13371=DIRECTION('',(1.,-0.,0.));
#13372=DIRECTION('',(-0.,0.,1.));
#13373=AXIS2_PLACEMENT_3D('',#13370,#13371,#13372);
#13374=DEGENERATE_TOROIDAL_SURFACE('',#13373,0.2,0.2,.T.);
#13375=ORIENTED_EDGE('',*,*,#13364,.T.);
#13376=ORIENTED_EDGE('',*,*,#11852,.F.);
#13377=CARTESIAN_POINT('',(39.81278543,-30.968114681,14.45646571));
#13378=DIRECTION('',(0.,0.,1.));
#13379=DIRECTION('',(0.,-1.,0.));
#13380=AXIS2_PLACEMENT_3D('',#13377,#13378,#13379);
#13381=CIRCLE('',#13380,0.2);
#13382=EDGE_CURVE('',#11716,#11838,#13381,.T.);
#13383=ORIENTED_EDGE('',*,*,#13382,.F.);
#13384=ORIENTED_EDGE('',*,*,#13119,.F.);
#13385=EDGE_LOOP('',(#13375,#13376,#13383,#13384));
#13386=FACE_BOUND('',#13385,.T.);
#13387=ADVANCED_FACE('',(#13386),#13374,.T.);
#13388=CARTESIAN_POINT('',(39.81278543,-30.968114681,16.45646571));
#13389=DIRECTION('',(-0.,0.,1.));
#13390=DIRECTION('',(-1.,-0.,-0.));
#13391=AXIS2_PLACEMENT_3D('',#13388,#13389,#13390);
#13392=CYLINDRICAL_SURFACE('',#13391,0.2);
#13393=ORIENTED_EDGE('',*,*,#13382,.T.);
#13394=ORIENTED_EDGE('',*,*,#11843,.F.);
#13395=CARTESIAN_POINT('',(39.81278543,-30.968114681,14.469167375));
#13396=DIRECTION('',(0.,0.,1.));
#13397=DIRECTION('',(0.,-1.,0.));
#13398=AXIS2_PLACEMENT_3D('',#13395,#13396,#13397);
#13399=CIRCLE('',#13398,0.2);
#13400=EDGE_CURVE('',#11724,#11829,#13399,.T.);
#13401=ORIENTED_EDGE('',*,*,#13400,.F.);
#13402=ORIENTED_EDGE('',*,*,#11729,.F.);
#13403=EDGE_LOOP('',(#13393,#13394,#13401,#13402));
#13404=FACE_BOUND('',#13403,.T.);
#13405=ADVANCED_FACE('',(#13404),#13392,.T.);
#13406=CARTESIAN_POINT('',(39.81278543,-30.768114681,14.469167375));
#13407=DIRECTION('',(1.,-0.,0.));
#13408=DIRECTION('',(-0.,0.,1.));
#13409=AXIS2_PLACEMENT_3D('',#13406,#13407,#13408);
#13410=DEGENERATE_TOROIDAL_SURFACE('',#13409,0.2,0.2,.T.);
#13411=ORIENTED_EDGE('',*,*,#13400,.T.);
#13412=ORIENTED_EDGE('',*,*,#11835,.F.);
#13413=CARTESIAN_POINT('',(39.81278543,-30.868114681,14.85646571));
#13414=CARTESIAN_POINT('',(39.865837555,-30.868114681,14.85646571));
#13415=CARTESIAN_POINT('',(39.91766079,-30.865478878,14.834551724));
#13416=CARTESIAN_POINT('',(39.954470333,-30.860087887,14.797693241));
#13417=CARTESIAN_POINT('',(39.991279876,-30.854696896,14.760834758));
#13418=CARTESIAN_POINT('',(40.01278543,-30.846351589,14.709331339));
#13419=CARTESIAN_POINT('',(40.01278543,-30.835896032,14.657331369));
#13420=B_SPLINE_CURVE_WITH_KNOTS('',3,(#13413,#13414,#13415,#13416,#13417,#13418,#13419),.UNSPECIFIED.,.F.,.F.,(4,3,4),(0.,0.00015689,0.00031378),.UNSPECIFIED.);
#13421=EDGE_CURVE('',#12331,#11820,#13420,.T.);
#13422=ORIENTED_EDGE('',*,*,#13421,.F.);
#13423=ORIENTED_EDGE('',*,*,#12369,.F.);
#13424=EDGE_LOOP('',(#13411,#13412,#13422,#13423));
#13425=FACE_BOUND('',#13424,.T.);
#13426=ADVANCED_FACE('',(#13425),#13410,.T.);
#13427=CARTESIAN_POINT('',(39.81278543,-30.868114681,15.25646571));
#13428=DIRECTION('',(1.,-0.,0.));
#13429=DIRECTION('',(-0.,0.,1.));
#13430=AXIS2_PLACEMENT_3D('',#13427,#13428,#13429);
#13431=TOROIDAL_SURFACE('',#13430,0.6,0.2);
#13432=ORIENTED_EDGE('',*,*,#13421,.T.);
#13433=ORIENTED_EDGE('',*,*,#11826,.F.);
#13434=CARTESIAN_POINT('',(39.81278543,-30.268114681,15.25646571));
#13435=DIRECTION('',(0.,0.,1.));
#13436=DIRECTION('',(0.,-1.,0.));
#13437=AXIS2_PLACEMENT_3D('',#13434,#13435,#13436);
#13438=CIRCLE('',#13437,0.2);
#13439=EDGE_CURVE('',#11754,#11812,#13438,.T.);
#13440=ORIENTED_EDGE('',*,*,#13439,.F.);
#13441=ORIENTED_EDGE('',*,*,#12345,.F.);
#13442=EDGE_LOOP('',(#13432,#13433,#13440,#13441));
#13443=FACE_BOUND('',#13442,.T.);
#13444=ADVANCED_FACE('',(#13443),#13431,.T.);
#13445=CARTESIAN_POINT('',(39.81278543,-30.268114681,15.85646571));
#13446=DIRECTION('',(-0.,0.,1.));
#13447=DIRECTION('',(-1.,-0.,-0.));
#13448=AXIS2_PLACEMENT_3D('',#13445,#13446,#13447);
#13449=CYLINDRICAL_SURFACE('',#13448,0.2);
#13450=ORIENTED_EDGE('',*,*,#11817,.F.);
#13451=CARTESIAN_POINT('',(39.81278543,-30.268114681,15.856467488));
#13452=DIRECTION('',(0.,-0.,-1.));
#13453=DIRECTION('',(0.,1.,-0.));
#13454=AXIS2_PLACEMENT_3D('',#13451,#13452,#13453);
#13455=CIRCLE('',#13454,0.2);
#13456=EDGE_CURVE('',#11804,#11756,#13455,.T.);
#13457=ORIENTED_EDGE('',*,*,#13456,.T.);
#13458=ORIENTED_EDGE('',*,*,#11761,.F.);
#13459=ORIENTED_EDGE('',*,*,#13439,.T.);
#13460=EDGE_LOOP('',(#13450,#13457,#13458,#13459));
#13461=FACE_BOUND('',#13460,.T.);
#13462=ADVANCED_FACE('',(#13461),#13449,.T.);
#13463=CARTESIAN_POINT('',(10.21278543,-29.868114681,15.856467488));
#13464=DIRECTION('',(0.,-0.,-1.));
#13465=DIRECTION('',(0.,1.,-0.));
#13466=AXIS2_PLACEMENT_3D('',#13463,#13464,#13465);
#13467=TOROIDAL_SURFACE('',#13466,0.6,0.4);
#13468=ORIENTED_EDGE('',*,*,#3964,.F.);
#13469=ORIENTED_EDGE('',*,*,#13167,.F.);
#13470=CARTESIAN_POINT('',(9.61278543,-29.868114681,15.856467488));
#13471=DIRECTION('',(0.,1.,-0.));
#13472=DIRECTION('',(0.,0.,1.));
#13473=AXIS2_PLACEMENT_3D('',#13470,#13471,#13472);
#13474=CIRCLE('',#13473,0.4);
#13475=EDGE_CURVE('',#1333,#11888,#13474,.T.);
#13476=ORIENTED_EDGE('',*,*,#13475,.F.);
#13477=ORIENTED_EDGE('',*,*,#1339,.F.);
#13478=EDGE_LOOP('',(#13468,#13469,#13476,#13477));
#13479=FACE_BOUND('',#13478,.T.);
#13480=ADVANCED_FACE('',(#13479),#13467,.F.);
#13481=CARTESIAN_POINT('',(9.61278543,-55.430832487,15.856467488));
#13482=DIRECTION('',(0.,-1.,0.));
#13483=DIRECTION('',(1.,0.,-0.));
#13484=AXIS2_PLACEMENT_3D('',#13481,#13482,#13483);
#13485=CYLINDRICAL_SURFACE('',#13484,0.4);
#13486=ORIENTED_EDGE('',*,*,#13475,.T.);
#13487=ORIENTED_EDGE('',*,*,#11893,.F.);
#13488=CARTESIAN_POINT('',(9.61278543,-30.268114681,15.856467488));
#13489=DIRECTION('',(-0.,1.,-0.));
#13490=DIRECTION('',(1.,0.,0.));
#13491=AXIS2_PLACEMENT_3D('',#13488,#13489,#13490);
#13492=CIRCLE('',#13491,0.4);
#13493=EDGE_CURVE('',#1342,#11880,#13492,.T.);
#13494=ORIENTED_EDGE('',*,*,#13493,.F.);
#13495=ORIENTED_EDGE('',*,*,#1347,.F.);
#13496=EDGE_LOOP('',(#13486,#13487,#13494,#13495));
#13497=FACE_BOUND('',#13496,.T.);
#13498=ADVANCED_FACE('',(#13497),#13485,.F.);
#13499=CARTESIAN_POINT('',(10.21278543,-30.268114681,15.856467488));
#13500=DIRECTION('',(0.,-0.,-1.));
#13501=DIRECTION('',(0.,1.,-0.));
#13502=AXIS2_PLACEMENT_3D('',#13499,#13500,#13501);
#13503=TOROIDAL_SURFACE('',#13502,0.6,0.4);
#13504=ORIENTED_EDGE('',*,*,#13493,.T.);
#13505=ORIENTED_EDGE('',*,*,#13303,.F.);
#13506=CARTESIAN_POINT('',(10.21278543,-30.868114681,15.856467488));
#13507=DIRECTION('',(-1.,0.,-0.));
#13508=DIRECTION('',(-0.,0.,1.));
#13509=AXIS2_PLACEMENT_3D('',#13506,#13507,#13508);
#13510=CIRCLE('',#13509,0.4);
#13511=EDGE_CURVE('',#1350,#11764,#13510,.T.);
#13512=ORIENTED_EDGE('',*,*,#13511,.F.);
#13513=ORIENTED_EDGE('',*,*,#1356,.F.);
#13514=EDGE_LOOP('',(#13504,#13505,#13512,#13513));
#13515=FACE_BOUND('',#13514,.T.);
#13516=ADVANCED_FACE('',(#13515),#13503,.F.);
#13517=CARTESIAN_POINT('',(13.62278543,-30.868114681,15.856467488));
#13518=DIRECTION('',(1.,0.,0.));
#13519=DIRECTION('',(-0.,1.,-0.));
#13520=AXIS2_PLACEMENT_3D('',#13517,#13518,#13519);
#13521=CYLINDRICAL_SURFACE('',#13520,0.4);
#13522=ORIENTED_EDGE('',*,*,#13511,.T.);
#13523=ORIENTED_EDGE('',*,*,#11769,.F.);
#13524=CARTESIAN_POINT('',(39.81278543,-30.868114681,15.856467488));
#13525=DIRECTION('',(-1.,-0.,-0.));
#13526=DIRECTION('',(-0.,1.,0.));
#13527=AXIS2_PLACEMENT_3D('',#13524,#13525,#13526);
#13528=CIRCLE('',#13527,0.4);
#13529=EDGE_CURVE('',#1359,#11756,#13528,.T.);
#13530=ORIENTED_EDGE('',*,*,#13529,.F.);
#13531=ORIENTED_EDGE('',*,*,#1364,.F.);
#13532=EDGE_LOOP('',(#13522,#13523,#13530,#13531));
#13533=FACE_BOUND('',#13532,.T.);
#13534=ADVANCED_FACE('',(#13533),#13521,.F.);
#13535=CARTESIAN_POINT('',(39.81278543,-30.268114681,15.856467488));
#13536=DIRECTION('',(0.,-0.,-1.));
#13537=DIRECTION('',(0.,1.,-0.));
#13538=AXIS2_PLACEMENT_3D('',#13535,#13536,#13537);
#13539=TOROIDAL_SURFACE('',#13538,0.6,0.4);
#13540=ORIENTED_EDGE('',*,*,#13529,.T.);
#13541=ORIENTED_EDGE('',*,*,#13456,.F.);
#13542=CARTESIAN_POINT('',(40.41278543,-30.268114681,15.856467488));
#13543=DIRECTION('',(0.,-1.,0.));
#13544=DIRECTION('',(0.,-0.,-1.));
#13545=AXIS2_PLACEMENT_3D('',#13542,#13543,#13544);
#13546=CIRCLE('',#13545,0.4);
#13547=EDGE_CURVE('',#1256,#11804,#13546,.T.);
#13548=ORIENTED_EDGE('',*,*,#13547,.F.);
#13549=ORIENTED_EDGE('',*,*,#1371,.F.);
#13550=EDGE_LOOP('',(#13540,#13541,#13548,#13549));
#13551=FACE_BOUND('',#13550,.T.);
#13552=ADVANCED_FACE('',(#13551),#13539,.F.);
#13553=CARTESIAN_POINT('',(40.41278543,-30.918114681,15.856467488));
#13554=DIRECTION('',(0.,1.,-0.));
#13555=DIRECTION('',(0.,0.,1.));
#13556=AXIS2_PLACEMENT_3D('',#13553,#13554,#13555);
#13557=CYLINDRICAL_SURFACE('',#13556,0.4);
#13558=ORIENTED_EDGE('',*,*,#13547,.T.);
#13559=ORIENTED_EDGE('',*,*,#11809,.F.);
#13560=CARTESIAN_POINT('',(40.41278543,-29.868114681,15.856467488));
#13561=DIRECTION('',(-0.,-1.,0.));
#13562=DIRECTION('',(0.,0.,1.));
#13563=AXIS2_PLACEMENT_3D('',#13560,#13561,#13562);
#13564=CIRCLE('',#13563,0.4);
#13565=EDGE_CURVE('',#1258,#11796,#13564,.T.);
#13566=ORIENTED_EDGE('',*,*,#13565,.F.);
#13567=ORIENTED_EDGE('',*,*,#1263,.F.);
#13568=EDGE_LOOP('',(#13558,#13559,#13566,#13567));
#13569=FACE_BOUND('',#13568,.T.);
#13570=ADVANCED_FACE('',(#13569),#13557,.F.);
#13571=CARTESIAN_POINT('',(39.81278543,-29.868114681,15.856467488));
#13572=DIRECTION('',(0.,-0.,-1.));
#13573=DIRECTION('',(0.,1.,-0.));
#13574=AXIS2_PLACEMENT_3D('',#13571,#13572,#13573);
#13575=TOROIDAL_SURFACE('',#13574,0.6,0.4);
#13576=ORIENTED_EDGE('',*,*,#13565,.T.);
#13577=ORIENTED_EDGE('',*,*,#13321,.F.);
#13578=ORIENTED_EDGE('',*,*,#3930,.F.);
#13579=ORIENTED_EDGE('',*,*,#1272,.F.);
#13580=EDGE_LOOP('',(#13576,#13577,#13578,#13579));
#13581=FACE_BOUND('',#13580,.T.);
#13582=ADVANCED_FACE('',(#13581),#13575,.F.);
#13583=CARTESIAN_POINT('',(32.000063309,-31.456207137,37.656467488));
#13584=DIRECTION('',(1.,0.,0.));
#13585=DIRECTION('',(-0.,1.,0.));
#13586=AXIS2_PLACEMENT_3D('',#13583,#13584,#13585);
#13587=PLANE('',#13586);
#13588=ORIENTED_EDGE('',*,*,#3422,.T.);
#13589=CARTESIAN_POINT('',(32.000063309,-31.456207137,37.256467488));
#13590=DIRECTION('',(-0.,0.,1.));
#13591=VECTOR('',#13590,0.8);
#13592=LINE('',#13589,#13591);
#13593=EDGE_CURVE('',#3408,#217,#13592,.T.);
#13594=ORIENTED_EDGE('',*,*,#13593,.T.);
#13595=ORIENTED_EDGE('',*,*,#222,.F.);
#13596=CARTESIAN_POINT('',(32.000063309,-31.856212683,38.056467488));
#13597=DIRECTION('',(0.,0.,-1.));
#13598=VECTOR('',#13597,0.8);
#13599=LINE('',#13596,#13598);
#13600=EDGE_CURVE('',#208,#3417,#13599,.T.);
#13601=ORIENTED_EDGE('',*,*,#13600,.T.);
#13602=EDGE_LOOP('',(#13588,#13594,#13595,#13601));
#13603=FACE_BOUND('',#13602,.T.);
#13604=ADVANCED_FACE('',(#13603),#13587,.T.);
#13605=CARTESIAN_POINT('',(38.150078778,-31.456207137,37.656467488));
#13606=DIRECTION('',(-1.,-0.,0.));
#13607=DIRECTION('',(0.,-1.,0.));
#13608=AXIS2_PLACEMENT_3D('',#13605,#13606,#13607);
#13609=PLANE('',#13608);
#13610=ORIENTED_EDGE('',*,*,#188,.T.);
#13611=CARTESIAN_POINT('',(38.150078778,-31.456207137,38.056467488));
#13612=DIRECTION('',(0.,-0.,-1.));
#13613=VECTOR('',#13612,0.8);
#13614=LINE('',#13611,#13613);
#13615=EDGE_CURVE('',#174,#3451,#13614,.T.);
#13616=ORIENTED_EDGE('',*,*,#13615,.T.);
#13617=ORIENTED_EDGE('',*,*,#3456,.F.);
#13618=CARTESIAN_POINT('',(38.150078778,-31.856209286,37.256467488));
#13619=DIRECTION('',(0.,0.,1.));
#13620=VECTOR('',#13619,0.8);
#13621=LINE('',#13618,#13620);
#13622=EDGE_CURVE('',#3442,#183,#13621,.T.);
#13623=ORIENTED_EDGE('',*,*,#13622,.T.);
#13624=EDGE_LOOP('',(#13610,#13616,#13617,#13623));
#13625=FACE_BOUND('',#13624,.T.);
#13626=ADVANCED_FACE('',(#13625),#13609,.T.);
#13627=CARTESIAN_POINT('',(33.000068613,-32.156212254,38.256443869));
#13628=DIRECTION('',(-0.000000612,1.,0.));
#13629=DIRECTION('',(1.,0.000000612,0.));
#13630=AXIS2_PLACEMENT_3D('',#13627,#13628,#13629);
#13631=PLANE('',#13630);
#13632=ORIENTED_EDGE('',*,*,#3439,.F.);
#13633=CARTESIAN_POINT('',(32.300063492,-32.156212683,37.256467488));
#13634=DIRECTION('',(-0.,-0.,1.));
#13635=VECTOR('',#13634,0.8);
#13636=LINE('',#13633,#13635);
#13637=EDGE_CURVE('',#3425,#200,#13636,.T.);
#13638=ORIENTED_EDGE('',*,*,#13637,.T.);
#13639=ORIENTED_EDGE('',*,*,#205,.F.);
#13640=CARTESIAN_POINT('',(37.850078962,-32.156209286,38.056467488));
#13641=DIRECTION('',(-0.,-0.,-1.));
#13642=VECTOR('',#13641,0.8);
#13643=LINE('',#13640,#13642);
#13644=EDGE_CURVE('',#191,#3434,#13643,.T.);
#13645=ORIENTED_EDGE('',*,*,#13644,.T.);
#13646=EDGE_LOOP('',(#13632,#13638,#13639,#13645));
#13647=FACE_BOUND('',#13646,.T.);
#13648=ADVANCED_FACE('',(#13647),#13631,.T.);
#13649=CARTESIAN_POINT('',(31.700063309,-31.456207137,38.256467488));
#13650=DIRECTION('',(0.,-0.,-1.));
#13651=DIRECTION('',(0.,1.,-0.));
#13652=AXIS2_PLACEMENT_3D('',#13649,#13650,#13651);
#13653=CYLINDRICAL_SURFACE('',#13652,0.3);
#13654=ORIENTED_EDGE('',*,*,#229,.F.);
#13655=ORIENTED_EDGE('',*,*,#13593,.F.);
#13656=ORIENTED_EDGE('',*,*,#3414,.F.);
#13657=ORIENTED_EDGE('',*,*,#1184,.F.);
#13658=EDGE_LOOP('',(#13654,#13655,#13656,#13657));
#13659=FACE_BOUND('',#13658,.T.);
#13660=ADVANCED_FACE('',(#13659),#13653,.T.);
#13661=CARTESIAN_POINT('',(38.450078778,-31.456207137,38.256467488));
#13662=DIRECTION('',(-0.,0.,1.));
#13663=DIRECTION('',(0.,-1.,0.));
#13664=AXIS2_PLACEMENT_3D('',#13661,#13662,#13663);
#13665=CYLINDRICAL_SURFACE('',#13664,0.3);
#13666=ORIENTED_EDGE('',*,*,#3463,.F.);
#13667=ORIENTED_EDGE('',*,*,#13615,.F.);
#13668=ORIENTED_EDGE('',*,*,#180,.F.);
#13669=ORIENTED_EDGE('',*,*,#1238,.F.);
#13670=EDGE_LOOP('',(#13666,#13667,#13668,#13669));
#13671=FACE_BOUND('',#13670,.T.);
#13672=ADVANCED_FACE('',(#13671),#13665,.T.);
#13673=CARTESIAN_POINT('',(32.300063309,-31.856212683,37.656467488));
#13674=DIRECTION('',(0.,0.,1.));
#13675=DIRECTION('',(1.,0.,-0.));
#13676=AXIS2_PLACEMENT_3D('',#13673,#13674,#13675);
#13677=CYLINDRICAL_SURFACE('',#13676,0.3);
#13678=ORIENTED_EDGE('',*,*,#214,.F.);
#13679=ORIENTED_EDGE('',*,*,#13637,.F.);
#13680=ORIENTED_EDGE('',*,*,#3431,.F.);
#13681=ORIENTED_EDGE('',*,*,#13600,.F.);
#13682=EDGE_LOOP('',(#13678,#13679,#13680,#13681));
#13683=FACE_BOUND('',#13682,.T.);
#13684=ADVANCED_FACE('',(#13683),#13677,.F.);
#13685=CARTESIAN_POINT('',(37.850078778,-31.856209286,37.656467488));
#13686=DIRECTION('',(0.,0.,-1.));
#13687=DIRECTION('',(-1.,0.,0.));
#13688=AXIS2_PLACEMENT_3D('',#13685,#13686,#13687);
#13689=CYLINDRICAL_SURFACE('',#13688,0.3);
#13690=ORIENTED_EDGE('',*,*,#3448,.F.);
#13691=ORIENTED_EDGE('',*,*,#13644,.F.);
#13692=ORIENTED_EDGE('',*,*,#197,.F.);
#13693=ORIENTED_EDGE('',*,*,#13622,.F.);
#13694=EDGE_LOOP('',(#13690,#13691,#13692,#13693));
#13695=FACE_BOUND('',#13694,.T.);
#13696=ADVANCED_FACE('',(#13695),#13689,.F.);
#13697=CARTESIAN_POINT('',(27.745452121,-43.068114681,39.976469252));
#13698=DIRECTION('',(-1.,-0.,0.));
#13699=DIRECTION('',(0.,-1.,0.));
#13700=AXIS2_PLACEMENT_3D('',#13697,#13698,#13699);
#13701=PLANE('',#13700);
#13702=CARTESIAN_POINT('',(27.745452121,-43.468114681,41.856469266));
#13703=VERTEX_POINT('',#13702);
#13704=CARTESIAN_POINT('',(27.745452121,-43.468114681,41.856469266));
#13705=DIRECTION('',(0.,0.,-1.));
#13706=VECTOR('',#13705,2.1);
#13707=LINE('',#13704,#13706);
#13708=EDGE_CURVE('',#13703,#953,#13707,.T.);
#13709=ORIENTED_EDGE('',*,*,#13708,.F.);
#13710=CARTESIAN_POINT('',(27.745452121,-40.468114681,41.856469266));
#13711=VERTEX_POINT('',#13710);
#13712=CARTESIAN_POINT('',(27.745452121,-40.468114681,41.856469266));
#13713=DIRECTION('',(0.,-1.,0.));
#13714=VECTOR('',#13713,3.);
#13715=LINE('',#13712,#13714);
#13716=EDGE_CURVE('',#13711,#13703,#13715,.T.);
#13717=ORIENTED_EDGE('',*,*,#13716,.F.);
#13718=CARTESIAN_POINT('',(27.745452121,-40.468114681,41.856469266));
#13719=DIRECTION('',(0.,0.,-1.));
#13720=VECTOR('',#13719,2.1);
#13721=LINE('',#13718,#13720);
#13722=EDGE_CURVE('',#13711,#961,#13721,.T.);
#13723=ORIENTED_EDGE('',*,*,#13722,.T.);
#13724=ORIENTED_EDGE('',*,*,#966,.T.);
#13725=EDGE_LOOP('',(#13709,#13717,#13723,#13724));
#13726=FACE_BOUND('',#13725,.T.);
#13727=ADVANCED_FACE('',(#13726),#13701,.T.);
#13728=CARTESIAN_POINT('',(28.945452121,-43.068114681,39.976469252));
#13729=DIRECTION('',(1.,0.,0.));
#13730=DIRECTION('',(-0.,1.,0.));
#13731=AXIS2_PLACEMENT_3D('',#13728,#13729,#13730);
#13732=PLANE('',#13731);
#13733=CARTESIAN_POINT('',(28.945452121,-43.468114681,41.856469266));
#13734=VERTEX_POINT('',#13733);
#13735=CARTESIAN_POINT('',(28.945452121,-43.468114681,39.756469266));
#13736=DIRECTION('',(0.,0.,1.));
#13737=VECTOR('',#13736,2.1);
#13738=LINE('',#13735,#13737);
#13739=EDGE_CURVE('',#945,#13734,#13738,.T.);
#13740=ORIENTED_EDGE('',*,*,#13739,.F.);
#13741=ORIENTED_EDGE('',*,*,#950,.F.);
#13742=CARTESIAN_POINT('',(28.945452121,-40.468114681,41.856469266));
#13743=VERTEX_POINT('',#13742);
#13744=CARTESIAN_POINT('',(28.945452121,-40.468114681,39.756469266));
#13745=DIRECTION('',(0.,0.,1.));
#13746=VECTOR('',#13745,2.1);
#13747=LINE('',#13744,#13746);
#13748=EDGE_CURVE('',#943,#13743,#13747,.T.);
#13749=ORIENTED_EDGE('',*,*,#13748,.T.);
#13750=CARTESIAN_POINT('',(28.945452121,-40.468114681,41.856469266));
#13751=DIRECTION('',(0.,-1.,0.));
#13752=VECTOR('',#13751,3.);
#13753=LINE('',#13750,#13752);
#13754=EDGE_CURVE('',#13743,#13734,#13753,.T.);
#13755=ORIENTED_EDGE('',*,*,#13754,.T.);
#13756=EDGE_LOOP('',(#13740,#13741,#13749,#13755));
#13757=FACE_BOUND('',#13756,.T.);
#13758=ADVANCED_FACE('',(#13757),#13732,.T.);
#13759=CARTESIAN_POINT('',(25.088379322,-37.631934205,39.756469266));
#13760=DIRECTION('',(0.,0.,-1.));
#13761=DIRECTION('',(-1.,0.,0.));
#13762=AXIS2_PLACEMENT_3D('',#13759,#13760,#13761);
#13763=PLANE('',#13762);
#13764=CARTESIAN_POINT('',(22.053423419,-43.468114681,39.756469266));
#13765=VERTEX_POINT('',#13764);
#13766=CARTESIAN_POINT('',(23.253423419,-43.468114681,39.756469266));
#13767=VERTEX_POINT('',#13766);
#13768=CARTESIAN_POINT('',(22.053423419,-43.468114681,39.756469266));
#13769=DIRECTION('',(1.,0.,0.));
#13770=VECTOR('',#13769,1.2);
#13771=LINE('',#13768,#13770);
#13772=EDGE_CURVE('',#13765,#13767,#13771,.T.);
#13773=ORIENTED_EDGE('',*,*,#13772,.F.);
#13774=CARTESIAN_POINT('',(22.053423419,-40.468114681,39.756469266));
#13775=VERTEX_POINT('',#13774);
#13776=CARTESIAN_POINT('',(22.053423419,-40.468114681,39.756469266));
#13777=DIRECTION('',(0.,-1.,0.));
#13778=VECTOR('',#13777,3.);
#13779=LINE('',#13776,#13778);
#13780=EDGE_CURVE('',#13775,#13765,#13779,.T.);
#13781=ORIENTED_EDGE('',*,*,#13780,.F.);
#13782=CARTESIAN_POINT('',(23.253423419,-40.468114681,39.756469266));
#13783=VERTEX_POINT('',#13782);
#13784=CARTESIAN_POINT('',(23.253423419,-40.468114681,39.756469266));
#13785=DIRECTION('',(-1.,-0.,0.));
#13786=VECTOR('',#13785,1.2);
#13787=LINE('',#13784,#13786);
#13788=EDGE_CURVE('',#13783,#13775,#13787,.T.);
#13789=ORIENTED_EDGE('',*,*,#13788,.F.);
#13790=CARTESIAN_POINT('',(23.253423419,-40.468114681,39.756469266));
#13791=DIRECTION('',(0.,-1.,0.));
#13792=VECTOR('',#13791,3.);
#13793=LINE('',#13790,#13792);
#13794=EDGE_CURVE('',#13783,#13767,#13793,.T.);
#13795=ORIENTED_EDGE('',*,*,#13794,.T.);
#13796=EDGE_LOOP('',(#13773,#13781,#13789,#13795));
#13797=FACE_BOUND('',#13796,.T.);
#13798=ADVANCED_FACE('',(#13797),#13763,.T.);
#13799=CARTESIAN_POINT('',(49.50009906,-40.468114681,38.256467488));
#13800=DIRECTION('',(-0.,1.,0.));
#13801=DIRECTION('',(-1.,-0.,0.));
#13802=AXIS2_PLACEMENT_3D('',#13799,#13800,#13801);
#13803=PLANE('',#13802);
#13804=ORIENTED_EDGE('',*,*,#13722,.F.);
#13805=CARTESIAN_POINT('',(23.253423419,-40.468114681,41.856469266));
#13806=VERTEX_POINT('',#13805);
#13807=CARTESIAN_POINT('',(27.745452121,-40.468114681,41.856469266));
#13808=DIRECTION('',(-1.,-0.,0.));
#13809=VECTOR('',#13808,4.492028702);
#13810=LINE('',#13807,#13809);
#13811=EDGE_CURVE('',#13711,#13806,#13810,.T.);
#13812=ORIENTED_EDGE('',*,*,#13811,.T.);
#13813=CARTESIAN_POINT('',(23.253423419,-40.468114681,41.856469266));
#13814=DIRECTION('',(0.,0.,-1.));
#13815=VECTOR('',#13814,2.1);
#13816=LINE('',#13813,#13815);
#13817=EDGE_CURVE('',#13806,#13783,#13816,.T.);
#13818=ORIENTED_EDGE('',*,*,#13817,.T.);
#13819=ORIENTED_EDGE('',*,*,#13788,.T.);
#13820=CARTESIAN_POINT('',(22.053423419,-40.468114681,39.756469266));
#13821=DIRECTION('',(0.,0.,1.));
#13822=VECTOR('',#13821,2.9);
#13823=LINE('',#13820,#13822);
#13824=EDGE_CURVE('',#13775,#985,#13823,.T.);
#13825=ORIENTED_EDGE('',*,*,#13824,.T.);
#13826=ORIENTED_EDGE('',*,*,#990,.F.);
#13827=CARTESIAN_POINT('',(34.637480823,-40.468114681,39.756469266));
#13828=DIRECTION('',(0.,0.,1.));
#13829=VECTOR('',#13828,2.9);
#13830=LINE('',#13827,#13829);
#13831=EDGE_CURVE('',#903,#983,#13830,.T.);
#13832=ORIENTED_EDGE('',*,*,#13831,.F.);
#13833=ORIENTED_EDGE('',*,*,#932,.F.);
#13834=CARTESIAN_POINT('',(33.437480823,-40.468114681,41.856469266));
#13835=VERTEX_POINT('',#13834);
#13836=CARTESIAN_POINT('',(33.437480823,-40.468114681,41.856469266));
#13837=DIRECTION('',(0.,0.,-1.));
#13838=VECTOR('',#13837,2.1);
#13839=LINE('',#13836,#13838);
#13840=EDGE_CURVE('',#13835,#921,#13839,.T.);
#13841=ORIENTED_EDGE('',*,*,#13840,.F.);
#13842=CARTESIAN_POINT('',(33.437480823,-40.468114681,41.856469266));
#13843=DIRECTION('',(-1.,-0.,0.));
#13844=VECTOR('',#13843,4.492028702);
#13845=LINE('',#13842,#13844);
#13846=EDGE_CURVE('',#13835,#13743,#13845,.T.);
#13847=ORIENTED_EDGE('',*,*,#13846,.T.);
#13848=ORIENTED_EDGE('',*,*,#13748,.F.);
#13849=ORIENTED_EDGE('',*,*,#972,.F.);
#13850=EDGE_LOOP('',(#13804,#13812,#13818,#13819,#13825,#13826,#13832,#13833,#13841,#13847,#13848,#13849));
#13851=FACE_BOUND('',#13850,.T.);
#13852=ADVANCED_FACE('',(#13851),#13803,.T.);
#13853=CARTESIAN_POINT('',(33.437480823,-43.368114681,41.316470154));
#13854=DIRECTION('',(-1.,-0.,0.));
#13855=DIRECTION('',(0.,-1.,0.));
#13856=AXIS2_PLACEMENT_3D('',#13853,#13854,#13855);
#13857=PLANE('',#13856);
#13858=CARTESIAN_POINT('',(33.437480823,-43.468114681,41.856469266));
#13859=VERTEX_POINT('',#13858);
#13860=CARTESIAN_POINT('',(33.437480823,-43.468114681,41.856469266));
#13861=DIRECTION('',(0.,0.,-1.));
#13862=VECTOR('',#13861,2.1);
#13863=LINE('',#13860,#13862);
#13864=EDGE_CURVE('',#13859,#913,#13863,.T.);
#13865=ORIENTED_EDGE('',*,*,#13864,.F.);
#13866=CARTESIAN_POINT('',(33.437480823,-40.468114681,41.856469266));
#13867=DIRECTION('',(0.,-1.,0.));
#13868=VECTOR('',#13867,3.);
#13869=LINE('',#13866,#13868);
#13870=EDGE_CURVE('',#13835,#13859,#13869,.T.);
#13871=ORIENTED_EDGE('',*,*,#13870,.F.);
#13872=ORIENTED_EDGE('',*,*,#13840,.T.);
#13873=ORIENTED_EDGE('',*,*,#926,.T.);
#13874=EDGE_LOOP('',(#13865,#13871,#13872,#13873));
#13875=FACE_BOUND('',#13874,.T.);
#13876=ADVANCED_FACE('',(#13875),#13857,.T.);
#13877=CARTESIAN_POINT('',(34.637480823,-43.368114681,41.316470154));
#13878=DIRECTION('',(1.,0.,0.));
#13879=DIRECTION('',(-0.,1.,0.));
#13880=AXIS2_PLACEMENT_3D('',#13877,#13878,#13879);
#13881=PLANE('',#13880);
#13882=ORIENTED_EDGE('',*,*,#763,.F.);
#13883=CARTESIAN_POINT('',(34.637480823,-43.468114681,39.356469266));
#13884=VERTEX_POINT('',#13883);
#13885=CARTESIAN_POINT('',(34.637480823,-43.468114681,39.356469266));
#13886=DIRECTION('',(0.,-1.,0.));
#13887=VECTOR('',#13886,0.7);
#13888=LINE('',#13885,#13887);
#13889=EDGE_CURVE('',#13884,#750,#13888,.T.);
#13890=ORIENTED_EDGE('',*,*,#13889,.F.);
#13891=CARTESIAN_POINT('',(34.637480823,-43.468114681,39.756469266));
#13892=DIRECTION('',(0.,0.,-1.));
#13893=VECTOR('',#13892,0.4);
#13894=LINE('',#13891,#13893);
#13895=EDGE_CURVE('',#905,#13884,#13894,.T.);
#13896=ORIENTED_EDGE('',*,*,#13895,.F.);
#13897=ORIENTED_EDGE('',*,*,#910,.F.);
#13898=ORIENTED_EDGE('',*,*,#13831,.T.);
#13899=ORIENTED_EDGE('',*,*,#1167,.T.);
#13900=EDGE_LOOP('',(#13882,#13890,#13896,#13897,#13898,#13899));
#13901=FACE_BOUND('',#13900,.T.);
#13902=ADVANCED_FACE('',(#13901),#13881,.T.);
#13903=CARTESIAN_POINT('',(22.053423419,-43.368114681,41.316469253));
#13904=DIRECTION('',(1.,0.,0.));
#13905=DIRECTION('',(-0.,1.,0.));
#13906=AXIS2_PLACEMENT_3D('',#13903,#13904,#13905);
#13907=PLANE('',#13906);
#13908=ORIENTED_EDGE('',*,*,#747,.T.);
#13909=ORIENTED_EDGE('',*,*,#996,.F.);
#13910=ORIENTED_EDGE('',*,*,#13824,.F.);
#13911=ORIENTED_EDGE('',*,*,#13780,.T.);
#13912=CARTESIAN_POINT('',(22.053423419,-43.468114681,39.356469266));
#13913=VERTEX_POINT('',#13912);
#13914=CARTESIAN_POINT('',(22.053423419,-43.468114681,39.756469266));
#13915=DIRECTION('',(0.,0.,-1.));
#13916=VECTOR('',#13915,0.4);
#13917=LINE('',#13914,#13916);
#13918=EDGE_CURVE('',#13765,#13913,#13917,.T.);
#13919=ORIENTED_EDGE('',*,*,#13918,.T.);
#13920=CARTESIAN_POINT('',(22.053423419,-43.468114681,39.356469266));
#13921=DIRECTION('',(0.,-1.,0.));
#13922=VECTOR('',#13921,0.7);
#13923=LINE('',#13920,#13922);
#13924=EDGE_CURVE('',#13913,#740,#13923,.T.);
#13925=ORIENTED_EDGE('',*,*,#13924,.T.);
#13926=EDGE_LOOP('',(#13908,#13909,#13910,#13911,#13919,#13925));
#13927=FACE_BOUND('',#13926,.T.);
#13928=ADVANCED_FACE('',(#13927),#13907,.F.);
#13929=CARTESIAN_POINT('',(23.253423419,-43.368114681,41.316469253));
#13930=DIRECTION('',(-1.,-0.,0.));
#13931=DIRECTION('',(0.,-1.,0.));
#13932=AXIS2_PLACEMENT_3D('',#13929,#13930,#13931);
#13933=PLANE('',#13932);
#13934=CARTESIAN_POINT('',(23.253423419,-43.468114681,41.856469266));
#13935=VERTEX_POINT('',#13934);
#13936=CARTESIAN_POINT('',(23.253423419,-40.468114681,41.856469266));
#13937=DIRECTION('',(0.,-1.,0.));
#13938=VECTOR('',#13937,3.);
#13939=LINE('',#13936,#13938);
#13940=EDGE_CURVE('',#13806,#13935,#13939,.T.);
#13941=ORIENTED_EDGE('',*,*,#13940,.T.);
#13942=CARTESIAN_POINT('',(23.253423419,-43.468114681,41.856469266));
#13943=DIRECTION('',(0.,0.,-1.));
#13944=VECTOR('',#13943,2.1);
#13945=LINE('',#13942,#13944);
#13946=EDGE_CURVE('',#13935,#13767,#13945,.T.);
#13947=ORIENTED_EDGE('',*,*,#13946,.T.);
#13948=ORIENTED_EDGE('',*,*,#13794,.F.);
#13949=ORIENTED_EDGE('',*,*,#13817,.F.);
#13950=EDGE_LOOP('',(#13941,#13947,#13948,#13949));
#13951=FACE_BOUND('',#13950,.T.);
#13952=ADVANCED_FACE('',(#13951),#13933,.F.);
#13953=CARTESIAN_POINT('',(28.345452121,-42.968114681,41.856469266));
#13954=DIRECTION('',(0.,0.,1.));
#13955=DIRECTION('',(1.,0.,0.));
#13956=AXIS2_PLACEMENT_3D('',#13953,#13954,#13955);
#13957=PLANE('',#13956);
#13958=ORIENTED_EDGE('',*,*,#13716,.T.);
#13959=CARTESIAN_POINT('',(27.745452121,-43.468114681,41.856469266));
#13960=DIRECTION('',(-1.,-0.,0.));
#13961=VECTOR('',#13960,4.492028702);
#13962=LINE('',#13959,#13961);
#13963=EDGE_CURVE('',#13703,#13935,#13962,.T.);
#13964=ORIENTED_EDGE('',*,*,#13963,.T.);
#13965=ORIENTED_EDGE('',*,*,#13940,.F.);
#13966=ORIENTED_EDGE('',*,*,#13811,.F.);
#13967=EDGE_LOOP('',(#13958,#13964,#13965,#13966));
#13968=FACE_BOUND('',#13967,.T.);
#13969=ADVANCED_FACE('',(#13968),#13957,.F.);
#13970=CARTESIAN_POINT('',(28.345452121,-42.968114681,41.856469266));
#13971=DIRECTION('',(0.,0.,1.));
#13972=DIRECTION('',(1.,0.,0.));
#13973=AXIS2_PLACEMENT_3D('',#13970,#13971,#13972);
#13974=PLANE('',#13973);
#13975=ORIENTED_EDGE('',*,*,#13870,.T.);
#13976=CARTESIAN_POINT('',(33.437480823,-43.468114681,41.856469266));
#13977=DIRECTION('',(-1.,-0.,0.));
#13978=VECTOR('',#13977,4.492028702);
#13979=LINE('',#13976,#13978);
#13980=EDGE_CURVE('',#13859,#13734,#13979,.T.);
#13981=ORIENTED_EDGE('',*,*,#13980,.T.);
#13982=ORIENTED_EDGE('',*,*,#13754,.F.);
#13983=ORIENTED_EDGE('',*,*,#13846,.F.);
#13984=EDGE_LOOP('',(#13975,#13981,#13982,#13983));
#13985=FACE_BOUND('',#13984,.T.);
#13986=ADVANCED_FACE('',(#13985),#13974,.F.);
#13987=CARTESIAN_POINT('',(49.50009906,-43.468114681,38.256467488));
#13988=DIRECTION('',(-0.,1.,0.));
#13989=DIRECTION('',(-1.,-0.,0.));
#13990=AXIS2_PLACEMENT_3D('',#13987,#13988,#13989);
#13991=PLANE('',#13990);
#13992=ORIENTED_EDGE('',*,*,#13918,.F.);
#13993=ORIENTED_EDGE('',*,*,#13772,.T.);
#13994=ORIENTED_EDGE('',*,*,#13946,.F.);
#13995=ORIENTED_EDGE('',*,*,#13963,.F.);
#13996=ORIENTED_EDGE('',*,*,#13708,.T.);
#13997=ORIENTED_EDGE('',*,*,#958,.T.);
#13998=ORIENTED_EDGE('',*,*,#13739,.T.);
#13999=ORIENTED_EDGE('',*,*,#13980,.F.);
#14000=ORIENTED_EDGE('',*,*,#13864,.T.);
#14001=ORIENTED_EDGE('',*,*,#918,.T.);
#14002=ORIENTED_EDGE('',*,*,#13895,.T.);
#14003=CARTESIAN_POINT('',(34.637480823,-43.468114681,39.356469266));
#14004=DIRECTION('',(-1.,-0.,0.));
#14005=VECTOR('',#14004,12.584057404);
#14006=LINE('',#14003,#14005);
#14007=EDGE_CURVE('',#13884,#13913,#14006,.T.);
#14008=ORIENTED_EDGE('',*,*,#14007,.T.);
#14009=EDGE_LOOP('',(#13992,#13993,#13994,#13995,#13996,#13997,#13998,#13999,#14000,#14001,#14002,#14008));
#14010=FACE_BOUND('',#14009,.T.);
#14011=ORIENTED_EDGE('',*,*,#7508,.T.);
#14012=ORIENTED_EDGE('',*,*,#7515,.T.);
#14013=EDGE_LOOP('',(#14011,#14012));
#14014=FACE_BOUND('',#14013,.T.);
#14015=ORIENTED_EDGE('',*,*,#7473,.T.);
#14016=ORIENTED_EDGE('',*,*,#7480,.T.);
#14017=EDGE_LOOP('',(#14015,#14016));
#14018=FACE_BOUND('',#14017,.T.);
#14019=ADVANCED_FACE('',(#14010,#14014,#14018),#13991,.T.);
#14020=CARTESIAN_POINT('',(28.347589843,-43.878114681,39.356469266));
#14021=DIRECTION('',(0.,0.,1.));
#14022=DIRECTION('',(1.,0.,0.));
#14023=AXIS2_PLACEMENT_3D('',#14020,#14021,#14022);
#14024=PLANE('',#14023);
#14025=ORIENTED_EDGE('',*,*,#755,.T.);
#14026=ORIENTED_EDGE('',*,*,#13924,.F.);
#14027=ORIENTED_EDGE('',*,*,#14007,.F.);
#14028=ORIENTED_EDGE('',*,*,#13889,.T.);
#14029=EDGE_LOOP('',(#14025,#14026,#14027,#14028));
#14030=FACE_BOUND('',#14029,.T.);
#14031=ADVANCED_FACE('',(#14030),#14024,.F.);
#14032=CARTESIAN_POINT('',(-0.38721457,-32.449473584,39.506469266));
#14033=DIRECTION('',(-1.,0.,-0.));
#14034=DIRECTION('',(-0.,0.,1.));
#14035=AXIS2_PLACEMENT_3D('',#14032,#14033,#14034);
#14036=CYLINDRICAL_SURFACE('',#14035,0.6);
#14037=CARTESIAN_POINT('',(-0.98721457,-32.499473584,40.104382303));
#14038=DIRECTION('',(-1.,0.,-0.));
#14039=VECTOR('',#14038,1.3);
#14040=LINE('',#14037,#14039);
#14041=EDGE_CURVE('',#582,#355,#14040,.T.);
#14042=ORIENTED_EDGE('',*,*,#14041,.F.);
#14043=ORIENTED_EDGE('',*,*,#590,.T.);
#14044=ORIENTED_EDGE('',*,*,#1756,.T.);
#14045=ORIENTED_EDGE('',*,*,#1775,.F.);
#14046=CARTESIAN_POINT('',(-0.08721457,-32.499473584,38.908556229));
#14047=DIRECTION('',(-1.,0.,-0.));
#14048=VECTOR('',#14047,2.2);
#14049=LINE('',#14046,#14048);
#14050=EDGE_CURVE('',#1769,#363,#14049,.T.);
#14051=ORIENTED_EDGE('',*,*,#14050,.T.);
#14052=ORIENTED_EDGE('',*,*,#369,.T.);
#14053=EDGE_LOOP('',(#14042,#14043,#14044,#14045,#14051,#14052));
#14054=FACE_BOUND('',#14053,.T.);
#14055=ADVANCED_FACE('',(#14054),#14036,.F.);
#14056=CARTESIAN_POINT('',(-0.88721457,-31.058794133,38.256469266));
#14057=DIRECTION('',(0.,0.,-1.));
#14058=DIRECTION('',(-1.,0.,-0.));
#14059=AXIS2_PLACEMENT_3D('',#14056,#14057,#14058);
#14060=PLANE('',#14059);
#14061=ORIENTED_EDGE('',*,*,#247,.T.);
#14062=ORIENTED_EDGE('',*,*,#3053,.T.);
#14063=ORIENTED_EDGE('',*,*,#1969,.T.);
#14064=ORIENTED_EDGE('',*,*,#3987,.T.);
#14065=ORIENTED_EDGE('',*,*,#394,.T.);
#14066=CARTESIAN_POINT('',(-2.28721457,-32.149473584,38.256469266));
#14067=DIRECTION('',(1.,-0.,0.));
#14068=VECTOR('',#14067,2.2);
#14069=LINE('',#14066,#14068);
#14070=EDGE_CURVE('',#380,#1782,#14069,.T.);
#14071=ORIENTED_EDGE('',*,*,#14070,.T.);
#14072=ORIENTED_EDGE('',*,*,#1787,.F.);
#14073=ORIENTED_EDGE('',*,*,#1208,.T.);
#14074=EDGE_LOOP('',(#14061,#14062,#14063,#14064,#14065,#14071,#14072,#14073));
#14075=FACE_BOUND('',#14074,.T.);
#14076=ADVANCED_FACE('',(#14075),#14060,.F.);
#14077=CARTESIAN_POINT('',(-0.88721457,-32.499473584,38.606469266));
#14078=DIRECTION('',(-0.,-1.,-0.));
#14079=DIRECTION('',(1.,-0.,0.));
#14080=AXIS2_PLACEMENT_3D('',#14077,#14078,#14079);
#14081=PLANE('',#14080);
#14082=ORIENTED_EDGE('',*,*,#14050,.F.);
#14083=ORIENTED_EDGE('',*,*,#1802,.F.);
#14084=CARTESIAN_POINT('',(-0.08721457,-32.499473584,38.606469266));
#14085=DIRECTION('',(-1.,0.,-0.));
#14086=VECTOR('',#14085,2.2);
#14087=LINE('',#14084,#14086);
#14088=EDGE_CURVE('',#1790,#372,#14087,.T.);
#14089=ORIENTED_EDGE('',*,*,#14088,.T.);
#14090=ORIENTED_EDGE('',*,*,#377,.T.);
#14091=EDGE_LOOP('',(#14082,#14083,#14089,#14090));
#14092=FACE_BOUND('',#14091,.T.);
#14093=ADVANCED_FACE('',(#14092),#14081,.F.);
#14094=CARTESIAN_POINT('',(-0.88721457,-32.499473584,40.406469266));
#14095=DIRECTION('',(-0.,-1.,0.));
#14096=DIRECTION('',(1.,-0.,0.));
#14097=AXIS2_PLACEMENT_3D('',#14094,#14095,#14096);
#14098=PLANE('',#14097);
#14099=ORIENTED_EDGE('',*,*,#360,.T.);
#14100=ORIENTED_EDGE('',*,*,#49,.T.);
#14101=ORIENTED_EDGE('',*,*,#596,.T.);
#14102=ORIENTED_EDGE('',*,*,#14041,.T.);
#14103=EDGE_LOOP('',(#14099,#14100,#14101,#14102));
#14104=FACE_BOUND('',#14103,.T.);
#14105=ADVANCED_FACE('',(#14104),#14098,.F.);
#14106=CARTESIAN_POINT('',(-0.88721457,-31.058794133,40.756469266));
#14107=DIRECTION('',(-0.,0.,1.));
#14108=DIRECTION('',(1.,0.,0.));
#14109=AXIS2_PLACEMENT_3D('',#14106,#14107,#14108);
#14110=PLANE('',#14109);
#14111=ORIENTED_EDGE('',*,*,#603,.F.);
#14112=ORIENTED_EDGE('',*,*,#64,.T.);
#14113=ORIENTED_EDGE('',*,*,#465,.T.);
#14114=ORIENTED_EDGE('',*,*,#3810,.F.);
#14115=ORIENTED_EDGE('',*,*,#484,.T.);
#14116=ORIENTED_EDGE('',*,*,#522,.T.);
#14117=EDGE_LOOP('',(#14111,#14112,#14113,#14114,#14115,#14116));
#14118=FACE_BOUND('',#14117,.T.);
#14119=ADVANCED_FACE('',(#14118),#14110,.F.);
#14120=CARTESIAN_POINT('',(-0.88721457,-32.149473584,38.606469266));
#14121=DIRECTION('',(1.,-0.,0.));
#14122=DIRECTION('',(0.,0.,-1.));
#14123=AXIS2_PLACEMENT_3D('',#14120,#14121,#14122);
#14124=CYLINDRICAL_SURFACE('',#14123,0.35);
#14125=ORIENTED_EDGE('',*,*,#14088,.F.);
#14126=ORIENTED_EDGE('',*,*,#1796,.F.);
#14127=ORIENTED_EDGE('',*,*,#14070,.F.);
#14128=ORIENTED_EDGE('',*,*,#386,.F.);
#14129=EDGE_LOOP('',(#14125,#14126,#14127,#14128));
#14130=FACE_BOUND('',#14129,.T.);
#14131=ADVANCED_FACE('',(#14130),#14124,.F.);
#14132=CLOSED_SHELL('',(#68,#233,#348,#470,#510,#575,#630,#663,#896,#936,#976,#1171,#1218,#1249,#1375,#1465,#1738,#1762,#1806,#1955,#2079,#2362,#2486,#2778,#2809,#2840,
#2871,#2902,#2924,#2946,#2977,#3008,#3043,#3060,#3098,#3120,#3137,#3154,#3176,#3241,#3288,#3353,#3400,#3515,#3555,#3638,#3687,#3799,#4023,#4081,#4093,
#4111,#4129,#4170,#4201,#4241,#4273,#4304,#4344,#4375,#4397,#4437,#4468,#4490,#4530,#4561,#4583,#4623,#4654,#4676,#4736,#4767,#4789,#4829,#4860,#4882,
#4942,#4973,#4995,#5035,#5066,#5088,#5128,#5159,#5181,#5221,#5252,#5274,#5314,#5345,#5367,#5495,#5526,#5548,#5589,#5655,#5793,#5833,#5979,#6011,#6035,
#6060,#6084,#6109,#6133,#6158,#6175,#6245,#6269,#6294,#6357,#6381,#6399,#6439,#6470,#6488,#6513,#6537,#6562,#6586,#6604,#6630,#6661,#6686,#6710,#6735,
#6759,#6784,#6808,#6826,#6852,#6894,#6925,#6958,#6989,#7022,#7053,#7086,#7108,#7132,#7150,#7168,#7186,#7204,#7222,#7240,#7252,#7269,#7307,#7319,#7354,
#7384,#7419,#7449,#7484,#7519,#7541,#7558,#7575,#7592,#7609,#7626,#7643,#7655,#7765,#7789,#7836,#7860,#7878,#7896,#7923,#7947,#7965,#7977,#8001,#8019,
#8037,#8061,#8073,#8095,#8112,#8136,#8153,#8176,#8193,#8210,#8222,#8246,#8263,#8290,#8302,#8324,#8336,#8348,#8365,#8382,#8394,#8411,#8445,#8462,#8474,
#8491,#8508,#8520,#8537,#8554,#8566,#8583,#8600,#8612,#8629,#8646,#8658,#8675,#8692,#8704,#8721,#8738,#8750,#8767,#8784,#8796,#8813,#8830,#8842,#8859,
#8876,#8888,#8906,#8923,#8935,#8952,#8969,#8982,#8994,#9006,#9018,#9030,#9072,#9103,#9136,#9167,#9198,#9246,#9277,#9313,#9345,#9378,#9403,#9427,#9451,
#9486,#9521,#9538,#9555,#9581,#9603,#9707,#9790,#9808,#9826,#9843,#9860,#9877,#9895,#9916,#9928,#9940,#9957,#9974,#9991,#10008,#10025,#10042,#10059,#10076,
#10098,#10120,#10142,#10164,#10186,#10208,#10230,#10252,#10283,#10307,#10331,#10348,#10360,#10391,#10415,#10439,#10456,#10468,#10499,#10523,#10547,#10564,#10576,#10607,#10631,
#10655,#10672,#10684,#10715,#10739,#10763,#10780,#10792,#10823,#10847,#10871,#10888,#10900,#10931,#10955,#10979,#10996,#11008,#11039,#11063,#11087,#11104,#11116,#11128,#11140,
#11152,#11164,#11176,#11188,#11200,#11212,#11224,#11236,#11248,#11260,#11272,#11284,#11296,#11308,#11320,#11433,#11451,#11559,#11667,#11707,#11747,#11787,#11871,#11963,#12003,
#12059,#12099,#12183,#12267,#12300,#12324,#12357,#12381,#12399,#12417,#12435,#12453,#12465,#12483,#12501,#12519,#12537,#12549,#12567,#12584,#12602,#12619,#12631,#12655,#12679,
#12703,#12721,#12739,#12757,#12776,#12797,#12815,#12833,#12857,#12875,#12893,#12911,#12930,#12951,#12969,#12987,#13005,#13023,#13041,#13059,#13077,#13095,#13107,#13131,#13155,
#13179,#13197,#13215,#13233,#13252,#13273,#13291,#13309,#13333,#13351,#13369,#13387,#13405,#13426,#13444,#13462,#13480,#13498,#13516,#13534,#13552,#13570,#13582,#13604,#13626,
#13648,#13660,#13672,#13684,#13696,#13727,#13758,#13798,#13852,#13876,#13902,#13928,#13952,#13969,#13986,#14019,#14031,#14055,#14076,#14093,#14105,#14119,#14131));
#14133=MANIFOLD_SOLID_BREP('\X2\75356E9063A752366A215757591658F3\X0\A',#14132);
#14134=COLOUR_RGB('',0.239215687,0.235294119,0.235294119);
#14135=FILL_AREA_STYLE_COLOUR('',#14134);
#14136=FILL_AREA_STYLE('',(#14135));
#14137=SURFACE_STYLE_FILL_AREA(#14136);
#14138=SURFACE_SIDE_STYLE('',(#14137));
#14139=SURFACE_STYLE_USAGE(.BOTH.,#14138);
#14140=PRESENTATION_STYLE_ASSIGNMENT((#14139));
#26=STYLED_ITEM('',(#14140),#14133);
#16=SHAPE_REPRESENTATION('\X2\75356E9063A752366A215757591658F3\X0\A',(#15),#10);
#17=ADVANCED_BREP_SHAPE_REPRESENTATION('\X2\75356E9063A752366A215757591658F3\X0\A',(#14133),#10);
#14148=SHAPE_REPRESENTATION_RELATIONSHIP('','',#16,#17);
#14149=CARTESIAN_POINT('',(0.,0.,0.));
#14150=DIRECTION('',(0.,0.,1.));
#14151=DIRECTION('',(1.,0.,0.));
#14152=AXIS2_PLACEMENT_3D('',#14149,#14150,#14151);
#14154=MAPPED_ITEM('',#14153,#14152);
#14153=REPRESENTATION_MAP(#14152,#16);
#14155=APPLICATION_CONTEXT('Managed model based 3d engineering');
#14156=APPLICATION_PROTOCOL_DEFINITION('international standard','ap242_managed_model_based_3d_engineering',2014,#14155);
#14157=PRODUCT_CONTEXT('',#14155,'mechanical');
#14158=PRODUCT_DEFINITION_CONTEXT('part definition',#14155,'design');
#24=PRODUCT('\X2\75356E9063A752366A215757591658F3\X0\A','\X2\75356E9063A752366A215757591658F3\X0\A','',(#14157));
#14159=PRODUCT_RELATED_PRODUCT_CATEGORY('part','',(#24));
#14160=PRODUCT_DEFINITION_FORMATION_WITH_SPECIFIED_SOURCE('','',#24,.NOT_KNOWN.);
#25=PRODUCT_DEFINITION('design','',#14160,#14158);
#23=PRODUCT_DEFINITION_SHAPE('','',#25);
#14161=SHAPE_DEFINITION_REPRESENTATION(#23,#16);
#11=DRAUGHTING_MODEL('',(#14154),#10);
#14162=DESCRIPTIVE_REPRESENTATION_ITEM('KEY','C:\\Users\\10604\\AppData\\Local\\Packages\\Shapr3D.Shapr3D_dvv5p1vgwv6mp\\TempState\\a808b16a-ef74-48fa-b2c6-bcde4ab48bc4.tmp');
#14163=PROPERTY_DEFINITION('KEY','',#25);
#14164=REPRESENTATION('',(#14162),#10);
#14165=PROPERTY_DEFINITION_REPRESENTATION(#14163,#14164);
#14166=GENERAL_PROPERTY('','KEY','');
#14167=GENERAL_PROPERTY_ASSOCIATION('','',#14166,#14163);
#1=MECHANICAL_DESIGN_GEOMETRIC_PRESENTATION_REPRESENTATION('',(#26),#10);
ENDSEC;
END-ISO-10303-21;
